customer_id,first_name,last_name,email,country,signup_date,customer_segment
1,Mia,Williams,mia.williams0@example.com,Mexico,2025-06-26,business
2,Lucas,Miller,lucas.miller1@example.com,France,2024-12-21,business
3,Aiden,Brown,aiden.brown2@example.com,Mexico,2025-10-27,business
4,Liam,Miller,liam.miller3@example.com,Germany,2024-07-11,consumer
5,Logan,Rodriguez,logan.rodriguez4@example.com,Brazil,2024-02-08,consumer
6,Sophia,Brown,sophia.brown5@example.com,Brazil,2025-07-02,consumer
7,Mason,Williams,mason.williams6@example.com,Brazil,2024-06-23,consumer
8,Logan,Wilson,logan.wilson7@example.com,Australia,2025-07-28,consumer
9,Lucas,Anderson,lucas.anderson8@example.com,Canada,2024-10-11,consumer
10,Emma,Hernandez,emma.hernandez9@example.com,Canada,2025-12-20,consumer
11,Sophia,Davis,sophia.davis10@example.com,France,2025-09-30,consumer
12,Olivia,Martinez,olivia.martinez11@example.com,Canada,2024-11-01,consumer
13,Owen,Moore,owen.moore12@example.com,United Kingdom,2025-10-15,consumer
14,Logan,Williams,logan.williams13@example.com,Mexico,2025-12-03,consumer
15,Isabella,Williams,isabella.williams14@example.com,Australia,2024-02-22,consumer
16,Mason,Wilson,mason.wilson15@example.com,Brazil,2024-11-05,consumer
17,Abigail,Davis,abigail.davis16@example.com,Germany,2024-06-24,consumer
18,Owen,Martinez,owen.martinez17@example.com,Mexico,2025-07-01,consumer
19,Isabella,Anderson,isabella.anderson18@example.com,Germany,2025-08-16,business
20,Lucas,Rodriguez,lucas.rodriguez19@example.com,Brazil,2024-02-11,business
21,Ava,Lopez,ava.lopez20@example.com,Canada,2024-07-03,consumer
22,Isabella,Hernandez,isabella.hernandez21@example.com,United Kingdom,2024-07-12,consumer
23,Amelia,Johnson,amelia.johnson22@example.com,Mexico,2025-03-13,consumer
24,Isabella,Thomas,isabella.thomas23@example.com,France,2025-08-27,consumer
25,Sophia,Jackson,sophia.jackson24@example.com,France,2025-04-22,consumer
26,Olivia,Anderson,olivia.anderson25@example.com,Mexico,2025-03-29,consumer
27,Mason,Martinez,mason.martinez26@example.com,Germany,2024-02-07,consumer
28,Mason,Williams,mason.williams27@example.com,United States,2024-10-11,consumer
29,Mia,Smith,mia.smith28@example.com,Mexico,2024-04-23,business
30,Lucas,Anderson,lucas.anderson29@example.com,Australia,2024-04-07,consumer
31,Logan,Davis,logan.davis30@example.com,Brazil,2024-10-07,consumer
32,Evelyn,Moore,evelyn.moore31@example.com,Brazil,2024-02-20,consumer
33,Abigail,Lopez,abigail.lopez32@example.com,United States,2024-10-16,consumer
34,Sophia,Jones,sophia.jones33@example.com,Australia,2024-09-09,business
35,Harper,Moore,harper.moore34@example.com,France,2025-06-15,consumer
36,Aiden,Martinez,aiden.martinez35@example.com,Brazil,2024-04-17,consumer
37,Emma,Jackson,emma.jackson36@example.com,Canada,2025-04-09,business
38,Olivia,Martinez,olivia.martinez37@example.com,United States,2025-12-31,consumer
39,Evelyn,Taylor,evelyn.taylor38@example.com,Mexico,2024-09-02,consumer
40,Isabella,Wilson,isabella.wilson39@example.com,Mexico,2024-02-09,consumer
41,Olivia,Martinez,olivia.martinez40@example.com,Australia,2024-11-16,consumer
42,Noah,Rodriguez,noah.rodriguez41@example.com,Canada,2025-12-25,business
43,Owen,Anderson,owen.anderson42@example.com,United Kingdom,2025-04-18,consumer
44,Aiden,Taylor,aiden.taylor43@example.com,France,2025-08-12,consumer
45,Jackson,Hernandez,jackson.hernandez44@example.com,Mexico,2024-04-25,business
46,Aiden,Rodriguez,aiden.rodriguez45@example.com,United Kingdom,2025-12-12,consumer
47,Mason,Rodriguez,mason.rodriguez46@example.com,Australia,2024-07-13,consumer
48,Emma,Wilson,emma.wilson47@example.com,Mexico,2025-07-18,business
49,Olivia,Davis,olivia.davis48@example.com,Brazil,2024-07-06,consumer
50,Owen,Lopez,owen.lopez49@example.com,Australia,2025-07-02,business
51,Abigail,Wilson,abigail.wilson50@example.com,Brazil,2024-06-02,consumer
52,Harper,Martinez,harper.martinez51@example.com,Australia,2025-02-05,business
53,Liam,Martinez,liam.martinez52@example.com,Brazil,2024-06-14,consumer
54,Abigail,Moore,abigail.moore53@example.com,Mexico,2025-02-12,consumer
55,Sebastian,Martinez,sebastian.martinez54@example.com,France,2024-11-27,consumer
56,Ethan,Jones,ethan.jones55@example.com,Australia,2025-07-24,consumer
57,Liam,Johnson,liam.johnson56@example.com,Mexico,2024-01-12,consumer
58,Jackson,Smith,jackson.smith57@example.com,Australia,2024-10-03,business
59,Sophia,Williams,sophia.williams58@example.com,Mexico,2025-03-08,business
60,Owen,Williams,owen.williams59@example.com,France,2024-01-13,business
61,Liam,Garcia,liam.garcia60@example.com,Brazil,2025-01-02,business
62,Abigail,Lopez,abigail.lopez61@example.com,Canada,2024-01-16,business
63,Amelia,Brown,amelia.brown62@example.com,United States,2025-11-12,business
64,Owen,Davis,owen.davis63@example.com,United States,2024-04-17,consumer
65,Sophia,Williams,sophia.williams64@example.com,Canada,2024-10-10,business
66,Logan,Rodriguez,logan.rodriguez65@example.com,United Kingdom,2024-02-09,consumer
67,Evelyn,Jones,evelyn.jones66@example.com,United States,2024-06-21,consumer
68,Ava,Moore,ava.moore67@example.com,Canada,2025-10-04,consumer
69,Logan,Smith,logan.smith68@example.com,Brazil,2024-06-11,consumer
70,Evelyn,Moore,evelyn.moore69@example.com,Mexico,2024-09-19,consumer
71,Noah,Miller,noah.miller70@example.com,Australia,2025-01-25,consumer
72,Sophia,Wilson,sophia.wilson71@example.com,United States,2024-10-05,consumer
73,Owen,Moore,owen.moore72@example.com,Mexico,2024-12-18,consumer
74,Isabella,Moore,isabella.moore73@example.com,Germany,2025-07-25,consumer
75,Isabella,Taylor,isabella.taylor74@example.com,Canada,2025-10-30,consumer
76,Abigail,Wilson,abigail.wilson75@example.com,France,2024-11-12,consumer
77,Isabella,Lopez,isabella.lopez76@example.com,Mexico,2025-09-30,consumer
78,Owen,Hernandez,owen.hernandez77@example.com,Brazil,2024-10-25,consumer
79,Olivia,Miller,olivia.miller78@example.com,Germany,2024-02-23,consumer
80,Ava,Davis,ava.davis79@example.com,United States,2024-11-12,consumer
81,Evelyn,Jackson,evelyn.jackson80@example.com,Mexico,2025-06-11,consumer
82,Isabella,Thomas,isabella.thomas81@example.com,France,2025-12-15,business
83,Amelia,Wilson,amelia.wilson82@example.com,United Kingdom,2024-07-04,business
84,Amelia,Thomas,amelia.thomas83@example.com,Mexico,2024-04-04,consumer
85,Sebastian,Davis,sebastian.davis84@example.com,United States,2024-06-12,consumer
86,Evelyn,Johnson,evelyn.johnson85@example.com,Mexico,2024-03-03,consumer
87,Owen,Taylor,owen.taylor86@example.com,Brazil,2024-04-19,business
88,Emma,Lopez,emma.lopez87@example.com,France,2024-12-04,consumer
89,Aiden,Moore,aiden.moore88@example.com,Australia,2024-06-01,business
90,Olivia,Anderson,olivia.anderson89@example.com,France,2025-10-27,business
91,Jackson,Hernandez,jackson.hernandez90@example.com,France,2024-12-28,consumer
92,Ava,Anderson,ava.anderson91@example.com,Brazil,2025-09-07,consumer
93,Sebastian,Jones,sebastian.jones92@example.com,France,2024-02-08,consumer
94,Aiden,Miller,aiden.miller93@example.com,Brazil,2025-11-15,consumer
95,Mason,Garcia,mason.garcia94@example.com,Mexico,2025-02-15,consumer
96,Sebastian,Anderson,sebastian.anderson95@example.com,Germany,2024-12-23,business
97,Aiden,Davis,aiden.davis96@example.com,Canada,2025-04-16,business
98,Mason,Garcia,mason.garcia97@example.com,Germany,2024-08-18,consumer
99,Aiden,Anderson,aiden.anderson98@example.com,United States,2024-10-15,consumer
100,Noah,Lopez,noah.lopez99@example.com,France,2024-08-18,consumer
101,Olivia,Johnson,olivia.johnson100@example.com,United Kingdom,2025-10-10,consumer
102,Aiden,Garcia,aiden.garcia101@example.com,Mexico,2024-10-28,business
103,Olivia,Martinez,olivia.martinez102@example.com,Australia,2025-09-18,consumer
104,Owen,Miller,owen.miller103@example.com,Brazil,2024-06-30,consumer
105,Isabella,Taylor,isabella.taylor104@example.com,Mexico,2024-05-09,consumer
106,Lucas,Davis,lucas.davis105@example.com,Germany,2024-04-27,business
107,Sebastian,Garcia,sebastian.garcia106@example.com,Germany,2024-09-09,consumer
108,Logan,Johnson,logan.johnson107@example.com,United States,2024-04-08,consumer
109,Sebastian,Thomas,sebastian.thomas108@example.com,United States,2025-10-21,consumer
110,Owen,Anderson,owen.anderson109@example.com,France,2024-09-01,business
111,Olivia,Williams,olivia.williams110@example.com,Mexico,2024-06-19,consumer
112,Jackson,Lopez,jackson.lopez111@example.com,Germany,2024-06-27,consumer
113,Ava,Moore,ava.moore112@example.com,United Kingdom,2025-02-14,consumer
114,Sebastian,Williams,sebastian.williams113@example.com,United Kingdom,2024-04-08,consumer
115,Sophia,Taylor,sophia.taylor114@example.com,Australia,2024-10-03,consumer
116,Emma,Miller,emma.miller115@example.com,Mexico,2025-06-20,consumer
117,Evelyn,Thomas,evelyn.thomas116@example.com,United Kingdom,2025-06-24,consumer
118,Noah,Smith,noah.smith117@example.com,France,2024-01-29,consumer
119,Isabella,Martinez,isabella.martinez118@example.com,United States,2024-11-04,consumer
120,Noah,Garcia,noah.garcia119@example.com,Mexico,2024-11-18,consumer
121,Abigail,Lopez,abigail.lopez120@example.com,France,2025-08-16,consumer
122,Mason,Miller,mason.miller121@example.com,Australia,2024-09-17,business
123,Mason,Williams,mason.williams122@example.com,France,2025-09-05,consumer
124,Evelyn,Lopez,evelyn.lopez123@example.com,Germany,2025-10-11,consumer
125,Mason,Lopez,mason.lopez124@example.com,Brazil,2025-12-28,consumer
126,Noah,Garcia,noah.garcia125@example.com,Mexico,2024-11-04,consumer
127,Emma,Garcia,emma.garcia126@example.com,Brazil,2025-08-05,consumer
128,Owen,Johnson,owen.johnson127@example.com,Australia,2025-02-05,consumer
129,Abigail,Garcia,abigail.garcia128@example.com,Germany,2024-07-09,consumer
130,Evelyn,Jackson,evelyn.jackson129@example.com,Brazil,2024-10-03,business
131,Jackson,Thomas,jackson.thomas130@example.com,France,2024-10-11,consumer
132,Jackson,Johnson,jackson.johnson131@example.com,United Kingdom,2024-03-09,consumer
133,Sebastian,Thomas,sebastian.thomas132@example.com,United States,2025-12-24,consumer
134,Mia,Williams,mia.williams133@example.com,Mexico,2025-09-02,business
135,Olivia,Hernandez,olivia.hernandez134@example.com,United Kingdom,2024-10-13,consumer
136,Sophia,Davis,sophia.davis135@example.com,Canada,2024-12-26,consumer
137,Aiden,Brown,aiden.brown136@example.com,Mexico,2024-11-15,consumer
138,Noah,Miller,noah.miller137@example.com,Australia,2024-08-12,business
139,Jackson,Anderson,jackson.anderson138@example.com,Mexico,2025-12-04,consumer
140,Evelyn,Rodriguez,evelyn.rodriguez139@example.com,Germany,2025-01-05,business
141,Emma,Taylor,emma.taylor140@example.com,United States,2024-01-03,consumer
142,Emma,Wilson,emma.wilson141@example.com,Australia,2024-05-23,consumer
143,Mason,Miller,mason.miller142@example.com,Australia,2024-05-11,consumer
144,Abigail,Smith,abigail.smith143@example.com,Mexico,2025-10-31,business
145,Sebastian,Brown,sebastian.brown144@example.com,Australia,2025-07-01,business
146,Emma,Jackson,emma.jackson145@example.com,Australia,2025-12-14,consumer
147,Logan,Brown,logan.brown146@example.com,Mexico,2024-05-15,consumer
148,Sebastian,Wilson,sebastian.wilson147@example.com,United Kingdom,2024-04-23,consumer
149,Isabella,Lopez,isabella.lopez148@example.com,Mexico,2025-02-18,consumer
150,Jackson,Smith,jackson.smith149@example.com,United States,2024-04-23,consumer
151,Harper,Rodriguez,harper.rodriguez150@example.com,Mexico,2025-01-17,business
152,Evelyn,Anderson,evelyn.anderson151@example.com,France,2024-11-06,consumer
153,Sebastian,Williams,sebastian.williams152@example.com,Brazil,2024-05-25,consumer
154,Abigail,Lopez,abigail.lopez153@example.com,United Kingdom,2025-08-18,consumer
155,Sebastian,Johnson,sebastian.johnson154@example.com,Canada,2024-02-05,business
156,Sebastian,Moore,sebastian.moore155@example.com,Mexico,2024-03-14,consumer
157,Sebastian,Brown,sebastian.brown156@example.com,United States,2024-04-15,business
158,Mason,Martinez,mason.martinez157@example.com,Mexico,2025-09-22,consumer
159,Mason,Jackson,mason.jackson158@example.com,United States,2024-12-03,consumer
160,Evelyn,Brown,evelyn.brown159@example.com,France,2024-05-11,consumer
161,Olivia,Davis,olivia.davis160@example.com,Mexico,2024-04-08,consumer
162,Olivia,Davis,olivia.davis161@example.com,Australia,2025-07-12,business
163,Harper,Lopez,harper.lopez162@example.com,Australia,2025-07-21,consumer
164,Owen,Taylor,owen.taylor163@example.com,Australia,2025-04-08,consumer
165,Ava,Miller,ava.miller164@example.com,Australia,2025-12-28,business
166,Mia,Johnson,mia.johnson165@example.com,Germany,2024-12-09,consumer
167,Isabella,Smith,isabella.smith166@example.com,Brazil,2025-09-05,business
168,Owen,Rodriguez,owen.rodriguez167@example.com,France,2025-05-05,consumer
169,Owen,Miller,owen.miller168@example.com,Canada,2025-08-29,consumer
170,Jackson,Jones,jackson.jones169@example.com,Brazil,2025-08-07,consumer
171,Abigail,Jackson,abigail.jackson170@example.com,Canada,2024-12-31,consumer
172,Sophia,Moore,sophia.moore171@example.com,Canada,2025-08-06,consumer
173,Mason,Jackson,mason.jackson172@example.com,Australia,2024-02-18,consumer
174,Harper,Williams,harper.williams173@example.com,Mexico,2024-01-29,consumer
175,Amelia,Rodriguez,amelia.rodriguez174@example.com,Germany,2025-04-24,consumer
176,Aiden,Lopez,aiden.lopez175@example.com,France,2024-12-17,business
177,Ethan,Johnson,ethan.johnson176@example.com,Mexico,2025-05-03,consumer
178,Isabella,Williams,isabella.williams177@example.com,United Kingdom,2024-10-12,consumer
179,Aiden,Brown,aiden.brown178@example.com,United Kingdom,2025-12-03,consumer
180,Jackson,Williams,jackson.williams179@example.com,United States,2025-08-19,consumer
181,Lucas,Johnson,lucas.johnson180@example.com,Canada,2024-05-11,consumer
182,Ethan,Brown,ethan.brown181@example.com,Canada,2025-10-24,consumer
183,Owen,Miller,owen.miller182@example.com,France,2024-11-20,consumer
184,Olivia,Davis,olivia.davis183@example.com,United Kingdom,2024-04-16,consumer
185,Harper,Thomas,harper.thomas184@example.com,France,2024-07-16,consumer
186,Owen,Lopez,owen.lopez185@example.com,United States,2025-02-26,consumer
187,Sebastian,Wilson,sebastian.wilson186@example.com,Germany,2024-11-06,consumer
188,Logan,Moore,logan.moore187@example.com,United States,2025-01-17,business
189,Aiden,Moore,aiden.moore188@example.com,Mexico,2024-01-25,consumer
190,Noah,Moore,noah.moore189@example.com,Canada,2024-10-30,consumer
191,Olivia,Moore,olivia.moore190@example.com,United States,2024-04-27,consumer
192,Isabella,Brown,isabella.brown191@example.com,Brazil,2025-03-06,consumer
193,Olivia,Smith,olivia.smith192@example.com,Germany,2025-08-18,business
194,Abigail,Taylor,abigail.taylor193@example.com,United States,2025-10-03,business
195,Evelyn,Davis,evelyn.davis194@example.com,Australia,2025-09-02,consumer
196,Harper,Rodriguez,harper.rodriguez195@example.com,United States,2025-02-26,consumer
197,Jackson,Johnson,jackson.johnson196@example.com,Germany,2024-05-11,business
198,Noah,Anderson,noah.anderson197@example.com,France,2024-06-16,consumer
199,Logan,Thomas,logan.thomas198@example.com,United Kingdom,2025-12-27,consumer
200,Logan,Thomas,logan.thomas199@example.com,France,2024-06-24,consumer
201,Lucas,Anderson,lucas.anderson200@example.com,France,2024-08-19,consumer
202,Ethan,Jackson,ethan.jackson201@example.com,Brazil,2025-10-14,consumer
203,Logan,Thomas,logan.thomas202@example.com,Canada,2025-04-25,consumer
204,Aiden,Rodriguez,aiden.rodriguez203@example.com,United Kingdom,2025-07-04,consumer
205,Abigail,Brown,abigail.brown204@example.com,Mexico,2024-06-11,business
206,Lucas,Jackson,lucas.jackson205@example.com,Brazil,2025-03-26,consumer
207,Ava,Moore,ava.moore206@example.com,Mexico,2024-10-15,business
208,Evelyn,Lopez,evelyn.lopez207@example.com,France,2025-10-18,consumer
209,Emma,Hernandez,emma.hernandez208@example.com,Brazil,2024-06-17,business
210,Sebastian,Brown,sebastian.brown209@example.com,France,2024-03-10,consumer
211,Liam,Garcia,liam.garcia210@example.com,Australia,2024-12-17,consumer
212,Ava,Jones,ava.jones211@example.com,France,2025-09-07,consumer
213,Logan,Johnson,logan.johnson212@example.com,United States,2024-10-24,business
214,Evelyn,Brown,evelyn.brown213@example.com,Mexico,2025-03-25,consumer
215,Harper,Wilson,harper.wilson214@example.com,United Kingdom,2024-10-13,consumer
216,Aiden,Thomas,aiden.thomas215@example.com,Canada,2024-10-23,business
217,Abigail,Miller,abigail.miller216@example.com,Germany,2025-06-26,consumer
218,Olivia,Miller,olivia.miller217@example.com,Australia,2025-03-28,consumer
219,Amelia,Williams,amelia.williams218@example.com,Canada,2025-01-06,consumer
220,Ava,Thomas,ava.thomas219@example.com,France,2024-07-18,consumer
221,Mason,Jones,mason.jones220@example.com,Germany,2024-07-25,consumer
222,Olivia,Smith,olivia.smith221@example.com,France,2025-03-24,business
223,Lucas,Lopez,lucas.lopez222@example.com,Mexico,2025-07-16,business
224,Aiden,Jackson,aiden.jackson223@example.com,United States,2025-09-26,consumer
225,Sebastian,Moore,sebastian.moore224@example.com,United States,2024-04-15,consumer
226,Logan,Wilson,logan.wilson225@example.com,United Kingdom,2025-06-03,consumer
227,Ava,Smith,ava.smith226@example.com,Mexico,2025-01-17,business
228,Owen,Johnson,owen.johnson227@example.com,Germany,2025-03-31,consumer
229,Emma,Martinez,emma.martinez228@example.com,France,2024-08-05,consumer
230,Sophia,Garcia,sophia.garcia229@example.com,Brazil,2025-04-23,consumer
231,Lucas,Johnson,lucas.johnson230@example.com,France,2024-12-11,business
232,Mason,Wilson,mason.wilson231@example.com,United Kingdom,2024-09-15,consumer
233,Ava,Wilson,ava.wilson232@example.com,United States,2024-04-14,consumer
234,Aiden,Moore,aiden.moore233@example.com,United Kingdom,2024-11-16,business
235,Ava,Anderson,ava.anderson234@example.com,Canada,2024-04-01,consumer
236,Mason,Hernandez,mason.hernandez235@example.com,Canada,2024-08-19,business
237,Mason,Hernandez,mason.hernandez236@example.com,Mexico,2024-07-16,consumer
238,Logan,Lopez,logan.lopez237@example.com,France,2024-01-06,consumer
239,Olivia,Jackson,olivia.jackson238@example.com,United Kingdom,2024-02-08,business
240,Harper,Rodriguez,harper.rodriguez239@example.com,United Kingdom,2025-02-12,consumer
241,Owen,Jackson,owen.jackson240@example.com,Australia,2025-07-20,consumer
242,Emma,Martinez,emma.martinez241@example.com,United Kingdom,2024-06-29,consumer
243,Olivia,Jackson,olivia.jackson242@example.com,Brazil,2024-12-03,consumer
244,Amelia,Smith,amelia.smith243@example.com,Canada,2025-03-29,consumer
245,Sophia,Jones,sophia.jones244@example.com,Australia,2024-05-25,consumer
246,Liam,Smith,liam.smith245@example.com,Brazil,2024-07-16,consumer
247,Sebastian,Hernandez,sebastian.hernandez246@example.com,Brazil,2024-01-23,business
248,Harper,Wilson,harper.wilson247@example.com,Canada,2024-11-28,business
249,Evelyn,Jackson,evelyn.jackson248@example.com,Mexico,2024-03-09,consumer
250,Harper,Martinez,harper.martinez249@example.com,Brazil,2025-05-20,consumer
251,Isabella,Williams,isabella.williams250@example.com,Australia,2024-10-24,consumer
252,Mia,Smith,mia.smith251@example.com,Germany,2024-02-28,consumer
253,Amelia,Davis,amelia.davis252@example.com,Germany,2025-09-21,consumer
254,Abigail,Lopez,abigail.lopez253@example.com,United Kingdom,2024-10-28,business
255,Abigail,Wilson,abigail.wilson254@example.com,United Kingdom,2025-04-05,business
256,Emma,Brown,emma.brown255@example.com,Canada,2024-07-16,consumer
257,Olivia,Johnson,olivia.johnson256@example.com,Canada,2024-04-06,business
258,Aiden,Taylor,aiden.taylor257@example.com,Australia,2025-07-11,consumer
259,Aiden,Thomas,aiden.thomas258@example.com,United States,2025-04-10,business
260,Evelyn,Wilson,evelyn.wilson259@example.com,United Kingdom,2024-07-19,consumer
261,Sebastian,Brown,sebastian.brown260@example.com,Brazil,2025-10-16,business
262,Sophia,Rodriguez,sophia.rodriguez261@example.com,United States,2024-06-25,consumer
263,Olivia,Hernandez,olivia.hernandez262@example.com,Mexico,2024-03-24,business
264,Lucas,Wilson,lucas.wilson263@example.com,Brazil,2024-01-06,consumer
265,Logan,Jones,logan.jones264@example.com,Canada,2024-06-03,consumer
266,Owen,Wilson,owen.wilson265@example.com,Canada,2025-03-05,business
267,Ethan,Anderson,ethan.anderson266@example.com,Canada,2024-05-22,business
268,Mason,Rodriguez,mason.rodriguez267@example.com,United Kingdom,2024-07-28,consumer
269,Emma,Lopez,emma.lopez268@example.com,United States,2025-02-21,consumer
270,Sebastian,Jones,sebastian.jones269@example.com,Brazil,2024-09-08,business
271,Liam,Jones,liam.jones270@example.com,Brazil,2024-06-10,business
272,Liam,Davis,liam.davis271@example.com,Canada,2025-01-26,business
273,Sebastian,Wilson,sebastian.wilson272@example.com,Germany,2024-07-28,consumer
274,Olivia,Taylor,olivia.taylor273@example.com,Mexico,2024-05-10,consumer
275,Ava,Rodriguez,ava.rodriguez274@example.com,France,2024-01-15,consumer
276,Mason,Jackson,mason.jackson275@example.com,Mexico,2024-04-04,consumer
277,Aiden,Davis,aiden.davis276@example.com,Canada,2024-02-01,business
278,Olivia,Davis,olivia.davis277@example.com,United Kingdom,2025-06-19,consumer
279,Harper,Rodriguez,harper.rodriguez278@example.com,France,2024-11-20,consumer
280,Harper,Moore,harper.moore279@example.com,Mexico,2025-10-20,business
281,Mia,Martinez,mia.martinez280@example.com,United States,2024-04-25,consumer
282,Emma,Davis,emma.davis281@example.com,Canada,2025-05-27,business
283,Owen,Brown,owen.brown282@example.com,Canada,2024-04-15,consumer
284,Ethan,Rodriguez,ethan.rodriguez283@example.com,Mexico,2024-03-24,business
285,Ethan,Johnson,ethan.johnson284@example.com,Germany,2025-08-08,consumer
286,Sebastian,Smith,sebastian.smith285@example.com,United Kingdom,2024-02-18,consumer
287,Noah,Anderson,noah.anderson286@example.com,Germany,2025-07-07,business
288,Harper,Jones,harper.jones287@example.com,France,2024-11-10,business
289,Olivia,Lopez,olivia.lopez288@example.com,Australia,2025-09-04,consumer
290,Logan,Smith,logan.smith289@example.com,United Kingdom,2025-11-25,consumer
291,Mason,Rodriguez,mason.rodriguez290@example.com,United States,2025-01-16,business
292,Sebastian,Wilson,sebastian.wilson291@example.com,Mexico,2025-04-29,business
293,Logan,Wilson,logan.wilson292@example.com,Australia,2024-11-25,business
294,Sebastian,Hernandez,sebastian.hernandez293@example.com,Australia,2025-12-28,consumer
295,Evelyn,Hernandez,evelyn.hernandez294@example.com,United Kingdom,2025-11-23,consumer
296,Amelia,Taylor,amelia.taylor295@example.com,United States,2025-03-20,business
297,Lucas,Brown,lucas.brown296@example.com,Germany,2024-04-18,consumer
298,Jackson,Moore,jackson.moore297@example.com,France,2024-11-27,consumer
299,Liam,Wilson,liam.wilson298@example.com,France,2024-12-05,business
300,Emma,Brown,emma.brown299@example.com,Germany,2025-01-06,consumer
301,Sophia,Johnson,sophia.johnson300@example.com,United Kingdom,2025-09-17,business
302,Sebastian,Jones,sebastian.jones301@example.com,United States,2025-08-20,business
303,Mason,Jackson,mason.jackson302@example.com,Canada,2024-12-12,business
304,Emma,Anderson,emma.anderson303@example.com,Germany,2024-05-03,consumer
305,Sebastian,Wilson,sebastian.wilson304@example.com,United States,2024-06-09,business
306,Liam,Jones,liam.jones305@example.com,Canada,2025-12-06,business
307,Amelia,Williams,amelia.williams306@example.com,Germany,2024-04-28,consumer
308,Ethan,Moore,ethan.moore307@example.com,Brazil,2024-05-19,business
309,Noah,Thomas,noah.thomas308@example.com,Australia,2024-01-27,consumer
310,Mia,Moore,mia.moore309@example.com,United States,2024-03-08,business
311,Ethan,Smith,ethan.smith310@example.com,Canada,2025-09-12,consumer
312,Noah,Johnson,noah.johnson311@example.com,Germany,2024-11-26,business
313,Lucas,Davis,lucas.davis312@example.com,France,2025-04-26,business
314,Noah,Davis,noah.davis313@example.com,United Kingdom,2024-11-24,consumer
315,Olivia,Jones,olivia.jones314@example.com,Mexico,2025-09-18,consumer
316,Owen,Jackson,owen.jackson315@example.com,Germany,2025-07-16,consumer
317,Amelia,Hernandez,amelia.hernandez316@example.com,United Kingdom,2025-05-05,consumer
318,Abigail,Brown,abigail.brown317@example.com,United States,2024-01-12,consumer
319,Lucas,Rodriguez,lucas.rodriguez318@example.com,Mexico,2024-03-28,consumer
320,Noah,Wilson,noah.wilson319@example.com,Germany,2025-03-15,business
321,Sebastian,Williams,sebastian.williams320@example.com,Canada,2024-07-17,consumer
322,Sebastian,Williams,sebastian.williams321@example.com,Mexico,2024-06-28,consumer
323,Liam,Miller,liam.miller322@example.com,Brazil,2025-04-05,consumer
324,Jackson,Davis,jackson.davis323@example.com,United States,2024-03-16,consumer
325,Mia,Anderson,mia.anderson324@example.com,Canada,2024-10-24,consumer
326,Sebastian,Taylor,sebastian.taylor325@example.com,United Kingdom,2024-07-14,business
327,Noah,Garcia,noah.garcia326@example.com,Brazil,2025-01-27,consumer
328,Lucas,Thomas,lucas.thomas327@example.com,Brazil,2024-04-20,consumer
329,Lucas,Miller,lucas.miller328@example.com,United States,2025-07-16,business
330,Liam,Brown,liam.brown329@example.com,Brazil,2025-08-12,business
331,Liam,Jones,liam.jones330@example.com,Canada,2025-07-14,consumer
332,Owen,Jones,owen.jones331@example.com,Canada,2025-09-28,consumer
333,Evelyn,Miller,evelyn.miller332@example.com,Germany,2025-12-24,business
334,Logan,Lopez,logan.lopez333@example.com,United Kingdom,2024-08-30,consumer
335,Sebastian,Martinez,sebastian.martinez334@example.com,Germany,2024-09-14,consumer
336,Abigail,Jones,abigail.jones335@example.com,Canada,2024-06-01,consumer
337,Sophia,Williams,sophia.williams336@example.com,France,2025-07-21,business
338,Harper,Rodriguez,harper.rodriguez337@example.com,United States,2024-11-28,consumer
339,Olivia,Wilson,olivia.wilson338@example.com,United Kingdom,2025-09-19,consumer
340,Jackson,Hernandez,jackson.hernandez339@example.com,Australia,2025-04-03,consumer
341,Sebastian,Brown,sebastian.brown340@example.com,Canada,2024-12-14,consumer
342,Evelyn,Brown,evelyn.brown341@example.com,United States,2024-04-13,consumer
343,Aiden,Brown,aiden.brown342@example.com,United Kingdom,2025-11-27,consumer
344,Ethan,Martinez,ethan.martinez343@example.com,Mexico,2025-02-18,consumer
345,Noah,Brown,noah.brown344@example.com,Australia,2024-03-13,business
346,Aiden,Thomas,aiden.thomas345@example.com,Australia,2025-05-25,consumer
347,Mason,Johnson,mason.johnson346@example.com,Mexico,2024-11-23,consumer
348,Sebastian,Brown,sebastian.brown347@example.com,Brazil,2025-05-31,consumer
349,Jackson,Rodriguez,jackson.rodriguez348@example.com,Mexico,2024-11-10,business
350,Aiden,Johnson,aiden.johnson349@example.com,Australia,2025-09-26,business
351,Noah,Miller,noah.miller350@example.com,Canada,2024-01-30,consumer
352,Evelyn,Rodriguez,evelyn.rodriguez351@example.com,Mexico,2024-02-25,business
353,Harper,Miller,harper.miller352@example.com,Brazil,2025-06-04,consumer
354,Logan,Moore,logan.moore353@example.com,France,2024-10-25,business
355,Evelyn,Williams,evelyn.williams354@example.com,Canada,2025-02-25,business
356,Amelia,Anderson,amelia.anderson355@example.com,United Kingdom,2025-06-14,business
357,Lucas,Lopez,lucas.lopez356@example.com,Mexico,2025-07-12,consumer
358,Olivia,Garcia,olivia.garcia357@example.com,Mexico,2024-07-06,consumer
359,Mia,Johnson,mia.johnson358@example.com,France,2025-04-12,business
360,Lucas,Moore,lucas.moore359@example.com,Australia,2024-07-20,business
361,Liam,Garcia,liam.garcia360@example.com,Germany,2025-08-05,consumer
362,Mason,Martinez,mason.martinez361@example.com,Australia,2024-06-10,business
363,Emma,Hernandez,emma.hernandez362@example.com,United Kingdom,2025-10-08,business
364,Ethan,Davis,ethan.davis363@example.com,United Kingdom,2025-11-03,consumer
365,Owen,Thomas,owen.thomas364@example.com,Canada,2024-12-22,consumer
366,Sophia,Hernandez,sophia.hernandez365@example.com,Canada,2024-03-03,consumer
367,Emma,Miller,emma.miller366@example.com,Germany,2025-11-06,consumer
368,Mason,Davis,mason.davis367@example.com,United States,2024-09-14,consumer
369,Noah,Lopez,noah.lopez368@example.com,Canada,2025-05-29,consumer
370,Abigail,Johnson,abigail.johnson369@example.com,United States,2024-08-21,consumer
371,Olivia,Moore,olivia.moore370@example.com,Brazil,2025-09-14,business
372,Sebastian,Johnson,sebastian.johnson371@example.com,United Kingdom,2025-05-04,business
373,Mason,Brown,mason.brown372@example.com,Mexico,2024-04-22,consumer
374,Jackson,Smith,jackson.smith373@example.com,Canada,2024-10-23,consumer
375,Olivia,Miller,olivia.miller374@example.com,Brazil,2024-05-21,business
376,Abigail,Johnson,abigail.johnson375@example.com,Australia,2025-08-13,consumer
377,Mia,Rodriguez,mia.rodriguez376@example.com,Brazil,2025-10-10,consumer
378,Isabella,Moore,isabella.moore377@example.com,United States,2025-07-09,consumer
379,Logan,Davis,logan.davis378@example.com,United Kingdom,2025-04-13,consumer
380,Ava,Taylor,ava.taylor379@example.com,Germany,2024-03-21,consumer
381,Logan,Moore,logan.moore380@example.com,Canada,2025-10-24,consumer
382,Olivia,Lopez,olivia.lopez381@example.com,Brazil,2024-05-26,consumer
383,Harper,Hernandez,harper.hernandez382@example.com,Brazil,2024-12-01,business
384,Jackson,Hernandez,jackson.hernandez383@example.com,Mexico,2025-07-22,consumer
385,Abigail,Garcia,abigail.garcia384@example.com,Brazil,2024-04-27,business
386,Lucas,Moore,lucas.moore385@example.com,United Kingdom,2025-01-26,business
387,Abigail,Johnson,abigail.johnson386@example.com,Mexico,2025-02-19,business
388,Jackson,Jones,jackson.jones387@example.com,United States,2025-10-12,consumer
389,Owen,Rodriguez,owen.rodriguez388@example.com,Germany,2025-12-01,business
390,Liam,Thomas,liam.thomas389@example.com,Australia,2025-08-25,consumer
391,Sebastian,Davis,sebastian.davis390@example.com,Canada,2025-05-23,business
392,Noah,Hernandez,noah.hernandez391@example.com,Canada,2024-10-09,consumer
393,Ava,Davis,ava.davis392@example.com,France,2024-05-26,consumer
394,Liam,Davis,liam.davis393@example.com,Australia,2024-04-26,consumer
395,Harper,Garcia,harper.garcia394@example.com,Mexico,2025-07-27,consumer
396,Evelyn,Jackson,evelyn.jackson395@example.com,Canada,2025-11-08,consumer
397,Isabella,Thomas,isabella.thomas396@example.com,United States,2025-12-05,consumer
398,Emma,Rodriguez,emma.rodriguez397@example.com,United States,2024-12-19,business
399,Logan,Johnson,logan.johnson398@example.com,Canada,2025-09-26,consumer
400,Mia,Wilson,mia.wilson399@example.com,Brazil,2024-11-25,business
401,Evelyn,Lopez,evelyn.lopez400@example.com,Mexico,2024-05-18,business
402,Harper,Davis,harper.davis401@example.com,United States,2025-07-13,consumer
403,Emma,Smith,emma.smith402@example.com,France,2024-07-05,business
404,Emma,Moore,emma.moore403@example.com,Australia,2025-10-17,consumer
405,Abigail,Garcia,abigail.garcia404@example.com,France,2025-10-14,consumer
406,Mason,Brown,mason.brown405@example.com,France,2025-09-14,consumer
407,Olivia,Davis,olivia.davis406@example.com,France,2024-08-26,consumer
408,Owen,Thomas,owen.thomas407@example.com,Germany,2025-09-23,consumer
409,Aiden,Rodriguez,aiden.rodriguez408@example.com,United States,2025-12-13,consumer
410,Isabella,Anderson,isabella.anderson409@example.com,Brazil,2025-12-03,consumer
411,Aiden,Smith,aiden.smith410@example.com,Mexico,2024-06-22,consumer
412,Jackson,Thomas,jackson.thomas411@example.com,Germany,2025-09-15,business
413,Evelyn,Jackson,evelyn.jackson412@example.com,Brazil,2025-03-18,consumer
414,Isabella,Rodriguez,isabella.rodriguez413@example.com,Brazil,2025-07-07,consumer
415,Ava,Anderson,ava.anderson414@example.com,Canada,2025-12-13,consumer
416,Ethan,Martinez,ethan.martinez415@example.com,Canada,2025-02-14,consumer
417,Noah,Jones,noah.jones416@example.com,France,2025-10-09,business
418,Isabella,Wilson,isabella.wilson417@example.com,France,2024-08-31,consumer
419,Abigail,Hernandez,abigail.hernandez418@example.com,United States,2024-01-07,business
420,Aiden,Garcia,aiden.garcia419@example.com,United States,2024-11-14,consumer
421,Mia,Brown,mia.brown420@example.com,Germany,2024-04-30,business
422,Aiden,Thomas,aiden.thomas421@example.com,France,2025-01-30,consumer
423,Abigail,Lopez,abigail.lopez422@example.com,Canada,2024-04-30,consumer
424,Ava,Hernandez,ava.hernandez423@example.com,Mexico,2025-07-29,consumer
425,Olivia,Williams,olivia.williams424@example.com,Australia,2025-08-22,business
426,Harper,Martinez,harper.martinez425@example.com,Australia,2024-12-11,consumer
427,Emma,Taylor,emma.taylor426@example.com,United States,2024-05-24,consumer
428,Emma,Hernandez,emma.hernandez427@example.com,Canada,2025-10-15,consumer
429,Ethan,Wilson,ethan.wilson428@example.com,Germany,2025-07-09,consumer
430,Emma,Smith,emma.smith429@example.com,Canada,2025-04-01,business
431,Mason,Lopez,mason.lopez430@example.com,Australia,2025-06-02,consumer
432,Aiden,Garcia,aiden.garcia431@example.com,Brazil,2024-03-12,consumer
433,Harper,Hernandez,harper.hernandez432@example.com,Mexico,2025-02-27,consumer
434,Amelia,Johnson,amelia.johnson433@example.com,Brazil,2024-05-08,consumer
435,Isabella,Davis,isabella.davis434@example.com,United States,2025-01-08,business
436,Aiden,Taylor,aiden.taylor435@example.com,United States,2024-11-17,business
437,Owen,Jackson,owen.jackson436@example.com,United States,2025-11-30,consumer
438,Aiden,Smith,aiden.smith437@example.com,Australia,2024-03-07,consumer
439,Lucas,Brown,lucas.brown438@example.com,Australia,2025-10-09,consumer
440,Sophia,Hernandez,sophia.hernandez439@example.com,Canada,2024-05-22,business
441,Logan,Johnson,logan.johnson440@example.com,Germany,2025-04-29,business
442,Mia,Lopez,mia.lopez441@example.com,France,2025-04-28,consumer
443,Evelyn,Brown,evelyn.brown442@example.com,United States,2024-11-02,consumer
444,Logan,Martinez,logan.martinez443@example.com,Canada,2024-06-18,consumer
445,Sophia,Johnson,sophia.johnson444@example.com,Australia,2025-11-08,consumer
446,Logan,Smith,logan.smith445@example.com,Mexico,2025-02-25,consumer
447,Mia,Taylor,mia.taylor446@example.com,United States,2025-04-17,consumer
448,Ava,Taylor,ava.taylor447@example.com,United States,2024-02-29,consumer
449,Ava,Jackson,ava.jackson448@example.com,Germany,2024-09-18,consumer
450,Emma,Lopez,emma.lopez449@example.com,United Kingdom,2024-11-26,business
451,Evelyn,Miller,evelyn.miller450@example.com,Brazil,2025-05-08,consumer
452,Sebastian,Brown,sebastian.brown451@example.com,Brazil,2025-02-07,business
453,Evelyn,Martinez,evelyn.martinez452@example.com,United States,2024-02-27,consumer
454,Liam,Wilson,liam.wilson453@example.com,United Kingdom,2025-04-06,consumer
455,Olivia,Davis,olivia.davis454@example.com,France,2024-08-21,consumer
456,Lucas,Brown,lucas.brown455@example.com,Brazil,2025-10-07,consumer
457,Liam,Rodriguez,liam.rodriguez456@example.com,France,2024-08-26,business
458,Evelyn,Taylor,evelyn.taylor457@example.com,Australia,2024-05-14,business
459,Ava,Anderson,ava.anderson458@example.com,Germany,2025-05-30,consumer
460,Evelyn,Jackson,evelyn.jackson459@example.com,Australia,2025-09-14,consumer
461,Sebastian,Davis,sebastian.davis460@example.com,Mexico,2024-07-20,consumer
462,Abigail,Thomas,abigail.thomas461@example.com,United Kingdom,2024-09-07,consumer
463,Isabella,Jackson,isabella.jackson462@example.com,Brazil,2024-01-22,consumer
464,Evelyn,Johnson,evelyn.johnson463@example.com,United States,2025-08-19,business
465,Emma,Thomas,emma.thomas464@example.com,France,2024-10-20,business
466,Mason,Miller,mason.miller465@example.com,Brazil,2025-01-02,consumer
467,Logan,Jackson,logan.jackson466@example.com,Brazil,2024-08-16,consumer
468,Ava,Thomas,ava.thomas467@example.com,United Kingdom,2025-10-09,business
469,Harper,Taylor,harper.taylor468@example.com,France,2024-11-26,business
470,Abigail,Jones,abigail.jones469@example.com,Canada,2025-10-13,consumer
471,Emma,Williams,emma.williams470@example.com,Brazil,2024-07-04,business
472,Lucas,Hernandez,lucas.hernandez471@example.com,Mexico,2025-10-27,business
473,Abigail,Davis,abigail.davis472@example.com,Germany,2025-03-27,business
474,Owen,Moore,owen.moore473@example.com,France,2024-11-22,consumer
475,Logan,Smith,logan.smith474@example.com,Mexico,2024-03-23,consumer
476,Amelia,Anderson,amelia.anderson475@example.com,Australia,2025-01-31,consumer
477,Evelyn,Jones,evelyn.jones476@example.com,Brazil,2025-01-27,consumer
478,Abigail,Rodriguez,abigail.rodriguez477@example.com,Canada,2025-03-15,consumer
479,Logan,Miller,logan.miller478@example.com,Canada,2024-03-19,consumer
480,Sophia,Taylor,sophia.taylor479@example.com,United States,2025-07-23,consumer
481,Aiden,Jackson,aiden.jackson480@example.com,Germany,2025-01-11,consumer
482,Olivia,Brown,olivia.brown481@example.com,France,2024-03-19,consumer
483,Ava,Lopez,ava.lopez482@example.com,Australia,2024-10-27,consumer
484,Liam,Johnson,liam.johnson483@example.com,Brazil,2024-05-04,business
485,Sophia,Lopez,sophia.lopez484@example.com,Germany,2025-08-22,consumer
486,Lucas,Garcia,lucas.garcia485@example.com,Australia,2024-05-29,business
487,Emma,Smith,emma.smith486@example.com,Mexico,2025-02-27,consumer
488,Liam,Brown,liam.brown487@example.com,France,2024-10-04,consumer
489,Harper,Lopez,harper.lopez488@example.com,United States,2024-03-08,business
490,Liam,Williams,liam.williams489@example.com,Mexico,2024-10-25,consumer
491,Emma,Garcia,emma.garcia490@example.com,United States,2025-01-23,consumer
492,Sebastian,Smith,sebastian.smith491@example.com,France,2024-11-29,consumer
493,Isabella,Martinez,isabella.martinez492@example.com,Canada,2024-06-18,consumer
494,Mason,Taylor,mason.taylor493@example.com,Brazil,2024-08-29,consumer
495,Ava,Johnson,ava.johnson494@example.com,France,2025-10-31,business
496,Jackson,Davis,jackson.davis495@example.com,Canada,2025-04-25,consumer
497,Liam,Johnson,liam.johnson496@example.com,Mexico,2025-05-22,consumer
498,Harper,Brown,harper.brown497@example.com,Australia,2025-03-05,business
499,Harper,Wilson,harper.wilson498@example.com,United Kingdom,2024-03-15,business
500,Jackson,Anderson,jackson.anderson499@example.com,Mexico,2024-12-18,consumer
501,Lucas,Rodriguez,lucas.rodriguez500@example.com,Mexico,2024-05-07,consumer
502,Emma,Jones,emma.jones501@example.com,Australia,2025-02-13,consumer
503,Owen,Johnson,owen.johnson502@example.com,France,2024-03-10,consumer
504,Liam,Johnson,liam.johnson503@example.com,Germany,2024-07-18,business
505,Mia,Martinez,mia.martinez504@example.com,United Kingdom,2024-02-26,business
506,Olivia,Williams,olivia.williams505@example.com,Germany,2024-05-19,consumer
507,Amelia,Brown,amelia.brown506@example.com,Australia,2025-02-18,consumer
508,Ethan,Davis,ethan.davis507@example.com,Brazil,2024-04-18,consumer
509,Sophia,Martinez,sophia.martinez508@example.com,Mexico,2024-05-05,consumer
510,Logan,Johnson,logan.johnson509@example.com,France,2025-06-08,consumer
511,Sophia,Brown,sophia.brown510@example.com,Mexico,2024-01-30,consumer
512,Abigail,Wilson,abigail.wilson511@example.com,Australia,2024-03-20,consumer
513,Lucas,Davis,lucas.davis512@example.com,Brazil,2024-11-07,consumer
514,Harper,Smith,harper.smith513@example.com,Germany,2025-09-21,consumer
515,Jackson,Martinez,jackson.martinez514@example.com,Germany,2024-05-09,consumer
516,Mason,Rodriguez,mason.rodriguez515@example.com,United States,2025-10-21,consumer
517,Emma,Miller,emma.miller516@example.com,France,2024-02-16,business
518,Ethan,Taylor,ethan.taylor517@example.com,United Kingdom,2024-10-21,consumer
519,Isabella,Martinez,isabella.martinez518@example.com,France,2025-07-08,consumer
520,Olivia,Hernandez,olivia.hernandez519@example.com,Canada,2024-08-09,consumer
521,Aiden,Hernandez,aiden.hernandez520@example.com,Brazil,2024-06-23,business
522,Owen,Brown,owen.brown521@example.com,United States,2025-06-09,business
523,Ava,Davis,ava.davis522@example.com,Mexico,2024-07-08,business
524,Ava,Rodriguez,ava.rodriguez523@example.com,United States,2025-12-09,consumer
525,Olivia,Rodriguez,olivia.rodriguez524@example.com,Australia,2025-04-02,business
526,Logan,Brown,logan.brown525@example.com,United States,2025-01-15,consumer
527,Ava,Jackson,ava.jackson526@example.com,United States,2025-09-12,consumer
528,Jackson,Smith,jackson.smith527@example.com,Australia,2024-12-27,consumer
529,Lucas,Smith,lucas.smith528@example.com,France,2024-09-02,business
530,Mia,Garcia,mia.garcia529@example.com,Mexico,2025-12-25,consumer
531,Sophia,Johnson,sophia.johnson530@example.com,Mexico,2025-05-22,consumer
532,Abigail,Wilson,abigail.wilson531@example.com,United States,2025-07-04,consumer
533,Ava,Rodriguez,ava.rodriguez532@example.com,Germany,2025-01-15,consumer
534,Ethan,Williams,ethan.williams533@example.com,Germany,2024-12-06,consumer
535,Abigail,Jones,abigail.jones534@example.com,United Kingdom,2025-06-27,consumer
536,Jackson,Wilson,jackson.wilson535@example.com,Australia,2024-08-21,business
537,Owen,Brown,owen.brown536@example.com,United States,2025-06-14,consumer
538,Olivia,Martinez,olivia.martinez537@example.com,Brazil,2025-09-25,consumer
539,Sophia,Davis,sophia.davis538@example.com,Australia,2024-09-02,consumer
540,Liam,Taylor,liam.taylor539@example.com,United States,2025-09-20,consumer
541,Mia,Thomas,mia.thomas540@example.com,Australia,2024-07-28,business
542,Liam,Brown,liam.brown541@example.com,Australia,2025-08-23,consumer
543,Olivia,Jones,olivia.jones542@example.com,Canada,2024-06-09,consumer
544,Sophia,Jackson,sophia.jackson543@example.com,Brazil,2024-11-29,business
545,Owen,Wilson,owen.wilson544@example.com,Australia,2024-09-20,consumer
546,Noah,Garcia,noah.garcia545@example.com,Australia,2025-01-14,business
547,Emma,Davis,emma.davis546@example.com,Canada,2024-05-22,consumer
548,Mia,Taylor,mia.taylor547@example.com,Australia,2024-04-21,consumer
549,Sebastian,Smith,sebastian.smith548@example.com,Brazil,2024-08-09,consumer
550,Harper,Jackson,harper.jackson549@example.com,Australia,2024-07-01,consumer
551,Evelyn,Thomas,evelyn.thomas550@example.com,France,2025-10-29,consumer
552,Sebastian,Davis,sebastian.davis551@example.com,Australia,2024-02-10,consumer
553,Ava,Brown,ava.brown552@example.com,Brazil,2024-03-20,consumer
554,Aiden,Brown,aiden.brown553@example.com,United Kingdom,2025-03-22,consumer
555,Olivia,Jackson,olivia.jackson554@example.com,Canada,2025-05-12,business
556,Jackson,Smith,jackson.smith555@example.com,Germany,2025-09-03,business
557,Emma,Hernandez,emma.hernandez556@example.com,United Kingdom,2024-07-07,consumer
558,Emma,Brown,emma.brown557@example.com,Brazil,2024-12-15,business
559,Olivia,Davis,olivia.davis558@example.com,Germany,2025-02-18,business
560,Harper,Martinez,harper.martinez559@example.com,Brazil,2025-01-04,consumer
561,Ava,Miller,ava.miller560@example.com,Germany,2025-01-04,business
562,Jackson,Miller,jackson.miller561@example.com,United States,2025-08-13,consumer
563,Liam,Williams,liam.williams562@example.com,Mexico,2025-10-13,consumer
564,Logan,Garcia,logan.garcia563@example.com,Australia,2024-12-30,consumer
565,Mia,Moore,mia.moore564@example.com,Germany,2024-03-29,business
566,Abigail,Wilson,abigail.wilson565@example.com,Canada,2024-03-16,consumer
567,Mia,Williams,mia.williams566@example.com,Brazil,2025-01-23,consumer
568,Sebastian,Williams,sebastian.williams567@example.com,Mexico,2025-08-27,business
569,Mia,Smith,mia.smith568@example.com,Mexico,2024-01-20,business
570,Aiden,Moore,aiden.moore569@example.com,United States,2025-02-09,consumer
571,Owen,Brown,owen.brown570@example.com,France,2024-03-26,consumer
572,Owen,Johnson,owen.johnson571@example.com,Canada,2024-05-27,consumer
573,Ethan,Williams,ethan.williams572@example.com,Brazil,2025-11-21,consumer
574,Noah,Rodriguez,noah.rodriguez573@example.com,Canada,2024-09-18,consumer
575,Isabella,Garcia,isabella.garcia574@example.com,Mexico,2024-08-22,consumer
576,Noah,Williams,noah.williams575@example.com,Mexico,2024-07-18,business
577,Mason,Moore,mason.moore576@example.com,Australia,2025-01-18,consumer
578,Mia,Thomas,mia.thomas577@example.com,Australia,2024-02-07,business
579,Ava,Anderson,ava.anderson578@example.com,Brazil,2025-06-29,consumer
580,Logan,Lopez,logan.lopez579@example.com,Germany,2024-05-09,consumer
581,Lucas,Martinez,lucas.martinez580@example.com,Australia,2025-10-06,business
582,Amelia,Garcia,amelia.garcia581@example.com,Mexico,2025-05-12,consumer
583,Evelyn,Miller,evelyn.miller582@example.com,Germany,2024-04-01,consumer
584,Abigail,Jackson,abigail.jackson583@example.com,Germany,2024-02-11,consumer
585,Emma,Garcia,emma.garcia584@example.com,United States,2025-10-16,consumer
586,Liam,Jones,liam.jones585@example.com,Germany,2024-07-18,consumer
587,Aiden,Jackson,aiden.jackson586@example.com,Canada,2025-01-14,consumer
588,Olivia,Williams,olivia.williams587@example.com,France,2024-10-11,consumer
589,Mia,Wilson,mia.wilson588@example.com,Canada,2024-02-13,consumer
590,Mason,Thomas,mason.thomas589@example.com,United Kingdom,2025-08-18,consumer
591,Lucas,Brown,lucas.brown590@example.com,Australia,2024-02-24,consumer
592,Olivia,Garcia,olivia.garcia591@example.com,Australia,2025-09-12,consumer
593,Logan,Brown,logan.brown592@example.com,France,2025-04-03,consumer
594,Amelia,Hernandez,amelia.hernandez593@example.com,Mexico,2024-12-17,consumer
595,Lucas,Brown,lucas.brown594@example.com,United States,2025-09-28,consumer
596,Mason,Anderson,mason.anderson595@example.com,United Kingdom,2025-11-20,consumer
597,Ethan,Jones,ethan.jones596@example.com,Germany,2024-04-04,consumer
598,Harper,Thomas,harper.thomas597@example.com,Brazil,2024-04-16,consumer
599,Sebastian,Jackson,sebastian.jackson598@example.com,United States,2025-07-01,business
600,Ava,Jackson,ava.jackson599@example.com,Canada,2025-01-21,consumer
601,Mia,Brown,mia.brown600@example.com,Brazil,2025-06-20,consumer
602,Liam,Wilson,liam.wilson601@example.com,United States,2025-09-04,consumer
603,Logan,Taylor,logan.taylor602@example.com,France,2025-06-27,business
604,Ava,Jackson,ava.jackson603@example.com,Australia,2025-11-06,consumer
605,Liam,Brown,liam.brown604@example.com,United States,2024-12-14,business
606,Ethan,Lopez,ethan.lopez605@example.com,France,2024-10-01,consumer
607,Mia,Taylor,mia.taylor606@example.com,Germany,2024-09-22,consumer
608,Aiden,Lopez,aiden.lopez607@example.com,Germany,2024-03-20,consumer
609,Lucas,Jackson,lucas.jackson608@example.com,France,2025-03-05,business
610,Jackson,Jackson,jackson.jackson609@example.com,France,2025-10-22,business
611,Aiden,Thomas,aiden.thomas610@example.com,Germany,2025-01-31,consumer
612,Isabella,Lopez,isabella.lopez611@example.com,United States,2025-11-17,business
613,Liam,Thomas,liam.thomas612@example.com,Canada,2024-04-07,consumer
614,Evelyn,Smith,evelyn.smith613@example.com,France,2024-07-22,consumer
615,Isabella,Smith,isabella.smith614@example.com,Brazil,2025-05-01,business
616,Emma,Davis,emma.davis615@example.com,United States,2025-06-18,consumer
617,Mia,Miller,mia.miller616@example.com,Canada,2025-01-17,consumer
618,Noah,Martinez,noah.martinez617@example.com,Canada,2024-04-19,consumer
619,Aiden,Lopez,aiden.lopez618@example.com,Australia,2025-03-26,business
620,Liam,Jones,liam.jones619@example.com,Canada,2024-05-22,consumer
621,Aiden,Miller,aiden.miller620@example.com,Mexico,2025-12-16,consumer
622,Emma,Hernandez,emma.hernandez621@example.com,Australia,2024-03-29,business
623,Mason,Rodriguez,mason.rodriguez622@example.com,Canada,2024-05-21,business
624,Abigail,Garcia,abigail.garcia623@example.com,Brazil,2025-03-14,business
625,Noah,Jones,noah.jones624@example.com,France,2025-11-09,consumer
626,Aiden,Thomas,aiden.thomas625@example.com,Mexico,2025-04-12,consumer
627,Jackson,Taylor,jackson.taylor626@example.com,France,2024-11-08,consumer
628,Harper,Smith,harper.smith627@example.com,Australia,2025-08-05,consumer
629,Amelia,Smith,amelia.smith628@example.com,France,2025-06-14,consumer
630,Abigail,Martinez,abigail.martinez629@example.com,Germany,2024-04-17,consumer
631,Owen,Martinez,owen.martinez630@example.com,Brazil,2025-01-12,consumer
632,Ava,Anderson,ava.anderson631@example.com,Germany,2025-01-03,consumer
633,Isabella,Thomas,isabella.thomas632@example.com,Canada,2024-11-18,consumer
634,Noah,Smith,noah.smith633@example.com,France,2025-09-03,consumer
635,Noah,Rodriguez,noah.rodriguez634@example.com,United Kingdom,2024-02-06,business
636,Jackson,Rodriguez,jackson.rodriguez635@example.com,Germany,2024-12-06,business
637,Logan,Williams,logan.williams636@example.com,United Kingdom,2024-03-12,consumer
638,Sebastian,Moore,sebastian.moore637@example.com,France,2024-02-02,consumer
639,Noah,Brown,noah.brown638@example.com,Canada,2024-11-13,consumer
640,Logan,Thomas,logan.thomas639@example.com,United Kingdom,2025-05-11,consumer
641,Isabella,Garcia,isabella.garcia640@example.com,United Kingdom,2024-03-06,business
642,Lucas,Jones,lucas.jones641@example.com,United Kingdom,2025-02-18,business
643,Sebastian,Davis,sebastian.davis642@example.com,Canada,2024-09-03,consumer
644,Ava,Hernandez,ava.hernandez643@example.com,France,2024-05-26,consumer
645,Ethan,Brown,ethan.brown644@example.com,United States,2024-10-03,business
646,Emma,Taylor,emma.taylor645@example.com,Australia,2025-08-15,consumer
647,Abigail,Lopez,abigail.lopez646@example.com,United Kingdom,2025-07-03,consumer
648,Aiden,Taylor,aiden.taylor647@example.com,France,2025-12-29,consumer
649,Abigail,Rodriguez,abigail.rodriguez648@example.com,Mexico,2024-05-28,consumer
650,Harper,Lopez,harper.lopez649@example.com,France,2024-10-01,consumer
651,Abigail,Jones,abigail.jones650@example.com,Brazil,2024-01-18,business
652,Owen,Jones,owen.jones651@example.com,Brazil,2024-02-04,consumer
653,Olivia,Rodriguez,olivia.rodriguez652@example.com,United Kingdom,2024-02-17,business
654,Olivia,Williams,olivia.williams653@example.com,France,2025-06-09,consumer
655,Mason,Davis,mason.davis654@example.com,Brazil,2025-10-04,consumer
656,Mason,Jackson,mason.jackson655@example.com,Mexico,2025-07-08,consumer
657,Ava,Williams,ava.williams656@example.com,Canada,2025-06-28,business
658,Lucas,Taylor,lucas.taylor657@example.com,Mexico,2024-12-27,business
659,Logan,Brown,logan.brown658@example.com,Australia,2024-07-04,consumer
660,Ethan,Brown,ethan.brown659@example.com,Germany,2024-09-30,consumer
661,Emma,Miller,emma.miller660@example.com,France,2024-12-27,consumer
662,Logan,Anderson,logan.anderson661@example.com,France,2025-08-30,business
663,Noah,Martinez,noah.martinez662@example.com,Germany,2025-03-27,consumer
664,Mason,Taylor,mason.taylor663@example.com,Canada,2024-07-17,business
665,Sophia,Jackson,sophia.jackson664@example.com,Germany,2024-06-05,consumer
666,Olivia,Martinez,olivia.martinez665@example.com,Australia,2025-03-13,business
667,Abigail,Martinez,abigail.martinez666@example.com,Brazil,2025-09-19,consumer
668,Amelia,Moore,amelia.moore667@example.com,Canada,2025-02-06,consumer
669,Mia,Anderson,mia.anderson668@example.com,Mexico,2025-11-20,consumer
670,Abigail,Davis,abigail.davis669@example.com,Mexico,2024-10-28,consumer
671,Lucas,Smith,lucas.smith670@example.com,Germany,2025-08-18,consumer
672,Evelyn,Williams,evelyn.williams671@example.com,Brazil,2025-05-15,consumer
673,Liam,Miller,liam.miller672@example.com,United States,2024-05-05,consumer
674,Sophia,Rodriguez,sophia.rodriguez673@example.com,Mexico,2025-05-15,consumer
675,Ava,Anderson,ava.anderson674@example.com,United Kingdom,2025-04-14,consumer
676,Evelyn,Moore,evelyn.moore675@example.com,Germany,2024-11-13,consumer
677,Jackson,Wilson,jackson.wilson676@example.com,France,2025-10-27,consumer
678,Ethan,Jones,ethan.jones677@example.com,Australia,2025-08-22,business
679,Evelyn,Anderson,evelyn.anderson678@example.com,United States,2024-12-01,consumer
680,Aiden,Johnson,aiden.johnson679@example.com,Germany,2024-09-13,consumer
681,Amelia,Moore,amelia.moore680@example.com,United Kingdom,2024-04-05,business
682,Lucas,Miller,lucas.miller681@example.com,Brazil,2024-05-08,consumer
683,Olivia,Garcia,olivia.garcia682@example.com,United Kingdom,2024-11-04,consumer
684,Abigail,Miller,abigail.miller683@example.com,Canada,2025-04-28,consumer
685,Aiden,Jackson,aiden.jackson684@example.com,France,2024-02-02,business
686,Abigail,Brown,abigail.brown685@example.com,United States,2024-08-11,consumer
687,Mia,Smith,mia.smith686@example.com,Canada,2025-07-31,business
688,Emma,Taylor,emma.taylor687@example.com,Mexico,2025-07-23,consumer
689,Mia,Williams,mia.williams688@example.com,United Kingdom,2024-12-05,consumer
690,Noah,Rodriguez,noah.rodriguez689@example.com,United States,2025-05-09,consumer
691,Amelia,Martinez,amelia.martinez690@example.com,France,2024-05-03,business
692,Harper,Hernandez,harper.hernandez691@example.com,Australia,2024-07-02,consumer
693,Jackson,Jones,jackson.jones692@example.com,Germany,2024-12-17,consumer
694,Sophia,Brown,sophia.brown693@example.com,United Kingdom,2024-10-11,consumer
695,Aiden,Taylor,aiden.taylor694@example.com,Canada,2025-10-05,consumer
696,Mia,Thomas,mia.thomas695@example.com,United States,2024-11-30,business
697,Isabella,Hernandez,isabella.hernandez696@example.com,United Kingdom,2024-04-17,consumer
698,Jackson,Taylor,jackson.taylor697@example.com,Brazil,2025-10-12,consumer
699,Evelyn,Taylor,evelyn.taylor698@example.com,Brazil,2025-03-24,business
700,Jackson,Anderson,jackson.anderson699@example.com,United States,2024-11-10,consumer
701,Jackson,Smith,jackson.smith700@example.com,Brazil,2024-03-10,consumer
702,Ava,Williams,ava.williams701@example.com,Germany,2025-12-21,consumer
703,Emma,Brown,emma.brown702@example.com,Brazil,2025-06-14,business
704,Olivia,Rodriguez,olivia.rodriguez703@example.com,Germany,2024-10-20,consumer
705,Lucas,Davis,lucas.davis704@example.com,United States,2024-10-24,business
706,Aiden,Lopez,aiden.lopez705@example.com,United States,2025-05-08,consumer
707,Mia,Lopez,mia.lopez706@example.com,United Kingdom,2025-04-20,business
708,Sophia,Miller,sophia.miller707@example.com,France,2024-12-29,consumer
709,Olivia,Lopez,olivia.lopez708@example.com,Brazil,2025-12-16,consumer
710,Mason,Smith,mason.smith709@example.com,Australia,2024-05-13,consumer
711,Sebastian,Williams,sebastian.williams710@example.com,United States,2025-07-20,consumer
712,Amelia,Hernandez,amelia.hernandez711@example.com,Brazil,2025-01-29,consumer
713,Sebastian,Martinez,sebastian.martinez712@example.com,Canada,2025-01-29,business
714,Olivia,Taylor,olivia.taylor713@example.com,Mexico,2025-05-25,consumer
715,Sophia,Taylor,sophia.taylor714@example.com,United Kingdom,2024-11-26,business
716,Ethan,Wilson,ethan.wilson715@example.com,United States,2024-08-09,consumer
717,Isabella,Garcia,isabella.garcia716@example.com,United Kingdom,2024-07-01,consumer
718,Ethan,Rodriguez,ethan.rodriguez717@example.com,Mexico,2025-11-23,business
719,Noah,Smith,noah.smith718@example.com,Brazil,2025-09-08,consumer
720,Mason,Johnson,mason.johnson719@example.com,United Kingdom,2025-01-17,business
721,Harper,Jackson,harper.jackson720@example.com,Germany,2025-11-18,consumer
722,Lucas,Davis,lucas.davis721@example.com,Germany,2025-08-05,consumer
723,Amelia,Moore,amelia.moore722@example.com,Brazil,2024-06-16,consumer
724,Ethan,Johnson,ethan.johnson723@example.com,Germany,2024-06-27,consumer
725,Harper,Miller,harper.miller724@example.com,Australia,2024-11-16,consumer
726,Noah,Martinez,noah.martinez725@example.com,Mexico,2024-11-03,consumer
727,Mia,Johnson,mia.johnson726@example.com,United Kingdom,2025-10-07,consumer
728,Mia,Thomas,mia.thomas727@example.com,Mexico,2024-08-11,consumer
729,Noah,Davis,noah.davis728@example.com,Brazil,2024-11-21,consumer
730,Logan,Anderson,logan.anderson729@example.com,Canada,2024-09-26,consumer
731,Noah,Thomas,noah.thomas730@example.com,Australia,2025-09-21,consumer
732,Noah,Taylor,noah.taylor731@example.com,United Kingdom,2025-09-20,consumer
733,Evelyn,Anderson,evelyn.anderson732@example.com,United Kingdom,2025-09-25,consumer
734,Noah,Thomas,noah.thomas733@example.com,United Kingdom,2025-02-16,consumer
735,Amelia,Lopez,amelia.lopez734@example.com,Brazil,2024-08-01,business
736,Lucas,Rodriguez,lucas.rodriguez735@example.com,Australia,2025-07-06,consumer
737,Liam,Davis,liam.davis736@example.com,Germany,2024-11-10,business
738,Abigail,Moore,abigail.moore737@example.com,Mexico,2025-02-06,consumer
739,Isabella,Jackson,isabella.jackson738@example.com,Brazil,2025-03-12,consumer
740,Amelia,Hernandez,amelia.hernandez739@example.com,France,2024-04-25,consumer
741,Logan,Rodriguez,logan.rodriguez740@example.com,Brazil,2024-07-27,business
742,Harper,Thomas,harper.thomas741@example.com,Mexico,2025-01-22,consumer
743,Sophia,Hernandez,sophia.hernandez742@example.com,Mexico,2025-08-29,consumer
744,Mia,Thomas,mia.thomas743@example.com,France,2024-07-25,consumer
745,Mia,Davis,mia.davis744@example.com,United States,2024-10-01,consumer
746,Ethan,Smith,ethan.smith745@example.com,United States,2025-12-19,consumer
747,Emma,Martinez,emma.martinez746@example.com,Canada,2024-06-02,business
748,Sebastian,Martinez,sebastian.martinez747@example.com,United States,2024-08-17,consumer
749,Sophia,Smith,sophia.smith748@example.com,France,2024-02-28,consumer
750,Harper,Anderson,harper.anderson749@example.com,United States,2024-05-15,business
751,Logan,Thomas,logan.thomas750@example.com,Mexico,2024-01-13,consumer
752,Isabella,Jackson,isabella.jackson751@example.com,United Kingdom,2025-11-25,consumer
753,Olivia,Brown,olivia.brown752@example.com,Australia,2025-05-03,consumer
754,Jackson,Johnson,jackson.johnson753@example.com,Australia,2024-12-12,consumer
755,Mason,Williams,mason.williams754@example.com,France,2024-06-24,business
756,Owen,Lopez,owen.lopez755@example.com,Australia,2024-10-08,business
757,Abigail,Thomas,abigail.thomas756@example.com,Germany,2024-10-22,consumer
758,Amelia,Rodriguez,amelia.rodriguez757@example.com,France,2025-05-20,business
759,Mason,Williams,mason.williams758@example.com,Australia,2024-09-10,consumer
760,Ava,Davis,ava.davis759@example.com,Mexico,2025-11-12,consumer
761,Isabella,Jackson,isabella.jackson760@example.com,United States,2024-09-08,consumer
762,Olivia,Williams,olivia.williams761@example.com,Brazil,2024-06-10,business
763,Isabella,Jackson,isabella.jackson762@example.com,Brazil,2024-10-15,consumer
764,Sebastian,Johnson,sebastian.johnson763@example.com,Mexico,2025-09-23,consumer
765,Aiden,Moore,aiden.moore764@example.com,Canada,2024-05-05,consumer
766,Ethan,Thomas,ethan.thomas765@example.com,Canada,2024-06-14,consumer
767,Emma,Brown,emma.brown766@example.com,Australia,2025-05-11,business
768,Jackson,Williams,jackson.williams767@example.com,Canada,2025-09-11,business
769,Aiden,Anderson,aiden.anderson768@example.com,United Kingdom,2025-08-19,consumer
770,Owen,Jones,owen.jones769@example.com,Mexico,2025-11-06,consumer
771,Owen,Rodriguez,owen.rodriguez770@example.com,Germany,2024-12-21,consumer
772,Abigail,Davis,abigail.davis771@example.com,Brazil,2025-10-18,consumer
773,Logan,Davis,logan.davis772@example.com,France,2025-10-16,business
774,Owen,Miller,owen.miller773@example.com,United Kingdom,2024-06-07,consumer
775,Sophia,Martinez,sophia.martinez774@example.com,United Kingdom,2024-09-08,consumer
776,Liam,Garcia,liam.garcia775@example.com,Brazil,2024-07-15,business
777,Logan,Davis,logan.davis776@example.com,Germany,2025-03-14,business
778,Amelia,Rodriguez,amelia.rodriguez777@example.com,United Kingdom,2025-06-14,consumer
779,Lucas,Taylor,lucas.taylor778@example.com,Brazil,2024-10-26,business
780,Liam,Brown,liam.brown779@example.com,United States,2024-07-06,business
781,Lucas,Taylor,lucas.taylor780@example.com,France,2025-12-24,consumer
782,Amelia,Taylor,amelia.taylor781@example.com,Australia,2025-08-03,consumer
783,Aiden,Johnson,aiden.johnson782@example.com,Mexico,2025-11-19,business
784,Sophia,Hernandez,sophia.hernandez783@example.com,Australia,2024-03-23,consumer
785,Mia,Jackson,mia.jackson784@example.com,Canada,2025-04-04,business
786,Amelia,Rodriguez,amelia.rodriguez785@example.com,Mexico,2024-06-09,consumer
787,Ava,Brown,ava.brown786@example.com,United Kingdom,2025-07-22,consumer
788,Logan,Williams,logan.williams787@example.com,Mexico,2024-06-26,consumer
789,Ethan,Lopez,ethan.lopez788@example.com,United States,2025-11-01,consumer
790,Ava,Taylor,ava.taylor789@example.com,Australia,2025-05-13,consumer
791,Jackson,Miller,jackson.miller790@example.com,Canada,2024-02-21,consumer
792,Amelia,Jackson,amelia.jackson791@example.com,Brazil,2025-11-11,consumer
793,Aiden,Garcia,aiden.garcia792@example.com,Germany,2024-05-25,consumer
794,Noah,Jones,noah.jones793@example.com,Canada,2024-11-20,consumer
795,Isabella,Moore,isabella.moore794@example.com,Germany,2024-01-23,consumer
796,Abigail,Jones,abigail.jones795@example.com,France,2024-08-12,consumer
797,Sophia,Hernandez,sophia.hernandez796@example.com,Canada,2025-03-23,consumer
798,Amelia,Taylor,amelia.taylor797@example.com,United States,2024-04-27,consumer
799,Owen,Lopez,owen.lopez798@example.com,Australia,2024-06-24,business
800,Olivia,Anderson,olivia.anderson799@example.com,Australia,2025-05-18,business
801,Harper,Thomas,harper.thomas800@example.com,United Kingdom,2025-02-09,consumer
802,Jackson,Thomas,jackson.thomas801@example.com,France,2024-11-10,business
803,Lucas,Anderson,lucas.anderson802@example.com,United States,2025-08-31,consumer
804,Sebastian,Jackson,sebastian.jackson803@example.com,Canada,2024-06-30,consumer
805,Mia,Taylor,mia.taylor804@example.com,France,2024-07-27,consumer
806,Olivia,Thomas,olivia.thomas805@example.com,United Kingdom,2025-07-21,consumer
807,Noah,Johnson,noah.johnson806@example.com,United Kingdom,2024-02-09,consumer
808,Olivia,Taylor,olivia.taylor807@example.com,Canada,2025-08-01,consumer
809,Sebastian,Lopez,sebastian.lopez808@example.com,Canada,2024-06-05,business
810,Isabella,Hernandez,isabella.hernandez809@example.com,United Kingdom,2025-05-10,business
811,Olivia,Taylor,olivia.taylor810@example.com,United States,2024-04-05,business
812,Mia,Anderson,mia.anderson811@example.com,Canada,2024-09-22,business
813,Sophia,Jackson,sophia.jackson812@example.com,Mexico,2025-12-26,consumer
814,Mia,Moore,mia.moore813@example.com,Australia,2024-12-17,consumer
815,Lucas,Rodriguez,lucas.rodriguez814@example.com,Brazil,2024-11-20,consumer
816,Mason,Martinez,mason.martinez815@example.com,Australia,2025-04-25,consumer
817,Noah,Jones,noah.jones816@example.com,Germany,2025-02-13,consumer
818,Emma,Smith,emma.smith817@example.com,Mexico,2024-01-01,consumer
819,Isabella,Johnson,isabella.johnson818@example.com,Australia,2024-04-14,consumer
820,Aiden,Moore,aiden.moore819@example.com,Mexico,2025-12-04,business
821,Olivia,Taylor,olivia.taylor820@example.com,Canada,2025-12-15,business
822,Lucas,Garcia,lucas.garcia821@example.com,Germany,2025-11-18,business
823,Sebastian,Jones,sebastian.jones822@example.com,Australia,2025-11-01,consumer
824,Sophia,Rodriguez,sophia.rodriguez823@example.com,Australia,2025-08-29,consumer
825,Ava,Thomas,ava.thomas824@example.com,France,2024-02-20,business
826,Emma,Moore,emma.moore825@example.com,Canada,2025-01-05,consumer
827,Emma,Smith,emma.smith826@example.com,Brazil,2024-11-09,consumer
828,Emma,Davis,emma.davis827@example.com,Australia,2025-02-24,consumer
829,Mason,Smith,mason.smith828@example.com,United States,2025-01-20,business
830,Sophia,Davis,sophia.davis829@example.com,Mexico,2025-10-06,business
831,Aiden,Davis,aiden.davis830@example.com,France,2025-08-01,consumer
832,Ethan,Wilson,ethan.wilson831@example.com,Germany,2025-06-22,consumer
833,Harper,Moore,harper.moore832@example.com,United Kingdom,2025-04-09,consumer
834,Mia,Anderson,mia.anderson833@example.com,Brazil,2024-06-29,consumer
835,Noah,Rodriguez,noah.rodriguez834@example.com,United States,2024-02-01,business
836,Evelyn,Taylor,evelyn.taylor835@example.com,United States,2025-10-17,business
837,Aiden,Brown,aiden.brown836@example.com,France,2024-10-17,consumer
838,Jackson,Miller,jackson.miller837@example.com,France,2024-12-16,consumer
839,Liam,Hernandez,liam.hernandez838@example.com,United Kingdom,2025-07-05,consumer
840,Lucas,Brown,lucas.brown839@example.com,United States,2024-12-04,consumer
841,Lucas,Lopez,lucas.lopez840@example.com,Mexico,2024-05-31,business
842,Evelyn,Brown,evelyn.brown841@example.com,United Kingdom,2024-08-16,consumer
843,Olivia,Hernandez,olivia.hernandez842@example.com,France,2024-08-19,consumer
844,Mia,Smith,mia.smith843@example.com,United States,2025-10-21,business
845,Evelyn,Williams,evelyn.williams844@example.com,Brazil,2025-05-20,consumer
846,Sebastian,Smith,sebastian.smith845@example.com,Mexico,2024-01-04,business
847,Aiden,Rodriguez,aiden.rodriguez846@example.com,Brazil,2024-04-28,consumer
848,Noah,Hernandez,noah.hernandez847@example.com,Canada,2024-10-19,business
849,Sophia,Wilson,sophia.wilson848@example.com,Germany,2025-03-06,consumer
850,Olivia,Brown,olivia.brown849@example.com,Canada,2025-12-21,business
851,Lucas,Jones,lucas.jones850@example.com,Canada,2024-04-03,consumer
852,Mia,Jackson,mia.jackson851@example.com,Mexico,2024-12-17,consumer
853,Noah,Taylor,noah.taylor852@example.com,Mexico,2025-04-09,business
854,Mason,Moore,mason.moore853@example.com,Mexico,2024-10-04,consumer
855,Owen,Jones,owen.jones854@example.com,Australia,2025-08-08,consumer
856,Amelia,Brown,amelia.brown855@example.com,United Kingdom,2024-10-24,consumer
857,Ava,Miller,ava.miller856@example.com,United States,2024-04-09,consumer
858,Noah,Miller,noah.miller857@example.com,Brazil,2024-01-07,consumer
859,Isabella,Brown,isabella.brown858@example.com,Brazil,2024-12-14,consumer
860,Logan,Anderson,logan.anderson859@example.com,Australia,2025-04-04,business
861,Aiden,Brown,aiden.brown860@example.com,Mexico,2024-02-01,business
862,Mason,Moore,mason.moore861@example.com,Brazil,2024-09-24,consumer
863,Lucas,Miller,lucas.miller862@example.com,United States,2024-08-14,business
864,Jackson,Thomas,jackson.thomas863@example.com,Australia,2025-06-15,consumer
865,Mason,Lopez,mason.lopez864@example.com,Brazil,2024-07-16,consumer
866,Liam,Rodriguez,liam.rodriguez865@example.com,Brazil,2024-10-28,consumer
867,Evelyn,Brown,evelyn.brown866@example.com,United States,2025-05-10,consumer
868,Sebastian,Wilson,sebastian.wilson867@example.com,Australia,2025-05-15,consumer
869,Isabella,Thomas,isabella.thomas868@example.com,United States,2024-02-24,consumer
870,Amelia,Johnson,amelia.johnson869@example.com,Germany,2025-01-03,business
871,Owen,Smith,owen.smith870@example.com,United Kingdom,2024-11-06,business
872,Ethan,Davis,ethan.davis871@example.com,Brazil,2025-11-10,consumer
873,Liam,Thomas,liam.thomas872@example.com,Mexico,2025-12-19,business
874,Owen,Jackson,owen.jackson873@example.com,Brazil,2025-08-04,business
875,Ethan,Hernandez,ethan.hernandez874@example.com,Brazil,2024-02-18,consumer
876,Logan,Taylor,logan.taylor875@example.com,United States,2024-10-22,business
877,Abigail,Hernandez,abigail.hernandez876@example.com,Australia,2024-12-27,business
878,Evelyn,Martinez,evelyn.martinez877@example.com,Canada,2024-01-21,business
879,Mia,Williams,mia.williams878@example.com,Brazil,2024-05-17,consumer
880,Sophia,Jackson,sophia.jackson879@example.com,Mexico,2025-03-18,consumer
881,Isabella,Lopez,isabella.lopez880@example.com,France,2025-09-08,consumer
882,Amelia,Thomas,amelia.thomas881@example.com,Mexico,2025-11-15,business
883,Jackson,Martinez,jackson.martinez882@example.com,Australia,2024-05-30,consumer
884,Liam,Williams,liam.williams883@example.com,Australia,2024-05-13,business
885,Olivia,Anderson,olivia.anderson884@example.com,Brazil,2024-12-16,consumer
886,Sebastian,Hernandez,sebastian.hernandez885@example.com,Mexico,2025-08-21,business
887,Liam,Lopez,liam.lopez886@example.com,United Kingdom,2024-03-05,consumer
888,Mia,Williams,mia.williams887@example.com,Australia,2025-12-11,consumer
889,Jackson,Anderson,jackson.anderson888@example.com,Germany,2024-08-18,consumer
890,Mia,Taylor,mia.taylor889@example.com,United States,2025-11-23,business
891,Aiden,Moore,aiden.moore890@example.com,Brazil,2024-01-13,business
892,Owen,Hernandez,owen.hernandez891@example.com,United Kingdom,2024-07-23,business
893,Evelyn,Hernandez,evelyn.hernandez892@example.com,Germany,2025-06-07,consumer
894,Ethan,Wilson,ethan.wilson893@example.com,Germany,2024-05-24,business
895,Ethan,Johnson,ethan.johnson894@example.com,Australia,2025-05-21,business
896,Harper,Hernandez,harper.hernandez895@example.com,United States,2025-09-09,consumer
897,Mason,Martinez,mason.martinez896@example.com,United Kingdom,2024-06-02,business
898,Noah,Brown,noah.brown897@example.com,Canada,2024-10-03,consumer
899,Owen,Smith,owen.smith898@example.com,Germany,2025-03-01,consumer
900,Mia,Rodriguez,mia.rodriguez899@example.com,France,2025-06-13,business
901,Abigail,Johnson,abigail.johnson900@example.com,Brazil,2024-07-15,consumer
902,Noah,Thomas,noah.thomas901@example.com,Germany,2024-05-10,consumer
903,Noah,Davis,noah.davis902@example.com,Mexico,2025-06-20,consumer
904,Ethan,Martinez,ethan.martinez903@example.com,Germany,2024-09-11,consumer
905,Liam,Taylor,liam.taylor904@example.com,Canada,2024-03-08,consumer
906,Mia,Williams,mia.williams905@example.com,Canada,2024-01-02,consumer
907,Emma,Jackson,emma.jackson906@example.com,United States,2024-08-30,consumer
908,Amelia,Lopez,amelia.lopez907@example.com,France,2024-02-17,business
909,Jackson,Hernandez,jackson.hernandez908@example.com,United Kingdom,2024-11-13,consumer
910,Jackson,Garcia,jackson.garcia909@example.com,United States,2025-07-05,business
911,Isabella,Moore,isabella.moore910@example.com,Germany,2025-08-12,consumer
912,Amelia,Williams,amelia.williams911@example.com,United Kingdom,2025-02-07,consumer
913,Isabella,Williams,isabella.williams912@example.com,Brazil,2025-11-17,consumer
914,Lucas,Rodriguez,lucas.rodriguez913@example.com,Brazil,2025-07-15,business
915,Sophia,Martinez,sophia.martinez914@example.com,United States,2025-01-28,business
916,Aiden,Lopez,aiden.lopez915@example.com,United Kingdom,2024-05-01,consumer
917,Sophia,Jones,sophia.jones916@example.com,Australia,2024-06-22,business
918,Noah,Brown,noah.brown917@example.com,Brazil,2024-05-19,consumer
919,Mason,Hernandez,mason.hernandez918@example.com,United States,2025-03-15,consumer
920,Mia,Moore,mia.moore919@example.com,Australia,2024-01-13,business
921,Logan,Johnson,logan.johnson920@example.com,Brazil,2024-11-27,consumer
922,Lucas,Jones,lucas.jones921@example.com,Australia,2024-01-03,business
923,Jackson,Smith,jackson.smith922@example.com,Brazil,2024-04-16,consumer
924,Emma,Anderson,emma.anderson923@example.com,Germany,2025-07-26,business
925,Liam,Smith,liam.smith924@example.com,Germany,2024-06-13,consumer
926,Liam,Davis,liam.davis925@example.com,United States,2024-02-19,consumer
927,Olivia,Garcia,olivia.garcia926@example.com,Canada,2024-10-06,consumer
928,Emma,Davis,emma.davis927@example.com,Brazil,2024-12-26,consumer
929,Noah,Moore,noah.moore928@example.com,United Kingdom,2024-12-16,consumer
930,Aiden,Hernandez,aiden.hernandez929@example.com,France,2025-07-17,consumer
931,Logan,Miller,logan.miller930@example.com,Brazil,2025-09-18,consumer
932,Sebastian,Taylor,sebastian.taylor931@example.com,Canada,2024-10-29,consumer
933,Jackson,Wilson,jackson.wilson932@example.com,Germany,2024-12-24,consumer
934,Evelyn,Miller,evelyn.miller933@example.com,Australia,2025-03-14,business
935,Mia,Lopez,mia.lopez934@example.com,United Kingdom,2025-08-20,consumer
936,Amelia,Lopez,amelia.lopez935@example.com,United Kingdom,2024-02-02,consumer
937,Amelia,Williams,amelia.williams936@example.com,Germany,2024-11-07,consumer
938,Logan,Jackson,logan.jackson937@example.com,Mexico,2024-05-15,consumer
939,Evelyn,Moore,evelyn.moore938@example.com,Mexico,2025-04-24,consumer
940,Ethan,Hernandez,ethan.hernandez939@example.com,United States,2025-05-16,business
941,Evelyn,Williams,evelyn.williams940@example.com,United Kingdom,2024-11-13,consumer
942,Mason,Thomas,mason.thomas941@example.com,France,2025-06-02,consumer
943,Lucas,Davis,lucas.davis942@example.com,Germany,2024-01-27,consumer
944,Ethan,Rodriguez,ethan.rodriguez943@example.com,Germany,2024-08-28,consumer
945,Sebastian,Thomas,sebastian.thomas944@example.com,Canada,2025-01-15,consumer
946,Sophia,Hernandez,sophia.hernandez945@example.com,Mexico,2024-09-03,consumer
947,Owen,Martinez,owen.martinez946@example.com,Germany,2024-01-19,consumer
948,Isabella,Anderson,isabella.anderson947@example.com,United States,2024-01-13,business
949,Jackson,Anderson,jackson.anderson948@example.com,Mexico,2024-12-22,business
950,Ava,Smith,ava.smith949@example.com,Brazil,2025-12-13,consumer
951,Noah,Martinez,noah.martinez950@example.com,Australia,2025-12-13,consumer
952,Emma,Miller,emma.miller951@example.com,Mexico,2025-08-30,consumer
953,Emma,Moore,emma.moore952@example.com,Mexico,2025-01-03,consumer
954,Noah,Wilson,noah.wilson953@example.com,France,2025-12-09,business
955,Amelia,Moore,amelia.moore954@example.com,France,2025-12-01,business
956,Sophia,Williams,sophia.williams955@example.com,United Kingdom,2024-06-17,business
957,Sebastian,Garcia,sebastian.garcia956@example.com,United States,2024-07-29,consumer
958,Harper,Martinez,harper.martinez957@example.com,Germany,2024-02-14,business
959,Amelia,Jones,amelia.jones958@example.com,Mexico,2025-11-30,consumer
960,Isabella,Davis,isabella.davis959@example.com,France,2025-03-26,consumer
961,Isabella,Jones,isabella.jones960@example.com,Germany,2024-08-17,consumer
962,Lucas,Thomas,lucas.thomas961@example.com,United Kingdom,2025-09-22,business
963,Isabella,Williams,isabella.williams962@example.com,Brazil,2025-06-17,consumer
964,Owen,Martinez,owen.martinez963@example.com,United Kingdom,2025-06-23,consumer
965,Liam,Miller,liam.miller964@example.com,Mexico,2025-02-11,business
966,Olivia,Garcia,olivia.garcia965@example.com,France,2025-01-21,consumer
967,Mia,Taylor,mia.taylor966@example.com,Germany,2024-06-19,consumer
968,Owen,Hernandez,owen.hernandez967@example.com,United States,2025-09-05,business
969,Ava,Taylor,ava.taylor968@example.com,Mexico,2025-01-24,consumer
970,Logan,Lopez,logan.lopez969@example.com,France,2024-09-27,consumer
971,Isabella,Williams,isabella.williams970@example.com,Germany,2025-09-04,consumer
972,Ava,Garcia,ava.garcia971@example.com,Canada,2025-05-02,consumer
973,Abigail,Williams,abigail.williams972@example.com,United States,2025-05-06,consumer
974,Aiden,Jackson,aiden.jackson973@example.com,Canada,2024-01-11,consumer
975,Amelia,Davis,amelia.davis974@example.com,France,2024-10-08,consumer
976,Ava,Jones,ava.jones975@example.com,Germany,2024-02-10,business
977,Abigail,Davis,abigail.davis976@example.com,Canada,2024-09-14,consumer
978,Sophia,Brown,sophia.brown977@example.com,United Kingdom,2024-10-04,consumer
979,Abigail,Jackson,abigail.jackson978@example.com,United Kingdom,2025-10-30,business
980,Emma,Martinez,emma.martinez979@example.com,Brazil,2024-03-25,consumer
981,Olivia,Williams,olivia.williams980@example.com,United Kingdom,2025-07-29,business
982,Harper,Martinez,harper.martinez981@example.com,France,2025-11-27,business
983,Owen,Jones,owen.jones982@example.com,United Kingdom,2025-10-12,consumer
984,Ethan,Jones,ethan.jones983@example.com,Canada,2025-04-19,consumer
985,Emma,Hernandez,emma.hernandez984@example.com,Australia,2024-11-04,consumer
986,Amelia,Martinez,amelia.martinez985@example.com,United Kingdom,2025-12-07,consumer
987,Aiden,Rodriguez,aiden.rodriguez986@example.com,Canada,2025-04-08,consumer
988,Owen,Thomas,owen.thomas987@example.com,United Kingdom,2025-06-25,consumer
989,Sophia,Wilson,sophia.wilson988@example.com,France,2024-10-03,consumer
990,Jackson,Rodriguez,jackson.rodriguez989@example.com,Germany,2024-08-12,consumer
991,Sebastian,Wilson,sebastian.wilson990@example.com,Australia,2024-07-01,business
992,Mason,Taylor,mason.taylor991@example.com,United States,2024-10-06,consumer
993,Mason,Moore,mason.moore992@example.com,France,2025-03-11,business
994,Jackson,Garcia,jackson.garcia993@example.com,Brazil,2024-01-29,consumer
995,Aiden,Jackson,aiden.jackson994@example.com,Brazil,2025-06-25,consumer
996,Mason,Taylor,mason.taylor995@example.com,United Kingdom,2024-01-15,business
997,Noah,Garcia,noah.garcia996@example.com,Australia,2025-03-25,business
998,Ethan,Davis,ethan.davis997@example.com,Mexico,2024-10-01,business
999,Mia,Martinez,mia.martinez998@example.com,United States,2024-05-03,consumer
1000,Logan,Miller,logan.miller999@example.com,Brazil,2024-10-02,consumer
1001,Sophia,Rodriguez,sophia.rodriguez1000@example.com,France,2024-07-09,consumer
1002,Ava,Lopez,ava.lopez1001@example.com,France,2025-03-15,consumer
1003,Harper,Moore,harper.moore1002@example.com,United States,2025-03-11,business
1004,Isabella,Hernandez,isabella.hernandez1003@example.com,Mexico,2024-05-29,business
1005,Ava,Lopez,ava.lopez1004@example.com,Germany,2024-11-26,business
1006,Isabella,Anderson,isabella.anderson1005@example.com,Australia,2024-06-24,consumer
1007,Jackson,Jackson,jackson.jackson1006@example.com,France,2025-08-12,consumer
1008,Ethan,Smith,ethan.smith1007@example.com,Canada,2024-11-09,business
1009,Liam,Moore,liam.moore1008@example.com,Brazil,2024-04-30,business
1010,Abigail,Davis,abigail.davis1009@example.com,France,2024-02-27,business
1011,Aiden,Martinez,aiden.martinez1010@example.com,Brazil,2024-06-11,consumer
1012,Harper,Martinez,harper.martinez1011@example.com,Brazil,2025-07-21,consumer
1013,Emma,Jackson,emma.jackson1012@example.com,Germany,2025-07-16,business
1014,Ethan,Anderson,ethan.anderson1013@example.com,Canada,2025-04-07,business
1015,Isabella,Rodriguez,isabella.rodriguez1014@example.com,Australia,2024-05-29,consumer
1016,Isabella,Brown,isabella.brown1015@example.com,Germany,2025-07-19,consumer
1017,Evelyn,Miller,evelyn.miller1016@example.com,United States,2024-06-15,business
1018,Evelyn,Miller,evelyn.miller1017@example.com,Canada,2024-12-30,consumer
1019,Sophia,Davis,sophia.davis1018@example.com,Brazil,2024-08-25,consumer
1020,Owen,Davis,owen.davis1019@example.com,Germany,2024-01-30,consumer
1021,Sebastian,Taylor,sebastian.taylor1020@example.com,United Kingdom,2025-12-18,consumer
1022,Logan,Miller,logan.miller1021@example.com,Germany,2024-02-29,consumer
1023,Isabella,Johnson,isabella.johnson1022@example.com,Brazil,2024-05-27,consumer
1024,Isabella,Jones,isabella.jones1023@example.com,Germany,2024-06-12,business
1025,Amelia,Miller,amelia.miller1024@example.com,Mexico,2024-03-13,consumer
1026,Mia,Taylor,mia.taylor1025@example.com,Germany,2025-10-14,consumer
1027,Aiden,Jones,aiden.jones1026@example.com,France,2025-01-17,business
1028,Amelia,Anderson,amelia.anderson1027@example.com,Germany,2024-05-28,consumer
1029,Evelyn,Miller,evelyn.miller1028@example.com,Australia,2025-02-04,consumer
1030,Evelyn,Johnson,evelyn.johnson1029@example.com,Mexico,2025-08-27,consumer
1031,Lucas,Lopez,lucas.lopez1030@example.com,United Kingdom,2024-12-01,consumer
1032,Sophia,Hernandez,sophia.hernandez1031@example.com,Australia,2025-02-28,consumer
1033,Noah,Jones,noah.jones1032@example.com,Canada,2024-08-07,consumer
1034,Isabella,Brown,isabella.brown1033@example.com,France,2024-10-02,business
1035,Ethan,Moore,ethan.moore1034@example.com,Brazil,2025-05-04,consumer
1036,Lucas,Johnson,lucas.johnson1035@example.com,Brazil,2024-06-17,business
1037,Isabella,Taylor,isabella.taylor1036@example.com,United Kingdom,2025-10-21,consumer
1038,Mia,Thomas,mia.thomas1037@example.com,Germany,2024-09-08,consumer
1039,Olivia,Thomas,olivia.thomas1038@example.com,Australia,2025-07-13,consumer
1040,Liam,Brown,liam.brown1039@example.com,United Kingdom,2024-04-29,consumer
1041,Amelia,Jackson,amelia.jackson1040@example.com,France,2024-02-03,consumer
1042,Mia,Johnson,mia.johnson1041@example.com,Brazil,2024-06-27,consumer
1043,Mia,Garcia,mia.garcia1042@example.com,United Kingdom,2024-03-25,business
1044,Owen,Jackson,owen.jackson1043@example.com,Mexico,2024-06-25,consumer
1045,Liam,Wilson,liam.wilson1044@example.com,Brazil,2025-10-25,consumer
1046,Lucas,Miller,lucas.miller1045@example.com,Brazil,2024-02-27,business
1047,Harper,Moore,harper.moore1046@example.com,Germany,2024-12-03,consumer
1048,Evelyn,Thomas,evelyn.thomas1047@example.com,United Kingdom,2025-07-31,consumer
1049,Liam,Hernandez,liam.hernandez1048@example.com,Australia,2025-06-17,consumer
1050,Ethan,Johnson,ethan.johnson1049@example.com,Brazil,2024-07-18,business
1051,Ava,Martinez,ava.martinez1050@example.com,Germany,2024-09-07,consumer
1052,Ethan,Moore,ethan.moore1051@example.com,Germany,2025-03-19,consumer
1053,Liam,Miller,liam.miller1052@example.com,Canada,2025-12-30,business
1054,Noah,Rodriguez,noah.rodriguez1053@example.com,United Kingdom,2024-02-10,consumer
1055,Olivia,Jackson,olivia.jackson1054@example.com,Mexico,2024-11-11,consumer
1056,Amelia,Taylor,amelia.taylor1055@example.com,Germany,2025-11-07,business
1057,Jackson,Miller,jackson.miller1056@example.com,Australia,2024-06-25,business
1058,Mason,Rodriguez,mason.rodriguez1057@example.com,Germany,2025-02-03,consumer
1059,Noah,Brown,noah.brown1058@example.com,Australia,2025-09-06,business
1060,Lucas,Brown,lucas.brown1059@example.com,Brazil,2025-10-10,consumer
1061,Jackson,Garcia,jackson.garcia1060@example.com,France,2024-04-09,business
1062,Amelia,Thomas,amelia.thomas1061@example.com,Brazil,2024-05-31,business
1063,Emma,Williams,emma.williams1062@example.com,Brazil,2025-12-31,consumer
1064,Emma,Davis,emma.davis1063@example.com,Mexico,2025-07-17,consumer
1065,Liam,Miller,liam.miller1064@example.com,France,2025-12-14,business
1066,Mason,Garcia,mason.garcia1065@example.com,France,2025-03-30,business
1067,Evelyn,Wilson,evelyn.wilson1066@example.com,Australia,2025-11-08,consumer
1068,Noah,Hernandez,noah.hernandez1067@example.com,Germany,2025-10-23,consumer
1069,Olivia,Williams,olivia.williams1068@example.com,France,2025-01-14,business
1070,Noah,Thomas,noah.thomas1069@example.com,United States,2024-01-05,consumer
1071,Olivia,Thomas,olivia.thomas1070@example.com,Brazil,2024-10-29,consumer
1072,Noah,Davis,noah.davis1071@example.com,Mexico,2025-04-08,business
1073,Lucas,Thomas,lucas.thomas1072@example.com,Brazil,2025-12-12,consumer
1074,Sophia,Moore,sophia.moore1073@example.com,Mexico,2024-02-15,consumer
1075,Isabella,Brown,isabella.brown1074@example.com,Australia,2024-04-08,consumer
1076,Ethan,Moore,ethan.moore1075@example.com,Canada,2024-07-30,consumer
1077,Sophia,Lopez,sophia.lopez1076@example.com,France,2024-04-16,consumer
1078,Aiden,Moore,aiden.moore1077@example.com,United Kingdom,2024-10-20,consumer
1079,Lucas,Miller,lucas.miller1078@example.com,United States,2024-10-12,business
1080,Noah,Brown,noah.brown1079@example.com,Germany,2025-06-19,consumer
1081,Isabella,Jackson,isabella.jackson1080@example.com,France,2025-11-14,consumer
1082,Jackson,Miller,jackson.miller1081@example.com,France,2024-12-01,consumer
1083,Olivia,Garcia,olivia.garcia1082@example.com,Mexico,2025-05-23,consumer
1084,Jackson,Garcia,jackson.garcia1083@example.com,Mexico,2025-01-11,consumer
1085,Amelia,Anderson,amelia.anderson1084@example.com,United States,2025-06-18,consumer
1086,Amelia,Anderson,amelia.anderson1085@example.com,France,2025-04-28,consumer
1087,Isabella,Rodriguez,isabella.rodriguez1086@example.com,France,2025-08-05,consumer
1088,Ethan,Davis,ethan.davis1087@example.com,United Kingdom,2024-11-09,consumer
1089,Jackson,Thomas,jackson.thomas1088@example.com,United Kingdom,2024-03-04,consumer
1090,Ava,Hernandez,ava.hernandez1089@example.com,Mexico,2025-03-27,business
1091,Olivia,Davis,olivia.davis1090@example.com,Mexico,2025-08-18,consumer
1092,Olivia,Miller,olivia.miller1091@example.com,United States,2025-09-09,consumer
1093,Harper,Jones,harper.jones1092@example.com,Mexico,2025-07-17,consumer
1094,Noah,Brown,noah.brown1093@example.com,Mexico,2024-12-26,consumer
1095,Olivia,Miller,olivia.miller1094@example.com,France,2025-10-21,consumer
1096,Isabella,Rodriguez,isabella.rodriguez1095@example.com,Mexico,2024-05-18,business
1097,Mason,Smith,mason.smith1096@example.com,Mexico,2024-11-12,consumer
1098,Logan,Rodriguez,logan.rodriguez1097@example.com,United States,2025-11-19,consumer
1099,Amelia,Taylor,amelia.taylor1098@example.com,United States,2025-05-22,consumer
1100,Olivia,Wilson,olivia.wilson1099@example.com,Mexico,2024-10-18,business
1101,Mason,Jones,mason.jones1100@example.com,United Kingdom,2024-10-08,consumer
1102,Evelyn,Taylor,evelyn.taylor1101@example.com,Canada,2025-11-16,consumer
1103,Jackson,Hernandez,jackson.hernandez1102@example.com,Mexico,2024-02-08,business
1104,Ethan,Williams,ethan.williams1103@example.com,United States,2025-02-01,consumer
1105,Mason,Johnson,mason.johnson1104@example.com,Australia,2024-07-11,consumer
1106,Olivia,Hernandez,olivia.hernandez1105@example.com,France,2024-08-25,business
1107,Ava,Jackson,ava.jackson1106@example.com,United States,2024-05-22,consumer
1108,Noah,Wilson,noah.wilson1107@example.com,Australia,2024-11-28,consumer
1109,Mason,Rodriguez,mason.rodriguez1108@example.com,United States,2025-11-19,consumer
1110,Mia,Brown,mia.brown1109@example.com,United Kingdom,2024-01-04,business
1111,Emma,Anderson,emma.anderson1110@example.com,Brazil,2025-11-18,consumer
1112,Owen,Davis,owen.davis1111@example.com,Mexico,2024-03-09,consumer
1113,Aiden,Taylor,aiden.taylor1112@example.com,Mexico,2025-10-19,consumer
1114,Amelia,Wilson,amelia.wilson1113@example.com,France,2025-07-30,business
1115,Isabella,Wilson,isabella.wilson1114@example.com,Mexico,2024-04-10,consumer
1116,Noah,Lopez,noah.lopez1115@example.com,Mexico,2025-10-28,consumer
1117,Logan,Smith,logan.smith1116@example.com,United Kingdom,2025-12-09,consumer
1118,Emma,Williams,emma.williams1117@example.com,Mexico,2024-06-05,consumer
1119,Aiden,Davis,aiden.davis1118@example.com,Brazil,2025-12-13,business
1120,Owen,Moore,owen.moore1119@example.com,United States,2024-12-10,consumer
1121,Harper,Williams,harper.williams1120@example.com,Brazil,2025-07-26,business
1122,Abigail,Wilson,abigail.wilson1121@example.com,Germany,2025-10-30,consumer
1123,Jackson,Johnson,jackson.johnson1122@example.com,Brazil,2025-04-18,consumer
1124,Sebastian,Taylor,sebastian.taylor1123@example.com,France,2024-09-04,consumer
1125,Lucas,Brown,lucas.brown1124@example.com,United Kingdom,2025-01-31,consumer
1126,Abigail,Garcia,abigail.garcia1125@example.com,Germany,2025-05-07,consumer
1127,Noah,Taylor,noah.taylor1126@example.com,Mexico,2025-07-25,consumer
1128,Evelyn,Williams,evelyn.williams1127@example.com,Australia,2024-02-09,consumer
1129,Liam,Brown,liam.brown1128@example.com,Mexico,2024-09-10,consumer
1130,Emma,Jackson,emma.jackson1129@example.com,United States,2025-10-23,consumer
1131,Olivia,Davis,olivia.davis1130@example.com,United Kingdom,2024-03-23,consumer
1132,Harper,Jackson,harper.jackson1131@example.com,Mexico,2024-11-19,consumer
1133,Aiden,Davis,aiden.davis1132@example.com,France,2025-10-11,business
1134,Ethan,Rodriguez,ethan.rodriguez1133@example.com,Australia,2024-09-08,consumer
1135,Harper,Taylor,harper.taylor1134@example.com,United Kingdom,2024-01-04,business
1136,Owen,Hernandez,owen.hernandez1135@example.com,France,2024-03-01,consumer
1137,Ava,Anderson,ava.anderson1136@example.com,Australia,2024-01-01,business
1138,Aiden,Brown,aiden.brown1137@example.com,Canada,2024-03-02,business
1139,Liam,Garcia,liam.garcia1138@example.com,France,2024-03-14,consumer
1140,Evelyn,Jackson,evelyn.jackson1139@example.com,France,2025-10-26,consumer
1141,Owen,Johnson,owen.johnson1140@example.com,Germany,2025-03-09,consumer
1142,Jackson,Smith,jackson.smith1141@example.com,Brazil,2025-04-05,consumer
1143,Harper,Garcia,harper.garcia1142@example.com,United Kingdom,2024-08-12,business
1144,Lucas,Davis,lucas.davis1143@example.com,Brazil,2025-06-06,consumer
1145,Logan,Moore,logan.moore1144@example.com,France,2025-02-04,consumer
1146,Jackson,Hernandez,jackson.hernandez1145@example.com,Brazil,2024-03-19,business
1147,Sophia,Garcia,sophia.garcia1146@example.com,Australia,2024-12-06,business
1148,Sophia,Wilson,sophia.wilson1147@example.com,Mexico,2025-09-18,consumer
1149,Sophia,Taylor,sophia.taylor1148@example.com,Australia,2025-01-11,business
1150,Olivia,Rodriguez,olivia.rodriguez1149@example.com,Brazil,2024-12-30,business
1151,Harper,Wilson,harper.wilson1150@example.com,Brazil,2025-05-30,consumer
1152,Sebastian,Moore,sebastian.moore1151@example.com,United Kingdom,2024-07-25,business
1153,Olivia,Jackson,olivia.jackson1152@example.com,Germany,2024-01-17,consumer
1154,Harper,Lopez,harper.lopez1153@example.com,United States,2024-06-12,consumer
1155,Abigail,Martinez,abigail.martinez1154@example.com,Mexico,2024-01-07,consumer
1156,Abigail,Brown,abigail.brown1155@example.com,Australia,2025-07-22,consumer
1157,Abigail,Davis,abigail.davis1156@example.com,Germany,2024-10-12,consumer
1158,Mia,Smith,mia.smith1157@example.com,Germany,2025-12-02,consumer
1159,Sebastian,Johnson,sebastian.johnson1158@example.com,Brazil,2024-02-27,business
1160,Abigail,Jones,abigail.jones1159@example.com,United Kingdom,2025-09-20,consumer
1161,Noah,Rodriguez,noah.rodriguez1160@example.com,France,2025-01-07,business
1162,Noah,Taylor,noah.taylor1161@example.com,Mexico,2025-09-14,business
1163,Evelyn,Rodriguez,evelyn.rodriguez1162@example.com,Brazil,2024-02-09,consumer
1164,Isabella,Jackson,isabella.jackson1163@example.com,Canada,2025-10-05,consumer
1165,Mia,Jackson,mia.jackson1164@example.com,Australia,2025-04-11,consumer
1166,Liam,Moore,liam.moore1165@example.com,France,2025-02-07,business
1167,Isabella,Williams,isabella.williams1166@example.com,France,2024-02-12,consumer
1168,Isabella,Jackson,isabella.jackson1167@example.com,Australia,2025-08-13,consumer
1169,Amelia,Smith,amelia.smith1168@example.com,United States,2025-02-11,consumer
1170,Sebastian,Rodriguez,sebastian.rodriguez1169@example.com,Mexico,2025-12-02,consumer
1171,Mia,Moore,mia.moore1170@example.com,Australia,2024-05-13,consumer
1172,Liam,Lopez,liam.lopez1171@example.com,France,2025-06-15,consumer
1173,Jackson,Moore,jackson.moore1172@example.com,Mexico,2024-08-23,consumer
1174,Jackson,Davis,jackson.davis1173@example.com,Mexico,2024-06-08,business
1175,Liam,Anderson,liam.anderson1174@example.com,Germany,2025-04-30,business
1176,Aiden,Moore,aiden.moore1175@example.com,United States,2024-09-15,consumer
1177,Evelyn,Jackson,evelyn.jackson1176@example.com,United Kingdom,2025-06-10,consumer
1178,Abigail,Hernandez,abigail.hernandez1177@example.com,Canada,2025-02-20,business
1179,Aiden,Thomas,aiden.thomas1178@example.com,United Kingdom,2024-01-02,consumer
1180,Abigail,Smith,abigail.smith1179@example.com,Brazil,2025-01-28,consumer
1181,Sophia,Hernandez,sophia.hernandez1180@example.com,Canada,2024-12-07,consumer
1182,Olivia,Lopez,olivia.lopez1181@example.com,Canada,2024-11-24,consumer
1183,Amelia,Jones,amelia.jones1182@example.com,France,2024-06-25,business
1184,Evelyn,Lopez,evelyn.lopez1183@example.com,United States,2024-01-22,consumer
1185,Ethan,Rodriguez,ethan.rodriguez1184@example.com,Canada,2024-06-06,business
1186,Olivia,Jackson,olivia.jackson1185@example.com,Mexico,2024-05-04,business
1187,Harper,Taylor,harper.taylor1186@example.com,France,2024-02-15,consumer
1188,Ava,Johnson,ava.johnson1187@example.com,France,2024-12-30,consumer
1189,Owen,Davis,owen.davis1188@example.com,Germany,2024-07-12,consumer
1190,Mason,Williams,mason.williams1189@example.com,Germany,2024-04-28,consumer
1191,Logan,Lopez,logan.lopez1190@example.com,Mexico,2025-11-16,business
1192,Sebastian,Davis,sebastian.davis1191@example.com,Brazil,2024-06-17,consumer
1193,Lucas,Garcia,lucas.garcia1192@example.com,Brazil,2024-05-20,business
1194,Lucas,Smith,lucas.smith1193@example.com,Canada,2024-11-12,consumer
1195,Amelia,Williams,amelia.williams1194@example.com,France,2024-07-24,consumer
1196,Aiden,Brown,aiden.brown1195@example.com,Canada,2025-05-11,consumer
1197,Isabella,Moore,isabella.moore1196@example.com,France,2024-08-18,consumer
1198,Amelia,Smith,amelia.smith1197@example.com,France,2024-09-29,consumer
1199,Jackson,Taylor,jackson.taylor1198@example.com,United Kingdom,2025-03-14,business
1200,Lucas,Martinez,lucas.martinez1199@example.com,Mexico,2025-03-15,consumer
1201,Evelyn,Lopez,evelyn.lopez1200@example.com,France,2025-05-18,consumer
1202,Owen,Martinez,owen.martinez1201@example.com,France,2025-10-28,consumer
1203,Mia,Brown,mia.brown1202@example.com,Australia,2025-07-26,consumer
1204,Harper,Wilson,harper.wilson1203@example.com,United States,2025-09-16,consumer
1205,Noah,Rodriguez,noah.rodriguez1204@example.com,Brazil,2024-09-21,business
1206,Evelyn,Williams,evelyn.williams1205@example.com,Mexico,2025-12-23,consumer
1207,Harper,Hernandez,harper.hernandez1206@example.com,France,2025-05-17,business
1208,Lucas,Martinez,lucas.martinez1207@example.com,Mexico,2025-02-08,consumer
1209,Isabella,Taylor,isabella.taylor1208@example.com,United States,2024-01-23,consumer
1210,Harper,Garcia,harper.garcia1209@example.com,Australia,2024-06-27,consumer
1211,Liam,Williams,liam.williams1210@example.com,United States,2024-04-06,consumer
1212,Isabella,Jackson,isabella.jackson1211@example.com,Germany,2025-09-12,consumer
1213,Lucas,Miller,lucas.miller1212@example.com,Canada,2024-04-11,business
1214,Jackson,Wilson,jackson.wilson1213@example.com,Mexico,2024-11-15,consumer
1215,Noah,Brown,noah.brown1214@example.com,Brazil,2024-12-22,consumer
1216,Amelia,Thomas,amelia.thomas1215@example.com,United States,2024-08-29,consumer
1217,Aiden,Moore,aiden.moore1216@example.com,Germany,2024-10-19,consumer
1218,Amelia,Jackson,amelia.jackson1217@example.com,Australia,2025-07-10,consumer
1219,Amelia,Jones,amelia.jones1218@example.com,France,2025-05-13,consumer
1220,Evelyn,Garcia,evelyn.garcia1219@example.com,Brazil,2025-04-27,consumer
1221,Harper,Jones,harper.jones1220@example.com,Australia,2024-05-22,consumer
1222,Sophia,Williams,sophia.williams1221@example.com,United States,2024-06-12,consumer
1223,Abigail,Rodriguez,abigail.rodriguez1222@example.com,France,2025-11-29,consumer
1224,Evelyn,Lopez,evelyn.lopez1223@example.com,Mexico,2024-09-08,consumer
1225,Owen,Williams,owen.williams1224@example.com,France,2024-11-26,consumer
1226,Jackson,Moore,jackson.moore1225@example.com,United States,2025-05-05,consumer
1227,Mia,Lopez,mia.lopez1226@example.com,Canada,2025-03-24,consumer
1228,Emma,Johnson,emma.johnson1227@example.com,Australia,2024-03-20,business
1229,Evelyn,Miller,evelyn.miller1228@example.com,Brazil,2024-12-20,consumer
1230,Harper,Jackson,harper.jackson1229@example.com,Brazil,2024-12-17,consumer
1231,Emma,Hernandez,emma.hernandez1230@example.com,Germany,2025-11-03,consumer
1232,Isabella,Anderson,isabella.anderson1231@example.com,Brazil,2025-03-21,consumer
1233,Abigail,Garcia,abigail.garcia1232@example.com,Australia,2025-03-03,consumer
1234,Liam,Taylor,liam.taylor1233@example.com,Brazil,2024-05-03,consumer
1235,Ava,Garcia,ava.garcia1234@example.com,Mexico,2025-04-29,consumer
1236,Abigail,Brown,abigail.brown1235@example.com,Mexico,2025-05-11,consumer
1237,Aiden,Jones,aiden.jones1236@example.com,Australia,2025-09-27,consumer
1238,Isabella,Lopez,isabella.lopez1237@example.com,France,2025-09-22,business
1239,Mia,Martinez,mia.martinez1238@example.com,Brazil,2024-07-13,consumer
1240,Amelia,Jones,amelia.jones1239@example.com,United States,2025-07-28,consumer
1241,Olivia,Jackson,olivia.jackson1240@example.com,United States,2025-01-17,business
1242,Lucas,Wilson,lucas.wilson1241@example.com,Australia,2024-09-29,consumer
1243,Mia,Thomas,mia.thomas1242@example.com,Brazil,2024-10-27,business
1244,Liam,Rodriguez,liam.rodriguez1243@example.com,United Kingdom,2025-06-14,business
1245,Isabella,Thomas,isabella.thomas1244@example.com,United States,2025-05-05,business
1246,Amelia,Smith,amelia.smith1245@example.com,Canada,2025-12-30,consumer
1247,Lucas,Moore,lucas.moore1246@example.com,United States,2024-02-10,consumer
1248,Abigail,Wilson,abigail.wilson1247@example.com,Canada,2024-10-02,consumer
1249,Lucas,Jackson,lucas.jackson1248@example.com,Brazil,2024-03-31,consumer
1250,Emma,Wilson,emma.wilson1249@example.com,United States,2024-07-10,consumer
1251,Noah,Thomas,noah.thomas1250@example.com,United States,2025-10-28,consumer
1252,Sebastian,Rodriguez,sebastian.rodriguez1251@example.com,Germany,2024-11-21,consumer
1253,Ethan,Brown,ethan.brown1252@example.com,Mexico,2025-07-16,consumer
1254,Sophia,Jones,sophia.jones1253@example.com,France,2024-07-22,consumer
1255,Harper,Jones,harper.jones1254@example.com,Canada,2024-08-30,business
1256,Sophia,Taylor,sophia.taylor1255@example.com,Germany,2024-06-13,business
1257,Lucas,Moore,lucas.moore1256@example.com,Mexico,2025-07-06,consumer
1258,Emma,Smith,emma.smith1257@example.com,Australia,2024-02-22,business
1259,Emma,Thomas,emma.thomas1258@example.com,Canada,2024-09-10,consumer
1260,Evelyn,Jackson,evelyn.jackson1259@example.com,Australia,2025-08-08,consumer
1261,Logan,Williams,logan.williams1260@example.com,Australia,2025-03-29,consumer
1262,Owen,Hernandez,owen.hernandez1261@example.com,United States,2024-07-28,consumer
1263,Olivia,Thomas,olivia.thomas1262@example.com,France,2024-04-14,business
1264,Noah,Jones,noah.jones1263@example.com,United Kingdom,2025-01-27,consumer
1265,Harper,Hernandez,harper.hernandez1264@example.com,United Kingdom,2024-05-27,consumer
1266,Evelyn,Garcia,evelyn.garcia1265@example.com,United States,2025-06-22,business
1267,Amelia,Taylor,amelia.taylor1266@example.com,Australia,2024-02-27,consumer
1268,Abigail,Jones,abigail.jones1267@example.com,Canada,2024-10-17,consumer
1269,Lucas,Williams,lucas.williams1268@example.com,Canada,2025-08-13,business
1270,Mason,Lopez,mason.lopez1269@example.com,Brazil,2025-03-05,consumer
1271,Mia,Anderson,mia.anderson1270@example.com,Mexico,2024-03-25,consumer
1272,Olivia,Thomas,olivia.thomas1271@example.com,Australia,2025-08-08,consumer
1273,Ethan,Johnson,ethan.johnson1272@example.com,Germany,2024-02-18,consumer
1274,Noah,Rodriguez,noah.rodriguez1273@example.com,Canada,2024-10-10,consumer
1275,Owen,Williams,owen.williams1274@example.com,United Kingdom,2025-05-26,consumer
1276,Emma,Garcia,emma.garcia1275@example.com,United Kingdom,2024-12-17,business
1277,Emma,Anderson,emma.anderson1276@example.com,Germany,2024-01-25,consumer
1278,Jackson,Smith,jackson.smith1277@example.com,Canada,2024-11-15,consumer
1279,Mia,Garcia,mia.garcia1278@example.com,United States,2025-05-25,consumer
1280,Abigail,Taylor,abigail.taylor1279@example.com,Canada,2025-12-05,business
1281,Abigail,Johnson,abigail.johnson1280@example.com,Canada,2025-03-10,consumer
1282,Mason,Martinez,mason.martinez1281@example.com,France,2024-02-03,consumer
1283,Sebastian,Martinez,sebastian.martinez1282@example.com,Brazil,2024-10-03,consumer
1284,Sebastian,Miller,sebastian.miller1283@example.com,Brazil,2025-09-18,business
1285,Emma,Lopez,emma.lopez1284@example.com,Germany,2025-11-28,business
1286,Noah,Wilson,noah.wilson1285@example.com,Australia,2024-10-14,consumer
1287,Lucas,Jones,lucas.jones1286@example.com,Canada,2024-10-04,consumer
1288,Liam,Davis,liam.davis1287@example.com,Canada,2025-09-22,consumer
1289,Ethan,Lopez,ethan.lopez1288@example.com,Brazil,2025-05-20,business
1290,Logan,Miller,logan.miller1289@example.com,Canada,2024-08-29,consumer
1291,Aiden,Miller,aiden.miller1290@example.com,United Kingdom,2024-11-06,business
1292,Sophia,Brown,sophia.brown1291@example.com,Germany,2025-05-10,consumer
1293,Sophia,Lopez,sophia.lopez1292@example.com,France,2025-11-15,business
1294,Emma,Jones,emma.jones1293@example.com,Brazil,2025-04-08,business
1295,Lucas,Rodriguez,lucas.rodriguez1294@example.com,Mexico,2025-10-16,consumer
1296,Ethan,Williams,ethan.williams1295@example.com,Mexico,2025-10-17,business
1297,Liam,Smith,liam.smith1296@example.com,Germany,2025-01-03,consumer
1298,Emma,Martinez,emma.martinez1297@example.com,Mexico,2024-05-21,business
1299,Ava,Anderson,ava.anderson1298@example.com,France,2025-05-17,business
1300,Ethan,Anderson,ethan.anderson1299@example.com,France,2025-08-03,consumer
1301,Liam,Johnson,liam.johnson1300@example.com,Germany,2025-06-29,business
1302,Jackson,Rodriguez,jackson.rodriguez1301@example.com,Brazil,2025-05-16,business
1303,Sophia,Miller,sophia.miller1302@example.com,Brazil,2025-08-13,consumer
1304,Abigail,Wilson,abigail.wilson1303@example.com,Germany,2025-10-13,consumer
1305,Ethan,Thomas,ethan.thomas1304@example.com,United Kingdom,2025-01-30,consumer
1306,Owen,Wilson,owen.wilson1305@example.com,Brazil,2024-04-22,business
1307,Lucas,Williams,lucas.williams1306@example.com,France,2024-10-18,business
1308,Aiden,Rodriguez,aiden.rodriguez1307@example.com,France,2024-01-17,consumer
1309,Isabella,Taylor,isabella.taylor1308@example.com,Australia,2024-07-16,consumer
1310,Ava,Thomas,ava.thomas1309@example.com,Mexico,2024-11-25,consumer
1311,Aiden,Moore,aiden.moore1310@example.com,Canada,2024-01-14,consumer
1312,Mason,Jones,mason.jones1311@example.com,Canada,2024-02-05,consumer
1313,Abigail,Wilson,abigail.wilson1312@example.com,United Kingdom,2024-12-18,consumer
1314,Sebastian,Taylor,sebastian.taylor1313@example.com,Canada,2025-10-03,consumer
1315,Jackson,Brown,jackson.brown1314@example.com,Germany,2024-07-14,consumer
1316,Lucas,Taylor,lucas.taylor1315@example.com,United States,2024-11-13,consumer
1317,Ava,Rodriguez,ava.rodriguez1316@example.com,United States,2025-06-11,business
1318,Lucas,Williams,lucas.williams1317@example.com,Canada,2024-03-08,consumer
1319,Logan,Johnson,logan.johnson1318@example.com,United Kingdom,2025-01-01,consumer
1320,Amelia,Johnson,amelia.johnson1319@example.com,Canada,2024-03-02,consumer
1321,Isabella,Johnson,isabella.johnson1320@example.com,United States,2024-05-06,consumer
1322,Isabella,Garcia,isabella.garcia1321@example.com,Canada,2025-06-22,consumer
1323,Sebastian,Miller,sebastian.miller1322@example.com,Canada,2025-04-16,consumer
1324,Olivia,Rodriguez,olivia.rodriguez1323@example.com,Germany,2024-06-22,consumer
1325,Sophia,Thomas,sophia.thomas1324@example.com,Mexico,2024-10-16,consumer
1326,Olivia,Miller,olivia.miller1325@example.com,United States,2025-07-06,consumer
1327,Evelyn,Jones,evelyn.jones1326@example.com,Germany,2025-12-06,consumer
1328,Logan,Moore,logan.moore1327@example.com,United States,2025-08-01,business
1329,Sebastian,Hernandez,sebastian.hernandez1328@example.com,Brazil,2024-02-08,business
1330,Mason,Williams,mason.williams1329@example.com,Mexico,2025-12-17,business
1331,Liam,Jones,liam.jones1330@example.com,France,2024-09-03,business
1332,Lucas,Brown,lucas.brown1331@example.com,Canada,2025-06-09,consumer
1333,Liam,Taylor,liam.taylor1332@example.com,Germany,2025-09-28,consumer
1334,Amelia,Anderson,amelia.anderson1333@example.com,Germany,2024-03-19,consumer
1335,Amelia,Anderson,amelia.anderson1334@example.com,Canada,2024-03-20,consumer
1336,Isabella,Hernandez,isabella.hernandez1335@example.com,Mexico,2025-03-23,business
1337,Aiden,Moore,aiden.moore1336@example.com,Mexico,2024-07-28,consumer
1338,Olivia,Rodriguez,olivia.rodriguez1337@example.com,Brazil,2024-06-21,business
1339,Owen,Johnson,owen.johnson1338@example.com,France,2025-09-22,consumer
1340,Logan,Hernandez,logan.hernandez1339@example.com,Australia,2024-12-11,consumer
1341,Olivia,Davis,olivia.davis1340@example.com,Australia,2024-05-17,business
1342,Sophia,Martinez,sophia.martinez1341@example.com,France,2025-08-04,consumer
1343,Amelia,Martinez,amelia.martinez1342@example.com,Germany,2025-04-01,business
1344,Sophia,Wilson,sophia.wilson1343@example.com,United Kingdom,2025-09-26,consumer
1345,Isabella,Thomas,isabella.thomas1344@example.com,Australia,2025-09-18,consumer
1346,Noah,Williams,noah.williams1345@example.com,United Kingdom,2024-07-10,business
1347,Aiden,Martinez,aiden.martinez1346@example.com,France,2024-06-18,consumer
1348,Mia,Garcia,mia.garcia1347@example.com,France,2025-09-24,consumer
1349,Olivia,Taylor,olivia.taylor1348@example.com,Canada,2025-03-26,consumer
1350,Sophia,Williams,sophia.williams1349@example.com,Brazil,2024-05-30,consumer
1351,Sebastian,Johnson,sebastian.johnson1350@example.com,United Kingdom,2025-05-24,consumer
1352,Lucas,Rodriguez,lucas.rodriguez1351@example.com,Australia,2025-10-01,consumer
1353,Sophia,Brown,sophia.brown1352@example.com,Mexico,2025-06-07,business
1354,Aiden,Jones,aiden.jones1353@example.com,Canada,2025-11-06,consumer
1355,Evelyn,Smith,evelyn.smith1354@example.com,United Kingdom,2025-10-04,consumer
1356,Ava,Johnson,ava.johnson1355@example.com,Australia,2025-07-04,consumer
1357,Evelyn,Wilson,evelyn.wilson1356@example.com,United States,2025-10-03,business
1358,Evelyn,Garcia,evelyn.garcia1357@example.com,Mexico,2025-01-23,business
1359,Isabella,Martinez,isabella.martinez1358@example.com,Mexico,2024-01-01,consumer
1360,Amelia,Anderson,amelia.anderson1359@example.com,Germany,2025-12-17,consumer
1361,Ethan,Thomas,ethan.thomas1360@example.com,United States,2024-07-30,consumer
1362,Liam,Davis,liam.davis1361@example.com,Mexico,2025-10-28,consumer
1363,Evelyn,Jones,evelyn.jones1362@example.com,Australia,2024-10-09,consumer
1364,Logan,Rodriguez,logan.rodriguez1363@example.com,United States,2024-10-13,consumer
1365,Abigail,Anderson,abigail.anderson1364@example.com,United States,2024-11-13,business
1366,Aiden,Rodriguez,aiden.rodriguez1365@example.com,Germany,2025-05-20,consumer
1367,Jackson,Rodriguez,jackson.rodriguez1366@example.com,Mexico,2025-05-31,consumer
1368,Mia,Martinez,mia.martinez1367@example.com,Mexico,2024-11-26,consumer
1369,Isabella,Jones,isabella.jones1368@example.com,United Kingdom,2024-10-15,consumer
1370,Ava,Wilson,ava.wilson1369@example.com,United Kingdom,2024-08-14,consumer
1371,Mia,Taylor,mia.taylor1370@example.com,Canada,2025-12-11,consumer
1372,Logan,Hernandez,logan.hernandez1371@example.com,Brazil,2025-01-07,consumer
1373,Ethan,Hernandez,ethan.hernandez1372@example.com,Canada,2025-03-02,business
1374,Ava,Taylor,ava.taylor1373@example.com,Brazil,2025-09-14,consumer
1375,Ethan,Martinez,ethan.martinez1374@example.com,Australia,2025-12-25,consumer
1376,Ethan,Jones,ethan.jones1375@example.com,Australia,2025-01-26,business
1377,Owen,Rodriguez,owen.rodriguez1376@example.com,Canada,2025-06-07,consumer
1378,Harper,Jones,harper.jones1377@example.com,Germany,2025-04-22,business
1379,Lucas,Jones,lucas.jones1378@example.com,United States,2024-07-23,consumer
1380,Mason,Jones,mason.jones1379@example.com,France,2025-05-24,consumer
1381,Abigail,Taylor,abigail.taylor1380@example.com,United States,2024-09-24,consumer
1382,Owen,Wilson,owen.wilson1381@example.com,Australia,2024-11-19,business
1383,Isabella,Garcia,isabella.garcia1382@example.com,Germany,2025-09-19,business
1384,Owen,Thomas,owen.thomas1383@example.com,Canada,2024-03-09,consumer
1385,Mia,Anderson,mia.anderson1384@example.com,Australia,2024-07-24,business
1386,Noah,Davis,noah.davis1385@example.com,United Kingdom,2024-11-10,consumer
1387,Jackson,Rodriguez,jackson.rodriguez1386@example.com,United Kingdom,2025-02-28,consumer
1388,Ava,Wilson,ava.wilson1387@example.com,Mexico,2025-10-01,consumer
1389,Sebastian,Rodriguez,sebastian.rodriguez1388@example.com,Germany,2024-07-12,consumer
1390,Mia,Miller,mia.miller1389@example.com,United Kingdom,2024-12-15,consumer
1391,Mason,Rodriguez,mason.rodriguez1390@example.com,Brazil,2025-10-12,consumer
1392,Mia,Lopez,mia.lopez1391@example.com,United States,2024-02-04,business
1393,Emma,Wilson,emma.wilson1392@example.com,France,2025-09-04,consumer
1394,Mason,Miller,mason.miller1393@example.com,United States,2024-01-10,business
1395,Noah,Taylor,noah.taylor1394@example.com,Canada,2024-12-22,consumer
1396,Ava,Rodriguez,ava.rodriguez1395@example.com,Germany,2024-06-02,consumer
1397,Emma,Brown,emma.brown1396@example.com,Mexico,2024-05-20,consumer
1398,Logan,Smith,logan.smith1397@example.com,Germany,2024-12-16,business
1399,Isabella,Martinez,isabella.martinez1398@example.com,Australia,2025-07-30,consumer
1400,Lucas,Brown,lucas.brown1399@example.com,France,2024-03-10,consumer
1401,Mason,Anderson,mason.anderson1400@example.com,United Kingdom,2024-01-22,consumer
1402,Logan,Brown,logan.brown1401@example.com,Australia,2025-09-04,consumer
1403,Sophia,Rodriguez,sophia.rodriguez1402@example.com,Mexico,2024-05-23,business
1404,Logan,Miller,logan.miller1403@example.com,Canada,2025-09-16,business
1405,Jackson,Brown,jackson.brown1404@example.com,Germany,2025-10-18,consumer
1406,Sophia,Hernandez,sophia.hernandez1405@example.com,Canada,2024-03-15,consumer
1407,Liam,Rodriguez,liam.rodriguez1406@example.com,Brazil,2025-10-03,consumer
1408,Sophia,Garcia,sophia.garcia1407@example.com,United States,2024-05-08,business
1409,Aiden,Anderson,aiden.anderson1408@example.com,Canada,2024-06-16,consumer
1410,Ethan,Williams,ethan.williams1409@example.com,Australia,2025-04-09,business
1411,Noah,Rodriguez,noah.rodriguez1410@example.com,Germany,2024-01-23,consumer
1412,Ethan,Thomas,ethan.thomas1411@example.com,Canada,2024-10-22,consumer
1413,Liam,Rodriguez,liam.rodriguez1412@example.com,United States,2025-09-06,consumer
1414,Noah,Jones,noah.jones1413@example.com,United Kingdom,2024-12-24,consumer
1415,Owen,Jackson,owen.jackson1414@example.com,France,2024-07-12,business
1416,Mason,Anderson,mason.anderson1415@example.com,France,2025-05-21,business
1417,Noah,Martinez,noah.martinez1416@example.com,France,2024-12-18,consumer
1418,Aiden,Martinez,aiden.martinez1417@example.com,United States,2025-07-07,consumer
1419,Olivia,Williams,olivia.williams1418@example.com,France,2024-05-24,consumer
1420,Noah,Moore,noah.moore1419@example.com,Australia,2025-05-11,consumer
1421,Amelia,Johnson,amelia.johnson1420@example.com,United States,2025-01-03,consumer
1422,Aiden,Smith,aiden.smith1421@example.com,United Kingdom,2025-01-14,consumer
1423,Noah,Hernandez,noah.hernandez1422@example.com,United Kingdom,2024-09-14,consumer
1424,Mason,Jackson,mason.jackson1423@example.com,Germany,2025-03-11,consumer
1425,Mason,Wilson,mason.wilson1424@example.com,France,2024-02-16,business
1426,Isabella,Hernandez,isabella.hernandez1425@example.com,Australia,2024-04-28,business
1427,Mason,Jones,mason.jones1426@example.com,France,2024-05-07,consumer
1428,Amelia,Taylor,amelia.taylor1427@example.com,France,2024-12-23,consumer
1429,Amelia,Martinez,amelia.martinez1428@example.com,Mexico,2024-12-09,consumer
1430,Ethan,Brown,ethan.brown1429@example.com,Canada,2025-01-16,consumer
1431,Ethan,Taylor,ethan.taylor1430@example.com,Australia,2025-07-26,business
1432,Mason,Garcia,mason.garcia1431@example.com,Brazil,2025-04-10,business
1433,Logan,Johnson,logan.johnson1432@example.com,Brazil,2025-12-05,consumer
1434,Ethan,Davis,ethan.davis1433@example.com,United States,2024-06-23,consumer
1435,Jackson,Wilson,jackson.wilson1434@example.com,Australia,2025-10-03,consumer
1436,Mia,Brown,mia.brown1435@example.com,Brazil,2024-05-18,consumer
1437,Evelyn,Taylor,evelyn.taylor1436@example.com,France,2024-02-02,consumer
1438,Mia,Anderson,mia.anderson1437@example.com,Germany,2025-04-06,business
1439,Harper,Jones,harper.jones1438@example.com,Mexico,2024-05-18,business
1440,Olivia,Smith,olivia.smith1439@example.com,Mexico,2025-06-06,consumer
1441,Logan,Johnson,logan.johnson1440@example.com,Australia,2025-04-18,consumer
1442,Abigail,Miller,abigail.miller1441@example.com,Brazil,2024-05-08,consumer
1443,Amelia,Martinez,amelia.martinez1442@example.com,Australia,2024-12-14,consumer
1444,Lucas,Anderson,lucas.anderson1443@example.com,Mexico,2025-03-10,consumer
1445,Mason,Jackson,mason.jackson1444@example.com,Canada,2025-04-08,consumer
1446,Abigail,Jackson,abigail.jackson1445@example.com,Brazil,2025-07-25,consumer
1447,Liam,Taylor,liam.taylor1446@example.com,Mexico,2024-07-27,consumer
1448,Sebastian,Johnson,sebastian.johnson1447@example.com,United States,2024-12-14,consumer
1449,Ethan,Smith,ethan.smith1448@example.com,United Kingdom,2024-06-29,business
1450,Ava,Wilson,ava.wilson1449@example.com,Mexico,2024-03-08,consumer
1451,Evelyn,Smith,evelyn.smith1450@example.com,Australia,2024-09-02,consumer
1452,Ethan,Lopez,ethan.lopez1451@example.com,Australia,2025-11-04,consumer
1453,Harper,Jones,harper.jones1452@example.com,Canada,2024-04-07,consumer
1454,Ava,Martinez,ava.martinez1453@example.com,Germany,2024-11-07,consumer
1455,Noah,Davis,noah.davis1454@example.com,Brazil,2025-01-07,consumer
1456,Abigail,Rodriguez,abigail.rodriguez1455@example.com,Mexico,2024-05-27,consumer
1457,Jackson,Hernandez,jackson.hernandez1456@example.com,Brazil,2024-09-14,consumer
1458,Mason,Williams,mason.williams1457@example.com,Canada,2025-12-05,consumer
1459,Noah,Moore,noah.moore1458@example.com,Brazil,2024-05-03,consumer
1460,Mason,Brown,mason.brown1459@example.com,Australia,2025-06-19,consumer
1461,Sebastian,Johnson,sebastian.johnson1460@example.com,Canada,2024-06-29,consumer
1462,Lucas,Williams,lucas.williams1461@example.com,France,2025-04-02,consumer
1463,Ethan,Miller,ethan.miller1462@example.com,France,2024-01-17,business
1464,Sophia,Anderson,sophia.anderson1463@example.com,Australia,2025-09-02,consumer
1465,Aiden,Jones,aiden.jones1464@example.com,France,2024-02-20,consumer
1466,Amelia,Wilson,amelia.wilson1465@example.com,Germany,2025-02-25,consumer
1467,Mia,Taylor,mia.taylor1466@example.com,United States,2025-12-20,business
1468,Mason,Anderson,mason.anderson1467@example.com,United States,2024-05-16,consumer
1469,Logan,Anderson,logan.anderson1468@example.com,Mexico,2025-08-09,consumer
1470,Liam,Davis,liam.davis1469@example.com,United Kingdom,2025-02-23,business
1471,Logan,Jones,logan.jones1470@example.com,Brazil,2025-06-04,business
1472,Logan,Johnson,logan.johnson1471@example.com,Canada,2024-04-23,consumer
1473,Ava,Thomas,ava.thomas1472@example.com,Germany,2025-03-31,consumer
1474,Liam,Jones,liam.jones1473@example.com,Germany,2025-08-23,consumer
1475,Owen,Jones,owen.jones1474@example.com,United States,2024-03-08,business
1476,Owen,Johnson,owen.johnson1475@example.com,United Kingdom,2024-09-02,consumer
1477,Lucas,Jackson,lucas.jackson1476@example.com,Germany,2025-05-09,consumer
1478,Ava,Brown,ava.brown1477@example.com,Canada,2025-02-26,consumer
1479,Sophia,Rodriguez,sophia.rodriguez1478@example.com,Canada,2024-06-09,consumer
1480,Olivia,Anderson,olivia.anderson1479@example.com,France,2024-11-29,consumer
1481,Ava,Wilson,ava.wilson1480@example.com,United States,2025-05-10,consumer
1482,Mia,Rodriguez,mia.rodriguez1481@example.com,United States,2025-04-30,business
1483,Lucas,Miller,lucas.miller1482@example.com,United Kingdom,2025-05-10,business
1484,Harper,Martinez,harper.martinez1483@example.com,Canada,2024-09-21,consumer
1485,Olivia,Hernandez,olivia.hernandez1484@example.com,Germany,2025-10-19,consumer
1486,Ava,Lopez,ava.lopez1485@example.com,Brazil,2025-08-14,business
1487,Ethan,Anderson,ethan.anderson1486@example.com,Australia,2024-03-27,consumer
1488,Mia,Brown,mia.brown1487@example.com,Mexico,2024-03-01,consumer
1489,Evelyn,Garcia,evelyn.garcia1488@example.com,Mexico,2025-01-22,consumer
1490,Logan,Thomas,logan.thomas1489@example.com,France,2024-12-12,business
1491,Lucas,Anderson,lucas.anderson1490@example.com,United Kingdom,2024-01-01,business
1492,Mia,Anderson,mia.anderson1491@example.com,Germany,2024-07-23,business
1493,Emma,Wilson,emma.wilson1492@example.com,United Kingdom,2024-06-14,consumer
1494,Aiden,Smith,aiden.smith1493@example.com,Australia,2024-07-21,consumer
1495,Abigail,Lopez,abigail.lopez1494@example.com,United States,2024-03-12,business
1496,Sebastian,Wilson,sebastian.wilson1495@example.com,Canada,2024-11-14,consumer
1497,Mia,Jackson,mia.jackson1496@example.com,Germany,2024-11-26,consumer
1498,Lucas,Williams,lucas.williams1497@example.com,United Kingdom,2024-07-02,consumer
1499,Harper,Lopez,harper.lopez1498@example.com,Canada,2024-09-10,business
1500,Isabella,Johnson,isabella.johnson1499@example.com,France,2024-06-18,consumer
