order_item_id,order_id,product_id,quantity,unit_price,discount
1,1,28,1,75.89,0.0
2,2,60,4,353.64,0.0
3,3,97,3,322.01,0.0
4,3,146,2,429.95,0.0
5,3,94,2,414.66,0.0
6,3,15,1,350.02,0.0
7,4,53,4,110.68,16.6
8,4,2,2,332.83,33.28
9,4,102,2,139.64,0.0
10,4,136,2,396.02,39.6
11,4,27,3,168.15,33.63
12,5,133,1,328.02,49.2
13,6,98,1,187.8,0.0
14,6,129,4,237.02,0.0
15,6,41,1,36.8,0.0
16,6,36,4,319.43,47.91
17,7,143,1,107.53,16.13
18,7,122,2,425.68,85.14
19,8,88,4,269.25,26.93
20,8,40,2,304.26,60.85
21,8,26,3,242.14,0.0
22,8,77,4,208.09,41.62
23,8,35,2,335.39,50.31
24,9,80,1,413.08,0.0
25,9,126,4,131.53,13.15
26,9,111,1,11.12,0.0
27,10,130,2,43.77,8.75
28,10,7,3,28.64,4.3
29,11,33,1,179.42,26.91
30,12,55,1,42.68,0.0
31,12,101,4,127.41,25.48
32,12,68,3,136.7,0.0
33,12,45,4,299.19,29.92
34,12,30,3,304.56,45.68
35,13,18,3,368.54,0.0
36,13,127,4,222.52,44.5
37,13,132,2,89.04,0.0
38,13,101,2,127.41,12.74
39,13,117,4,491.5,0.0
40,14,50,2,320.93,32.09
41,14,93,3,155.24,15.52
42,14,57,1,188.77,18.88
43,15,129,3,237.02,0.0
44,16,89,3,15.3,1.53
45,16,54,2,34.49,0.0
46,17,58,3,336.01,0.0
47,17,115,1,377.52,0.0
48,17,52,2,98.97,14.85
49,17,132,2,89.04,17.81
50,18,120,4,335.74,0.0
51,18,116,4,377.29,0.0
52,19,104,2,172.41,17.24
53,20,112,3,211.58,0.0
54,20,46,1,67.45,10.12
55,20,48,4,333.72,0.0
56,20,10,1,409.97,0.0
57,21,4,4,273.69,0.0
58,21,37,3,104.0,10.4
59,22,97,1,322.01,0.0
60,22,100,1,270.76,0.0
61,23,150,1,104.02,0.0
62,23,70,3,246.27,0.0
63,24,141,2,328.57,0.0
64,24,12,4,76.22,7.62
65,24,50,4,320.93,0.0
66,25,150,3,104.02,0.0
67,25,144,2,201.38,40.28
68,25,115,2,377.52,0.0
69,26,135,1,236.07,0.0
70,26,8,1,495.36,74.3
71,26,113,4,109.63,16.44
72,26,92,1,218.76,43.75
73,27,6,4,43.07,0.0
74,27,141,1,328.57,49.29
75,27,30,2,304.56,30.46
76,27,107,4,110.67,16.6
77,28,54,2,34.49,3.45
78,28,74,4,278.72,0.0
79,28,27,1,168.15,0.0
80,29,65,2,416.07,0.0
81,29,79,2,190.04,28.51
82,29,129,2,237.02,35.55
83,30,80,4,413.08,82.62
84,30,129,2,237.02,35.55
85,30,123,3,77.17,0.0
86,30,130,4,43.77,0.0
87,30,63,3,142.21,0.0
88,31,97,4,322.01,32.2
89,31,40,1,304.26,30.43
90,31,59,3,189.39,28.41
91,31,24,4,223.52,22.35
92,32,79,3,190.04,19.0
93,32,94,3,414.66,62.2
94,33,64,2,64.91,0.0
95,34,146,1,429.95,64.49
96,34,67,2,351.2,0.0
97,34,137,4,142.56,28.51
98,35,125,3,269.3,26.93
99,35,14,1,304.76,0.0
100,35,100,4,270.76,40.61
101,35,79,2,190.04,0.0
102,35,135,4,236.07,47.21
103,36,97,1,322.01,32.2
104,37,130,2,43.77,0.0
105,37,6,3,43.07,0.0
106,37,94,2,414.66,0.0
107,38,125,4,269.3,40.4
108,38,103,2,233.36,0.0
109,38,96,3,498.77,99.75
110,39,134,4,444.99,0.0
111,39,4,4,273.69,41.05
112,39,59,1,189.39,37.88
113,40,27,4,168.15,33.63
114,40,135,3,236.07,0.0
115,40,140,3,224.28,0.0
116,40,150,2,104.02,15.6
117,40,32,1,146.13,0.0
118,41,89,4,15.3,3.06
119,42,27,3,168.15,33.63
120,42,89,2,15.3,0.0
121,42,50,3,320.93,0.0
122,43,46,4,67.45,0.0
123,43,35,4,335.39,33.54
124,44,37,1,104.0,15.6
125,44,124,4,241.15,48.23
126,44,79,4,190.04,19.0
127,45,72,2,242.78,36.42
128,45,34,4,22.78,0.0
129,45,68,2,136.7,27.34
130,45,36,3,319.43,0.0
131,46,74,3,278.72,41.81
132,46,9,4,444.4,0.0
133,47,122,3,425.68,0.0
134,47,85,2,256.09,0.0
135,48,146,3,429.95,0.0
136,49,102,4,139.64,0.0
137,49,60,1,353.64,0.0
138,49,42,3,478.77,0.0
139,49,21,1,429.76,0.0
140,50,82,3,437.52,87.5
141,50,38,2,202.51,0.0
142,50,47,2,272.75,0.0
143,50,28,4,75.89,11.38
144,51,111,4,11.12,0.0
145,52,93,4,155.24,0.0
146,52,92,3,218.76,21.88
147,53,73,3,298.52,44.78
148,54,16,1,128.09,19.21
149,54,130,3,43.77,8.75
150,55,74,4,278.72,41.81
151,55,83,3,129.83,0.0
152,55,37,1,104.0,20.8
153,56,65,3,416.07,0.0
154,56,99,2,325.08,65.02
155,56,28,3,75.89,7.59
156,56,149,3,499.81,99.96
157,57,6,1,43.07,0.0
158,57,8,3,495.36,0.0
159,57,60,4,353.64,70.73
160,57,72,2,242.78,36.42
161,57,141,2,328.57,0.0
162,58,132,3,89.04,0.0
163,58,73,2,298.52,0.0
164,58,65,1,416.07,41.61
165,58,42,1,478.77,0.0
166,58,19,3,488.22,73.23
167,59,94,3,414.66,62.2
168,59,85,4,256.09,0.0
169,59,36,4,319.43,47.91
170,60,79,2,190.04,19.0
171,60,27,4,168.15,0.0
172,61,134,1,444.99,44.5
173,61,57,1,188.77,0.0
174,61,85,1,256.09,0.0
175,61,88,1,269.25,0.0
176,62,103,4,233.36,46.67
177,62,105,2,223.61,0.0
178,62,147,1,15.84,1.58
179,62,107,1,110.67,0.0
180,63,64,4,64.91,6.49
181,63,109,2,270.39,54.08
182,63,62,4,399.48,59.92
183,63,126,4,131.53,0.0
184,64,22,2,18.29,2.74
185,64,58,2,336.01,50.4
186,64,13,1,469.28,93.86
187,64,103,4,233.36,35.0
188,65,149,2,499.81,74.97
189,65,31,4,287.81,28.78
190,65,24,4,223.52,0.0
191,66,39,2,203.79,30.57
192,66,94,3,414.66,41.47
193,66,32,2,146.13,14.61
194,66,83,4,129.83,25.97
195,66,8,4,495.36,74.3
196,67,126,1,131.53,26.31
197,67,13,2,469.28,0.0
198,67,76,3,127.04,0.0
199,67,80,4,413.08,0.0
200,67,124,4,241.15,36.17
201,68,126,4,131.53,0.0
202,68,85,2,256.09,0.0
203,69,88,1,269.25,0.0
204,70,107,1,110.67,16.6
205,71,88,4,269.25,53.85
206,71,130,1,43.77,0.0
207,72,103,1,233.36,0.0
208,72,102,2,139.64,13.96
209,72,96,4,498.77,99.75
210,73,146,1,429.95,0.0
211,73,105,1,223.61,0.0
212,74,126,3,131.53,26.31
213,75,52,3,98.97,0.0
214,75,34,4,22.78,4.56
215,75,125,4,269.3,26.93
216,75,33,3,179.42,0.0
217,75,93,1,155.24,0.0
218,76,13,4,469.28,0.0
219,76,68,2,136.7,0.0
220,76,5,3,415.34,62.3
221,76,41,4,36.8,0.0
222,76,135,1,236.07,0.0
223,77,139,2,262.86,39.43
224,77,63,3,142.21,0.0
225,78,7,2,28.64,4.3
226,78,97,1,322.01,48.3
227,78,58,1,336.01,67.2
228,78,31,3,287.81,28.78
229,79,93,2,155.24,0.0
230,79,129,4,237.02,0.0
231,80,58,4,336.01,0.0
232,80,38,1,202.51,0.0
233,80,97,3,322.01,48.3
234,80,127,4,222.52,0.0
235,80,145,4,27.77,5.55
236,81,125,1,269.3,0.0
237,82,47,4,272.75,54.55
238,83,93,4,155.24,15.52
239,83,134,1,444.99,0.0
240,83,26,3,242.14,48.43
241,83,27,4,168.15,25.22
242,83,105,4,223.61,44.72
243,84,1,1,321.1,64.22
244,84,28,2,75.89,11.38
245,84,135,1,236.07,0.0
246,84,72,2,242.78,48.56
247,85,54,1,34.49,5.17
248,85,63,2,142.21,0.0
249,85,114,3,93.0,0.0
250,85,140,1,224.28,33.64
251,86,137,1,142.56,14.26
252,86,22,3,18.29,2.74
253,86,100,2,270.76,0.0
254,86,68,4,136.7,0.0
255,87,53,1,110.68,11.07
256,87,24,2,223.52,44.7
257,87,19,1,488.22,73.23
258,88,136,1,396.02,79.2
259,88,59,2,189.39,0.0
260,88,40,1,304.26,60.85
261,89,97,3,322.01,0.0
262,89,54,2,34.49,6.9
263,89,47,4,272.75,0.0
264,89,110,2,130.63,19.59
265,90,99,1,325.08,32.51
266,90,131,1,10.91,0.0
267,90,79,1,190.04,38.01
268,91,94,4,414.66,0.0
269,91,19,2,488.22,97.64
270,91,18,1,368.54,73.71
271,91,92,2,218.76,43.75
272,92,139,3,262.86,0.0
273,92,90,1,490.37,49.04
274,92,97,3,322.01,64.4
275,92,143,4,107.53,0.0
276,92,132,3,89.04,0.0
277,93,22,3,18.29,0.0
278,93,50,4,320.93,32.09
279,93,91,4,252.58,37.89
280,93,87,3,283.38,56.68
281,94,69,3,93.19,13.98
282,94,62,4,399.48,0.0
283,94,104,1,172.41,0.0
284,95,40,4,304.26,60.85
285,95,132,2,89.04,8.9
286,95,9,2,444.4,0.0
287,95,86,3,474.92,94.98
288,95,44,4,452.04,0.0
289,96,144,3,201.38,20.14
290,96,64,3,64.91,0.0
291,96,123,4,77.17,0.0
292,96,2,4,332.83,49.92
293,96,133,4,328.02,0.0
294,97,133,3,328.02,65.6
295,97,48,2,333.72,0.0
296,97,87,3,283.38,0.0
297,98,76,1,127.04,0.0
298,98,117,3,491.5,73.72
299,98,57,2,188.77,18.88
300,99,123,2,77.17,11.58
301,99,38,4,202.51,0.0
302,100,43,1,330.28,0.0
303,100,58,2,336.01,50.4
304,100,6,3,43.07,8.61
305,100,86,2,474.92,71.24
306,100,107,3,110.67,0.0
307,101,63,3,142.21,0.0
308,102,39,2,203.79,0.0
309,102,69,3,93.19,0.0
310,103,65,3,416.07,62.41
311,103,20,3,169.34,0.0
312,103,83,2,129.83,0.0
313,103,58,3,336.01,0.0
314,103,18,1,368.54,0.0
315,104,15,4,350.02,0.0
316,104,34,1,22.78,0.0
317,104,98,3,187.8,37.56
318,105,85,2,256.09,38.41
319,105,38,4,202.51,40.5
320,106,116,2,377.29,75.46
321,106,2,4,332.83,33.28
322,106,86,2,474.92,0.0
323,107,141,4,328.57,32.86
324,108,5,2,415.34,41.53
325,108,31,1,287.81,43.17
326,108,54,3,34.49,0.0
327,108,114,1,93.0,0.0
328,109,136,4,396.02,79.2
329,109,30,3,304.56,0.0
330,110,37,4,104.0,0.0
331,110,106,1,123.25,24.65
332,110,11,2,381.78,38.18
333,110,21,1,429.76,0.0
334,111,44,1,452.04,0.0
335,111,122,2,425.68,0.0
336,111,73,1,298.52,0.0
337,112,35,3,335.39,0.0
338,112,27,1,168.15,0.0
339,112,101,2,127.41,0.0
340,112,42,1,478.77,47.88
341,112,10,1,409.97,0.0
342,113,96,4,498.77,49.88
343,114,93,1,155.24,15.52
344,114,135,3,236.07,0.0
345,114,61,1,92.4,0.0
346,114,123,4,77.17,0.0
347,115,54,4,34.49,5.17
348,116,28,4,75.89,0.0
349,116,83,3,129.83,0.0
350,116,11,1,381.78,57.27
351,116,92,2,218.76,43.75
352,116,114,2,93.0,0.0
353,117,1,1,321.1,0.0
354,117,56,1,422.08,0.0
355,117,20,2,169.34,33.87
356,117,149,1,499.81,0.0
357,117,46,2,67.45,13.49
358,118,90,3,490.37,49.04
359,118,146,2,429.95,0.0
360,119,89,3,15.3,3.06
361,119,109,2,270.39,27.04
362,120,20,3,169.34,0.0
363,120,93,4,155.24,0.0
364,120,110,4,130.63,0.0
365,121,129,2,237.02,0.0
366,121,21,1,429.76,42.98
367,121,80,2,413.08,0.0
368,122,74,1,278.72,41.81
369,122,72,4,242.78,24.28
370,122,12,3,76.22,7.62
371,123,6,2,43.07,6.46
372,123,103,4,233.36,0.0
373,123,136,4,396.02,0.0
374,123,127,1,222.52,0.0
375,124,119,1,453.53,90.71
376,125,102,4,139.64,20.95
377,126,146,2,429.95,0.0
378,126,59,3,189.39,18.94
379,127,57,3,188.77,18.88
380,127,148,2,165.59,33.12
381,128,48,1,333.72,0.0
382,128,126,4,131.53,0.0
383,129,127,2,222.52,44.5
384,130,11,3,381.78,0.0
385,130,55,3,42.68,6.4
386,130,76,1,127.04,0.0
387,130,79,2,190.04,0.0
388,131,139,2,262.86,26.29
389,131,136,3,396.02,0.0
390,131,39,2,203.79,0.0
391,131,125,2,269.3,53.86
392,132,78,2,236.94,23.69
393,132,86,3,474.92,0.0
394,132,92,3,218.76,43.75
395,133,141,2,328.57,0.0
396,133,106,3,123.25,12.33
397,133,7,4,28.64,4.3
398,133,53,3,110.68,0.0
399,133,75,3,134.66,0.0
400,134,68,1,136.7,0.0
401,134,30,3,304.56,45.68
402,134,3,3,341.27,0.0
403,135,137,1,142.56,14.26
404,135,31,2,287.81,43.17
405,135,72,2,242.78,0.0
406,135,142,1,118.0,0.0
407,135,1,3,321.1,32.11
408,136,48,1,333.72,50.06
409,136,51,3,95.6,19.12
410,137,18,1,368.54,55.28
411,137,75,4,134.66,0.0
412,137,10,4,409.97,0.0
413,137,77,1,208.09,41.62
414,137,105,3,223.61,22.36
415,138,123,3,77.17,0.0
416,138,147,4,15.84,2.38
417,138,67,1,351.2,70.24
418,139,135,3,236.07,0.0
419,139,79,3,190.04,38.01
420,140,56,2,422.08,63.31
421,141,146,4,429.95,85.99
422,141,58,2,336.01,0.0
423,141,63,4,142.21,0.0
424,141,34,3,22.78,3.42
425,142,40,2,304.26,0.0
426,142,87,2,283.38,28.34
427,142,6,3,43.07,0.0
428,142,11,1,381.78,38.18
429,142,31,1,287.81,57.56
430,143,121,2,162.84,0.0
431,143,61,2,92.4,13.86
432,143,81,1,43.0,6.45
433,143,91,4,252.58,37.89
434,144,46,3,67.45,6.75
435,144,121,1,162.84,0.0
436,144,68,2,136.7,13.67
437,144,56,4,422.08,42.21
438,145,115,2,377.52,0.0
439,145,147,3,15.84,1.58
440,145,96,2,498.77,99.75
441,145,132,3,89.04,0.0
442,146,107,3,110.67,0.0
443,146,67,4,351.2,0.0
444,146,34,1,22.78,0.0
445,146,142,1,118.0,0.0
446,146,136,4,396.02,79.2
447,147,37,4,104.0,0.0
448,147,114,3,93.0,18.6
449,147,48,3,333.72,0.0
450,147,145,4,27.77,2.78
451,148,20,1,169.34,33.87
452,149,79,1,190.04,0.0
453,149,59,3,189.39,37.88
454,150,122,2,425.68,0.0
455,150,4,3,273.69,54.74
456,150,74,1,278.72,0.0
457,150,117,3,491.5,49.15
458,150,150,4,104.02,0.0
459,151,109,1,270.39,0.0
460,151,9,1,444.4,88.88
461,151,135,4,236.07,0.0
462,152,146,2,429.95,0.0
463,152,43,3,330.28,33.03
464,153,62,2,399.48,79.9
465,153,81,4,43.0,0.0
466,153,84,2,178.48,17.85
467,153,124,3,241.15,24.12
468,154,62,1,399.48,0.0
469,154,85,3,256.09,0.0
470,154,84,3,178.48,26.77
471,155,101,2,127.41,0.0
472,156,77,2,208.09,20.81
473,156,12,1,76.22,7.62
474,156,83,1,129.83,0.0
475,156,33,1,179.42,0.0
476,157,44,4,452.04,0.0
477,157,147,2,15.84,0.0
478,157,10,1,409.97,0.0
479,158,38,4,202.51,0.0
480,159,119,3,453.53,0.0
481,159,4,4,273.69,0.0
482,160,65,3,416.07,62.41
483,160,76,4,127.04,0.0
484,161,53,1,110.68,16.6
485,162,134,4,444.99,0.0
486,162,145,3,27.77,5.55
487,162,68,2,136.7,0.0
488,163,41,1,36.8,0.0
489,163,132,4,89.04,0.0
490,163,45,2,299.19,29.92
491,164,92,3,218.76,43.75
492,164,123,1,77.17,15.43
493,164,28,1,75.89,15.18
494,164,71,2,352.1,35.21
495,164,11,3,381.78,0.0
496,165,135,4,236.07,47.21
497,165,101,1,127.41,12.74
498,166,16,1,128.09,12.81
499,166,58,3,336.01,0.0
500,166,71,3,352.1,35.21
501,166,126,2,131.53,0.0
502,166,48,4,333.72,33.37
503,167,58,4,336.01,33.6
504,167,88,2,269.25,0.0
505,168,6,1,43.07,8.61
506,169,56,4,422.08,0.0
507,169,27,3,168.15,0.0
508,169,136,4,396.02,0.0
509,170,124,3,241.15,24.12
510,170,112,2,211.58,0.0
511,170,33,1,179.42,0.0
512,170,116,2,377.29,0.0
513,170,144,3,201.38,20.14
514,171,65,4,416.07,0.0
515,171,77,3,208.09,0.0
516,171,63,2,142.21,0.0
517,171,82,2,437.52,0.0
518,172,100,2,270.76,40.61
519,172,96,4,498.77,99.75
520,173,15,3,350.02,0.0
521,173,67,3,351.2,0.0
522,173,30,4,304.56,30.46
523,174,87,2,283.38,42.51
524,174,20,1,169.34,0.0
525,174,57,1,188.77,0.0
526,175,40,2,304.26,45.64
527,176,146,2,429.95,0.0
528,176,72,3,242.78,48.56
529,177,94,2,414.66,62.2
530,177,108,4,294.36,44.15
531,177,105,4,223.61,0.0
532,177,101,1,127.41,25.48
533,178,42,2,478.77,71.82
534,178,137,1,142.56,28.51
535,178,120,2,335.74,50.36
536,179,150,3,104.02,15.6
537,179,44,4,452.04,45.2
538,179,82,4,437.52,87.5
539,179,74,3,278.72,0.0
540,180,48,4,333.72,50.06
541,181,92,1,218.76,32.81
542,182,103,1,233.36,0.0
543,182,68,4,136.7,0.0
544,182,98,3,187.8,0.0
545,182,115,4,377.52,56.63
546,183,117,4,491.5,49.15
547,183,123,3,77.17,0.0
548,183,72,3,242.78,0.0
549,183,7,1,28.64,4.3
550,183,109,4,270.39,54.08
551,184,147,2,15.84,0.0
552,184,110,4,130.63,0.0
553,184,52,4,98.97,0.0
554,184,108,4,294.36,58.87
555,185,40,4,304.26,60.85
556,186,67,4,351.2,0.0
557,186,70,1,246.27,0.0
558,187,37,4,104.0,0.0
559,188,12,2,76.22,0.0
560,188,134,4,444.99,44.5
561,189,44,2,452.04,0.0
562,189,60,1,353.64,0.0
563,190,82,2,437.52,43.75
564,190,34,1,22.78,0.0
565,190,39,4,203.79,0.0
566,190,111,2,11.12,1.67
567,191,142,4,118.0,11.8
568,192,75,1,134.66,0.0
569,192,83,1,129.83,0.0
570,192,30,2,304.56,0.0
571,193,70,1,246.27,49.25
572,193,63,4,142.21,28.44
573,193,19,1,488.22,0.0
574,193,7,2,28.64,4.3
575,193,1,1,321.1,0.0
576,194,6,2,43.07,6.46
577,194,34,2,22.78,4.56
578,194,27,3,168.15,0.0
579,194,26,4,242.14,48.43
580,194,68,4,136.7,0.0
581,195,120,1,335.74,0.0
582,196,103,2,233.36,0.0
583,196,119,3,453.53,0.0
584,196,137,2,142.56,28.51
585,196,12,3,76.22,0.0
586,196,100,2,270.76,0.0
587,197,64,4,64.91,0.0
588,197,30,2,304.56,60.91
589,197,74,2,278.72,55.74
590,197,63,1,142.21,0.0
591,198,141,4,328.57,49.29
592,198,50,1,320.93,32.09
593,198,63,2,142.21,28.44
594,198,64,1,64.91,9.74
595,198,21,4,429.76,64.46
596,199,10,3,409.97,41.0
597,200,101,3,127.41,19.11
598,200,67,2,351.2,0.0
599,201,147,4,15.84,0.0
600,202,37,1,104.0,10.4
601,203,41,4,36.8,3.68
602,204,135,1,236.07,0.0
603,204,24,1,223.52,44.7
604,204,103,4,233.36,23.34
605,204,100,4,270.76,54.15
606,205,111,2,11.12,1.11
607,206,12,2,76.22,0.0
608,206,9,2,444.4,0.0
609,206,42,1,478.77,0.0
610,206,110,3,130.63,13.06
611,207,101,2,127.41,25.48
612,207,83,3,129.83,25.97
613,207,119,3,453.53,68.03
614,207,105,3,223.61,33.54
615,207,41,4,36.8,0.0
616,208,31,4,287.81,0.0
617,208,67,4,351.2,70.24
618,208,100,2,270.76,54.15
619,208,52,3,98.97,9.9
620,209,50,3,320.93,0.0
621,209,16,1,128.09,0.0
622,210,71,3,352.1,35.21
623,210,48,1,333.72,33.37
624,210,112,4,211.58,21.16
625,211,99,2,325.08,32.51
626,211,61,3,92.4,9.24
627,211,122,3,425.68,85.14
628,211,146,3,429.95,0.0
629,211,88,4,269.25,40.39
630,212,28,4,75.89,11.38
631,213,145,2,27.77,0.0
632,213,32,2,146.13,21.92
633,213,12,2,76.22,15.24
634,214,97,3,322.01,64.4
635,214,126,3,131.53,19.73
636,214,132,3,89.04,0.0
637,215,135,1,236.07,47.21
638,215,46,4,67.45,0.0
639,216,54,1,34.49,0.0
640,216,69,4,93.19,0.0
641,217,137,2,142.56,28.51
642,217,48,1,333.72,33.37
643,217,68,1,136.7,20.5
644,218,59,2,189.39,18.94
645,218,10,4,409.97,0.0
646,218,67,4,351.2,0.0
647,219,132,2,89.04,8.9
648,219,141,2,328.57,0.0
649,219,57,4,188.77,28.32
650,219,146,1,429.95,64.49
651,220,146,2,429.95,64.49
652,220,131,3,10.91,0.0
653,220,71,2,352.1,0.0
654,220,35,3,335.39,0.0
655,221,67,4,351.2,52.68
656,221,95,1,317.95,63.59
657,221,144,4,201.38,30.21
658,221,50,2,320.93,48.14
659,221,146,1,429.95,64.49
660,222,109,4,270.39,0.0
661,223,64,1,64.91,12.98
662,224,142,3,118.0,17.7
663,224,5,3,415.34,62.3
664,224,92,2,218.76,0.0
665,225,56,1,422.08,63.31
666,225,147,4,15.84,2.38
667,225,119,3,453.53,68.03
668,226,28,1,75.89,15.18
669,226,123,1,77.17,7.72
670,226,149,1,499.81,74.97
671,227,88,3,269.25,0.0
672,228,32,3,146.13,0.0
673,228,53,2,110.68,0.0
674,228,64,1,64.91,6.49
675,228,149,2,499.81,0.0
676,228,130,2,43.77,0.0
677,229,19,2,488.22,48.82
678,229,102,4,139.64,0.0
679,229,43,4,330.28,33.03
680,229,15,3,350.02,0.0
681,229,121,3,162.84,0.0
682,230,31,3,287.81,28.78
683,230,94,4,414.66,41.47
684,231,9,3,444.4,44.44
685,232,87,4,283.38,28.34
686,233,119,4,453.53,0.0
687,234,102,3,139.64,13.96
688,234,122,2,425.68,85.14
689,234,148,1,165.59,24.84
690,235,94,2,414.66,62.2
691,235,26,4,242.14,0.0
692,235,122,1,425.68,0.0
693,236,22,3,18.29,1.83
694,236,145,4,27.77,0.0
695,236,41,4,36.8,3.68
696,237,14,3,304.76,0.0
697,237,52,1,98.97,0.0
698,237,93,1,155.24,23.29
699,237,145,1,27.77,0.0
700,237,133,4,328.02,65.6
701,238,111,2,11.12,1.67
702,238,97,1,322.01,64.4
703,239,121,1,162.84,0.0
704,239,144,3,201.38,0.0
705,239,1,4,321.1,32.11
706,239,143,1,107.53,0.0
707,240,58,4,336.01,50.4
708,240,89,2,15.3,0.0
709,241,51,2,95.6,0.0
710,241,77,1,208.09,0.0
711,241,26,4,242.14,36.32
712,241,74,1,278.72,27.87
713,242,94,4,414.66,82.93
714,242,44,4,452.04,0.0
715,242,141,4,328.57,0.0
716,242,42,4,478.77,47.88
717,243,133,2,328.02,0.0
718,243,136,1,396.02,59.4
719,243,68,2,136.7,0.0
720,243,142,4,118.0,23.6
721,244,12,2,76.22,11.43
722,244,86,1,474.92,71.24
723,245,103,4,233.36,46.67
724,245,113,2,109.63,0.0
725,245,141,2,328.57,0.0
726,246,86,4,474.92,71.24
727,246,90,3,490.37,0.0
728,246,115,1,377.52,0.0
729,246,113,4,109.63,0.0
730,247,39,3,203.79,30.57
731,247,137,4,142.56,0.0
732,248,136,3,396.02,39.6
733,248,123,1,77.17,0.0
734,248,20,1,169.34,16.93
735,248,24,3,223.52,22.35
736,248,76,4,127.04,25.41
737,249,71,1,352.1,52.82
738,250,133,2,328.02,0.0
739,250,139,2,262.86,0.0
740,251,147,4,15.84,3.17
741,251,126,2,131.53,19.73
742,251,32,1,146.13,29.23
743,251,101,2,127.41,25.48
744,252,2,3,332.83,0.0
745,252,48,1,333.72,50.06
746,252,59,2,189.39,37.88
747,252,9,2,444.4,66.66
748,252,92,1,218.76,32.81
749,253,30,4,304.56,0.0
750,253,103,3,233.36,0.0
751,254,78,3,236.94,23.69
752,254,52,3,98.97,19.79
753,254,96,2,498.77,74.82
754,254,108,2,294.36,0.0
755,255,33,2,179.42,0.0
756,255,75,2,134.66,0.0
757,255,20,1,169.34,33.87
758,255,45,3,299.19,59.84
759,256,9,2,444.4,0.0
760,256,65,3,416.07,0.0
761,257,132,4,89.04,8.9
762,258,56,2,422.08,42.21
763,258,39,1,203.79,30.57
764,258,82,4,437.52,0.0
765,258,14,1,304.76,30.48
766,259,113,4,109.63,0.0
767,259,100,3,270.76,27.08
768,259,6,3,43.07,6.46
769,259,58,3,336.01,0.0
770,260,136,3,396.02,0.0
771,260,80,2,413.08,0.0
772,260,93,3,155.24,0.0
773,261,38,2,202.51,0.0
774,261,95,4,317.95,63.59
775,261,19,3,488.22,0.0
776,261,6,1,43.07,0.0
777,262,71,4,352.1,52.82
778,263,59,3,189.39,28.41
779,263,145,4,27.77,5.55
780,263,76,1,127.04,0.0
781,263,136,2,396.02,59.4
782,263,55,4,42.68,4.27
783,264,115,4,377.52,0.0
784,264,64,3,64.91,9.74
785,264,148,1,165.59,0.0
786,264,26,2,242.14,24.21
787,265,105,2,223.61,0.0
788,265,52,3,98.97,19.79
789,265,97,1,322.01,0.0
790,265,73,2,298.52,44.78
791,266,106,4,123.25,0.0
792,267,38,1,202.51,0.0
793,267,18,1,368.54,0.0
794,267,119,4,453.53,90.71
795,267,89,4,15.3,3.06
796,267,149,2,499.81,49.98
797,268,42,4,478.77,0.0
798,268,28,4,75.89,11.38
799,268,70,3,246.27,0.0
800,268,73,4,298.52,44.78
801,268,36,4,319.43,47.91
802,269,20,1,169.34,0.0
803,269,106,3,123.25,0.0
804,270,147,4,15.84,2.38
805,271,6,1,43.07,4.31
806,271,106,2,123.25,0.0
807,271,121,2,162.84,0.0
808,272,111,1,11.12,1.67
809,273,45,1,299.19,29.92
810,274,106,1,123.25,0.0
811,274,131,2,10.91,0.0
812,274,4,1,273.69,41.05
813,275,103,3,233.36,46.67
814,275,20,2,169.34,16.93
815,276,9,3,444.4,44.44
816,276,33,4,179.42,0.0
817,276,88,2,269.25,0.0
818,277,19,1,488.22,73.23
819,277,58,1,336.01,50.4
820,277,21,1,429.76,42.98
821,278,120,1,335.74,33.57
822,278,46,2,67.45,0.0
823,278,13,4,469.28,0.0
824,278,31,4,287.81,43.17
825,278,112,3,211.58,0.0
826,279,141,1,328.57,49.29
827,279,97,4,322.01,64.4
828,280,35,1,335.39,0.0
829,280,91,3,252.58,50.52
830,281,32,1,146.13,0.0
831,281,4,4,273.69,41.05
832,281,16,3,128.09,19.21
833,282,24,2,223.52,0.0
834,283,81,3,43.0,4.3
835,284,42,3,478.77,0.0
836,284,37,2,104.0,0.0
837,285,21,4,429.76,0.0
838,285,78,2,236.94,35.54
839,285,103,4,233.36,46.67
840,286,27,4,168.15,0.0
841,286,57,3,188.77,0.0
842,287,108,1,294.36,0.0
843,287,120,4,335.74,0.0
844,287,99,3,325.08,32.51
845,287,57,4,188.77,18.88
846,287,60,2,353.64,35.36
847,288,130,1,43.77,8.75
848,288,68,2,136.7,0.0
849,288,63,2,142.21,0.0
850,288,86,1,474.92,0.0
851,289,106,3,123.25,0.0
852,290,65,3,416.07,62.41
853,290,24,4,223.52,33.53
854,291,53,2,110.68,0.0
855,291,61,4,92.4,18.48
856,291,126,4,131.53,13.15
857,292,114,4,93.0,0.0
858,292,75,2,134.66,0.0
859,293,1,3,321.1,0.0
860,293,102,2,139.64,27.93
861,293,129,3,237.02,0.0
862,294,99,2,325.08,0.0
863,294,62,3,399.48,0.0
864,295,93,4,155.24,0.0
865,295,6,4,43.07,0.0
866,295,15,4,350.02,0.0
867,296,15,4,350.02,52.5
868,296,84,3,178.48,0.0
869,296,136,1,396.02,79.2
870,296,38,1,202.51,0.0
871,296,102,1,139.64,20.95
872,297,121,2,162.84,24.43
873,297,124,1,241.15,48.23
874,297,145,1,27.77,0.0
875,297,90,4,490.37,0.0
876,297,46,3,67.45,0.0
877,298,67,4,351.2,0.0
878,298,80,3,413.08,0.0
879,298,14,1,304.76,0.0
880,298,77,2,208.09,0.0
881,298,1,4,321.1,64.22
882,299,82,1,437.52,65.63
883,299,14,2,304.76,0.0
884,300,143,3,107.53,21.51
885,300,7,3,28.64,2.86
886,300,122,4,425.68,0.0
887,300,47,3,272.75,54.55
888,301,96,4,498.77,0.0
889,301,99,4,325.08,32.51
890,301,53,3,110.68,11.07
891,302,59,4,189.39,0.0
892,303,99,2,325.08,0.0
893,303,14,3,304.76,0.0
894,303,97,3,322.01,0.0
895,303,126,2,131.53,0.0
896,304,124,2,241.15,36.17
897,304,47,3,272.75,0.0
898,304,91,2,252.58,0.0
899,304,30,2,304.56,0.0
900,305,93,3,155.24,23.29
901,305,48,2,333.72,50.06
902,305,97,2,322.01,48.3
903,305,11,1,381.78,38.18
904,305,76,4,127.04,0.0
905,306,108,4,294.36,58.87
906,306,147,3,15.84,3.17
907,306,94,4,414.66,82.93
908,307,74,2,278.72,0.0
909,307,37,3,104.0,20.8
910,307,73,1,298.52,0.0
911,307,33,2,179.42,35.88
912,307,48,4,333.72,33.37
913,308,85,2,256.09,38.41
914,308,34,1,22.78,2.28
915,308,139,3,262.86,52.57
916,308,121,1,162.84,16.28
917,308,87,4,283.38,28.34
918,309,41,1,36.8,5.52
919,309,77,4,208.09,0.0
920,309,16,1,128.09,0.0
921,310,111,4,11.12,0.0
922,311,22,3,18.29,1.83
923,312,56,3,422.08,63.31
924,312,50,3,320.93,0.0
925,312,40,4,304.26,60.85
926,312,34,4,22.78,2.28
927,312,84,2,178.48,0.0
928,313,62,4,399.48,0.0
929,314,47,3,272.75,0.0
930,314,31,3,287.81,0.0
931,314,123,3,77.17,0.0
932,314,43,1,330.28,0.0
933,315,61,3,92.4,0.0
934,315,34,3,22.78,0.0
935,316,59,4,189.39,37.88
936,316,125,1,269.3,53.86
937,316,41,2,36.8,7.36
938,316,121,1,162.84,0.0
939,317,98,3,187.8,0.0
940,317,65,2,416.07,0.0
941,317,86,1,474.92,0.0
942,317,27,4,168.15,0.0
943,317,63,3,142.21,0.0
944,318,110,3,130.63,26.13
945,319,93,1,155.24,15.52
946,320,97,2,322.01,0.0
947,321,36,1,319.43,47.91
948,321,126,2,131.53,0.0
949,321,12,4,76.22,7.62
950,322,82,4,437.52,65.63
951,322,87,2,283.38,0.0
952,323,92,3,218.76,43.75
953,323,58,3,336.01,33.6
954,323,140,2,224.28,22.43
955,324,109,4,270.39,54.08
956,324,53,1,110.68,22.14
957,325,45,2,299.19,59.84
958,325,104,1,172.41,0.0
959,325,65,1,416.07,0.0
960,326,144,4,201.38,0.0
961,327,144,4,201.38,0.0
962,327,108,3,294.36,44.15
963,327,67,4,351.2,0.0
964,327,77,2,208.09,0.0
965,328,67,3,351.2,0.0
966,328,77,3,208.09,0.0
967,328,47,2,272.75,0.0
968,328,60,4,353.64,35.36
969,329,100,4,270.76,0.0
970,329,27,3,168.15,0.0
971,329,41,3,36.8,0.0
972,329,105,2,223.61,0.0
973,329,93,1,155.24,0.0
974,330,57,3,188.77,0.0
975,330,4,4,273.69,0.0
976,331,69,3,93.19,13.98
977,331,35,3,335.39,67.08
978,332,141,2,328.57,0.0
979,332,22,2,18.29,0.0
980,332,16,2,128.09,0.0
981,332,134,1,444.99,0.0
982,333,47,2,272.75,40.91
983,333,64,4,64.91,0.0
984,334,76,4,127.04,12.7
985,335,9,3,444.4,66.66
986,335,137,2,142.56,21.38
987,335,127,1,222.52,0.0
988,335,100,2,270.76,0.0
989,336,105,1,223.61,0.0
990,337,7,3,28.64,5.73
991,337,74,3,278.72,41.81
992,338,53,1,110.68,16.6
993,338,46,2,67.45,10.12
994,338,75,1,134.66,26.93
995,338,81,3,43.0,4.3
996,338,103,1,233.36,0.0
997,339,93,3,155.24,0.0
998,339,63,4,142.21,14.22
999,339,52,4,98.97,0.0
1000,339,2,2,332.83,0.0
1001,339,27,3,168.15,33.63
1002,340,86,3,474.92,47.49
1003,340,125,3,269.3,40.4
1004,340,135,3,236.07,35.41
1005,340,90,4,490.37,49.04
1006,340,96,3,498.77,74.82
1007,341,35,2,335.39,0.0
1008,341,105,2,223.61,0.0
1009,341,83,4,129.83,0.0
1010,341,90,1,490.37,49.04
1011,342,43,3,330.28,0.0
1012,342,105,2,223.61,0.0
1013,342,26,1,242.14,0.0
1014,342,30,3,304.56,0.0
1015,342,8,2,495.36,99.07
1016,343,87,4,283.38,0.0
1017,343,76,1,127.04,19.06
1018,343,104,2,172.41,17.24
1019,344,111,2,11.12,0.0
1020,344,115,4,377.52,75.5
1021,345,64,3,64.91,6.49
1022,345,32,3,146.13,29.23
1023,345,86,3,474.92,0.0
1024,345,112,2,211.58,0.0
1025,346,38,4,202.51,40.5
1026,346,20,1,169.34,33.87
1027,347,107,1,110.67,16.6
1028,347,67,1,351.2,52.68
1029,347,119,1,453.53,45.35
1030,347,104,2,172.41,0.0
1031,347,75,4,134.66,0.0
1032,348,108,3,294.36,0.0
1033,348,58,1,336.01,0.0
1034,348,62,1,399.48,39.95
1035,348,73,4,298.52,59.7
1036,349,71,3,352.1,0.0
1037,350,51,1,95.6,9.56
1038,350,94,4,414.66,0.0
1039,350,3,2,341.27,34.13
1040,350,144,2,201.38,20.14
1041,351,107,2,110.67,11.07
1042,351,148,4,165.59,0.0
1043,351,114,4,93.0,0.0
1044,351,97,3,322.01,64.4
1045,352,36,2,319.43,63.89
1046,352,111,3,11.12,0.0
1047,353,80,3,413.08,41.31
1048,353,12,2,76.22,11.43
1049,353,77,3,208.09,31.21
1050,354,115,4,377.52,56.63
1051,354,12,1,76.22,0.0
1052,354,38,1,202.51,30.38
1053,354,55,4,42.68,0.0
1054,354,33,1,179.42,0.0
1055,355,33,3,179.42,0.0
1056,356,149,3,499.81,74.97
1057,356,53,1,110.68,22.14
1058,356,35,3,335.39,67.08
1059,356,73,4,298.52,0.0
1060,356,111,1,11.12,0.0
1061,357,111,1,11.12,1.67
1062,357,143,1,107.53,16.13
1063,358,32,4,146.13,0.0
1064,358,123,4,77.17,7.72
1065,358,133,3,328.02,0.0
1066,359,86,1,474.92,0.0
1067,359,13,2,469.28,46.93
1068,359,54,3,34.49,3.45
1069,359,37,4,104.0,20.8
1070,360,123,3,77.17,11.58
1071,361,9,2,444.4,0.0
1072,361,20,4,169.34,16.93
1073,361,7,3,28.64,2.86
1074,361,50,3,320.93,0.0
1075,361,112,4,211.58,0.0
1076,362,109,4,270.39,54.08
1077,362,45,1,299.19,0.0
1078,362,102,1,139.64,0.0
1079,363,102,1,139.64,27.93
1080,363,43,3,330.28,33.03
1081,363,56,2,422.08,63.31
1082,363,101,1,127.41,19.11
1083,364,10,2,409.97,0.0
1084,364,48,1,333.72,0.0
1085,365,44,2,452.04,0.0
1086,365,136,4,396.02,79.2
1087,366,78,1,236.94,0.0
1088,366,42,3,478.77,95.75
1089,366,145,4,27.77,0.0
1090,366,110,4,130.63,0.0
1091,367,36,2,319.43,0.0
1092,367,22,2,18.29,1.83
1093,367,137,3,142.56,0.0
1094,367,40,4,304.26,30.43
1095,367,33,2,179.42,26.91
1096,368,18,2,368.54,0.0
1097,368,93,4,155.24,0.0
1098,368,115,3,377.52,0.0
1099,369,8,2,495.36,0.0
1100,369,144,2,201.38,40.28
1101,369,97,3,322.01,32.2
1102,369,139,4,262.86,0.0
1103,370,11,3,381.78,0.0
1104,370,106,3,123.25,12.33
1105,370,116,4,377.29,0.0
1106,370,131,1,10.91,1.09
1107,371,18,3,368.54,73.71
1108,371,51,2,95.6,0.0
1109,371,82,4,437.52,65.63
1110,371,27,2,168.15,0.0
1111,372,101,4,127.41,12.74
1112,372,20,2,169.34,16.93
1113,372,59,2,189.39,0.0
1114,372,37,3,104.0,0.0
1115,373,56,1,422.08,0.0
1116,373,2,3,332.83,0.0
1117,373,133,1,328.02,49.2
1118,373,58,4,336.01,67.2
1119,373,6,2,43.07,4.31
1120,374,147,1,15.84,0.0
1121,374,45,3,299.19,59.84
1122,374,53,3,110.68,0.0
1123,374,148,2,165.59,33.12
1124,375,56,4,422.08,0.0
1125,375,110,2,130.63,0.0
1126,375,43,1,330.28,0.0
1127,375,103,2,233.36,46.67
1128,376,95,4,317.95,0.0
1129,376,33,3,179.42,0.0
1130,376,15,2,350.02,0.0
1131,376,63,1,142.21,0.0
1132,377,102,2,139.64,0.0
1133,377,83,4,129.83,12.98
1134,377,55,3,42.68,0.0
1135,377,61,1,92.4,0.0
1136,377,30,3,304.56,30.46
1137,378,89,4,15.3,0.0
1138,378,136,3,396.02,0.0
1139,378,130,3,43.77,0.0
1140,378,19,2,488.22,0.0
1141,378,119,4,453.53,45.35
1142,379,140,1,224.28,0.0
1143,379,31,2,287.81,28.78
1144,379,135,4,236.07,23.61
1145,379,32,1,146.13,0.0
1146,379,123,4,77.17,7.72
1147,380,127,3,222.52,22.25
1148,380,93,1,155.24,23.29
1149,381,48,3,333.72,0.0
1150,382,20,1,169.34,16.93
1151,382,36,1,319.43,31.94
1152,382,115,1,377.52,56.63
1153,382,5,3,415.34,41.53
1154,383,31,1,287.81,0.0
1155,383,24,2,223.52,44.7
1156,383,113,4,109.63,16.44
1157,383,3,3,341.27,0.0
1158,383,106,2,123.25,24.65
1159,384,48,4,333.72,0.0
1160,384,34,4,22.78,2.28
1161,384,19,4,488.22,73.23
1162,384,5,3,415.34,41.53
1163,385,123,2,77.17,0.0
1164,385,38,3,202.51,0.0
1165,385,102,3,139.64,0.0
1166,385,24,2,223.52,0.0
1167,385,26,3,242.14,48.43
1168,386,131,2,10.91,0.0
1169,386,149,2,499.81,0.0
1170,387,90,2,490.37,49.04
1171,388,20,3,169.34,16.93
1172,388,41,2,36.8,7.36
1173,389,50,1,320.93,0.0
1174,389,142,4,118.0,17.7
1175,389,106,1,123.25,18.49
1176,389,12,4,76.22,7.62
1177,390,48,4,333.72,66.74
1178,390,121,4,162.84,0.0
1179,390,83,2,129.83,0.0
1180,390,2,1,332.83,33.28
1181,391,5,3,415.34,83.07
1182,391,70,4,246.27,24.63
1183,391,40,2,304.26,0.0
1184,391,36,1,319.43,0.0
1185,392,68,3,136.7,27.34
1186,393,42,1,478.77,71.82
1187,394,108,1,294.36,58.87
1188,395,21,4,429.76,0.0
1189,396,55,2,42.68,0.0
1190,397,28,4,75.89,7.59
1191,397,140,2,224.28,0.0
1192,397,145,1,27.77,0.0
1193,397,89,1,15.3,1.53
1194,397,88,3,269.25,53.85
1195,398,96,4,498.77,74.82
1196,398,137,3,142.56,0.0
1197,398,149,4,499.81,0.0
1198,398,60,4,353.64,53.05
1199,399,85,4,256.09,38.41
1200,400,14,1,304.76,30.48
1201,400,97,3,322.01,32.2
1202,400,78,3,236.94,35.54
1203,400,61,3,92.4,18.48
1204,401,45,1,299.19,44.88
1205,401,70,2,246.27,49.25
1206,401,20,1,169.34,0.0
1207,401,62,1,399.48,59.92
1208,402,116,2,377.29,0.0
1209,402,45,4,299.19,0.0
1210,402,76,1,127.04,0.0
1211,402,40,2,304.26,0.0
1212,403,2,3,332.83,0.0
1213,403,19,3,488.22,73.23
1214,403,65,4,416.07,0.0
1215,404,92,1,218.76,43.75
1216,404,104,3,172.41,0.0
1217,404,144,1,201.38,0.0
1218,404,22,1,18.29,0.0
1219,405,123,1,77.17,0.0
1220,405,79,2,190.04,0.0
1221,405,75,4,134.66,20.2
1222,405,110,1,130.63,13.06
1223,406,16,4,128.09,0.0
1224,406,70,2,246.27,24.63
1225,407,141,2,328.57,0.0
1226,408,4,2,273.69,0.0
1227,408,134,2,444.99,44.5
1228,408,5,4,415.34,0.0
1229,408,90,1,490.37,0.0
1230,408,15,2,350.02,0.0
1231,409,99,3,325.08,65.02
1232,409,51,1,95.6,19.12
1233,409,1,3,321.1,0.0
1234,409,55,1,42.68,4.27
1235,409,31,4,287.81,0.0
1236,410,11,1,381.78,0.0
1237,410,137,4,142.56,21.38
1238,410,113,3,109.63,16.44
1239,411,33,4,179.42,0.0
1240,411,117,3,491.5,98.3
1241,412,64,2,64.91,6.49
1242,412,24,1,223.52,22.35
1243,412,91,1,252.58,0.0
1244,413,89,1,15.3,3.06
1245,413,31,3,287.81,0.0
1246,414,131,4,10.91,0.0
1247,414,26,2,242.14,48.43
1248,414,100,4,270.76,27.08
1249,415,94,3,414.66,41.47
1250,415,87,4,283.38,0.0
1251,416,35,1,335.39,50.31
1252,417,24,1,223.52,22.35
1253,417,99,3,325.08,0.0
1254,417,71,1,352.1,0.0
1255,417,106,2,123.25,24.65
1256,417,16,3,128.09,25.62
1257,418,107,3,110.67,16.6
1258,418,20,3,169.34,16.93
1259,419,81,4,43.0,0.0
1260,419,3,2,341.27,0.0
1261,419,143,2,107.53,10.75
1262,419,39,4,203.79,0.0
1263,420,100,2,270.76,0.0
1264,420,117,2,491.5,0.0
1265,420,109,1,270.39,0.0
1266,421,8,3,495.36,0.0
1267,421,124,4,241.15,36.17
1268,421,12,2,76.22,15.24
1269,421,24,3,223.52,22.35
1270,422,36,3,319.43,0.0
1271,422,67,1,351.2,0.0
1272,423,142,1,118.0,0.0
1273,424,114,4,93.0,0.0
1274,424,117,3,491.5,0.0
1275,424,69,3,93.19,13.98
1276,424,41,1,36.8,0.0
1277,424,94,2,414.66,0.0
1278,425,139,4,262.86,39.43
1279,425,84,3,178.48,0.0
1280,425,144,1,201.38,30.21
1281,425,56,4,422.08,0.0
1282,425,1,3,321.1,0.0
1283,426,18,1,368.54,36.85
1284,426,1,1,321.1,0.0
1285,426,107,2,110.67,0.0
1286,427,131,4,10.91,0.0
1287,427,119,4,453.53,45.35
1288,428,125,1,269.3,53.86
1289,428,75,2,134.66,0.0
1290,428,55,3,42.68,6.4
1291,428,129,2,237.02,35.55
1292,429,143,3,107.53,10.75
1293,429,120,4,335.74,50.36
1294,429,105,3,223.61,33.54
1295,429,82,3,437.52,65.63
1296,429,33,3,179.42,0.0
1297,430,74,1,278.72,0.0
1298,431,65,3,416.07,83.21
1299,431,46,2,67.45,0.0
1300,432,92,4,218.76,32.81
1301,432,143,1,107.53,16.13
1302,432,146,4,429.95,64.49
1303,433,90,3,490.37,0.0
1304,434,10,1,409.97,0.0
1305,434,95,1,317.95,47.69
1306,434,126,2,131.53,26.31
1307,435,4,4,273.69,0.0
1308,436,7,2,28.64,5.73
1309,436,5,2,415.34,0.0
1310,436,73,2,298.52,44.78
1311,436,59,2,189.39,0.0
1312,436,60,2,353.64,53.05
1313,437,98,2,187.8,0.0
1314,437,78,4,236.94,0.0
1315,437,30,4,304.56,0.0
1316,438,86,4,474.92,0.0
1317,438,21,4,429.76,0.0
1318,438,102,3,139.64,0.0
1319,438,53,2,110.68,0.0
1320,439,147,2,15.84,0.0
1321,439,22,1,18.29,0.0
1322,439,12,3,76.22,15.24
1323,439,87,1,283.38,56.68
1324,439,43,3,330.28,0.0
1325,440,10,3,409.97,0.0
1326,440,36,3,319.43,0.0
1327,440,126,4,131.53,13.15
1328,440,79,4,190.04,28.51
1329,441,99,1,325.08,48.76
1330,441,61,4,92.4,13.86
1331,441,131,1,10.91,0.0
1332,441,143,4,107.53,21.51
1333,442,111,2,11.12,2.22
1334,442,131,3,10.91,1.64
1335,443,96,4,498.77,99.75
1336,443,76,1,127.04,0.0
1337,444,126,4,131.53,13.15
1338,444,65,3,416.07,0.0
1339,444,116,3,377.29,0.0
1340,444,58,4,336.01,50.4
1341,444,112,2,211.58,0.0
1342,445,50,2,320.93,0.0
1343,445,139,3,262.86,0.0
1344,445,12,4,76.22,15.24
1345,445,101,3,127.41,0.0
1346,446,149,3,499.81,49.98
1347,446,84,1,178.48,17.85
1348,446,56,4,422.08,0.0
1349,447,78,4,236.94,47.39
1350,447,116,3,377.29,56.59
1351,447,102,1,139.64,0.0
1352,448,85,3,256.09,38.41
1353,448,108,1,294.36,29.44
1354,448,78,3,236.94,47.39
1355,449,75,1,134.66,13.47
1356,449,106,3,123.25,18.49
1357,450,60,2,353.64,35.36
1358,450,86,2,474.92,0.0
1359,450,55,3,42.68,4.27
1360,451,14,1,304.76,0.0
1361,452,78,3,236.94,35.54
1362,453,70,1,246.27,0.0
1363,453,7,4,28.64,2.86
1364,454,135,4,236.07,47.21
1365,454,31,4,287.81,0.0
1366,454,96,4,498.77,49.88
1367,454,121,1,162.84,0.0
1368,455,5,2,415.34,83.07
1369,455,130,4,43.77,0.0
1370,455,137,1,142.56,0.0
1371,455,58,2,336.01,0.0
1372,455,123,2,77.17,7.72
1373,456,70,3,246.27,0.0
1374,456,98,2,187.8,28.17
1375,456,107,2,110.67,22.13
1376,456,37,2,104.0,0.0
1377,457,8,4,495.36,0.0
1378,458,149,3,499.81,0.0
1379,459,146,1,429.95,0.0
1380,459,50,2,320.93,0.0
1381,460,101,4,127.41,12.74
1382,460,78,3,236.94,35.54
1383,460,19,4,488.22,0.0
1384,460,80,1,413.08,0.0
1385,460,27,4,168.15,0.0
1386,461,119,3,453.53,90.71
1387,461,52,1,98.97,14.85
1388,461,144,4,201.38,0.0
1389,461,139,1,262.86,52.57
1390,462,47,4,272.75,54.55
1391,463,26,1,242.14,0.0
1392,463,36,2,319.43,0.0
1393,463,39,1,203.79,40.76
1394,464,112,3,211.58,31.74
1395,464,57,4,188.77,37.75
1396,464,87,3,283.38,0.0
1397,465,145,1,27.77,0.0
1398,465,127,2,222.52,0.0
1399,465,52,4,98.97,14.85
1400,466,40,1,304.26,0.0
1401,467,87,1,283.38,0.0
1402,468,99,4,325.08,32.51
1403,468,45,2,299.19,29.92
1404,469,92,1,218.76,0.0
1405,469,4,1,273.69,0.0
1406,469,36,3,319.43,31.94
1407,470,88,1,269.25,0.0
1408,470,42,2,478.77,0.0
1409,471,43,4,330.28,0.0
1410,471,75,3,134.66,0.0
1411,471,57,3,188.77,28.32
1412,471,63,2,142.21,0.0
1413,471,19,3,488.22,97.64
1414,472,9,1,444.4,0.0
1415,472,3,3,341.27,0.0
1416,472,8,3,495.36,0.0
1417,472,57,3,188.77,0.0
1418,472,62,2,399.48,0.0
1419,473,18,1,368.54,0.0
1420,473,41,1,36.8,0.0
1421,473,35,2,335.39,67.08
1422,473,107,3,110.67,11.07
1423,474,116,3,377.29,56.59
1424,474,39,1,203.79,30.57
1425,475,40,4,304.26,0.0
1426,475,102,1,139.64,0.0
1427,475,104,1,172.41,0.0
1428,475,100,4,270.76,0.0
1429,476,3,3,341.27,34.13
1430,476,35,3,335.39,33.54
1431,476,103,3,233.36,46.67
1432,476,81,3,43.0,0.0
1433,476,48,3,333.72,66.74
1434,477,92,4,218.76,32.81
1435,477,88,1,269.25,0.0
1436,477,18,4,368.54,36.85
1437,478,111,1,11.12,0.0
1438,478,135,2,236.07,0.0
1439,478,11,3,381.78,57.27
1440,479,45,1,299.19,44.88
1441,479,36,2,319.43,31.94
1442,480,82,1,437.52,43.75
1443,480,139,2,262.86,0.0
1444,481,120,2,335.74,67.15
1445,481,80,2,413.08,0.0
1446,482,22,3,18.29,2.74
1447,482,31,2,287.81,43.17
1448,482,8,1,495.36,49.54
1449,482,108,4,294.36,58.87
1450,483,62,3,399.48,0.0
1451,483,87,4,283.38,0.0
1452,484,99,2,325.08,32.51
1453,484,125,3,269.3,40.4
1454,484,74,2,278.72,55.74
1455,484,145,2,27.77,0.0
1456,485,45,2,299.19,44.88
1457,485,59,3,189.39,0.0
1458,485,74,4,278.72,0.0
1459,485,144,3,201.38,20.14
1460,485,53,4,110.68,16.6
1461,486,103,2,233.36,0.0
1462,486,37,4,104.0,0.0
1463,486,148,2,165.59,33.12
1464,486,97,3,322.01,0.0
1465,487,106,4,123.25,0.0
1466,488,20,2,169.34,33.87
1467,488,19,1,488.22,0.0
1468,488,102,3,139.64,0.0
1469,488,21,3,429.76,0.0
1470,489,101,1,127.41,12.74
1471,489,19,2,488.22,97.64
1472,489,122,2,425.68,0.0
1473,490,86,1,474.92,94.98
1474,490,107,3,110.67,11.07
1475,490,10,4,409.97,0.0
1476,491,85,4,256.09,25.61
1477,491,19,3,488.22,48.82
1478,491,34,2,22.78,0.0
1479,492,87,3,283.38,0.0
1480,492,113,1,109.63,0.0
1481,492,71,1,352.1,0.0
1482,492,141,1,328.57,49.29
1483,492,62,2,399.48,39.95
1484,493,146,3,429.95,85.99
1485,493,139,2,262.86,39.43
1486,493,88,4,269.25,26.93
1487,493,129,3,237.02,47.4
1488,494,150,1,104.02,0.0
1489,494,111,2,11.12,1.11
1490,494,123,2,77.17,15.43
1491,494,99,3,325.08,65.02
1492,495,45,1,299.19,0.0
1493,495,91,2,252.58,0.0
1494,496,11,2,381.78,38.18
1495,497,56,3,422.08,84.42
1496,497,32,4,146.13,0.0
1497,497,43,3,330.28,33.03
1498,497,2,1,332.83,0.0
1499,498,78,3,236.94,0.0
1500,498,46,1,67.45,6.75
1501,498,121,4,162.84,0.0
1502,499,54,1,34.49,0.0
1503,499,104,1,172.41,17.24
1504,499,87,3,283.38,0.0
1505,500,111,1,11.12,0.0
1506,500,14,3,304.76,0.0
1507,500,65,2,416.07,41.61
1508,500,18,4,368.54,36.85
1509,500,64,2,64.91,9.74
1510,501,44,4,452.04,0.0
1511,501,34,2,22.78,0.0
1512,501,56,1,422.08,0.0
1513,501,124,1,241.15,0.0
1514,501,108,4,294.36,0.0
1515,502,69,3,93.19,18.64
1516,502,131,3,10.91,0.0
1517,502,97,1,322.01,48.3
1518,502,78,4,236.94,0.0
1519,503,54,3,34.49,0.0
1520,504,40,4,304.26,0.0
1521,504,140,1,224.28,33.64
1522,504,6,2,43.07,0.0
1523,504,60,3,353.64,0.0
1524,505,24,3,223.52,0.0
1525,506,5,1,415.34,0.0
1526,506,69,4,93.19,9.32
1527,506,96,4,498.77,0.0
1528,506,141,2,328.57,0.0
1529,507,121,2,162.84,0.0
1530,508,50,2,320.93,32.09
1531,508,62,2,399.48,79.9
1532,508,46,3,67.45,0.0
1533,508,149,3,499.81,99.96
1534,509,12,2,76.22,7.62
1535,510,107,1,110.67,0.0
1536,510,70,1,246.27,24.63
1537,510,82,1,437.52,87.5
1538,510,89,3,15.3,1.53
1539,510,3,2,341.27,0.0
1540,511,127,3,222.52,0.0
1541,512,63,1,142.21,0.0
1542,513,78,2,236.94,47.39
1543,514,75,3,134.66,20.2
1544,514,68,1,136.7,0.0
1545,514,124,2,241.15,24.12
1546,514,87,3,283.38,28.34
1547,515,86,1,474.92,94.98
1548,515,87,1,283.38,0.0
1549,515,38,4,202.51,40.5
1550,515,18,4,368.54,0.0
1551,516,144,2,201.38,0.0
1552,517,85,3,256.09,51.22
1553,517,92,2,218.76,0.0
1554,518,126,2,131.53,0.0
1555,518,62,1,399.48,59.92
1556,519,135,2,236.07,23.61
1557,519,27,4,168.15,0.0
1558,520,106,4,123.25,24.65
1559,520,21,2,429.76,64.46
1560,520,33,3,179.42,35.88
1561,520,104,2,172.41,0.0
1562,520,9,2,444.4,0.0
1563,521,80,2,413.08,61.96
1564,521,134,1,444.99,0.0
1565,521,115,2,377.52,75.5
1566,522,98,2,187.8,0.0
1567,522,32,4,146.13,29.23
1568,522,97,2,322.01,0.0
1569,522,87,1,283.38,56.68
1570,523,94,3,414.66,0.0
1571,523,130,1,43.77,8.75
1572,523,141,2,328.57,49.29
1573,523,84,4,178.48,0.0
1574,524,53,3,110.68,0.0
1575,524,67,3,351.2,0.0
1576,524,104,3,172.41,25.86
1577,524,87,2,283.38,56.68
1578,525,56,4,422.08,0.0
1579,525,47,3,272.75,27.28
1580,525,97,2,322.01,64.4
1581,525,84,2,178.48,0.0
1582,525,102,2,139.64,13.96
1583,526,122,1,425.68,0.0
1584,527,148,1,165.59,33.12
1585,528,47,1,272.75,54.55
1586,529,18,2,368.54,36.85
1587,529,59,3,189.39,18.94
1588,529,108,2,294.36,58.87
1589,529,82,1,437.52,43.75
1590,529,60,1,353.64,35.36
1591,530,4,1,273.69,54.74
1592,530,127,4,222.52,0.0
1593,530,132,4,89.04,0.0
1594,530,1,1,321.1,0.0
1595,530,140,3,224.28,22.43
1596,531,115,4,377.52,0.0
1597,531,88,4,269.25,26.93
1598,531,137,4,142.56,0.0
1599,532,57,4,188.77,18.88
1600,532,71,4,352.1,70.42
1601,532,50,1,320.93,0.0
1602,532,77,3,208.09,31.21
1603,533,125,2,269.3,0.0
1604,533,24,2,223.52,0.0
1605,534,73,4,298.52,0.0
1606,534,149,2,499.81,74.97
1607,534,131,2,10.91,2.18
1608,534,103,3,233.36,23.34
1609,534,102,3,139.64,27.93
1610,535,86,4,474.92,47.49
1611,535,143,3,107.53,0.0
1612,535,127,3,222.52,33.38
1613,535,16,3,128.09,0.0
1614,535,85,3,256.09,38.41
1615,536,88,4,269.25,53.85
1616,537,36,3,319.43,0.0
1617,537,144,2,201.38,0.0
1618,537,125,2,269.3,53.86
1619,537,58,3,336.01,67.2
1620,537,52,2,98.97,0.0
1621,538,11,2,381.78,0.0
1622,538,30,4,304.56,45.68
1623,538,103,3,233.36,46.67
1624,538,139,3,262.86,0.0
1625,538,101,2,127.41,0.0
1626,539,78,3,236.94,47.39
1627,539,3,1,341.27,0.0
1628,539,54,1,34.49,3.45
1629,539,150,2,104.02,10.4
1630,539,50,3,320.93,32.09
1631,540,61,1,92.4,9.24
1632,540,96,3,498.77,49.88
1633,540,31,4,287.81,57.56
1634,540,114,1,93.0,13.95
1635,540,98,3,187.8,18.78
1636,541,109,2,270.39,0.0
1637,541,33,1,179.42,26.91
1638,541,65,3,416.07,0.0
1639,541,104,3,172.41,25.86
1640,541,145,4,27.77,5.55
1641,542,87,3,283.38,0.0
1642,542,75,3,134.66,0.0
1643,543,113,2,109.63,21.93
1644,544,132,3,89.04,13.36
1645,544,85,2,256.09,25.61
1646,544,95,2,317.95,31.8
1647,544,142,1,118.0,23.6
1648,545,145,1,27.77,0.0
1649,546,60,1,353.64,0.0
1650,547,110,1,130.63,19.59
1651,548,119,2,453.53,90.71
1652,548,14,1,304.76,0.0
1653,549,139,1,262.86,52.57
1654,549,43,1,330.28,0.0
1655,550,22,4,18.29,3.66
1656,550,16,3,128.09,12.81
1657,550,130,1,43.77,6.57
1658,551,5,4,415.34,83.07
1659,551,15,1,350.02,35.0
1660,551,6,4,43.07,0.0
1661,551,26,4,242.14,48.43
1662,552,57,3,188.77,28.32
1663,552,56,4,422.08,0.0
1664,552,106,2,123.25,0.0
1665,553,134,4,444.99,44.5
1666,553,5,1,415.34,0.0
1667,553,136,1,396.02,0.0
1668,553,116,2,377.29,75.46
1669,554,103,4,233.36,35.0
1670,554,38,2,202.51,0.0
1671,554,37,1,104.0,0.0
1672,554,6,2,43.07,0.0
1673,554,119,3,453.53,0.0
1674,555,114,2,93.0,9.3
1675,556,40,4,304.26,30.43
1676,556,98,3,187.8,0.0
1677,557,148,2,165.59,33.12
1678,557,47,4,272.75,27.28
1679,557,57,2,188.77,0.0
1680,557,119,3,453.53,68.03
1681,557,15,3,350.02,0.0
1682,558,137,2,142.56,14.26
1683,558,127,1,222.52,33.38
1684,558,149,2,499.81,0.0
1685,559,134,2,444.99,66.75
1686,559,36,4,319.43,0.0
1687,559,70,3,246.27,24.63
1688,559,116,2,377.29,0.0
1689,560,122,2,425.68,0.0
1690,561,44,4,452.04,90.41
1691,561,117,1,491.5,73.72
1692,561,96,3,498.77,0.0
1693,561,125,2,269.3,40.4
1694,562,82,2,437.52,65.63
1695,563,31,1,287.81,57.56
1696,563,56,4,422.08,84.42
1697,563,95,1,317.95,31.8
1698,564,52,1,98.97,0.0
1699,564,142,2,118.0,17.7
1700,564,30,1,304.56,30.46
1701,565,4,2,273.69,0.0
1702,565,99,2,325.08,65.02
1703,566,6,4,43.07,4.31
1704,566,116,3,377.29,0.0
1705,566,112,4,211.58,0.0
1706,566,91,3,252.58,0.0
1707,566,68,1,136.7,27.34
1708,567,34,1,22.78,4.56
1709,567,21,4,429.76,0.0
1710,568,1,1,321.1,0.0
1711,568,2,2,332.83,0.0
1712,568,107,1,110.67,0.0
1713,568,102,2,139.64,0.0
1714,569,52,1,98.97,0.0
1715,569,36,2,319.43,0.0
1716,569,72,3,242.78,0.0
1717,570,132,4,89.04,13.36
1718,570,89,1,15.3,3.06
1719,570,44,2,452.04,90.41
1720,570,45,2,299.19,0.0
1721,570,40,4,304.26,0.0
1722,571,90,1,490.37,73.56
1723,571,89,2,15.3,1.53
1724,572,52,4,98.97,0.0
1725,572,139,1,262.86,0.0
1726,572,1,4,321.1,32.11
1727,573,80,2,413.08,0.0
1728,573,13,4,469.28,93.86
1729,573,53,1,110.68,0.0
1730,573,67,3,351.2,0.0
1731,574,132,1,89.04,8.9
1732,574,91,4,252.58,0.0
1733,575,106,2,123.25,24.65
1734,575,58,1,336.01,50.4
1735,575,30,1,304.56,45.68
1736,575,37,1,104.0,0.0
1737,575,143,4,107.53,21.51
1738,576,43,2,330.28,0.0
1739,576,19,1,488.22,0.0
1740,576,133,1,328.02,32.8
1741,576,124,1,241.15,0.0
1742,576,12,4,76.22,0.0
1743,577,31,1,287.81,28.78
1744,578,107,3,110.67,0.0
1745,578,130,3,43.77,8.75
1746,579,58,4,336.01,67.2
1747,579,109,1,270.39,0.0
1748,579,145,2,27.77,2.78
1749,580,2,4,332.83,66.57
1750,581,88,1,269.25,0.0
1751,581,83,4,129.83,0.0
1752,581,59,4,189.39,0.0
1753,582,104,4,172.41,34.48
1754,582,22,4,18.29,0.0
1755,583,120,4,335.74,0.0
1756,583,26,1,242.14,0.0
1757,583,121,3,162.84,32.57
1758,583,101,1,127.41,0.0
1759,583,64,1,64.91,12.98
1760,584,84,4,178.48,0.0
1761,584,104,2,172.41,0.0
1762,584,109,1,270.39,27.04
1763,585,59,4,189.39,28.41
1764,586,96,3,498.77,99.75
1765,586,47,1,272.75,27.28
1766,586,105,1,223.61,33.54
1767,587,63,3,142.21,21.33
1768,587,70,1,246.27,0.0
1769,587,111,1,11.12,1.11
1770,587,104,2,172.41,0.0
1771,587,3,3,341.27,34.13
1772,588,123,3,77.17,0.0
1773,588,6,3,43.07,0.0
1774,589,101,1,127.41,0.0
1775,589,135,3,236.07,0.0
1776,590,140,3,224.28,0.0
1777,590,42,1,478.77,0.0
1778,591,44,2,452.04,67.81
1779,591,113,4,109.63,10.96
1780,591,99,2,325.08,0.0
1781,591,39,2,203.79,0.0
1782,592,116,1,377.29,0.0
1783,592,144,4,201.38,20.14
1784,592,64,1,64.91,0.0
1785,592,102,1,139.64,27.93
1786,593,123,4,77.17,0.0
1787,593,72,3,242.78,0.0
1788,594,132,3,89.04,0.0
1789,594,46,4,67.45,0.0
1790,595,87,1,283.38,0.0
1791,595,86,2,474.92,0.0
1792,595,88,2,269.25,53.85
1793,595,10,3,409.97,61.5
1794,595,26,1,242.14,48.43
1795,596,26,3,242.14,36.32
1796,596,85,4,256.09,51.22
1797,596,100,2,270.76,27.08
1798,596,1,3,321.1,0.0
1799,597,22,1,18.29,0.0
1800,597,14,3,304.76,30.48
1801,597,43,2,330.28,66.06
1802,597,90,4,490.37,0.0
1803,598,9,4,444.4,0.0
1804,598,103,2,233.36,23.34
1805,598,61,3,92.4,9.24
1806,598,125,3,269.3,0.0
1807,599,84,2,178.48,35.7
1808,599,60,3,353.64,0.0
1809,599,80,4,413.08,41.31
1810,600,91,3,252.58,50.52
1811,600,80,2,413.08,61.96
1812,601,46,2,67.45,13.49
1813,601,33,1,179.42,26.91
1814,601,67,1,351.2,35.12
1815,602,22,1,18.29,0.0
1816,602,45,4,299.19,0.0
1817,603,94,1,414.66,82.93
1818,603,113,3,109.63,0.0
1819,604,98,3,187.8,37.56
1820,604,15,2,350.02,35.0
1821,605,13,1,469.28,93.86
1822,605,92,4,218.76,0.0
1823,606,117,4,491.5,0.0
1824,607,75,2,134.66,20.2
1825,607,125,3,269.3,53.86
1826,607,48,4,333.72,33.37
1827,608,64,2,64.91,0.0
1828,608,61,2,92.4,18.48
1829,608,22,4,18.29,1.83
1830,608,141,4,328.57,0.0
1831,609,142,3,118.0,17.7
1832,610,142,4,118.0,17.7
1833,610,105,4,223.61,22.36
1834,611,36,1,319.43,0.0
1835,611,84,2,178.48,0.0
1836,611,50,1,320.93,0.0
1837,611,148,4,165.59,24.84
1838,612,143,1,107.53,10.75
1839,613,115,3,377.52,0.0
1840,614,84,1,178.48,0.0
1841,614,31,1,287.81,0.0
1842,614,24,4,223.52,33.53
1843,615,35,2,335.39,0.0
1844,616,18,3,368.54,0.0
1845,616,87,1,283.38,42.51
1846,616,10,2,409.97,41.0
1847,616,78,1,236.94,0.0
1848,617,125,3,269.3,26.93
1849,617,28,4,75.89,0.0
1850,617,134,1,444.99,0.0
1851,618,47,3,272.75,0.0
1852,618,15,4,350.02,52.5
1853,619,43,1,330.28,0.0
1854,619,62,3,399.48,39.95
1855,620,92,2,218.76,21.88
1856,620,94,1,414.66,0.0
1857,620,3,1,341.27,0.0
1858,620,140,3,224.28,44.86
1859,621,121,1,162.84,24.43
1860,621,59,4,189.39,18.94
1861,621,19,1,488.22,97.64
1862,621,130,1,43.77,0.0
1863,622,86,2,474.92,47.49
1864,622,22,4,18.29,3.66
1865,623,8,2,495.36,49.54
1866,623,30,3,304.56,45.68
1867,623,87,2,283.38,42.51
1868,624,140,3,224.28,22.43
1869,625,39,3,203.79,0.0
1870,625,85,3,256.09,38.41
1871,625,18,3,368.54,0.0
1872,625,97,1,322.01,0.0
1873,626,47,2,272.75,0.0
1874,626,42,4,478.77,47.88
1875,627,121,4,162.84,0.0
1876,628,47,2,272.75,0.0
1877,628,33,2,179.42,0.0
1878,629,18,4,368.54,0.0
1879,629,83,4,129.83,0.0
1880,629,6,1,43.07,4.31
1881,629,53,1,110.68,16.6
1882,629,132,2,89.04,17.81
1883,630,14,4,304.76,0.0
1884,630,119,3,453.53,90.71
1885,630,28,2,75.89,15.18
1886,630,50,3,320.93,0.0
1887,631,51,4,95.6,0.0
1888,631,110,2,130.63,26.13
1889,631,64,1,64.91,0.0
1890,632,98,2,187.8,0.0
1891,632,137,1,142.56,0.0
1892,632,89,3,15.3,2.29
1893,632,125,2,269.3,0.0
1894,632,8,1,495.36,74.3
1895,633,72,1,242.78,0.0
1896,633,4,2,273.69,41.05
1897,633,56,2,422.08,42.21
1898,633,13,1,469.28,70.39
1899,634,77,1,208.09,20.81
1900,635,9,4,444.4,88.88
1901,635,89,3,15.3,3.06
1902,635,36,1,319.43,0.0
1903,635,149,1,499.81,0.0
1904,635,79,4,190.04,0.0
1905,636,96,3,498.77,49.88
1906,636,108,3,294.36,0.0
1907,636,112,2,211.58,0.0
1908,636,74,3,278.72,0.0
1909,637,96,3,498.77,0.0
1910,637,81,2,43.0,0.0
1911,638,106,2,123.25,12.33
1912,639,103,2,233.36,46.67
1913,639,102,4,139.64,0.0
1914,640,98,2,187.8,28.17
1915,640,137,4,142.56,0.0
1916,640,116,1,377.29,0.0
1917,640,54,2,34.49,0.0
1918,641,111,4,11.12,1.67
1919,641,97,4,322.01,32.2
1920,641,123,2,77.17,11.58
1921,641,30,3,304.56,0.0
1922,642,100,4,270.76,40.61
1923,642,133,3,328.02,0.0
1924,642,79,2,190.04,0.0
1925,642,127,4,222.52,0.0
1926,642,144,2,201.38,30.21
1927,643,126,4,131.53,19.73
1928,643,95,4,317.95,0.0
1929,644,21,3,429.76,64.46
1930,644,46,3,67.45,0.0
1931,645,63,2,142.21,0.0
1932,645,115,1,377.52,56.63
1933,646,34,2,22.78,0.0
1934,647,16,3,128.09,19.21
1935,648,91,1,252.58,0.0
1936,648,7,4,28.64,4.3
1937,648,32,4,146.13,29.23
1938,648,89,1,15.3,0.0
1939,649,27,3,168.15,16.82
1940,649,77,1,208.09,41.62
1941,649,40,2,304.26,0.0
1942,649,69,4,93.19,0.0
1943,650,47,2,272.75,0.0
1944,650,61,4,92.4,18.48
1945,650,142,3,118.0,0.0
1946,650,147,2,15.84,3.17
1947,651,122,4,425.68,63.85
1948,651,48,2,333.72,0.0
1949,651,41,1,36.8,0.0
1950,652,30,3,304.56,45.68
1951,652,90,4,490.37,98.07
1952,652,105,2,223.61,0.0
1953,652,144,3,201.38,20.14
1954,652,104,3,172.41,17.24
1955,653,3,4,341.27,0.0
1956,654,57,2,188.77,0.0
1957,655,6,3,43.07,0.0
1958,656,10,2,409.97,0.0
1959,656,109,2,270.39,0.0
1960,656,95,3,317.95,0.0
1961,656,59,3,189.39,0.0
1962,657,105,2,223.61,22.36
1963,658,26,4,242.14,0.0
1964,658,142,4,118.0,17.7
1965,658,4,3,273.69,27.37
1966,659,67,2,351.2,52.68
1967,659,16,4,128.09,0.0
1968,660,131,2,10.91,2.18
1969,660,55,2,42.68,0.0
1970,660,34,4,22.78,4.56
1971,660,52,1,98.97,14.85
1972,660,73,3,298.52,0.0
1973,661,77,3,208.09,20.81
1974,661,10,3,409.97,0.0
1975,662,13,2,469.28,70.39
1976,662,135,2,236.07,0.0
1977,662,50,2,320.93,32.09
1978,662,37,2,104.0,0.0
1979,662,77,3,208.09,0.0
1980,663,35,3,335.39,33.54
1981,663,63,2,142.21,0.0
1982,664,8,4,495.36,74.3
1983,664,77,2,208.09,20.81
1984,664,22,2,18.29,1.83
1985,664,101,4,127.41,12.74
1986,664,32,2,146.13,21.92
1987,665,62,4,399.48,79.9
1988,666,141,2,328.57,0.0
1989,666,56,3,422.08,84.42
1990,666,145,3,27.77,4.17
1991,666,18,1,368.54,0.0
1992,667,126,2,131.53,0.0
1993,667,139,3,262.86,0.0
1994,668,109,3,270.39,27.04
1995,669,31,3,287.81,0.0
1996,669,35,4,335.39,33.54
1997,669,106,3,123.25,0.0
1998,669,70,3,246.27,36.94
1999,669,44,4,452.04,67.81
2000,670,7,4,28.64,2.86
2001,670,13,3,469.28,46.93
2002,671,90,4,490.37,0.0
2003,671,51,3,95.6,14.34
2004,671,45,1,299.19,0.0
2005,671,86,4,474.92,94.98
2006,672,98,1,187.8,0.0
2007,672,9,3,444.4,88.88
2008,672,40,2,304.26,0.0
2009,673,79,1,190.04,0.0
2010,673,53,2,110.68,0.0
2011,673,147,3,15.84,1.58
2012,674,148,2,165.59,0.0
2013,674,80,1,413.08,82.62
2014,675,105,3,223.61,0.0
2015,675,117,1,491.5,0.0
2016,675,28,4,75.89,15.18
2017,675,119,3,453.53,68.03
2018,676,135,2,236.07,0.0
2019,677,47,2,272.75,40.91
2020,677,122,3,425.68,42.57
2021,678,101,3,127.41,0.0
2022,678,40,2,304.26,0.0
2023,679,55,3,42.68,8.54
2024,679,132,4,89.04,8.9
2025,679,10,4,409.97,41.0
2026,679,27,2,168.15,0.0
2027,679,44,4,452.04,0.0
2028,680,89,3,15.3,2.29
2029,680,131,3,10.91,0.0
2030,680,109,1,270.39,54.08
2031,680,139,4,262.86,0.0
2032,680,103,1,233.36,0.0
2033,681,86,2,474.92,0.0
2034,681,59,2,189.39,0.0
2035,681,137,2,142.56,0.0
2036,681,4,1,273.69,0.0
2037,682,125,1,269.3,26.93
2038,682,31,4,287.81,0.0
2039,682,148,4,165.59,16.56
2040,682,36,4,319.43,0.0
2041,683,119,2,453.53,45.35
2042,683,54,2,34.49,0.0
2043,683,104,3,172.41,34.48
2044,684,65,1,416.07,62.41
2045,684,126,1,131.53,26.31
2046,684,10,1,409.97,0.0
2047,685,88,3,269.25,0.0
2048,685,114,1,93.0,13.95
2049,686,19,2,488.22,0.0
2050,686,101,1,127.41,0.0
2051,687,143,1,107.53,0.0
2052,687,62,4,399.48,79.9
2053,687,4,3,273.69,0.0
2054,688,68,4,136.7,27.34
2055,688,87,1,283.38,56.68
2056,688,89,4,15.3,0.0
2057,688,126,3,131.53,13.15
2058,688,13,4,469.28,0.0
2059,689,130,4,43.77,6.57
2060,689,105,4,223.61,33.54
2061,689,115,4,377.52,37.75
2062,689,2,1,332.83,0.0
2063,690,112,2,211.58,0.0
2064,690,33,2,179.42,0.0
2065,690,46,3,67.45,0.0
2066,690,119,1,453.53,45.35
2067,691,135,1,236.07,0.0
2068,691,85,4,256.09,0.0
2069,691,149,4,499.81,99.96
2070,691,28,1,75.89,0.0
2071,691,112,4,211.58,0.0
2072,692,39,1,203.79,0.0
2073,692,1,1,321.1,48.16
2074,692,145,1,27.77,0.0
2075,692,144,3,201.38,40.28
2076,693,107,3,110.67,22.13
2077,693,115,4,377.52,0.0
2078,693,133,2,328.02,0.0
2079,693,4,2,273.69,41.05
2080,693,39,2,203.79,40.76
2081,694,62,3,399.48,0.0
2082,694,4,4,273.69,54.74
2083,694,65,3,416.07,62.41
2084,695,30,4,304.56,30.46
2085,695,56,4,422.08,0.0
2086,695,50,1,320.93,0.0
2087,696,83,2,129.83,12.98
2088,697,30,1,304.56,30.46
2089,698,97,4,322.01,64.4
2090,698,92,4,218.76,32.81
2091,698,53,4,110.68,11.07
2092,699,70,1,246.27,24.63
2093,699,109,2,270.39,54.08
2094,700,22,1,18.29,3.66
2095,700,125,1,269.3,0.0
2096,701,110,3,130.63,0.0
2097,701,14,1,304.76,60.95
2098,701,18,3,368.54,36.85
2099,702,150,4,104.02,0.0
2100,702,7,1,28.64,4.3
2101,702,32,2,146.13,14.61
2102,702,73,4,298.52,0.0
2103,702,90,2,490.37,0.0
2104,703,30,1,304.56,0.0
2105,703,76,2,127.04,12.7
2106,704,19,1,488.22,0.0
2107,704,37,3,104.0,0.0
2108,704,94,3,414.66,82.93
2109,704,41,1,36.8,0.0
2110,704,57,1,188.77,28.32
2111,705,100,1,270.76,0.0
2112,706,13,2,469.28,70.39
2113,707,42,1,478.77,47.88
2114,707,95,2,317.95,0.0
2115,708,21,4,429.76,0.0
2116,708,33,1,179.42,0.0
2117,708,68,1,136.7,0.0
2118,709,56,2,422.08,0.0
2119,709,58,2,336.01,50.4
2120,709,63,2,142.21,21.33
2121,710,121,3,162.84,0.0
2122,710,65,4,416.07,0.0
2123,710,100,1,270.76,27.08
2124,711,42,4,478.77,0.0
2125,711,114,4,93.0,0.0
2126,711,41,3,36.8,0.0
2127,712,90,3,490.37,0.0
2128,712,96,1,498.77,74.82
2129,713,102,1,139.64,27.93
2130,713,149,3,499.81,99.96
2131,714,32,3,146.13,0.0
2132,715,13,2,469.28,46.93
2133,715,116,2,377.29,0.0
2134,715,19,1,488.22,48.82
2135,715,6,2,43.07,0.0
2136,716,2,1,332.83,0.0
2137,716,123,1,77.17,7.72
2138,716,7,2,28.64,0.0
2139,716,129,1,237.02,47.4
2140,716,94,3,414.66,0.0
2141,717,33,2,179.42,17.94
2142,717,88,2,269.25,0.0
2143,717,125,4,269.3,26.93
2144,717,65,4,416.07,0.0
2145,718,30,1,304.56,60.91
2146,718,74,2,278.72,41.81
2147,719,2,4,332.83,49.92
2148,719,41,1,36.8,7.36
2149,719,15,1,350.02,0.0
2150,720,73,1,298.52,0.0
2151,720,1,2,321.1,64.22
2152,721,42,4,478.77,0.0
2153,722,76,2,127.04,12.7
2154,722,58,1,336.01,0.0
2155,722,19,3,488.22,73.23
2156,722,137,2,142.56,28.51
2157,723,61,1,92.4,9.24
2158,723,71,1,352.1,0.0
2159,723,58,3,336.01,0.0
2160,724,46,3,67.45,0.0
2161,724,62,4,399.48,79.9
2162,724,121,2,162.84,32.57
2163,724,137,2,142.56,21.38
2164,724,90,1,490.37,73.56
2165,725,59,1,189.39,37.88
2166,725,38,3,202.51,0.0
2167,726,125,4,269.3,0.0
2168,726,91,1,252.58,0.0
2169,726,4,1,273.69,0.0
2170,726,149,4,499.81,49.98
2171,726,117,3,491.5,0.0
2172,727,82,4,437.52,87.5
2173,728,27,1,168.15,0.0
2174,728,5,4,415.34,0.0
2175,728,21,4,429.76,0.0
2176,728,116,2,377.29,0.0
2177,728,3,1,341.27,0.0
2178,729,110,3,130.63,19.59
2179,730,43,4,330.28,33.03
2180,730,1,3,321.1,0.0
2181,730,11,2,381.78,76.36
2182,730,22,2,18.29,0.0
2183,730,40,2,304.26,0.0
2184,731,21,3,429.76,0.0
2185,731,54,4,34.49,5.17
2186,731,119,3,453.53,90.71
2187,731,57,1,188.77,0.0
2188,731,27,2,168.15,0.0
2189,732,36,4,319.43,31.94
2190,733,119,1,453.53,0.0
2191,733,92,2,218.76,0.0
2192,734,82,3,437.52,65.63
2193,734,60,3,353.64,53.05
2194,734,120,3,335.74,33.57
2195,735,20,4,169.34,25.4
2196,735,134,1,444.99,0.0
2197,736,106,2,123.25,12.33
2198,736,134,4,444.99,0.0
2199,737,71,4,352.1,0.0
2200,738,72,3,242.78,24.28
2201,738,33,4,179.42,17.94
2202,738,108,4,294.36,29.44
2203,739,115,3,377.52,0.0
2204,739,2,4,332.83,0.0
2205,740,100,2,270.76,54.15
2206,740,75,1,134.66,0.0
2207,740,136,3,396.02,79.2
2208,740,133,1,328.02,0.0
2209,740,132,4,89.04,0.0
2210,741,136,3,396.02,59.4
2211,742,147,2,15.84,3.17
2212,742,98,4,187.8,37.56
2213,742,129,4,237.02,23.7
2214,743,13,2,469.28,0.0
2215,743,43,3,330.28,0.0
2216,744,90,3,490.37,73.56
2217,744,114,3,93.0,0.0
2218,744,75,2,134.66,26.93
2219,744,38,3,202.51,0.0
2220,745,86,2,474.92,0.0
2221,745,30,4,304.56,0.0
2222,745,57,1,188.77,0.0
2223,746,86,2,474.92,71.24
2224,746,37,1,104.0,0.0
2225,746,114,1,93.0,0.0
2226,746,116,3,377.29,56.59
2227,746,11,2,381.78,38.18
2228,747,93,4,155.24,23.29
2229,748,53,1,110.68,0.0
2230,748,12,1,76.22,0.0
2231,749,3,4,341.27,34.13
2232,749,88,1,269.25,26.93
2233,749,70,2,246.27,36.94
2234,749,126,3,131.53,13.15
2235,750,78,3,236.94,0.0
2236,750,84,3,178.48,0.0
2237,750,87,2,283.38,28.34
2238,750,100,2,270.76,54.15
2239,751,122,3,425.68,0.0
2240,751,147,3,15.84,2.38
2241,752,19,3,488.22,0.0
2242,752,99,1,325.08,32.51
2243,752,134,1,444.99,44.5
2244,752,5,3,415.34,83.07
2245,753,79,3,190.04,0.0
2246,753,110,1,130.63,19.59
2247,753,116,1,377.29,0.0
2248,754,127,1,222.52,22.25
2249,754,39,2,203.79,40.76
2250,754,40,3,304.26,0.0
2251,754,100,2,270.76,0.0
2252,754,130,3,43.77,4.38
2253,755,90,1,490.37,0.0
2254,755,61,4,92.4,9.24
2255,756,27,4,168.15,0.0
2256,757,68,4,136.7,13.67
2257,757,90,4,490.37,73.56
2258,757,91,2,252.58,0.0
2259,758,6,2,43.07,6.46
2260,758,53,3,110.68,0.0
2261,758,10,4,409.97,41.0
2262,758,135,3,236.07,47.21
2263,758,98,4,187.8,0.0
2264,759,96,2,498.77,0.0
2265,759,120,3,335.74,67.15
2266,759,110,2,130.63,19.59
2267,759,119,2,453.53,68.03
2268,759,48,2,333.72,50.06
2269,760,74,3,278.72,41.81
2270,760,42,4,478.77,0.0
2271,761,148,1,165.59,0.0
2272,761,58,2,336.01,0.0
2273,761,76,4,127.04,0.0
2274,761,127,2,222.52,0.0
2275,761,113,2,109.63,10.96
2276,762,16,1,128.09,0.0
2277,762,58,3,336.01,0.0
2278,762,126,1,131.53,0.0
2279,762,137,2,142.56,0.0
2280,763,96,3,498.77,0.0
2281,763,41,4,36.8,3.68
2282,763,100,2,270.76,54.15
2283,764,71,3,352.1,70.42
2284,765,16,3,128.09,25.62
2285,766,44,2,452.04,0.0
2286,767,136,3,396.02,0.0
2287,768,61,1,92.4,18.48
2288,769,134,4,444.99,89.0
2289,770,122,4,425.68,42.57
2290,770,145,3,27.77,0.0
2291,770,5,3,415.34,0.0
2292,770,123,1,77.17,15.43
2293,770,28,4,75.89,0.0
2294,771,76,4,127.04,0.0
2295,771,142,3,118.0,0.0
2296,772,110,4,130.63,26.13
2297,772,78,4,236.94,0.0
2298,773,60,2,353.64,70.73
2299,773,45,3,299.19,0.0
2300,773,10,1,409.97,61.5
2301,773,93,3,155.24,0.0
2302,774,137,3,142.56,0.0
2303,774,119,4,453.53,45.35
2304,774,81,4,43.0,0.0
2305,774,41,2,36.8,0.0
2306,775,107,1,110.67,11.07
2307,775,148,1,165.59,0.0
2308,775,145,4,27.77,4.17
2309,775,20,4,169.34,0.0
2310,775,130,4,43.77,6.57
2311,776,71,1,352.1,0.0
2312,776,62,2,399.48,59.92
2313,776,85,2,256.09,51.22
2314,776,99,2,325.08,0.0
2315,776,93,2,155.24,23.29
2316,777,119,3,453.53,68.03
2317,777,144,4,201.38,0.0
2318,778,132,4,89.04,0.0
2319,778,11,4,381.78,38.18
2320,778,130,3,43.77,8.75
2321,778,115,2,377.52,75.5
2322,778,9,1,444.4,0.0
2323,779,74,4,278.72,0.0
2324,779,46,1,67.45,10.12
2325,779,141,3,328.57,0.0
2326,779,16,2,128.09,0.0
2327,780,148,3,165.59,16.56
2328,780,129,4,237.02,35.55
2329,781,135,1,236.07,23.61
2330,781,31,1,287.81,28.78
2331,781,87,3,283.38,0.0
2332,781,45,1,299.19,0.0
2333,782,67,4,351.2,35.12
2334,782,8,3,495.36,0.0
2335,782,96,1,498.77,0.0
2336,783,83,3,129.83,12.98
2337,784,108,4,294.36,0.0
2338,784,146,1,429.95,0.0
2339,784,99,3,325.08,32.51
2340,785,105,3,223.61,0.0
2341,785,116,1,377.29,56.59
2342,785,110,1,130.63,0.0
2343,785,103,1,233.36,23.34
2344,786,69,2,93.19,0.0
2345,786,93,1,155.24,15.52
2346,786,76,4,127.04,25.41
2347,786,6,4,43.07,0.0
2348,787,56,2,422.08,42.21
2349,787,75,1,134.66,0.0
2350,787,24,1,223.52,0.0
2351,787,133,3,328.02,0.0
2352,788,14,2,304.76,60.95
2353,788,11,4,381.78,0.0
2354,788,83,1,129.83,0.0
2355,789,120,3,335.74,67.15
2356,789,144,2,201.38,0.0
2357,790,35,3,335.39,33.54
2358,791,81,4,43.0,6.45
2359,792,109,2,270.39,0.0
2360,792,71,4,352.1,0.0
2361,792,132,1,89.04,17.81
2362,792,111,2,11.12,1.67
2363,792,63,3,142.21,0.0
2364,793,59,2,189.39,18.94
2365,793,140,4,224.28,0.0
2366,794,100,4,270.76,27.08
2367,794,102,2,139.64,13.96
2368,794,109,3,270.39,40.56
2369,795,10,4,409.97,0.0
2370,795,78,4,236.94,0.0
2371,795,114,2,93.0,13.95
2372,796,28,1,75.89,11.38
2373,796,136,4,396.02,0.0
2374,796,34,2,22.78,0.0
2375,797,144,1,201.38,40.28
2376,797,94,1,414.66,0.0
2377,797,136,2,396.02,39.6
2378,797,124,2,241.15,0.0
2379,798,94,4,414.66,62.2
2380,799,88,3,269.25,0.0
2381,799,81,3,43.0,0.0
2382,799,93,1,155.24,0.0
2383,800,91,4,252.58,50.52
2384,800,77,2,208.09,41.62
2385,801,93,2,155.24,15.52
2386,801,95,1,317.95,0.0
2387,801,87,4,283.38,42.51
2388,802,73,2,298.52,0.0
2389,802,50,4,320.93,0.0
2390,802,36,2,319.43,47.91
2391,802,10,2,409.97,0.0
2392,802,60,1,353.64,0.0
2393,803,58,1,336.01,0.0
2394,803,42,4,478.77,0.0
2395,803,110,4,130.63,0.0
2396,803,148,2,165.59,0.0
2397,804,48,4,333.72,0.0
2398,804,59,4,189.39,0.0
2399,804,27,1,168.15,25.22
2400,804,61,1,92.4,13.86
2401,804,19,1,488.22,73.23
2402,805,16,3,128.09,25.62
2403,805,54,3,34.49,5.17
2404,805,100,4,270.76,40.61
2405,805,82,1,437.52,0.0
2406,805,148,1,165.59,0.0
2407,806,65,2,416.07,0.0
2408,807,84,4,178.48,26.77
2409,808,11,1,381.78,57.27
2410,808,65,4,416.07,41.61
2411,809,94,4,414.66,41.47
2412,809,22,1,18.29,3.66
2413,809,136,4,396.02,0.0
2414,809,37,1,104.0,10.4
2415,809,86,1,474.92,94.98
2416,810,26,2,242.14,36.32
2417,810,122,1,425.68,0.0
2418,810,18,4,368.54,36.85
2419,810,73,1,298.52,59.7
2420,810,131,4,10.91,2.18
2421,811,79,1,190.04,0.0
2422,811,136,2,396.02,0.0
2423,811,108,1,294.36,58.87
2424,811,143,3,107.53,10.75
2425,812,141,4,328.57,65.71
2426,812,30,2,304.56,0.0
2427,812,63,1,142.21,0.0
2428,812,98,4,187.8,37.56
2429,813,119,2,453.53,45.35
2430,814,47,4,272.75,0.0
2431,814,16,3,128.09,12.81
2432,815,101,1,127.41,12.74
2433,815,12,1,76.22,11.43
2434,816,88,1,269.25,0.0
2435,817,71,1,352.1,52.82
2436,817,125,4,269.3,40.4
2437,817,21,4,429.76,0.0
2438,817,105,3,223.61,0.0
2439,818,7,2,28.64,0.0
2440,818,34,2,22.78,4.56
2441,818,12,2,76.22,0.0
2442,819,20,2,169.34,0.0
2443,819,60,2,353.64,0.0
2444,819,53,2,110.68,0.0
2445,819,129,3,237.02,0.0
2446,820,141,4,328.57,0.0
2447,820,8,2,495.36,0.0
2448,820,20,4,169.34,0.0
2449,820,58,1,336.01,67.2
2450,821,64,4,64.91,12.98
2451,821,22,1,18.29,3.66
2452,822,4,4,273.69,0.0
2453,822,86,1,474.92,0.0
2454,822,77,2,208.09,20.81
2455,822,31,3,287.81,43.17
2456,822,46,1,67.45,13.49
2457,823,133,1,328.02,49.2
2458,823,35,2,335.39,33.54
2459,824,74,2,278.72,41.81
2460,824,99,2,325.08,32.51
2461,825,105,4,223.61,0.0
2462,825,81,3,43.0,6.45
2463,826,28,1,75.89,0.0
2464,826,145,4,27.77,5.55
2465,826,94,2,414.66,82.93
2466,826,106,4,123.25,0.0
2467,826,81,2,43.0,6.45
2468,827,98,4,187.8,0.0
2469,827,18,2,368.54,0.0
2470,828,115,2,377.52,56.63
2471,828,51,4,95.6,0.0
2472,828,16,2,128.09,0.0
2473,828,18,4,368.54,0.0
2474,828,40,2,304.26,0.0
2475,829,22,3,18.29,1.83
2476,829,117,1,491.5,73.72
2477,829,90,1,490.37,0.0
2478,830,134,3,444.99,0.0
2479,830,69,1,93.19,0.0
2480,830,93,1,155.24,31.05
2481,830,62,1,399.48,0.0
2482,830,139,1,262.86,52.57
2483,831,113,2,109.63,0.0
2484,832,120,2,335.74,33.57
2485,832,53,2,110.68,0.0
2486,832,2,4,332.83,0.0
2487,832,37,4,104.0,0.0
2488,832,144,2,201.38,0.0
2489,833,113,4,109.63,0.0
2490,833,147,3,15.84,0.0
2491,833,74,4,278.72,0.0
2492,834,146,3,429.95,64.49
2493,835,97,3,322.01,0.0
2494,835,46,4,67.45,0.0
2495,836,54,4,34.49,0.0
2496,836,30,2,304.56,45.68
2497,837,110,1,130.63,0.0
2498,838,144,1,201.38,0.0
2499,838,86,4,474.92,47.49
2500,839,41,2,36.8,5.52
2501,840,73,3,298.52,29.85
2502,840,149,2,499.81,0.0
2503,841,95,4,317.95,47.69
2504,841,121,2,162.84,32.57
2505,842,7,4,28.64,5.73
2506,842,26,2,242.14,24.21
2507,842,78,4,236.94,35.54
2508,842,124,2,241.15,0.0
2509,842,147,4,15.84,1.58
2510,843,84,3,178.48,0.0
2511,843,64,3,64.91,0.0
2512,844,67,3,351.2,0.0
2513,844,78,4,236.94,47.39
2514,845,24,2,223.52,0.0
2515,846,103,1,233.36,35.0
2516,846,91,3,252.58,0.0
2517,846,114,2,93.0,18.6
2518,846,81,4,43.0,8.6
2519,847,130,4,43.77,0.0
2520,848,83,4,129.83,0.0
2521,848,126,3,131.53,0.0
2522,848,18,1,368.54,0.0
2523,848,56,2,422.08,84.42
2524,849,50,1,320.93,48.14
2525,849,119,1,453.53,0.0
2526,849,5,1,415.34,0.0
2527,849,137,4,142.56,21.38
2528,850,45,1,299.19,44.88
2529,850,130,1,43.77,8.75
2530,850,54,1,34.49,0.0
2531,850,10,2,409.97,41.0
2532,850,18,2,368.54,55.28
2533,851,142,3,118.0,0.0
2534,851,123,2,77.17,11.58
2535,851,1,2,321.1,48.16
2536,852,142,1,118.0,0.0
2537,852,146,4,429.95,0.0
2538,853,119,2,453.53,68.03
2539,853,135,4,236.07,0.0
2540,853,113,1,109.63,16.44
2541,854,22,3,18.29,0.0
2542,855,141,4,328.57,32.86
2543,855,129,1,237.02,0.0
2544,855,48,3,333.72,0.0
2545,855,86,2,474.92,71.24
2546,856,77,2,208.09,31.21
2547,856,15,4,350.02,0.0
2548,856,58,1,336.01,0.0
2549,857,123,2,77.17,7.72
2550,857,70,2,246.27,36.94
2551,857,3,2,341.27,51.19
2552,858,107,2,110.67,0.0
2553,858,40,3,304.26,0.0
2554,858,93,4,155.24,0.0
2555,858,88,3,269.25,40.39
2556,858,110,2,130.63,13.06
2557,859,101,1,127.41,19.11
2558,859,105,3,223.61,33.54
2559,859,120,1,335.74,50.36
2560,859,136,2,396.02,0.0
2561,860,135,3,236.07,0.0
2562,860,85,2,256.09,0.0
2563,860,3,3,341.27,34.13
2564,861,57,4,188.77,0.0
2565,861,79,1,190.04,0.0
2566,862,90,1,490.37,98.07
2567,862,74,1,278.72,0.0
2568,862,92,3,218.76,21.88
2569,863,106,4,123.25,12.33
2570,864,15,1,350.02,0.0
2571,865,2,2,332.83,0.0
2572,865,101,3,127.41,0.0
2573,865,41,1,36.8,0.0
2574,866,19,1,488.22,0.0
2575,866,42,1,478.77,71.82
2576,866,2,4,332.83,0.0
2577,866,132,1,89.04,0.0
2578,866,64,1,64.91,0.0
2579,867,150,3,104.02,0.0
2580,867,3,3,341.27,0.0
2581,868,81,3,43.0,6.45
2582,868,22,3,18.29,0.0
2583,868,11,1,381.78,57.27
2584,868,84,3,178.48,0.0
2585,868,38,4,202.51,40.5
2586,869,94,1,414.66,41.47
2587,870,18,1,368.54,73.71
2588,870,54,3,34.49,0.0
2589,870,59,1,189.39,18.94
2590,870,8,3,495.36,0.0
2591,871,134,1,444.99,66.75
2592,871,104,3,172.41,0.0
2593,871,10,2,409.97,61.5
2594,871,75,1,134.66,0.0
2595,872,51,3,95.6,9.56
2596,873,99,4,325.08,48.76
2597,874,19,3,488.22,73.23
2598,874,18,2,368.54,0.0
2599,874,61,4,92.4,0.0
2600,874,141,3,328.57,49.29
2601,874,22,4,18.29,0.0
2602,875,43,4,330.28,49.54
2603,875,16,3,128.09,25.62
2604,875,84,3,178.48,17.85
2605,875,97,3,322.01,0.0
2606,875,56,1,422.08,63.31
2607,876,146,1,429.95,0.0
2608,877,48,1,333.72,0.0
2609,877,67,4,351.2,52.68
2610,878,81,4,43.0,4.3
2611,878,11,2,381.78,0.0
2612,878,5,4,415.34,0.0
2613,878,19,4,488.22,48.82
2614,878,15,2,350.02,70.0
2615,879,137,4,142.56,0.0
2616,879,39,1,203.79,40.76
2617,879,36,4,319.43,47.91
2618,879,32,4,146.13,21.92
2619,879,6,3,43.07,0.0
2620,880,117,3,491.5,49.15
2621,880,5,1,415.34,62.3
2622,880,119,4,453.53,45.35
2623,880,103,3,233.36,0.0
2624,881,73,1,298.52,0.0
2625,881,74,1,278.72,0.0
2626,881,116,3,377.29,0.0
2627,881,27,3,168.15,25.22
2628,881,60,4,353.64,35.36
2629,882,77,4,208.09,0.0
2630,882,33,3,179.42,0.0
2631,883,80,3,413.08,0.0
2632,883,126,2,131.53,0.0
2633,884,69,1,93.19,18.64
2634,884,90,1,490.37,0.0
2635,885,27,1,168.15,0.0
2636,885,69,4,93.19,0.0
2637,885,133,4,328.02,65.6
2638,886,104,2,172.41,0.0
2639,886,38,1,202.51,0.0
2640,886,11,1,381.78,0.0
2641,887,11,4,381.78,57.27
2642,887,21,1,429.76,0.0
2643,887,104,2,172.41,34.48
2644,888,46,2,67.45,0.0
2645,888,53,2,110.68,16.6
2646,888,131,1,10.91,0.0
2647,888,26,4,242.14,48.43
2648,888,9,3,444.4,66.66
2649,889,61,3,92.4,0.0
2650,890,141,2,328.57,49.29
2651,890,67,1,351.2,0.0
2652,890,19,4,488.22,0.0
2653,891,38,4,202.51,20.25
2654,891,73,1,298.52,0.0
2655,891,30,3,304.56,0.0
2656,892,71,2,352.1,0.0
2657,892,76,2,127.04,19.06
2658,892,105,2,223.61,0.0
2659,893,90,3,490.37,0.0
2660,893,30,3,304.56,45.68
2661,893,134,1,444.99,44.5
2662,894,1,4,321.1,0.0
2663,894,102,2,139.64,0.0
2664,894,145,1,27.77,2.78
2665,894,2,4,332.83,33.28
2666,895,133,1,328.02,49.2
2667,895,141,2,328.57,0.0
2668,895,81,2,43.0,0.0
2669,895,67,1,351.2,0.0
2670,896,70,3,246.27,49.25
2671,897,75,1,134.66,20.2
2672,897,56,4,422.08,0.0
2673,897,121,1,162.84,24.43
2674,898,83,2,129.83,0.0
2675,898,89,3,15.3,1.53
2676,898,137,4,142.56,14.26
2677,898,31,2,287.81,0.0
2678,898,18,1,368.54,36.85
2679,899,129,1,237.02,0.0
2680,899,106,1,123.25,0.0
2681,899,121,2,162.84,0.0
2682,900,28,1,75.89,0.0
2683,900,36,1,319.43,0.0
2684,900,73,1,298.52,44.78
2685,901,113,1,109.63,21.93
2686,901,81,3,43.0,6.45
2687,902,85,1,256.09,0.0
2688,902,73,1,298.52,29.85
2689,902,2,4,332.83,0.0
2690,902,97,2,322.01,48.3
2691,903,93,3,155.24,0.0
2692,904,54,1,34.49,6.9
2693,904,136,2,396.02,59.4
2694,904,127,2,222.52,33.38
2695,905,32,4,146.13,21.92
2696,905,72,2,242.78,48.56
2697,905,1,4,321.1,64.22
2698,906,44,3,452.04,90.41
2699,906,149,4,499.81,0.0
2700,906,82,3,437.52,0.0
2701,907,110,2,130.63,0.0
2702,908,62,2,399.48,79.9
2703,908,132,2,89.04,8.9
2704,909,58,3,336.01,67.2
2705,909,34,4,22.78,3.42
2706,909,74,2,278.72,0.0
2707,909,47,1,272.75,0.0
2708,910,59,4,189.39,0.0
2709,911,103,3,233.36,23.34
2710,911,120,4,335.74,0.0
2711,911,125,3,269.3,0.0
2712,911,6,2,43.07,0.0
2713,912,15,3,350.02,35.0
2714,912,89,1,15.3,0.0
2715,912,125,2,269.3,0.0
2716,912,7,4,28.64,5.73
2717,912,115,3,377.52,56.63
2718,913,145,1,27.77,2.78
2719,913,116,3,377.29,0.0
2720,913,94,4,414.66,82.93
2721,913,2,1,332.83,0.0
2722,913,24,2,223.52,44.7
2723,914,111,2,11.12,1.67
2724,914,34,4,22.78,2.28
2725,914,64,1,64.91,12.98
2726,914,123,3,77.17,0.0
2727,915,86,2,474.92,94.98
2728,915,99,3,325.08,0.0
2729,915,48,3,333.72,33.37
2730,915,133,2,328.02,0.0
2731,916,4,4,273.69,0.0
2732,916,130,4,43.77,4.38
2733,916,75,4,134.66,26.93
2734,917,54,4,34.49,0.0
2735,918,34,4,22.78,0.0
2736,918,112,1,211.58,42.32
2737,919,28,4,75.89,0.0
2738,919,101,4,127.41,0.0
2739,919,113,1,109.63,10.96
2740,919,41,4,36.8,0.0
2741,919,34,4,22.78,0.0
2742,920,134,3,444.99,0.0
2743,920,140,3,224.28,0.0
2744,920,62,2,399.48,59.92
2745,920,67,3,351.2,0.0
2746,920,10,2,409.97,61.5
2747,921,103,2,233.36,0.0
2748,921,127,1,222.52,22.25
2749,921,115,2,377.52,37.75
2750,921,91,4,252.58,0.0
2751,921,6,3,43.07,4.31
2752,922,108,3,294.36,0.0
2753,923,131,3,10.91,0.0
2754,923,41,4,36.8,3.68
2755,923,103,4,233.36,46.67
2756,924,30,1,304.56,0.0
2757,924,36,2,319.43,0.0
2758,924,2,1,332.83,0.0
2759,925,147,2,15.84,1.58
2760,925,47,3,272.75,40.91
2761,925,5,2,415.34,41.53
2762,925,10,3,409.97,0.0
2763,926,132,4,89.04,8.9
2764,926,28,2,75.89,0.0
2765,926,149,4,499.81,99.96
2766,927,27,3,168.15,0.0
2767,927,22,1,18.29,0.0
2768,927,13,4,469.28,0.0
2769,927,5,3,415.34,0.0
2770,928,58,4,336.01,0.0
2771,929,4,4,273.69,0.0
2772,929,24,4,223.52,22.35
2773,929,59,2,189.39,18.94
2774,929,65,2,416.07,0.0
2775,930,145,2,27.77,2.78
2776,930,136,3,396.02,0.0
2777,930,91,1,252.58,0.0
2778,931,35,1,335.39,67.08
2779,931,125,2,269.3,40.4
2780,931,121,2,162.84,0.0
2781,931,98,4,187.8,37.56
2782,931,122,4,425.68,0.0
2783,932,4,1,273.69,27.37
2784,932,93,1,155.24,0.0
2785,933,2,1,332.83,66.57
2786,933,55,3,42.68,4.27
2787,934,136,3,396.02,39.6
2788,935,117,4,491.5,49.15
2789,935,121,1,162.84,0.0
2790,935,93,2,155.24,0.0
2791,936,69,2,93.19,0.0
2792,936,18,3,368.54,73.71
2793,937,82,2,437.52,87.5
2794,937,129,2,237.02,0.0
2795,938,133,3,328.02,32.8
2796,938,98,3,187.8,0.0
2797,938,80,3,413.08,61.96
2798,939,110,4,130.63,19.59
2799,939,89,3,15.3,2.29
2800,940,74,3,278.72,27.87
2801,940,121,3,162.84,24.43
2802,940,106,4,123.25,0.0
2803,940,11,3,381.78,0.0
2804,941,143,4,107.53,0.0
2805,942,129,2,237.02,23.7
2806,942,150,1,104.02,15.6
2807,942,7,4,28.64,2.86
2808,943,146,2,429.95,43.0
2809,943,4,4,273.69,0.0
2810,944,53,4,110.68,0.0
2811,944,22,2,18.29,0.0
2812,945,10,2,409.97,0.0
2813,945,63,4,142.21,0.0
2814,946,101,1,127.41,12.74
2815,946,102,4,139.64,27.93
2816,947,1,3,321.1,0.0
2817,947,91,2,252.58,0.0
2818,947,10,2,409.97,0.0
2819,947,86,1,474.92,0.0
2820,947,99,3,325.08,32.51
2821,948,84,3,178.48,0.0
2822,948,109,4,270.39,0.0
2823,949,120,1,335.74,50.36
2824,949,126,2,131.53,0.0
2825,949,148,2,165.59,0.0
2826,949,112,3,211.58,0.0
2827,950,140,1,224.28,22.43
2828,950,147,4,15.84,0.0
2829,950,10,2,409.97,61.5
2830,950,59,4,189.39,0.0
2831,951,37,3,104.0,0.0
2832,952,16,2,128.09,0.0
2833,952,148,2,165.59,0.0
2834,952,36,2,319.43,0.0
2835,952,134,2,444.99,0.0
2836,952,125,2,269.3,0.0
2837,953,116,3,377.29,56.59
2838,953,97,2,322.01,64.4
2839,954,68,3,136.7,0.0
2840,955,65,4,416.07,83.21
2841,955,136,4,396.02,59.4
2842,956,134,3,444.99,0.0
2843,956,99,3,325.08,48.76
2844,956,26,3,242.14,0.0
2845,956,121,4,162.84,32.57
2846,956,57,2,188.77,0.0
2847,957,62,3,399.48,39.95
2848,957,133,4,328.02,0.0
2849,957,10,1,409.97,0.0
2850,958,134,1,444.99,89.0
2851,959,83,2,129.83,19.47
2852,959,136,3,396.02,59.4
2853,959,15,3,350.02,35.0
2854,959,47,3,272.75,54.55
2855,960,68,1,136.7,27.34
2856,960,60,2,353.64,70.73
2857,960,64,3,64.91,6.49
2858,961,88,2,269.25,0.0
2859,961,127,1,222.52,33.38
2860,961,134,4,444.99,0.0
2861,961,72,2,242.78,0.0
2862,962,26,4,242.14,36.32
2863,962,120,4,335.74,50.36
2864,962,22,1,18.29,1.83
2865,962,97,1,322.01,0.0
2866,963,67,2,351.2,0.0
2867,963,21,4,429.76,42.98
2868,964,90,3,490.37,98.07
2869,964,20,1,169.34,0.0
2870,965,129,4,237.02,47.4
2871,966,140,1,224.28,0.0
2872,966,65,2,416.07,0.0
2873,966,98,1,187.8,28.17
2874,966,82,4,437.52,0.0
2875,967,14,1,304.76,0.0
2876,967,90,3,490.37,73.56
2877,967,43,1,330.28,0.0
2878,967,83,4,129.83,12.98
2879,968,47,3,272.75,54.55
2880,968,100,3,270.76,27.08
2881,968,117,3,491.5,0.0
2882,968,27,3,168.15,33.63
2883,968,124,3,241.15,0.0
2884,969,102,2,139.64,0.0
2885,969,19,2,488.22,0.0
2886,969,68,1,136.7,0.0
2887,970,69,3,93.19,13.98
2888,970,131,3,10.91,0.0
2889,970,61,4,92.4,0.0
2890,971,50,4,320.93,64.19
2891,972,81,1,43.0,0.0
2892,973,108,1,294.36,44.15
2893,974,34,1,22.78,0.0
2894,974,63,1,142.21,28.44
2895,975,97,3,322.01,32.2
2896,975,79,1,190.04,0.0
2897,975,56,4,422.08,0.0
2898,975,51,1,95.6,19.12
2899,975,14,4,304.76,0.0
2900,976,112,2,211.58,31.74
2901,976,43,1,330.28,33.03
2902,976,85,1,256.09,51.22
2903,976,45,1,299.19,59.84
2904,976,28,4,75.89,11.38
2905,977,39,1,203.79,0.0
2906,977,59,1,189.39,18.94
2907,977,83,3,129.83,0.0
2908,977,86,3,474.92,47.49
2909,978,79,1,190.04,0.0
2910,978,141,1,328.57,0.0
2911,978,32,1,146.13,14.61
2912,979,82,2,437.52,0.0
2913,980,76,1,127.04,19.06
2914,980,51,3,95.6,0.0
2915,980,93,2,155.24,0.0
2916,980,95,3,317.95,0.0
2917,980,122,4,425.68,0.0
2918,981,10,3,409.97,41.0
2919,981,35,4,335.39,50.31
2920,981,97,4,322.01,48.3
2921,981,91,4,252.58,37.89
2922,982,42,2,478.77,0.0
2923,982,149,1,499.81,0.0
2924,982,90,4,490.37,49.04
2925,982,133,4,328.02,65.6
2926,982,39,2,203.79,20.38
2927,983,113,2,109.63,0.0
2928,984,14,3,304.76,0.0
2929,984,10,3,409.97,0.0
2930,984,26,3,242.14,24.21
2931,985,103,4,233.36,0.0
2932,986,40,4,304.26,0.0
2933,986,63,4,142.21,14.22
2934,987,26,3,242.14,0.0
2935,987,71,4,352.1,0.0
2936,987,4,4,273.69,54.74
2937,987,32,3,146.13,0.0
2938,988,14,2,304.76,45.71
2939,989,122,1,425.68,0.0
2940,989,61,2,92.4,18.48
2941,989,5,2,415.34,0.0
2942,990,148,1,165.59,16.56
2943,990,82,3,437.52,0.0
2944,991,75,3,134.66,0.0
2945,991,6,4,43.07,0.0
2946,991,73,1,298.52,0.0
2947,992,94,4,414.66,0.0
2948,993,27,3,168.15,33.63
2949,993,31,2,287.81,57.56
2950,993,99,1,325.08,48.76
2951,993,7,1,28.64,0.0
2952,994,141,1,328.57,0.0
2953,994,14,1,304.76,60.95
2954,994,36,4,319.43,0.0
2955,994,113,3,109.63,21.93
2956,995,145,3,27.77,5.55
2957,995,24,3,223.52,0.0
2958,995,111,2,11.12,0.0
2959,995,144,4,201.38,0.0
2960,996,114,3,93.0,0.0
2961,996,5,1,415.34,0.0
2962,996,129,1,237.02,0.0
2963,996,148,1,165.59,33.12
2964,997,56,4,422.08,42.21
2965,997,82,4,437.52,87.5
2966,998,40,4,304.26,30.43
2967,998,148,3,165.59,16.56
2968,998,131,2,10.91,1.09
2969,998,77,3,208.09,0.0
2970,999,92,3,218.76,43.75
2971,999,102,1,139.64,0.0
2972,999,94,2,414.66,0.0
2973,999,123,2,77.17,7.72
2974,1000,19,4,488.22,0.0
2975,1000,55,1,42.68,8.54
2976,1001,70,2,246.27,0.0
2977,1001,65,4,416.07,83.21
2978,1001,6,2,43.07,8.61
2979,1001,32,2,146.13,14.61
2980,1002,94,1,414.66,0.0
2981,1002,71,3,352.1,0.0
2982,1002,6,2,43.07,0.0
2983,1002,112,3,211.58,0.0
2984,1003,120,2,335.74,67.15
2985,1003,44,3,452.04,0.0
2986,1003,98,3,187.8,0.0
2987,1003,27,1,168.15,0.0
2988,1003,58,3,336.01,33.6
2989,1004,105,3,223.61,33.54
2990,1004,2,2,332.83,0.0
2991,1004,84,2,178.48,0.0
2992,1004,142,2,118.0,0.0
2993,1005,93,4,155.24,0.0
2994,1005,2,2,332.83,66.57
2995,1005,67,4,351.2,0.0
2996,1005,50,3,320.93,0.0
2997,1006,104,1,172.41,0.0
2998,1006,139,4,262.86,0.0
2999,1006,42,3,478.77,0.0
3000,1006,39,2,203.79,0.0
3001,1006,59,3,189.39,18.94
3002,1007,8,4,495.36,49.54
3003,1007,5,3,415.34,41.53
3004,1007,74,3,278.72,0.0
3005,1007,125,2,269.3,0.0
3006,1008,41,1,36.8,0.0
3007,1008,7,4,28.64,0.0
3008,1008,102,4,139.64,0.0
3009,1009,87,2,283.38,0.0
3010,1009,96,2,498.77,0.0
3011,1009,95,4,317.95,63.59
3012,1009,137,4,142.56,14.26
3013,1009,11,2,381.78,0.0
3014,1010,147,1,15.84,0.0
3015,1011,58,1,336.01,50.4
3016,1011,43,1,330.28,0.0
3017,1012,65,2,416.07,0.0
3018,1013,55,3,42.68,0.0
3019,1013,54,1,34.49,0.0
3020,1014,112,4,211.58,0.0
3021,1014,86,2,474.92,47.49
3022,1014,126,3,131.53,0.0
3023,1015,57,1,188.77,0.0
3024,1016,86,4,474.92,94.98
3025,1016,123,4,77.17,7.72
3026,1017,64,4,64.91,0.0
3027,1017,21,3,429.76,0.0
3028,1017,11,2,381.78,76.36
3029,1017,116,2,377.29,0.0
3030,1018,130,2,43.77,0.0
3031,1018,100,3,270.76,0.0
3032,1018,20,2,169.34,33.87
3033,1019,26,1,242.14,48.43
3034,1019,103,3,233.36,0.0
3035,1019,140,1,224.28,22.43
3036,1019,136,4,396.02,59.4
3037,1019,65,4,416.07,0.0
3038,1020,115,1,377.52,0.0
3039,1020,146,3,429.95,0.0
3040,1020,19,1,488.22,97.64
3041,1020,136,4,396.02,0.0
3042,1020,141,1,328.57,32.86
3043,1021,79,1,190.04,0.0
3044,1021,30,3,304.56,0.0
3045,1022,106,2,123.25,0.0
3046,1023,95,2,317.95,47.69
3047,1024,36,1,319.43,0.0
3048,1024,1,2,321.1,0.0
3049,1025,136,3,396.02,79.2
3050,1025,106,2,123.25,0.0
3051,1025,143,3,107.53,16.13
3052,1025,30,4,304.56,0.0
3053,1026,136,1,396.02,59.4
3054,1027,116,2,377.29,0.0
3055,1028,59,1,189.39,0.0
3056,1028,63,1,142.21,14.22
3057,1029,44,2,452.04,0.0
3058,1030,34,1,22.78,0.0
3059,1030,22,1,18.29,2.74
3060,1031,12,1,76.22,0.0
3061,1031,95,3,317.95,47.69
3062,1031,85,2,256.09,25.61
3063,1031,19,4,488.22,48.82
3064,1031,104,2,172.41,25.86
3065,1032,15,2,350.02,70.0
3066,1032,18,4,368.54,73.71
3067,1032,21,1,429.76,0.0
3068,1032,59,1,189.39,28.41
3069,1033,61,1,92.4,0.0
3070,1033,145,3,27.77,0.0
3071,1033,7,4,28.64,0.0
3072,1033,103,4,233.36,0.0
3073,1034,146,3,429.95,0.0
3074,1034,107,1,110.67,22.13
3075,1034,139,3,262.86,0.0
3076,1035,121,2,162.84,16.28
3077,1035,14,4,304.76,0.0
3078,1035,18,1,368.54,55.28
3079,1035,59,1,189.39,37.88
3080,1036,62,2,399.48,39.95
3081,1036,69,2,93.19,0.0
3082,1036,123,1,77.17,15.43
3083,1037,123,4,77.17,7.72
3084,1037,121,2,162.84,16.28
3085,1037,60,3,353.64,0.0
3086,1037,109,1,270.39,0.0
3087,1038,90,3,490.37,49.04
3088,1038,77,1,208.09,20.81
3089,1039,60,4,353.64,0.0
3090,1039,82,2,437.52,65.63
3091,1040,41,2,36.8,0.0
3092,1040,88,4,269.25,26.93
3093,1040,36,2,319.43,31.94
3094,1040,117,1,491.5,49.15
3095,1040,107,4,110.67,22.13
3096,1041,114,4,93.0,0.0
3097,1041,150,4,104.02,10.4
3098,1041,89,2,15.3,0.0
3099,1042,12,4,76.22,0.0
3100,1042,83,4,129.83,0.0
3101,1042,149,2,499.81,0.0
3102,1042,113,2,109.63,10.96
3103,1043,135,2,236.07,23.61
3104,1043,75,3,134.66,13.47
3105,1044,117,1,491.5,0.0
3106,1044,103,3,233.36,35.0
3107,1045,78,1,236.94,47.39
3108,1046,24,3,223.52,0.0
3109,1046,3,3,341.27,68.25
3110,1047,72,2,242.78,0.0
3111,1047,77,2,208.09,20.81
3112,1047,84,2,178.48,0.0
3113,1047,92,2,218.76,0.0
3114,1048,150,2,104.02,20.8
3115,1048,102,1,139.64,13.96
3116,1049,80,3,413.08,0.0
3117,1049,39,4,203.79,40.76
3118,1049,95,3,317.95,63.59
3119,1049,90,4,490.37,73.56
3120,1049,44,2,452.04,67.81
3121,1050,57,2,188.77,0.0
3122,1050,68,3,136.7,0.0
3123,1050,39,3,203.79,0.0
3124,1050,53,2,110.68,22.14
3125,1051,37,3,104.0,0.0
3126,1051,51,1,95.6,9.56
3127,1051,135,4,236.07,47.21
3128,1051,102,3,139.64,13.96
3129,1051,88,1,269.25,0.0
3130,1052,71,2,352.1,0.0
3131,1052,137,4,142.56,21.38
3132,1052,47,1,272.75,0.0
3133,1052,98,3,187.8,28.17
3134,1053,69,2,93.19,9.32
3135,1053,65,1,416.07,0.0
3136,1053,91,1,252.58,0.0
3137,1053,79,4,190.04,28.51
3138,1054,27,3,168.15,16.82
3139,1055,22,3,18.29,1.83
3140,1055,44,1,452.04,0.0
3141,1056,119,4,453.53,90.71
3142,1057,109,1,270.39,40.56
3143,1057,112,1,211.58,0.0
3144,1057,119,2,453.53,68.03
3145,1057,139,3,262.86,52.57
3146,1058,97,1,322.01,64.4
3147,1059,150,3,104.02,0.0
3148,1059,90,1,490.37,0.0
3149,1059,43,3,330.28,0.0
3150,1060,26,3,242.14,0.0
3151,1061,81,2,43.0,8.6
3152,1061,16,2,128.09,0.0
3153,1062,92,3,218.76,21.88
3154,1062,74,1,278.72,0.0
3155,1062,78,4,236.94,47.39
3156,1062,121,3,162.84,0.0
3157,1062,101,4,127.41,25.48
3158,1063,35,2,335.39,0.0
3159,1063,141,3,328.57,0.0
3160,1064,129,4,237.02,35.55
3161,1064,44,3,452.04,0.0
3162,1064,24,3,223.52,44.7
3163,1065,119,2,453.53,0.0
3164,1065,147,4,15.84,0.0
3165,1065,97,3,322.01,64.4
3166,1066,131,2,10.91,2.18
3167,1066,36,3,319.43,0.0
3168,1066,139,3,262.86,0.0
3169,1066,18,3,368.54,0.0
3170,1066,45,3,299.19,0.0
3171,1067,83,4,129.83,0.0
3172,1068,53,3,110.68,0.0
3173,1068,81,4,43.0,0.0
3174,1068,129,1,237.02,23.7
3175,1069,88,4,269.25,26.93
3176,1069,79,4,190.04,0.0
3177,1069,15,1,350.02,0.0
3178,1069,38,4,202.51,40.5
3179,1070,24,2,223.52,0.0
3180,1071,54,2,34.49,3.45
3181,1071,74,3,278.72,27.87
3182,1071,129,4,237.02,47.4
3183,1072,30,1,304.56,0.0
3184,1072,36,3,319.43,0.0
3185,1072,84,4,178.48,35.7
3186,1073,130,1,43.77,0.0
3187,1073,92,1,218.76,21.88
3188,1073,104,2,172.41,0.0
3189,1074,109,4,270.39,0.0
3190,1074,68,4,136.7,13.67
3191,1074,148,2,165.59,0.0
3192,1075,59,4,189.39,28.41
3193,1076,102,2,139.64,0.0
3194,1076,83,1,129.83,25.97
3195,1076,62,2,399.48,59.92
3196,1076,94,3,414.66,0.0
3197,1076,75,4,134.66,26.93
3198,1077,93,3,155.24,15.52
3199,1077,70,1,246.27,24.63
3200,1077,57,3,188.77,18.88
3201,1077,86,4,474.92,0.0
3202,1077,143,4,107.53,16.13
3203,1078,19,4,488.22,97.64
3204,1078,141,3,328.57,0.0
3205,1078,5,2,415.34,62.3
3206,1078,149,1,499.81,49.98
3207,1078,15,4,350.02,70.0
3208,1079,93,3,155.24,0.0
3209,1079,2,2,332.83,49.92
3210,1079,147,2,15.84,0.0
3211,1079,130,3,43.77,8.75
3212,1079,75,1,134.66,13.47
3213,1080,4,3,273.69,27.37
3214,1080,73,1,298.52,44.78
3215,1080,15,2,350.02,70.0
3216,1080,44,1,452.04,90.41
3217,1080,113,3,109.63,10.96
3218,1081,117,1,491.5,98.3
3219,1082,14,2,304.76,0.0
3220,1082,31,1,287.81,43.17
3221,1082,69,1,93.19,13.98
3222,1083,87,4,283.38,0.0
3223,1083,58,2,336.01,67.2
3224,1084,84,1,178.48,0.0
3225,1084,135,4,236.07,0.0
3226,1084,115,1,377.52,0.0
3227,1084,12,1,76.22,0.0
3228,1084,35,3,335.39,0.0
3229,1085,69,1,93.19,0.0
3230,1086,95,1,317.95,47.69
3231,1086,145,4,27.77,0.0
3232,1086,5,1,415.34,62.3
3233,1086,43,2,330.28,0.0
3234,1087,79,1,190.04,19.0
3235,1087,124,3,241.15,0.0
3236,1087,69,3,93.19,18.64
3237,1087,16,4,128.09,25.62
3238,1087,14,4,304.76,0.0
3239,1088,62,3,399.48,39.95
3240,1089,119,3,453.53,0.0
3241,1089,37,3,104.0,0.0
3242,1089,126,3,131.53,0.0
3243,1090,96,4,498.77,99.75
3244,1091,122,3,425.68,0.0
3245,1091,143,2,107.53,21.51
3246,1091,59,1,189.39,37.88
3247,1091,39,1,203.79,30.57
3248,1091,58,1,336.01,67.2
3249,1092,99,3,325.08,65.02
3250,1092,108,1,294.36,0.0
3251,1092,145,4,27.77,0.0
3252,1092,58,1,336.01,0.0
3253,1093,83,4,129.83,0.0
3254,1093,60,4,353.64,35.36
3255,1094,98,4,187.8,0.0
3256,1094,41,2,36.8,7.36
3257,1094,94,4,414.66,0.0
3258,1095,58,3,336.01,50.4
3259,1095,9,3,444.4,0.0
3260,1095,70,1,246.27,24.63
3261,1096,91,1,252.58,25.26
3262,1097,16,3,128.09,0.0
3263,1098,36,4,319.43,0.0
3264,1098,134,4,444.99,89.0
3265,1098,43,2,330.28,33.03
3266,1098,72,3,242.78,0.0
3267,1098,144,4,201.38,0.0
3268,1099,114,4,93.0,0.0
3269,1099,20,4,169.34,16.93
3270,1100,140,4,224.28,0.0
3271,1100,107,2,110.67,0.0
3272,1101,121,1,162.84,24.43
3273,1101,136,2,396.02,39.6
3274,1101,3,1,341.27,0.0
3275,1102,16,3,128.09,25.62
3276,1103,102,4,139.64,0.0
3277,1103,9,1,444.4,0.0
3278,1103,60,4,353.64,35.36
3279,1103,142,4,118.0,11.8
3280,1103,96,4,498.77,99.75
3281,1104,57,3,188.77,0.0
3282,1104,24,3,223.52,0.0
3283,1105,94,4,414.66,82.93
3284,1105,26,1,242.14,0.0
3285,1105,34,1,22.78,0.0
3286,1105,54,3,34.49,6.9
3287,1106,69,4,93.19,18.64
3288,1106,35,3,335.39,67.08
3289,1106,110,2,130.63,13.06
3290,1107,117,2,491.5,0.0
3291,1107,145,3,27.77,0.0
3292,1107,140,3,224.28,22.43
3293,1107,134,1,444.99,66.75
3294,1108,76,1,127.04,0.0
3295,1108,57,3,188.77,37.75
3296,1108,82,1,437.52,0.0
3297,1108,134,1,444.99,0.0
3298,1108,48,2,333.72,50.06
3299,1109,55,1,42.68,0.0
3300,1109,90,4,490.37,0.0
3301,1109,9,4,444.4,0.0
3302,1109,94,4,414.66,0.0
3303,1109,46,2,67.45,10.12
3304,1110,101,1,127.41,12.74
3305,1111,39,2,203.79,0.0
3306,1111,105,1,223.61,44.72
3307,1111,4,2,273.69,27.37
3308,1111,41,1,36.8,5.52
3309,1112,33,2,179.42,35.88
3310,1113,39,2,203.79,0.0
3311,1113,11,4,381.78,57.27
3312,1113,99,1,325.08,0.0
3313,1113,79,3,190.04,28.51
3314,1113,61,3,92.4,0.0
3315,1114,131,4,10.91,0.0
3316,1114,85,3,256.09,25.61
3317,1114,127,1,222.52,0.0
3318,1114,32,3,146.13,14.61
3319,1115,131,1,10.91,0.0
3320,1115,146,2,429.95,0.0
3321,1115,136,3,396.02,39.6
3322,1115,28,3,75.89,15.18
3323,1115,31,3,287.81,0.0
3324,1116,109,2,270.39,27.04
3325,1116,11,3,381.78,57.27
3326,1117,77,2,208.09,0.0
3327,1117,9,3,444.4,0.0
3328,1117,67,4,351.2,52.68
3329,1117,46,4,67.45,0.0
3330,1118,119,1,453.53,45.35
3331,1118,120,2,335.74,0.0
3332,1118,74,4,278.72,0.0
3333,1119,56,1,422.08,84.42
3334,1120,14,4,304.76,0.0
3335,1120,7,1,28.64,0.0
3336,1121,50,3,320.93,0.0
3337,1121,6,3,43.07,8.61
3338,1121,105,2,223.61,0.0
3339,1122,124,4,241.15,0.0
3340,1122,130,4,43.77,6.57
3341,1123,38,3,202.51,0.0
3342,1123,147,1,15.84,1.58
3343,1123,97,4,322.01,0.0
3344,1124,37,4,104.0,0.0
3345,1124,1,1,321.1,0.0
3346,1124,47,4,272.75,0.0
3347,1124,13,4,469.28,70.39
3348,1125,27,4,168.15,33.63
3349,1125,18,1,368.54,0.0
3350,1126,50,1,320.93,48.14
3351,1126,70,3,246.27,0.0
3352,1126,15,4,350.02,0.0
3353,1126,150,4,104.02,0.0
3354,1127,142,1,118.0,23.6
3355,1127,116,1,377.29,0.0
3356,1127,6,2,43.07,0.0
3357,1127,145,4,27.77,5.55
3358,1128,76,3,127.04,19.06
3359,1128,144,3,201.38,40.28
3360,1128,101,2,127.41,0.0
3361,1128,27,1,168.15,0.0
3362,1129,11,3,381.78,57.27
3363,1129,98,4,187.8,0.0
3364,1130,73,1,298.52,0.0
3365,1131,77,2,208.09,0.0
3366,1132,99,4,325.08,0.0
3367,1132,34,3,22.78,3.42
3368,1133,90,3,490.37,98.07
3369,1133,147,3,15.84,3.17
3370,1133,95,3,317.95,63.59
3371,1133,28,2,75.89,7.59
3372,1133,122,2,425.68,85.14
3373,1134,20,1,169.34,0.0
3374,1135,134,4,444.99,44.5
3375,1135,73,2,298.52,59.7
3376,1135,24,1,223.52,22.35
3377,1135,148,3,165.59,0.0
3378,1136,40,1,304.26,30.43
3379,1136,26,2,242.14,48.43
3380,1137,74,1,278.72,0.0
3381,1137,105,1,223.61,33.54
3382,1137,124,2,241.15,24.12
3383,1137,114,1,93.0,9.3
3384,1137,121,4,162.84,0.0
3385,1138,9,2,444.4,88.88
3386,1138,85,3,256.09,0.0
3387,1138,129,3,237.02,0.0
3388,1138,141,1,328.57,32.86
3389,1138,137,4,142.56,0.0
3390,1139,13,1,469.28,0.0
3391,1139,146,3,429.95,0.0
3392,1139,78,1,236.94,47.39
3393,1140,79,3,190.04,38.01
3394,1140,89,3,15.3,0.0
3395,1140,144,4,201.38,0.0
3396,1140,27,4,168.15,16.82
3397,1140,110,3,130.63,26.13
3398,1141,106,3,123.25,0.0
3399,1141,121,2,162.84,16.28
3400,1141,3,1,341.27,68.25
3401,1141,67,3,351.2,52.68
3402,1141,88,3,269.25,0.0
3403,1142,70,3,246.27,0.0
3404,1143,24,1,223.52,0.0
3405,1144,125,3,269.3,0.0
3406,1145,130,3,43.77,4.38
3407,1146,102,1,139.64,13.96
3408,1146,141,4,328.57,0.0
3409,1146,149,4,499.81,0.0
3410,1146,60,2,353.64,70.73
3411,1146,50,3,320.93,0.0
3412,1147,20,4,169.34,0.0
3413,1147,28,1,75.89,11.38
3414,1148,100,4,270.76,27.08
3415,1148,109,3,270.39,40.56
3416,1148,74,1,278.72,41.81
3417,1149,82,3,437.52,87.5
3418,1150,105,4,223.61,0.0
3419,1150,4,2,273.69,0.0
3420,1151,12,2,76.22,0.0
3421,1152,38,1,202.51,0.0
3422,1152,140,4,224.28,44.86
3423,1152,150,3,104.02,0.0
3424,1152,87,2,283.38,0.0
3425,1153,76,3,127.04,0.0
3426,1153,96,1,498.77,0.0
3427,1153,4,3,273.69,27.37
3428,1154,115,2,377.52,37.75
3429,1155,20,3,169.34,25.4
3430,1155,102,1,139.64,27.93
3431,1155,8,3,495.36,74.3
3432,1156,123,4,77.17,11.58
3433,1157,30,2,304.56,45.68
3434,1157,24,4,223.52,22.35
3435,1157,32,3,146.13,0.0
3436,1158,28,4,75.89,7.59
3437,1158,96,3,498.77,49.88
3438,1159,69,1,93.19,0.0
3439,1159,143,4,107.53,0.0
3440,1159,111,4,11.12,1.11
3441,1159,30,4,304.56,0.0
3442,1160,61,2,92.4,18.48
3443,1160,4,2,273.69,54.74
3444,1160,143,4,107.53,0.0
3445,1160,149,1,499.81,49.98
3446,1160,2,4,332.83,0.0
3447,1161,106,1,123.25,24.65
3448,1161,144,2,201.38,20.14
3449,1161,103,3,233.36,0.0
3450,1162,30,4,304.56,0.0
3451,1162,67,1,351.2,52.68
3452,1162,117,4,491.5,98.3
3453,1162,36,1,319.43,47.91
3454,1163,8,4,495.36,99.07
3455,1164,90,3,490.37,0.0
3456,1164,74,3,278.72,0.0
3457,1164,83,2,129.83,25.97
3458,1164,114,1,93.0,9.3
3459,1165,103,3,233.36,0.0
3460,1165,10,4,409.97,0.0
3461,1166,27,2,168.15,25.22
3462,1166,86,4,474.92,0.0
3463,1166,149,4,499.81,0.0
3464,1166,45,3,299.19,0.0
3465,1166,97,4,322.01,0.0
3466,1167,94,1,414.66,0.0
3467,1167,129,4,237.02,35.55
3468,1167,12,4,76.22,0.0
3469,1168,3,1,341.27,34.13
3470,1168,133,4,328.02,0.0
3471,1168,24,1,223.52,0.0
3472,1168,6,4,43.07,8.61
3473,1168,120,1,335.74,0.0
3474,1169,48,2,333.72,0.0
3475,1169,31,3,287.81,0.0
3476,1169,82,3,437.52,0.0
3477,1169,44,3,452.04,67.81
3478,1169,94,4,414.66,0.0
3479,1170,75,1,134.66,0.0
3480,1170,28,4,75.89,0.0
3481,1171,37,3,104.0,0.0
3482,1171,117,3,491.5,0.0
3483,1172,113,2,109.63,21.93
3484,1173,136,3,396.02,79.2
3485,1174,71,3,352.1,0.0
3486,1174,89,1,15.3,0.0
3487,1174,104,2,172.41,34.48
3488,1174,100,1,270.76,40.61
3489,1175,69,2,93.19,0.0
3490,1175,100,1,270.76,27.08
3491,1176,14,2,304.76,0.0
3492,1176,37,3,104.0,15.6
3493,1177,56,4,422.08,0.0
3494,1177,4,4,273.69,0.0
3495,1177,45,2,299.19,0.0
3496,1177,95,3,317.95,63.59
3497,1178,42,3,478.77,0.0
3498,1179,62,2,399.48,0.0
3499,1179,93,3,155.24,0.0
3500,1179,55,3,42.68,0.0
3501,1179,85,4,256.09,25.61
3502,1179,78,1,236.94,0.0
3503,1180,68,3,136.7,0.0
3504,1180,19,4,488.22,0.0
3505,1181,2,1,332.83,49.92
3506,1182,51,1,95.6,0.0
3507,1182,58,4,336.01,0.0
3508,1182,20,1,169.34,16.93
3509,1183,16,3,128.09,0.0
3510,1184,98,4,187.8,0.0
3511,1184,71,2,352.1,35.21
3512,1184,42,2,478.77,71.82
3513,1184,21,3,429.76,64.46
3514,1185,148,1,165.59,0.0
3515,1185,114,3,93.0,9.3
3516,1185,54,4,34.49,5.17
3517,1185,107,4,110.67,22.13
3518,1185,26,3,242.14,0.0
3519,1186,119,1,453.53,0.0
3520,1186,114,3,93.0,13.95
3521,1186,37,2,104.0,10.4
3522,1186,10,1,409.97,61.5
3523,1186,42,3,478.77,0.0
3524,1187,26,1,242.14,0.0
3525,1188,90,4,490.37,98.07
3526,1188,142,3,118.0,0.0
3527,1189,144,4,201.38,40.28
3528,1189,99,4,325.08,0.0
3529,1189,7,2,28.64,4.3
3530,1189,71,2,352.1,0.0
3531,1189,143,4,107.53,0.0
3532,1190,8,1,495.36,0.0
3533,1190,12,3,76.22,0.0
3534,1191,105,4,223.61,22.36
3535,1191,107,3,110.67,0.0
3536,1191,122,1,425.68,85.14
3537,1191,67,3,351.2,0.0
3538,1192,83,1,129.83,19.47
3539,1192,73,3,298.52,29.85
3540,1192,1,2,321.1,0.0
3541,1192,102,4,139.64,27.93
3542,1192,42,4,478.77,0.0
3543,1193,146,1,429.95,0.0
3544,1194,96,2,498.77,49.88
3545,1194,124,3,241.15,0.0
3546,1194,39,1,203.79,20.38
3547,1195,119,3,453.53,0.0
3548,1195,51,4,95.6,0.0
3549,1195,47,1,272.75,54.55
3550,1195,56,3,422.08,0.0
3551,1195,137,2,142.56,0.0
3552,1196,86,1,474.92,94.98
3553,1196,30,1,304.56,0.0
3554,1196,124,2,241.15,0.0
3555,1196,67,1,351.2,0.0
3556,1197,90,1,490.37,98.07
3557,1197,27,1,168.15,25.22
3558,1198,26,1,242.14,0.0
3559,1199,108,1,294.36,58.87
3560,1199,10,4,409.97,0.0
3561,1199,22,3,18.29,0.0
3562,1199,109,1,270.39,0.0
3563,1200,99,2,325.08,0.0
3564,1200,137,1,142.56,28.51
3565,1201,2,2,332.83,0.0
3566,1201,140,4,224.28,44.86
3567,1201,119,2,453.53,0.0
3568,1201,147,2,15.84,1.58
3569,1202,41,2,36.8,0.0
3570,1203,139,1,262.86,39.43
3571,1204,75,3,134.66,0.0
3572,1204,111,4,11.12,2.22
3573,1204,35,2,335.39,0.0
3574,1204,91,3,252.58,0.0
3575,1204,56,1,422.08,0.0
3576,1205,54,4,34.49,3.45
3577,1205,74,4,278.72,0.0
3578,1205,75,4,134.66,26.93
3579,1205,112,2,211.58,0.0
3580,1206,122,3,425.68,0.0
3581,1206,9,3,444.4,66.66
3582,1206,53,4,110.68,0.0
3583,1206,37,2,104.0,0.0
3584,1206,111,1,11.12,0.0
3585,1207,61,3,92.4,0.0
3586,1207,114,3,93.0,0.0
3587,1207,89,1,15.3,0.0
3588,1207,110,2,130.63,0.0
3589,1207,18,2,368.54,0.0
3590,1208,105,1,223.61,0.0
3591,1208,50,1,320.93,0.0
3592,1208,3,1,341.27,0.0
3593,1208,86,2,474.92,0.0
3594,1209,60,1,353.64,0.0
3595,1209,11,4,381.78,57.27
3596,1209,130,1,43.77,0.0
3597,1210,77,1,208.09,0.0
3598,1211,115,2,377.52,0.0
3599,1211,123,4,77.17,11.58
3600,1211,1,3,321.1,0.0
3601,1212,79,3,190.04,38.01
3602,1213,59,3,189.39,0.0
3603,1213,12,1,76.22,15.24
3604,1213,142,4,118.0,11.8
3605,1214,113,1,109.63,21.93
3606,1215,80,4,413.08,0.0
3607,1215,114,1,93.0,0.0
3608,1216,144,4,201.38,20.14
3609,1216,64,1,64.91,9.74
3610,1217,67,3,351.2,70.24
3611,1217,129,3,237.02,23.7
3612,1217,100,3,270.76,0.0
3613,1217,81,4,43.0,0.0
3614,1217,71,1,352.1,0.0
3615,1218,13,1,469.28,46.93
3616,1219,35,1,335.39,67.08
3617,1219,51,1,95.6,9.56
3618,1219,21,3,429.76,42.98
3619,1220,63,3,142.21,21.33
3620,1220,53,2,110.68,0.0
3621,1221,35,4,335.39,0.0
3622,1221,21,1,429.76,0.0
3623,1221,22,4,18.29,0.0
3624,1221,126,3,131.53,0.0
3625,1222,65,3,416.07,41.61
3626,1222,79,2,190.04,0.0
3627,1222,20,2,169.34,0.0
3628,1222,102,3,139.64,0.0
3629,1223,124,3,241.15,48.23
3630,1223,93,4,155.24,23.29
3631,1224,113,2,109.63,16.44
3632,1224,110,2,130.63,0.0
3633,1224,100,1,270.76,40.61
3634,1225,81,1,43.0,8.6
3635,1225,11,3,381.78,0.0
3636,1225,100,2,270.76,0.0
3637,1225,110,2,130.63,0.0
3638,1225,60,4,353.64,0.0
3639,1226,11,4,381.78,38.18
3640,1226,70,2,246.27,24.63
3641,1226,78,3,236.94,0.0
3642,1226,148,4,165.59,0.0
3643,1227,99,1,325.08,0.0
3644,1227,115,4,377.52,75.5
3645,1227,77,1,208.09,0.0
3646,1227,71,1,352.1,0.0
3647,1227,72,4,242.78,0.0
3648,1228,79,2,190.04,0.0
3649,1228,34,2,22.78,4.56
3650,1228,70,1,246.27,49.25
3651,1228,80,2,413.08,0.0
3652,1228,126,2,131.53,13.15
3653,1229,117,4,491.5,98.3
3654,1230,130,4,43.77,8.75
3655,1230,117,1,491.5,0.0
3656,1230,145,4,27.77,4.17
3657,1230,42,4,478.77,0.0
3658,1231,22,1,18.29,1.83
3659,1232,7,4,28.64,5.73
3660,1232,65,4,416.07,0.0
3661,1232,81,1,43.0,0.0
3662,1232,117,1,491.5,0.0
3663,1233,46,3,67.45,13.49
3664,1233,77,2,208.09,0.0
3665,1233,27,4,168.15,16.82
3666,1234,121,2,162.84,0.0
3667,1234,60,1,353.64,0.0
3668,1235,113,3,109.63,0.0
3669,1235,136,4,396.02,0.0
3670,1236,88,4,269.25,0.0
3671,1237,21,1,429.76,0.0
3672,1237,95,4,317.95,63.59
3673,1237,134,4,444.99,0.0
3674,1237,144,2,201.38,0.0
3675,1238,33,4,179.42,35.88
3676,1238,50,1,320.93,48.14
3677,1238,123,1,77.17,0.0
3678,1238,53,3,110.68,16.6
3679,1239,109,2,270.39,40.56
3680,1239,2,1,332.83,49.92
3681,1239,9,4,444.4,88.88
3682,1239,130,1,43.77,0.0
3683,1240,84,3,178.48,17.85
3684,1240,53,2,110.68,11.07
3685,1241,107,1,110.67,0.0
3686,1241,85,4,256.09,0.0
3687,1242,110,4,130.63,13.06
3688,1242,52,4,98.97,0.0
3689,1242,141,3,328.57,0.0
3690,1243,53,4,110.68,11.07
3691,1243,143,1,107.53,0.0
3692,1243,15,1,350.02,0.0
3693,1243,89,3,15.3,1.53
3694,1244,37,2,104.0,0.0
3695,1244,116,4,377.29,0.0
3696,1245,115,1,377.52,56.63
3697,1245,39,2,203.79,40.76
3698,1246,6,2,43.07,0.0
3699,1246,81,3,43.0,4.3
3700,1246,56,4,422.08,63.31
3701,1246,72,3,242.78,0.0
3702,1247,89,4,15.3,0.0
3703,1248,82,1,437.52,0.0
3704,1248,45,4,299.19,0.0
3705,1249,102,3,139.64,20.95
3706,1249,36,2,319.43,63.89
3707,1249,72,4,242.78,48.56
3708,1249,32,1,146.13,0.0
3709,1250,132,4,89.04,0.0
3710,1250,42,3,478.77,71.82
3711,1250,80,3,413.08,41.31
3712,1250,7,1,28.64,2.86
3713,1250,97,1,322.01,48.3
3714,1251,85,1,256.09,25.61
3715,1251,11,3,381.78,76.36
3716,1252,60,1,353.64,35.36
3717,1253,126,3,131.53,0.0
3718,1253,71,2,352.1,0.0
3719,1253,27,3,168.15,25.22
3720,1254,14,4,304.76,30.48
3721,1254,27,2,168.15,33.63
3722,1254,71,4,352.1,35.21
3723,1254,33,2,179.42,17.94
3724,1254,56,1,422.08,0.0
3725,1255,48,3,333.72,33.37
3726,1255,47,1,272.75,0.0
3727,1255,116,1,377.29,0.0
3728,1255,19,3,488.22,0.0
3729,1256,104,3,172.41,0.0
3730,1256,5,2,415.34,0.0
3731,1256,33,2,179.42,17.94
3732,1257,73,1,298.52,0.0
3733,1257,135,2,236.07,0.0
3734,1257,106,2,123.25,0.0
3735,1258,12,2,76.22,7.62
3736,1258,142,3,118.0,0.0
3737,1258,131,2,10.91,2.18
3738,1258,107,4,110.67,22.13
3739,1258,144,3,201.38,0.0
3740,1259,72,3,242.78,0.0
3741,1259,35,4,335.39,0.0
3742,1259,56,1,422.08,0.0
3743,1259,131,3,10.91,0.0
3744,1259,94,3,414.66,62.2
3745,1260,101,1,127.41,0.0
3746,1261,94,1,414.66,0.0
3747,1262,58,3,336.01,0.0
3748,1263,27,1,168.15,0.0
3749,1263,21,3,429.76,0.0
3750,1264,140,1,224.28,0.0
3751,1264,99,1,325.08,0.0
3752,1265,141,4,328.57,0.0
3753,1265,21,4,429.76,0.0
3754,1265,87,4,283.38,42.51
3755,1265,125,3,269.3,40.4
3756,1266,113,2,109.63,16.44
3757,1266,62,1,399.48,0.0
3758,1266,126,1,131.53,19.73
3759,1266,16,4,128.09,12.81
3760,1267,45,2,299.19,44.88
3761,1267,40,4,304.26,0.0
3762,1267,108,4,294.36,44.15
3763,1268,77,1,208.09,0.0
3764,1268,78,3,236.94,0.0
3765,1268,123,4,77.17,15.43
3766,1268,13,3,469.28,70.39
3767,1269,98,1,187.8,28.17
3768,1269,90,1,490.37,98.07
3769,1269,35,4,335.39,50.31
3770,1269,140,3,224.28,44.86
3771,1269,71,4,352.1,70.42
3772,1270,3,4,341.27,34.13
3773,1271,122,2,425.68,0.0
3774,1271,56,1,422.08,63.31
3775,1272,38,1,202.51,0.0
3776,1273,145,3,27.77,4.17
3777,1274,10,3,409.97,0.0
3778,1275,46,1,67.45,0.0
3779,1275,106,3,123.25,24.65
3780,1275,147,4,15.84,1.58
3781,1276,150,1,104.02,20.8
3782,1277,37,2,104.0,0.0
3783,1277,34,2,22.78,0.0
3784,1278,27,2,168.15,0.0
3785,1279,130,4,43.77,0.0
3786,1279,91,3,252.58,0.0
3787,1279,6,4,43.07,0.0
3788,1279,54,2,34.49,0.0
3789,1279,120,4,335.74,0.0
3790,1280,97,3,322.01,0.0
3791,1280,53,2,110.68,22.14
3792,1280,42,4,478.77,71.82
3793,1280,59,2,189.39,0.0
3794,1280,137,1,142.56,21.38
3795,1281,136,2,396.02,0.0
3796,1281,135,3,236.07,23.61
3797,1281,45,2,299.19,29.92
3798,1281,9,4,444.4,88.88
3799,1282,42,2,478.77,71.82
3800,1282,148,2,165.59,33.12
3801,1282,102,1,139.64,20.95
3802,1282,117,2,491.5,0.0
3803,1282,32,3,146.13,14.61
3804,1283,46,1,67.45,0.0
3805,1284,103,2,233.36,46.67
3806,1285,141,1,328.57,65.71
3807,1285,22,4,18.29,0.0
3808,1286,24,2,223.52,22.35
3809,1286,55,1,42.68,4.27
3810,1287,35,3,335.39,0.0
3811,1287,85,1,256.09,0.0
3812,1287,150,1,104.02,0.0
3813,1287,3,3,341.27,51.19
3814,1288,99,4,325.08,32.51
3815,1288,2,2,332.83,0.0
3816,1289,71,1,352.1,70.42
3817,1289,70,4,246.27,36.94
3818,1289,73,1,298.52,29.85
3819,1290,20,3,169.34,0.0
3820,1291,91,2,252.58,0.0
3821,1291,77,3,208.09,31.21
3822,1292,6,2,43.07,4.31
3823,1292,127,1,222.52,0.0
3824,1292,88,2,269.25,40.39
3825,1292,64,4,64.91,0.0
3826,1292,77,1,208.09,31.21
3827,1293,75,4,134.66,20.2
3828,1293,47,4,272.75,27.28
3829,1294,85,3,256.09,51.22
3830,1294,12,1,76.22,11.43
3831,1294,13,1,469.28,93.86
3832,1295,76,3,127.04,0.0
3833,1295,59,4,189.39,0.0
3834,1295,67,1,351.2,70.24
3835,1295,13,3,469.28,0.0
3836,1295,7,4,28.64,0.0
3837,1296,88,4,269.25,0.0
3838,1296,41,1,36.8,5.52
3839,1296,125,2,269.3,53.86
3840,1296,150,1,104.02,10.4
3841,1296,32,3,146.13,21.92
3842,1297,14,2,304.76,0.0
3843,1297,24,2,223.52,0.0
3844,1297,127,3,222.52,22.25
3845,1297,87,2,283.38,42.51
3846,1298,131,4,10.91,0.0
3847,1298,8,2,495.36,0.0
3848,1298,14,3,304.76,0.0
3849,1298,31,2,287.81,28.78
3850,1299,52,3,98.97,0.0
3851,1299,93,4,155.24,23.29
3852,1299,105,2,223.61,0.0
3853,1300,7,2,28.64,2.86
3854,1300,95,1,317.95,0.0
3855,1300,1,2,321.1,48.16
3856,1300,38,1,202.51,30.38
3857,1300,41,3,36.8,0.0
3858,1301,4,4,273.69,54.74
3859,1301,113,4,109.63,0.0
3860,1302,112,4,211.58,31.74
3861,1302,120,3,335.74,67.15
3862,1302,43,4,330.28,66.06
3863,1302,93,2,155.24,23.29
3864,1303,149,4,499.81,49.98
3865,1303,72,3,242.78,48.56
3866,1303,125,3,269.3,40.4
3867,1303,65,2,416.07,41.61
3868,1303,67,3,351.2,0.0
3869,1304,74,4,278.72,55.74
3870,1305,57,4,188.77,0.0
3871,1305,119,2,453.53,90.71
3872,1305,82,1,437.52,65.63
3873,1305,106,1,123.25,12.33
3874,1305,74,1,278.72,0.0
3875,1306,52,4,98.97,0.0
3876,1306,34,2,22.78,0.0
3877,1306,62,2,399.48,0.0
3878,1307,48,2,333.72,0.0
3879,1307,136,4,396.02,39.6
3880,1307,34,1,22.78,3.42
3881,1308,27,3,168.15,0.0
3882,1308,7,2,28.64,0.0
3883,1308,113,3,109.63,16.44
3884,1308,14,3,304.76,60.95
3885,1308,67,2,351.2,0.0
3886,1309,133,1,328.02,49.2
3887,1309,129,4,237.02,35.55
3888,1309,99,3,325.08,65.02
3889,1309,31,4,287.81,43.17
3890,1310,83,1,129.83,12.98
3891,1310,62,2,399.48,39.95
3892,1310,96,3,498.77,99.75
3893,1311,2,1,332.83,66.57
3894,1311,8,2,495.36,0.0
3895,1312,51,3,95.6,0.0
3896,1312,142,4,118.0,17.7
3897,1312,13,2,469.28,0.0
3898,1312,100,1,270.76,0.0
3899,1312,129,2,237.02,0.0
3900,1313,75,2,134.66,0.0
3901,1313,59,4,189.39,18.94
3902,1313,22,1,18.29,2.74
3903,1313,102,1,139.64,0.0
3904,1313,120,1,335.74,33.57
3905,1314,82,2,437.52,0.0
3906,1315,68,4,136.7,20.5
3907,1315,148,4,165.59,16.56
3908,1315,109,1,270.39,0.0
3909,1315,127,4,222.52,0.0
3910,1315,98,4,187.8,0.0
3911,1316,121,3,162.84,0.0
3912,1316,1,3,321.1,0.0
3913,1316,82,2,437.52,65.63
3914,1316,16,1,128.09,0.0
3915,1316,56,3,422.08,84.42
3916,1317,13,3,469.28,0.0
3917,1318,117,2,491.5,0.0
3918,1318,141,2,328.57,49.29
3919,1318,7,2,28.64,5.73
3920,1318,115,1,377.52,37.75
3921,1319,19,4,488.22,0.0
3922,1319,20,2,169.34,0.0
3923,1319,114,1,93.0,13.95
3924,1320,120,2,335.74,50.36
3925,1320,5,3,415.34,0.0
3926,1320,110,4,130.63,19.59
3927,1320,19,1,488.22,73.23
3928,1321,22,2,18.29,1.83
3929,1321,64,4,64.91,0.0
3930,1321,19,2,488.22,0.0
3931,1321,105,3,223.61,44.72
3932,1321,31,3,287.81,0.0
3933,1322,146,2,429.95,0.0
3934,1322,147,1,15.84,0.0
3935,1323,131,1,10.91,1.64
3936,1323,61,3,92.4,0.0
3937,1323,48,4,333.72,0.0
3938,1324,146,4,429.95,43.0
3939,1324,39,3,203.79,40.76
3940,1324,61,3,92.4,9.24
3941,1324,22,2,18.29,0.0
3942,1325,96,4,498.77,0.0
3943,1325,109,3,270.39,0.0
3944,1325,15,2,350.02,35.0
3945,1325,12,4,76.22,0.0
3946,1325,110,1,130.63,0.0
3947,1326,131,2,10.91,1.64
3948,1326,130,4,43.77,0.0
3949,1326,95,2,317.95,0.0
3950,1327,116,1,377.29,0.0
3951,1327,63,2,142.21,28.44
3952,1327,113,3,109.63,0.0
3953,1327,126,2,131.53,0.0
3954,1327,21,4,429.76,64.46
3955,1328,40,1,304.26,60.85
3956,1328,19,4,488.22,97.64
3957,1329,85,1,256.09,38.41
3958,1329,18,3,368.54,55.28
3959,1329,83,4,129.83,19.47
3960,1329,41,1,36.8,7.36
3961,1330,110,1,130.63,13.06
3962,1331,71,2,352.1,0.0
3963,1332,19,1,488.22,73.23
3964,1332,65,4,416.07,41.61
3965,1332,35,1,335.39,67.08
3966,1333,75,4,134.66,0.0
3967,1333,82,2,437.52,0.0
3968,1333,125,3,269.3,0.0
3969,1333,103,3,233.36,23.34
3970,1334,142,2,118.0,17.7
3971,1334,4,2,273.69,54.74
3972,1335,93,1,155.24,15.52
3973,1335,81,2,43.0,8.6
3974,1335,130,2,43.77,8.75
3975,1335,126,2,131.53,13.15
3976,1335,26,1,242.14,0.0
3977,1336,74,4,278.72,0.0
3978,1336,145,1,27.77,0.0
3979,1336,44,2,452.04,90.41
3980,1336,73,3,298.52,0.0
3981,1336,14,1,304.76,60.95
3982,1337,2,4,332.83,0.0
3983,1338,82,3,437.52,0.0
3984,1338,18,4,368.54,0.0
3985,1338,88,4,269.25,26.93
3986,1338,15,1,350.02,70.0
3987,1338,46,1,67.45,10.12
3988,1339,60,1,353.64,0.0
3989,1340,98,2,187.8,18.78
3990,1340,7,3,28.64,5.73
3991,1340,139,3,262.86,0.0
3992,1340,87,4,283.38,0.0
3993,1341,22,3,18.29,0.0
3994,1341,91,4,252.58,0.0
3995,1341,75,2,134.66,0.0
3996,1342,35,4,335.39,33.54
3997,1343,102,4,139.64,0.0
3998,1343,11,4,381.78,0.0
3999,1343,101,1,127.41,19.11
4000,1343,4,2,273.69,0.0
4001,1343,12,2,76.22,0.0
4002,1344,2,1,332.83,0.0
4003,1344,7,4,28.64,0.0
4004,1345,61,1,92.4,18.48
4005,1346,99,2,325.08,65.02
4006,1346,30,4,304.56,0.0
4007,1346,67,1,351.2,35.12
4008,1347,40,4,304.26,45.64
4009,1347,41,2,36.8,0.0
4010,1348,10,3,409.97,0.0
4011,1348,98,1,187.8,0.0
4012,1348,40,4,304.26,0.0
4013,1348,67,1,351.2,35.12
4014,1349,37,2,104.0,20.8
4015,1350,10,3,409.97,81.99
4016,1350,127,3,222.52,0.0
4017,1350,79,1,190.04,0.0
4018,1350,77,3,208.09,20.81
4019,1350,4,2,273.69,54.74
4020,1351,100,4,270.76,0.0
4021,1351,6,2,43.07,6.46
4022,1351,27,4,168.15,16.82
4023,1351,61,3,92.4,9.24
4024,1352,50,3,320.93,0.0
4025,1352,58,3,336.01,50.4
4026,1352,35,4,335.39,0.0
4027,1352,24,2,223.52,0.0
4028,1353,19,2,488.22,0.0
4029,1353,53,3,110.68,0.0
4030,1353,7,4,28.64,0.0
4031,1353,141,3,328.57,0.0
4032,1353,123,2,77.17,15.43
4033,1354,63,4,142.21,28.44
4034,1354,7,1,28.64,5.73
4035,1354,24,1,223.52,0.0
4036,1354,80,3,413.08,82.62
4037,1355,4,4,273.69,54.74
4038,1355,125,3,269.3,26.93
4039,1355,89,3,15.3,3.06
4040,1356,101,2,127.41,12.74
4041,1356,109,2,270.39,40.56
4042,1356,123,1,77.17,0.0
4043,1357,5,4,415.34,0.0
4044,1357,30,3,304.56,30.46
4045,1357,129,2,237.02,35.55
4046,1357,38,2,202.51,0.0
4047,1358,78,3,236.94,35.54
4048,1358,93,2,155.24,15.52
4049,1358,104,4,172.41,0.0
4050,1359,82,3,437.52,0.0
4051,1360,127,1,222.52,33.38
4052,1360,48,2,333.72,50.06
4053,1360,61,2,92.4,0.0
4054,1360,99,1,325.08,0.0
4055,1361,125,3,269.3,53.86
4056,1362,2,3,332.83,33.28
4057,1363,38,3,202.51,0.0
4058,1363,5,1,415.34,41.53
4059,1363,68,2,136.7,13.67
4060,1364,4,3,273.69,0.0
4061,1364,139,2,262.86,0.0
4062,1364,140,2,224.28,0.0
4063,1365,140,2,224.28,0.0
4064,1365,134,1,444.99,44.5
4065,1365,13,3,469.28,93.86
4066,1366,34,4,22.78,4.56
4067,1366,54,1,34.49,6.9
4068,1366,115,3,377.52,0.0
4069,1366,108,4,294.36,58.87
4070,1367,140,3,224.28,0.0
4071,1367,11,1,381.78,0.0
4072,1367,1,1,321.1,64.22
4073,1368,77,3,208.09,0.0
4074,1369,134,2,444.99,66.75
4075,1369,30,3,304.56,0.0
4076,1370,104,3,172.41,17.24
4077,1371,47,2,272.75,54.55
4078,1371,108,2,294.36,0.0
4079,1372,19,3,488.22,0.0
4080,1372,114,4,93.0,0.0
4081,1373,123,3,77.17,15.43
4082,1373,2,4,332.83,33.28
4083,1373,38,1,202.51,0.0
4084,1373,73,4,298.52,44.78
4085,1373,117,2,491.5,0.0
4086,1374,144,3,201.38,30.21
4087,1374,120,4,335.74,0.0
4088,1374,7,4,28.64,0.0
4089,1374,135,3,236.07,0.0
4090,1375,28,2,75.89,7.59
4091,1376,109,4,270.39,40.56
4092,1376,35,2,335.39,33.54
4093,1377,62,4,399.48,59.92
4094,1377,72,3,242.78,0.0
4095,1377,119,2,453.53,0.0
4096,1378,38,2,202.51,20.25
4097,1378,109,4,270.39,0.0
4098,1379,124,1,241.15,0.0
4099,1379,14,3,304.76,0.0
4100,1380,114,4,93.0,13.95
4101,1380,105,4,223.61,0.0
4102,1380,14,4,304.76,45.71
4103,1381,114,1,93.0,0.0
4104,1381,112,1,211.58,0.0
4105,1381,69,3,93.19,0.0
4106,1382,61,1,92.4,0.0
4107,1382,134,3,444.99,0.0
4108,1383,8,3,495.36,0.0
4109,1383,80,4,413.08,0.0
4110,1383,141,1,328.57,0.0
4111,1383,34,4,22.78,3.42
4112,1383,16,4,128.09,25.62
4113,1384,81,3,43.0,0.0
4114,1384,87,4,283.38,56.68
4115,1385,58,4,336.01,67.2
4116,1386,39,4,203.79,0.0
4117,1386,107,4,110.67,22.13
4118,1386,105,4,223.61,44.72
4119,1386,145,2,27.77,5.55
4120,1386,10,4,409.97,81.99
4121,1387,44,1,452.04,45.2
4122,1388,113,1,109.63,16.44
4123,1388,4,1,273.69,0.0
4124,1388,95,1,317.95,31.8
4125,1388,48,2,333.72,0.0
4126,1388,134,3,444.99,0.0
4127,1389,10,1,409.97,0.0
4128,1389,119,2,453.53,90.71
4129,1389,86,2,474.92,94.98
4130,1389,60,4,353.64,0.0
4131,1389,51,1,95.6,0.0
4132,1390,101,1,127.41,0.0
4133,1390,47,3,272.75,27.28
4134,1390,27,2,168.15,16.82
4135,1390,63,4,142.21,21.33
4136,1390,54,3,34.49,0.0
4137,1391,19,1,488.22,0.0
4138,1392,9,3,444.4,0.0
4139,1393,40,4,304.26,60.85
4140,1393,115,3,377.52,56.63
4141,1393,124,4,241.15,0.0
4142,1394,129,3,237.02,0.0
4143,1394,31,2,287.81,0.0
4144,1395,135,2,236.07,23.61
4145,1396,99,3,325.08,0.0
4146,1396,32,2,146.13,29.23
4147,1396,8,3,495.36,0.0
4148,1396,131,3,10.91,1.64
4149,1397,14,3,304.76,30.48
4150,1397,37,3,104.0,0.0
4151,1398,134,4,444.99,66.75
4152,1398,61,2,92.4,13.86
4153,1398,37,1,104.0,20.8
4154,1398,48,3,333.72,66.74
4155,1399,6,3,43.07,0.0
4156,1399,18,3,368.54,73.71
4157,1400,90,4,490.37,73.56
4158,1400,114,3,93.0,0.0
4159,1401,14,2,304.76,45.71
4160,1401,63,2,142.21,0.0
4161,1401,121,2,162.84,24.43
4162,1401,51,2,95.6,0.0
4163,1401,36,2,319.43,0.0
4164,1402,125,1,269.3,40.4
4165,1403,89,1,15.3,3.06
4166,1403,115,4,377.52,75.5
4167,1404,134,1,444.99,44.5
4168,1404,129,4,237.02,35.55
4169,1405,72,1,242.78,0.0
4170,1405,77,4,208.09,41.62
4171,1405,97,4,322.01,0.0
4172,1405,83,3,129.83,0.0
4173,1406,9,1,444.4,44.44
4174,1407,61,3,92.4,0.0
4175,1407,146,2,429.95,43.0
4176,1407,111,2,11.12,0.0
4177,1407,33,2,179.42,26.91
4178,1408,103,4,233.36,0.0
4179,1408,8,2,495.36,99.07
4180,1408,62,1,399.48,39.95
4181,1409,6,2,43.07,8.61
4182,1410,106,4,123.25,0.0
4183,1411,57,2,188.77,18.88
4184,1412,46,1,67.45,6.75
4185,1412,69,1,93.19,13.98
4186,1412,88,2,269.25,40.39
4187,1412,12,4,76.22,0.0
4188,1412,40,4,304.26,30.43
4189,1413,10,3,409.97,61.5
4190,1413,21,4,429.76,0.0
4191,1413,37,3,104.0,20.8
4192,1414,62,1,399.48,39.95
4193,1414,8,4,495.36,74.3
4194,1414,89,2,15.3,0.0
4195,1415,38,1,202.51,0.0
4196,1415,62,1,399.48,59.92
4197,1415,112,1,211.58,21.16
4198,1416,11,3,381.78,0.0
4199,1417,47,2,272.75,0.0
4200,1418,9,4,444.4,0.0
4201,1418,62,1,399.48,79.9
4202,1418,44,3,452.04,0.0
4203,1418,45,2,299.19,0.0
4204,1419,130,3,43.77,8.75
4205,1419,36,4,319.43,63.89
4206,1420,4,2,273.69,0.0
4207,1420,57,3,188.77,28.32
4208,1420,60,3,353.64,0.0
4209,1420,147,2,15.84,2.38
4210,1421,110,1,130.63,0.0
4211,1421,1,3,321.1,64.22
4212,1421,63,2,142.21,14.22
4213,1422,47,1,272.75,40.91
4214,1422,3,3,341.27,68.25
4215,1423,139,3,262.86,26.29
4216,1424,96,1,498.77,0.0
4217,1424,89,1,15.3,0.0
4218,1425,6,1,43.07,0.0
4219,1425,105,4,223.61,0.0
4220,1426,119,1,453.53,0.0
4221,1427,91,4,252.58,25.26
4222,1427,43,4,330.28,66.06
4223,1427,68,4,136.7,0.0
4224,1428,150,1,104.02,0.0
4225,1428,53,3,110.68,0.0
4226,1428,130,4,43.77,6.57
4227,1428,96,2,498.77,49.88
4228,1428,147,1,15.84,0.0
4229,1429,111,1,11.12,1.67
4230,1429,50,1,320.93,64.19
4231,1429,11,3,381.78,38.18
4232,1430,95,4,317.95,63.59
4233,1430,38,4,202.51,30.38
4234,1430,130,1,43.77,4.38
4235,1430,36,2,319.43,63.89
4236,1431,67,2,351.2,0.0
4237,1431,41,3,36.8,3.68
4238,1431,12,4,76.22,0.0
4239,1431,81,3,43.0,0.0
4240,1432,1,2,321.1,0.0
4241,1432,86,3,474.92,0.0
4242,1433,41,4,36.8,5.52
4243,1433,94,3,414.66,82.93
4244,1433,77,4,208.09,31.21
4245,1434,67,4,351.2,35.12
4246,1434,104,3,172.41,34.48
4247,1434,150,3,104.02,20.8
4248,1435,104,1,172.41,17.24
4249,1435,64,2,64.91,12.98
4250,1435,127,4,222.52,0.0
4251,1435,68,1,136.7,20.5
4252,1436,64,3,64.91,0.0
4253,1436,61,4,92.4,18.48
4254,1436,121,3,162.84,0.0
4255,1436,22,3,18.29,2.74
4256,1436,19,2,488.22,0.0
4257,1437,13,3,469.28,93.86
4258,1437,136,3,396.02,0.0
4259,1437,8,3,495.36,49.54
4260,1437,99,3,325.08,65.02
4261,1437,116,4,377.29,0.0
4262,1438,93,2,155.24,31.05
4263,1438,28,4,75.89,0.0
4264,1439,39,2,203.79,30.57
4265,1439,73,3,298.52,0.0
4266,1440,125,3,269.3,53.86
4267,1440,54,1,34.49,6.9
4268,1440,52,3,98.97,0.0
4269,1440,141,2,328.57,0.0
4270,1441,127,1,222.52,33.38
4271,1441,62,2,399.48,39.95
4272,1441,105,3,223.61,22.36
4273,1441,113,1,109.63,10.96
4274,1442,2,3,332.83,0.0
4275,1442,55,4,42.68,0.0
4276,1442,50,4,320.93,48.14
4277,1443,3,2,341.27,0.0
4278,1444,9,3,444.4,0.0
4279,1445,113,1,109.63,10.96
4280,1445,24,2,223.52,44.7
4281,1445,53,1,110.68,16.6
4282,1446,122,3,425.68,0.0
4283,1446,108,3,294.36,0.0
4284,1446,107,3,110.67,22.13
4285,1447,74,3,278.72,27.87
4286,1447,142,2,118.0,0.0
4287,1447,104,3,172.41,0.0
4288,1447,71,1,352.1,35.21
4289,1448,5,4,415.34,0.0
4290,1448,44,2,452.04,0.0
4291,1448,14,2,304.76,0.0
4292,1448,83,3,129.83,25.97
4293,1448,39,1,203.79,40.76
4294,1449,84,3,178.48,0.0
4295,1449,142,2,118.0,17.7
4296,1450,88,2,269.25,40.39
4297,1450,108,3,294.36,0.0
4298,1451,130,3,43.77,8.75
4299,1451,120,1,335.74,0.0
4300,1451,140,3,224.28,33.64
4301,1451,93,1,155.24,0.0
4302,1451,124,3,241.15,24.12
4303,1452,92,4,218.76,0.0
4304,1452,85,3,256.09,51.22
4305,1452,145,1,27.77,0.0
4306,1452,47,1,272.75,0.0
4307,1453,15,1,350.02,52.5
4308,1453,126,3,131.53,0.0
4309,1453,143,4,107.53,21.51
4310,1453,4,3,273.69,54.74
4311,1454,95,3,317.95,63.59
4312,1454,108,2,294.36,58.87
4313,1454,4,3,273.69,54.74
4314,1455,40,4,304.26,60.85
4315,1455,68,1,136.7,20.5
4316,1455,10,4,409.97,41.0
4317,1455,80,4,413.08,0.0
4318,1456,24,1,223.52,33.53
4319,1457,16,3,128.09,0.0
4320,1457,136,2,396.02,79.2
4321,1458,83,4,129.83,12.98
4322,1458,41,1,36.8,5.52
4323,1459,57,4,188.77,0.0
4324,1459,45,1,299.19,59.84
4325,1459,129,3,237.02,23.7
4326,1459,117,1,491.5,0.0
4327,1460,117,2,491.5,0.0
4328,1461,140,1,224.28,44.86
4329,1462,149,2,499.81,49.98
4330,1462,150,4,104.02,10.4
4331,1463,34,2,22.78,0.0
4332,1463,16,4,128.09,25.62
4333,1463,93,2,155.24,15.52
4334,1463,143,3,107.53,0.0
4335,1464,145,2,27.77,0.0
4336,1464,55,1,42.68,0.0
4337,1464,76,1,127.04,12.7
4338,1464,80,4,413.08,82.62
4339,1464,105,3,223.61,33.54
4340,1465,105,1,223.61,22.36
4341,1465,136,2,396.02,0.0
4342,1465,126,4,131.53,13.15
4343,1465,69,2,93.19,18.64
4344,1466,56,1,422.08,0.0
4345,1466,18,1,368.54,0.0
4346,1467,8,1,495.36,99.07
4347,1467,4,4,273.69,0.0
4348,1467,6,2,43.07,6.46
4349,1467,39,2,203.79,20.38
4350,1467,16,3,128.09,0.0
4351,1468,6,3,43.07,4.31
4352,1468,39,4,203.79,0.0
4353,1468,92,4,218.76,21.88
4354,1468,26,2,242.14,36.32
4355,1468,102,1,139.64,0.0
4356,1469,142,4,118.0,11.8
4357,1469,129,4,237.02,35.55
4358,1470,132,2,89.04,0.0
4359,1470,51,1,95.6,14.34
4360,1471,48,3,333.72,33.37
4361,1471,13,2,469.28,93.86
4362,1472,145,4,27.77,0.0
4363,1472,15,2,350.02,35.0
4364,1473,69,2,93.19,9.32
4365,1473,102,1,139.64,13.96
4366,1473,88,4,269.25,0.0
4367,1473,134,2,444.99,0.0
4368,1473,32,3,146.13,14.61
4369,1474,2,4,332.83,0.0
4370,1474,73,4,298.52,0.0
4371,1474,83,3,129.83,0.0
4372,1474,15,2,350.02,0.0
4373,1474,7,4,28.64,5.73
4374,1475,70,3,246.27,0.0
4375,1475,33,1,179.42,26.91
4376,1475,8,1,495.36,0.0
4377,1475,133,1,328.02,0.0
4378,1476,97,1,322.01,48.3
4379,1476,76,3,127.04,12.7
4380,1476,27,4,168.15,25.22
4381,1476,37,4,104.0,0.0
4382,1477,102,3,139.64,0.0
4383,1477,150,1,104.02,0.0
4384,1477,63,1,142.21,21.33
4385,1477,60,4,353.64,0.0
4386,1477,78,4,236.94,0.0
4387,1478,82,1,437.52,87.5
4388,1478,16,2,128.09,12.81
4389,1479,124,2,241.15,48.23
4390,1479,6,3,43.07,0.0
4391,1479,28,3,75.89,0.0
4392,1480,82,2,437.52,43.75
4393,1481,107,1,110.67,16.6
4394,1482,111,3,11.12,1.67
4395,1482,9,2,444.4,0.0
4396,1483,72,2,242.78,0.0
4397,1483,74,4,278.72,0.0
4398,1484,96,1,498.77,99.75
4399,1484,58,1,336.01,67.2
4400,1484,88,2,269.25,40.39
4401,1485,83,4,129.83,12.98
4402,1486,15,4,350.02,52.5
4403,1486,63,2,142.21,0.0
4404,1486,74,2,278.72,41.81
4405,1486,136,4,396.02,0.0
4406,1487,127,2,222.52,0.0
4407,1488,16,3,128.09,12.81
4408,1489,42,1,478.77,71.82
4409,1489,93,1,155.24,0.0
4410,1490,99,1,325.08,0.0
4411,1490,92,3,218.76,0.0
4412,1490,6,3,43.07,0.0
4413,1490,58,2,336.01,0.0
4414,1490,122,3,425.68,0.0
4415,1491,108,4,294.36,0.0
4416,1492,1,3,321.1,48.16
4417,1492,112,2,211.58,0.0
4418,1493,110,3,130.63,0.0
4419,1493,104,3,172.41,0.0
4420,1493,93,3,155.24,31.05
4421,1493,69,4,93.19,0.0
4422,1494,45,3,299.19,29.92
4423,1494,15,3,350.02,70.0
4424,1494,137,4,142.56,21.38
4425,1494,92,3,218.76,0.0
4426,1495,12,3,76.22,7.62
4427,1496,104,2,172.41,34.48
4428,1496,102,2,139.64,0.0
4429,1497,39,3,203.79,30.57
4430,1497,84,3,178.48,17.85
4431,1497,61,3,92.4,18.48
4432,1497,147,3,15.84,0.0
4433,1498,55,4,42.68,0.0
4434,1498,59,2,189.39,0.0
4435,1498,88,2,269.25,0.0
4436,1498,52,2,98.97,14.85
4437,1499,19,4,488.22,73.23
4438,1499,113,4,109.63,16.44
4439,1499,10,3,409.97,41.0
4440,1500,92,3,218.76,32.81
4441,1501,59,1,189.39,0.0
4442,1502,61,3,92.4,9.24
4443,1502,88,4,269.25,0.0
4444,1502,65,3,416.07,0.0
4445,1503,132,4,89.04,0.0
4446,1503,140,2,224.28,0.0
4447,1503,96,3,498.77,0.0
4448,1504,73,4,298.52,0.0
4449,1504,104,1,172.41,0.0
4450,1504,71,1,352.1,0.0
4451,1504,21,1,429.76,0.0
4452,1504,122,1,425.68,42.57
4453,1505,4,2,273.69,0.0
4454,1505,26,3,242.14,36.32
4455,1505,85,2,256.09,0.0
4456,1505,42,4,478.77,47.88
4457,1506,69,2,93.19,0.0
4458,1506,148,2,165.59,0.0
4459,1506,97,3,322.01,64.4
4460,1506,27,1,168.15,16.82
4461,1506,87,3,283.38,0.0
4462,1507,65,4,416.07,0.0
4463,1508,115,4,377.52,0.0
4464,1508,6,2,43.07,6.46
4465,1508,100,1,270.76,0.0
4466,1509,72,1,242.78,0.0
4467,1509,135,4,236.07,47.21
4468,1510,102,2,139.64,0.0
4469,1510,43,1,330.28,49.54
4470,1510,146,2,429.95,0.0
4471,1510,76,4,127.04,0.0
4472,1511,72,1,242.78,48.56
4473,1511,34,2,22.78,0.0
4474,1511,19,4,488.22,73.23
4475,1511,1,2,321.1,64.22
4476,1511,16,4,128.09,19.21
4477,1512,38,1,202.51,0.0
4478,1512,83,2,129.83,0.0
4479,1512,60,2,353.64,35.36
4480,1513,10,2,409.97,41.0
4481,1513,69,4,93.19,18.64
4482,1513,40,2,304.26,0.0
4483,1513,48,2,333.72,50.06
4484,1513,6,3,43.07,0.0
4485,1514,70,3,246.27,49.25
4486,1515,124,4,241.15,0.0
4487,1515,9,1,444.4,0.0
4488,1515,3,1,341.27,0.0
4489,1515,48,4,333.72,0.0
4490,1516,51,2,95.6,14.34
4491,1516,119,2,453.53,90.71
4492,1517,111,4,11.12,1.67
4493,1517,63,3,142.21,21.33
4494,1517,64,2,64.91,9.74
4495,1517,122,1,425.68,42.57
4496,1517,129,4,237.02,0.0
4497,1518,21,3,429.76,0.0
4498,1518,56,4,422.08,63.31
4499,1518,3,1,341.27,0.0
4500,1518,39,3,203.79,0.0
4501,1518,16,1,128.09,12.81
4502,1519,9,2,444.4,0.0
4503,1519,32,3,146.13,14.61
4504,1519,64,1,64.91,0.0
4505,1519,16,1,128.09,12.81
4506,1520,18,2,368.54,73.71
4507,1520,97,2,322.01,64.4
4508,1520,13,4,469.28,0.0
4509,1520,1,1,321.1,0.0
4510,1520,92,3,218.76,21.88
4511,1521,61,4,92.4,0.0
4512,1521,13,1,469.28,0.0
4513,1522,2,1,332.83,0.0
4514,1522,88,2,269.25,0.0
4515,1522,28,3,75.89,0.0
4516,1523,45,3,299.19,59.84
4517,1523,20,1,169.34,25.4
4518,1524,80,2,413.08,0.0
4519,1524,148,2,165.59,0.0
4520,1524,50,1,320.93,0.0
4521,1524,95,3,317.95,0.0
4522,1525,96,1,498.77,49.88
4523,1525,146,2,429.95,0.0
4524,1525,68,3,136.7,27.34
4525,1526,2,4,332.83,66.57
4526,1526,122,4,425.68,0.0
4527,1526,80,2,413.08,0.0
4528,1526,100,2,270.76,0.0
4529,1527,116,2,377.29,0.0
4530,1527,40,4,304.26,30.43
4531,1527,87,2,283.38,0.0
4532,1527,115,4,377.52,0.0
4533,1528,129,2,237.02,0.0
4534,1528,125,3,269.3,40.4
4535,1528,39,4,203.79,0.0
4536,1528,89,2,15.3,3.06
4537,1529,20,3,169.34,0.0
4538,1529,1,3,321.1,48.16
4539,1530,132,1,89.04,17.81
4540,1531,11,3,381.78,0.0
4541,1532,69,4,93.19,0.0
4542,1532,83,3,129.83,0.0
4543,1533,40,4,304.26,45.64
4544,1533,113,1,109.63,0.0
4545,1533,90,4,490.37,0.0
4546,1533,2,3,332.83,0.0
4547,1533,150,3,104.02,0.0
4548,1534,50,1,320.93,0.0
4549,1534,35,4,335.39,33.54
4550,1535,132,3,89.04,8.9
4551,1536,51,3,95.6,9.56
4552,1536,132,4,89.04,13.36
4553,1536,93,1,155.24,15.52
4554,1537,7,3,28.64,5.73
4555,1537,81,1,43.0,0.0
4556,1538,65,2,416.07,41.61
4557,1538,93,3,155.24,15.52
4558,1538,107,3,110.67,0.0
4559,1538,133,4,328.02,0.0
4560,1539,1,3,321.1,0.0
4561,1539,145,2,27.77,0.0
4562,1539,63,2,142.21,21.33
4563,1540,126,2,131.53,13.15
4564,1540,4,1,273.69,0.0
4565,1540,19,4,488.22,0.0
4566,1540,96,2,498.77,74.82
4567,1541,139,4,262.86,0.0
4568,1541,78,3,236.94,0.0
4569,1542,39,4,203.79,40.76
4570,1542,145,2,27.77,0.0
4571,1543,8,1,495.36,0.0
4572,1543,142,2,118.0,17.7
4573,1543,133,2,328.02,49.2
4574,1543,87,3,283.38,0.0
4575,1543,135,4,236.07,23.61
4576,1544,112,4,211.58,0.0
4577,1544,37,1,104.0,15.6
4578,1544,54,4,34.49,3.45
4579,1544,38,1,202.51,0.0
4580,1544,70,2,246.27,0.0
4581,1545,100,3,270.76,40.61
4582,1545,71,1,352.1,35.21
4583,1545,108,2,294.36,58.87
4584,1546,2,4,332.83,49.92
4585,1546,1,1,321.1,0.0
4586,1546,126,1,131.53,13.15
4587,1547,130,3,43.77,0.0
4588,1547,141,3,328.57,0.0
4589,1548,85,1,256.09,25.61
4590,1548,86,1,474.92,47.49
4591,1548,149,2,499.81,0.0
4592,1549,105,4,223.61,44.72
4593,1550,59,4,189.39,37.88
4594,1551,67,1,351.2,35.12
4595,1551,46,1,67.45,10.12
4596,1552,14,4,304.76,45.71
4597,1552,64,4,64.91,0.0
4598,1552,39,1,203.79,0.0
4599,1552,44,4,452.04,0.0
4600,1552,18,2,368.54,0.0
4601,1553,144,1,201.38,40.28
4602,1553,18,2,368.54,0.0
4603,1554,58,1,336.01,67.2
4604,1554,130,1,43.77,8.75
4605,1554,82,2,437.52,0.0
4606,1554,105,4,223.61,44.72
4607,1555,122,4,425.68,85.14
4608,1555,74,4,278.72,0.0
4609,1556,57,3,188.77,0.0
4610,1557,112,3,211.58,21.16
4611,1557,101,3,127.41,0.0
4612,1558,69,4,93.19,0.0
4613,1558,4,4,273.69,27.37
4614,1558,97,4,322.01,0.0
4615,1558,124,1,241.15,0.0
4616,1559,33,4,179.42,35.88
4617,1559,149,4,499.81,0.0
4618,1560,91,1,252.58,0.0
4619,1560,41,1,36.8,7.36
4620,1561,106,3,123.25,18.49
4621,1561,98,3,187.8,28.17
4622,1562,90,1,490.37,0.0
4623,1562,140,4,224.28,33.64
4624,1562,75,4,134.66,26.93
4625,1563,95,4,317.95,0.0
4626,1563,44,2,452.04,0.0
4627,1563,59,2,189.39,0.0
4628,1563,70,2,246.27,36.94
4629,1564,19,4,488.22,48.82
4630,1564,91,2,252.58,0.0
4631,1565,52,2,98.97,19.79
4632,1565,30,1,304.56,0.0
4633,1565,134,4,444.99,66.75
4634,1565,24,3,223.52,44.7
4635,1565,105,3,223.61,22.36
4636,1566,133,2,328.02,0.0
4637,1567,67,2,351.2,35.12
4638,1567,71,3,352.1,0.0
4639,1568,90,4,490.37,0.0
4640,1568,83,4,129.83,19.47
4641,1568,68,3,136.7,0.0
4642,1568,52,1,98.97,19.79
4643,1568,78,4,236.94,47.39
4644,1569,24,1,223.52,0.0
4645,1569,68,3,136.7,13.67
4646,1569,102,4,139.64,0.0
4647,1569,83,4,129.83,0.0
4648,1570,119,3,453.53,0.0
4649,1570,91,3,252.58,0.0
4650,1570,76,3,127.04,0.0
4651,1571,109,1,270.39,0.0
4652,1571,65,3,416.07,62.41
4653,1571,91,1,252.58,25.26
4654,1572,149,2,499.81,49.98
4655,1572,34,1,22.78,4.56
4656,1572,64,3,64.91,12.98
4657,1573,39,4,203.79,30.57
4658,1573,74,1,278.72,0.0
4659,1573,144,2,201.38,40.28
4660,1573,102,1,139.64,0.0
4661,1573,28,3,75.89,11.38
4662,1574,33,2,179.42,35.88
4663,1574,16,2,128.09,0.0
4664,1575,6,1,43.07,0.0
4665,1575,5,1,415.34,0.0
4666,1575,101,3,127.41,0.0
4667,1575,60,2,353.64,53.05
4668,1576,123,2,77.17,0.0
4669,1576,77,3,208.09,31.21
4670,1576,56,2,422.08,0.0
4671,1576,99,2,325.08,48.76
4672,1576,76,2,127.04,0.0
4673,1577,143,1,107.53,16.13
4674,1577,102,1,139.64,0.0
4675,1578,150,2,104.02,0.0
4676,1578,47,3,272.75,0.0
4677,1578,59,2,189.39,0.0
4678,1578,111,3,11.12,1.67
4679,1578,4,1,273.69,27.37
4680,1579,47,4,272.75,0.0
4681,1580,77,1,208.09,31.21
4682,1580,100,2,270.76,27.08
4683,1580,104,4,172.41,0.0
4684,1580,4,2,273.69,0.0
4685,1580,142,1,118.0,23.6
4686,1581,75,3,134.66,13.47
4687,1581,59,1,189.39,18.94
4688,1582,68,3,136.7,0.0
4689,1583,44,2,452.04,67.81
4690,1583,22,2,18.29,0.0
4691,1583,19,3,488.22,0.0
4692,1583,21,1,429.76,64.46
4693,1584,125,4,269.3,0.0
4694,1585,71,3,352.1,0.0
4695,1585,84,4,178.48,35.7
4696,1585,5,1,415.34,0.0
4697,1585,20,2,169.34,25.4
4698,1585,132,3,89.04,13.36
4699,1586,144,4,201.38,0.0
4700,1586,54,3,34.49,0.0
4701,1586,30,3,304.56,45.68
4702,1586,98,4,187.8,0.0
4703,1587,7,4,28.64,0.0
4704,1587,114,4,93.0,0.0
4705,1587,121,3,162.84,16.28
4706,1587,21,3,429.76,64.46
4707,1588,132,1,89.04,17.81
4708,1588,119,2,453.53,90.71
4709,1589,83,4,129.83,25.97
4710,1590,56,4,422.08,0.0
4711,1590,34,3,22.78,0.0
4712,1590,43,1,330.28,0.0
4713,1590,4,3,273.69,41.05
4714,1590,40,2,304.26,0.0
4715,1591,112,1,211.58,0.0
4716,1591,65,4,416.07,62.41
4717,1592,124,3,241.15,48.23
4718,1592,34,1,22.78,2.28
4719,1592,140,1,224.28,0.0
4720,1593,122,4,425.68,42.57
4721,1593,83,2,129.83,0.0
4722,1593,33,2,179.42,26.91
4723,1593,14,3,304.76,0.0
4724,1594,34,4,22.78,0.0
4725,1594,111,3,11.12,0.0
4726,1594,46,1,67.45,6.75
4727,1594,60,4,353.64,0.0
4728,1594,105,2,223.61,0.0
4729,1595,72,1,242.78,0.0
4730,1595,103,4,233.36,0.0
4731,1595,84,4,178.48,35.7
4732,1596,54,1,34.49,5.17
4733,1596,53,1,110.68,0.0
4734,1596,76,1,127.04,0.0
4735,1597,86,3,474.92,71.24
4736,1598,109,4,270.39,54.08
4737,1598,89,4,15.3,3.06
4738,1599,58,1,336.01,50.4
4739,1599,130,1,43.77,0.0
4740,1599,98,1,187.8,0.0
4741,1599,145,1,27.77,4.17
4742,1599,15,3,350.02,52.5
4743,1600,88,3,269.25,0.0
4744,1601,112,1,211.58,0.0
4745,1601,60,4,353.64,0.0
4746,1601,96,2,498.77,49.88
4747,1601,65,1,416.07,0.0
4748,1601,131,3,10.91,0.0
4749,1602,134,2,444.99,89.0
4750,1602,40,3,304.26,0.0
4751,1603,53,4,110.68,0.0
4752,1603,14,1,304.76,0.0
4753,1603,109,1,270.39,0.0
4754,1604,139,2,262.86,52.57
4755,1604,123,2,77.17,0.0
4756,1604,100,3,270.76,27.08
4757,1604,40,4,304.26,45.64
4758,1604,115,1,377.52,0.0
4759,1605,140,1,224.28,44.86
4760,1605,130,2,43.77,8.75
4761,1606,18,3,368.54,55.28
4762,1606,143,4,107.53,0.0
4763,1606,26,2,242.14,0.0
4764,1606,75,3,134.66,13.47
4765,1607,54,1,34.49,3.45
4766,1607,120,2,335.74,67.15
4767,1607,82,2,437.52,43.75
4768,1607,41,3,36.8,0.0
4769,1607,111,2,11.12,1.67
4770,1608,7,2,28.64,2.86
4771,1608,58,4,336.01,50.4
4772,1608,144,3,201.38,0.0
4773,1608,16,4,128.09,0.0
4774,1608,125,3,269.3,53.86
4775,1609,150,1,104.02,10.4
4776,1609,51,4,95.6,19.12
4777,1610,52,3,98.97,0.0
4778,1610,88,2,269.25,53.85
4779,1610,71,2,352.1,52.82
4780,1610,122,3,425.68,0.0
4781,1610,26,2,242.14,48.43
4782,1611,81,3,43.0,6.45
4783,1612,90,3,490.37,98.07
4784,1612,7,1,28.64,5.73
4785,1613,33,1,179.42,17.94
4786,1614,65,1,416.07,0.0
4787,1614,31,4,287.81,43.17
4788,1614,98,4,187.8,28.17
4789,1614,140,3,224.28,0.0
4790,1614,119,3,453.53,68.03
4791,1615,99,2,325.08,0.0
4792,1616,94,1,414.66,41.47
4793,1616,16,1,128.09,0.0
4794,1616,107,4,110.67,0.0
4795,1616,99,3,325.08,0.0
4796,1616,71,3,352.1,70.42
4797,1617,6,4,43.07,0.0
4798,1617,139,2,262.86,26.29
4799,1617,8,2,495.36,0.0
4800,1618,13,2,469.28,93.86
4801,1618,65,2,416.07,62.41
4802,1618,132,1,89.04,0.0
4803,1619,73,3,298.52,0.0
4804,1619,22,4,18.29,3.66
4805,1619,106,3,123.25,0.0
4806,1619,93,3,155.24,31.05
4807,1619,117,1,491.5,0.0
4808,1620,102,3,139.64,20.95
4809,1620,59,4,189.39,37.88
4810,1620,114,4,93.0,18.6
4811,1620,26,2,242.14,0.0
4812,1621,57,4,188.77,0.0
4813,1622,56,2,422.08,0.0
4814,1622,84,4,178.48,0.0
4815,1622,38,1,202.51,40.5
4816,1622,119,2,453.53,0.0
4817,1623,112,3,211.58,0.0
4818,1623,69,4,93.19,0.0
4819,1623,4,2,273.69,41.05
4820,1623,133,4,328.02,0.0
4821,1623,6,1,43.07,0.0
4822,1624,79,2,190.04,28.51
4823,1625,113,3,109.63,0.0
4824,1625,61,4,92.4,18.48
4825,1625,146,2,429.95,43.0
4826,1626,59,3,189.39,0.0
4827,1626,10,2,409.97,61.5
4828,1627,131,4,10.91,0.0
4829,1627,96,4,498.77,99.75
4830,1628,20,4,169.34,0.0
4831,1628,101,4,127.41,19.11
4832,1628,143,4,107.53,0.0
4833,1628,129,3,237.02,47.4
4834,1629,82,4,437.52,43.75
4835,1629,96,2,498.77,0.0
4836,1629,95,4,317.95,0.0
4837,1630,97,1,322.01,0.0
4838,1630,115,3,377.52,0.0
4839,1630,61,1,92.4,0.0
4840,1630,150,2,104.02,0.0
4841,1630,56,3,422.08,0.0
4842,1631,48,4,333.72,0.0
4843,1631,5,3,415.34,62.3
4844,1631,33,4,179.42,0.0
4845,1631,80,3,413.08,0.0
4846,1632,109,4,270.39,54.08
4847,1632,20,1,169.34,0.0
4848,1632,32,1,146.13,0.0
4849,1633,15,3,350.02,52.5
4850,1633,134,1,444.99,66.75
4851,1633,40,2,304.26,30.43
4852,1633,39,1,203.79,40.76
4853,1634,65,4,416.07,83.21
4854,1634,125,2,269.3,0.0
4855,1634,7,4,28.64,0.0
4856,1634,99,2,325.08,32.51
4857,1635,21,1,429.76,0.0
4858,1635,64,1,64.91,6.49
4859,1635,35,1,335.39,0.0
4860,1635,149,3,499.81,0.0
4861,1636,55,2,42.68,8.54
4862,1636,56,1,422.08,0.0
4863,1636,48,3,333.72,66.74
4864,1637,114,3,93.0,0.0
4865,1637,91,3,252.58,0.0
4866,1638,146,1,429.95,0.0
4867,1638,32,3,146.13,29.23
4868,1638,53,2,110.68,0.0
4869,1638,144,1,201.38,20.14
4870,1638,75,4,134.66,0.0
4871,1639,116,3,377.29,0.0
4872,1639,135,2,236.07,0.0
4873,1639,97,1,322.01,0.0
4874,1639,33,4,179.42,0.0
4875,1639,146,2,429.95,85.99
4876,1640,70,2,246.27,24.63
4877,1640,6,1,43.07,0.0
4878,1640,127,4,222.52,0.0
4879,1640,64,3,64.91,9.74
4880,1640,79,2,190.04,19.0
4881,1641,92,2,218.76,0.0
4882,1641,95,1,317.95,63.59
4883,1642,59,2,189.39,0.0
4884,1642,54,4,34.49,0.0
4885,1642,9,1,444.4,0.0
4886,1642,63,1,142.21,28.44
4887,1642,78,4,236.94,0.0
4888,1643,82,3,437.52,87.5
4889,1643,37,1,104.0,15.6
4890,1643,55,4,42.68,6.4
4891,1643,46,3,67.45,0.0
4892,1644,77,2,208.09,0.0
4893,1645,26,2,242.14,36.32
4894,1645,75,2,134.66,26.93
4895,1646,51,4,95.6,0.0
4896,1646,146,4,429.95,43.0
4897,1646,124,1,241.15,36.17
4898,1647,59,3,189.39,0.0
4899,1647,87,3,283.38,28.34
4900,1647,129,3,237.02,0.0
4901,1647,60,3,353.64,0.0
4902,1648,85,4,256.09,0.0
4903,1648,40,1,304.26,0.0
4904,1648,53,1,110.68,16.6
4905,1649,31,4,287.81,0.0
4906,1649,135,3,236.07,35.41
4907,1649,149,2,499.81,0.0
4908,1649,72,1,242.78,36.42
4909,1649,43,1,330.28,49.54
4910,1650,11,2,381.78,57.27
4911,1650,27,3,168.15,0.0
4912,1650,101,2,127.41,0.0
4913,1650,92,3,218.76,0.0
4914,1650,87,3,283.38,0.0
4915,1651,120,1,335.74,50.36
4916,1651,87,1,283.38,0.0
4917,1652,148,1,165.59,16.56
4918,1652,113,1,109.63,10.96
4919,1652,37,2,104.0,0.0
4920,1653,59,1,189.39,0.0
4921,1654,106,3,123.25,24.65
4922,1654,145,3,27.77,0.0
4923,1654,9,2,444.4,44.44
4924,1654,130,4,43.77,0.0
4925,1655,6,3,43.07,4.31
4926,1655,117,4,491.5,98.3
4927,1655,46,2,67.45,6.75
4928,1655,135,4,236.07,23.61
4929,1656,115,1,377.52,56.63
4930,1656,65,2,416.07,0.0
4931,1656,50,1,320.93,64.19
4932,1656,48,1,333.72,0.0
4933,1657,120,3,335.74,67.15
4934,1658,22,4,18.29,0.0
4935,1658,141,1,328.57,0.0
4936,1658,54,4,34.49,3.45
4937,1658,44,1,452.04,0.0
4938,1659,136,4,396.02,39.6
4939,1660,127,1,222.52,0.0
4940,1660,98,4,187.8,0.0
4941,1660,18,1,368.54,73.71
4942,1660,114,3,93.0,0.0
4943,1660,8,1,495.36,49.54
4944,1661,22,2,18.29,0.0
4945,1661,119,4,453.53,0.0
4946,1661,87,4,283.38,28.34
4947,1662,8,2,495.36,0.0
4948,1663,36,2,319.43,31.94
4949,1664,63,2,142.21,0.0
4950,1665,5,1,415.34,0.0
4951,1665,46,2,67.45,0.0
4952,1665,93,2,155.24,31.05
4953,1665,80,4,413.08,0.0
4954,1666,148,4,165.59,24.84
4955,1666,91,4,252.58,0.0
4956,1666,7,1,28.64,4.3
4957,1666,90,3,490.37,98.07
4958,1666,96,2,498.77,49.88
4959,1667,8,1,495.36,0.0
4960,1667,46,3,67.45,0.0
4961,1667,43,1,330.28,0.0
4962,1667,54,4,34.49,5.17
4963,1668,1,1,321.1,0.0
4964,1668,45,4,299.19,0.0
4965,1668,38,3,202.51,0.0
4966,1668,72,1,242.78,48.56
4967,1669,105,3,223.61,44.72
4968,1669,136,2,396.02,39.6
4969,1669,75,3,134.66,20.2
4970,1669,35,3,335.39,0.0
4971,1670,89,2,15.3,1.53
4972,1670,130,3,43.77,0.0
4973,1670,81,4,43.0,4.3
4974,1670,78,2,236.94,35.54
4975,1671,55,2,42.68,0.0
4976,1672,103,2,233.36,23.34
4977,1672,6,3,43.07,8.61
4978,1672,15,4,350.02,0.0
4979,1673,89,2,15.3,1.53
4980,1673,30,3,304.56,60.91
4981,1673,52,2,98.97,19.79
4982,1673,137,3,142.56,0.0
4983,1673,58,3,336.01,67.2
4984,1674,107,4,110.67,0.0
4985,1674,119,4,453.53,45.35
4986,1674,72,1,242.78,0.0
4987,1674,48,4,333.72,50.06
4988,1675,28,1,75.89,15.18
4989,1675,46,4,67.45,0.0
4990,1675,82,3,437.52,65.63
4991,1676,145,2,27.77,4.17
4992,1676,75,2,134.66,26.93
4993,1676,4,4,273.69,41.05
4994,1676,142,4,118.0,23.6
4995,1677,31,1,287.81,57.56
4996,1677,134,2,444.99,0.0
4997,1677,58,3,336.01,0.0
4998,1677,59,1,189.39,0.0
4999,1678,18,4,368.54,0.0
5000,1678,12,2,76.22,0.0
5001,1678,47,3,272.75,27.28
5002,1678,97,4,322.01,0.0
5003,1679,101,2,127.41,12.74
5004,1679,24,1,223.52,0.0
5005,1679,16,2,128.09,0.0
5006,1680,18,2,368.54,0.0
5007,1680,5,1,415.34,83.07
5008,1680,57,3,188.77,0.0
5009,1680,144,3,201.38,0.0
5010,1681,87,3,283.38,0.0
5011,1682,102,2,139.64,13.96
5012,1683,8,3,495.36,0.0
5013,1683,96,4,498.77,74.82
5014,1683,60,2,353.64,0.0
5015,1683,132,3,89.04,17.81
5016,1683,67,2,351.2,0.0
5017,1684,35,1,335.39,33.54
5018,1684,78,4,236.94,47.39
5019,1684,122,1,425.68,85.14
5020,1684,21,4,429.76,85.95
5021,1684,114,4,93.0,18.6
5022,1685,65,3,416.07,0.0
5023,1685,82,4,437.52,43.75
5024,1685,28,4,75.89,15.18
5025,1685,48,3,333.72,0.0
5026,1685,42,3,478.77,95.75
5027,1686,143,1,107.53,0.0
5028,1686,76,1,127.04,19.06
5029,1686,74,2,278.72,0.0
5030,1686,34,3,22.78,0.0
5031,1686,50,2,320.93,0.0
5032,1687,15,2,350.02,0.0
5033,1687,143,3,107.53,10.75
5034,1687,112,4,211.58,31.74
5035,1687,71,2,352.1,52.82
5036,1687,88,4,269.25,26.93
5037,1688,92,4,218.76,21.88
5038,1689,37,1,104.0,0.0
5039,1689,103,1,233.36,0.0
5040,1690,19,2,488.22,0.0
5041,1690,131,2,10.91,2.18
5042,1691,111,1,11.12,0.0
5043,1691,58,2,336.01,67.2
5044,1691,112,3,211.58,21.16
5045,1691,116,2,377.29,37.73
5046,1691,28,2,75.89,0.0
5047,1692,133,3,328.02,0.0
5048,1692,90,2,490.37,73.56
5049,1692,75,4,134.66,0.0
5050,1692,113,1,109.63,16.44
5051,1693,41,4,36.8,0.0
5052,1693,53,2,110.68,11.07
5053,1693,3,2,341.27,0.0
5054,1693,96,1,498.77,0.0
5055,1694,135,3,236.07,47.21
5056,1694,55,2,42.68,6.4
5057,1694,88,4,269.25,53.85
5058,1694,99,4,325.08,65.02
5059,1695,110,4,130.63,13.06
5060,1695,80,2,413.08,41.31
5061,1695,82,4,437.52,65.63
5062,1695,102,2,139.64,0.0
5063,1695,119,1,453.53,45.35
5064,1696,28,1,75.89,0.0
5065,1696,60,3,353.64,70.73
5066,1696,57,4,188.77,0.0
5067,1697,20,4,169.34,0.0
5068,1697,12,4,76.22,0.0
5069,1697,92,3,218.76,43.75
5070,1697,10,1,409.97,41.0
5071,1698,21,3,429.76,0.0
5072,1698,45,4,299.19,44.88
5073,1698,60,2,353.64,70.73
5074,1699,10,3,409.97,41.0
5075,1699,146,2,429.95,64.49
5076,1699,18,1,368.54,0.0
5077,1699,95,4,317.95,0.0
5078,1699,73,3,298.52,29.85
5079,1700,134,4,444.99,0.0
5080,1700,93,4,155.24,0.0
5081,1701,142,2,118.0,11.8
5082,1701,35,3,335.39,50.31
5083,1702,80,2,413.08,0.0
5084,1703,91,3,252.58,25.26
5085,1704,145,3,27.77,0.0
5086,1704,9,3,444.4,44.44
5087,1704,97,4,322.01,0.0
5088,1705,100,4,270.76,0.0
5089,1705,119,1,453.53,45.35
5090,1706,41,1,36.8,5.52
5091,1706,20,1,169.34,0.0
5092,1707,110,2,130.63,13.06
5093,1707,56,2,422.08,63.31
5094,1707,113,3,109.63,10.96
5095,1708,28,3,75.89,0.0
5096,1708,103,4,233.36,23.34
5097,1709,100,3,270.76,0.0
5098,1709,81,2,43.0,4.3
5099,1709,107,2,110.67,0.0
5100,1710,85,3,256.09,0.0
5101,1710,86,1,474.92,0.0
5102,1711,84,2,178.48,17.85
5103,1711,10,2,409.97,61.5
5104,1711,70,3,246.27,0.0
5105,1711,8,1,495.36,0.0
5106,1711,100,4,270.76,27.08
5107,1712,7,2,28.64,2.86
5108,1712,81,3,43.0,8.6
5109,1712,124,4,241.15,48.23
5110,1712,64,1,64.91,12.98
5111,1712,14,2,304.76,0.0
5112,1713,53,2,110.68,22.14
5113,1713,83,4,129.83,12.98
5114,1713,80,1,413.08,0.0
5115,1714,28,2,75.89,0.0
5116,1714,52,1,98.97,14.85
5117,1714,143,3,107.53,16.13
5118,1714,120,4,335.74,0.0
5119,1714,51,3,95.6,14.34
5120,1715,103,1,233.36,0.0
5121,1715,61,3,92.4,9.24
5122,1715,84,4,178.48,35.7
5123,1715,38,4,202.51,20.25
5124,1716,116,1,377.29,37.73
5125,1716,120,4,335.74,67.15
5126,1716,51,1,95.6,19.12
5127,1716,83,4,129.83,12.98
5128,1716,57,3,188.77,28.32
5129,1717,60,1,353.64,0.0
5130,1717,83,4,129.83,19.47
5131,1717,124,1,241.15,48.23
5132,1717,13,3,469.28,0.0
5133,1718,65,2,416.07,0.0
5134,1719,115,2,377.52,75.5
5135,1719,110,2,130.63,0.0
5136,1719,87,2,283.38,0.0
5137,1719,134,3,444.99,44.5
5138,1719,94,2,414.66,62.2
5139,1720,126,1,131.53,0.0
5140,1720,120,4,335.74,50.36
5141,1720,103,2,233.36,23.34
5142,1720,71,2,352.1,70.42
5143,1720,78,1,236.94,0.0
5144,1721,86,2,474.92,47.49
5145,1721,105,1,223.61,0.0
5146,1721,14,4,304.76,30.48
5147,1721,137,2,142.56,28.51
5148,1721,1,2,321.1,0.0
5149,1722,88,3,269.25,53.85
5150,1722,12,1,76.22,0.0
5151,1722,48,1,333.72,0.0
5152,1723,35,4,335.39,50.31
5153,1723,149,4,499.81,0.0
5154,1723,52,2,98.97,0.0
5155,1724,96,1,498.77,49.88
5156,1724,133,2,328.02,0.0
5157,1724,81,1,43.0,6.45
5158,1725,53,1,110.68,0.0
5159,1726,82,4,437.52,65.63
5160,1726,78,4,236.94,0.0
5161,1727,75,1,134.66,0.0
5162,1727,146,3,429.95,0.0
5163,1727,57,1,188.77,28.32
5164,1727,67,1,351.2,35.12
5165,1728,105,1,223.61,0.0
5166,1728,132,4,89.04,0.0
5167,1728,7,2,28.64,0.0
5168,1728,46,3,67.45,10.12
5169,1729,121,3,162.84,0.0
5170,1730,150,3,104.02,0.0
5171,1730,114,1,93.0,9.3
5172,1731,75,3,134.66,20.2
5173,1732,37,3,104.0,20.8
5174,1732,40,4,304.26,0.0
5175,1732,7,1,28.64,5.73
5176,1732,31,1,287.81,0.0
5177,1732,83,4,129.83,19.47
5178,1733,67,3,351.2,0.0
5179,1734,2,3,332.83,0.0
5180,1734,15,2,350.02,70.0
5181,1734,78,1,236.94,0.0
5182,1734,3,4,341.27,51.19
5183,1734,45,2,299.19,29.92
5184,1735,130,3,43.77,0.0
5185,1735,148,1,165.59,33.12
5186,1735,110,2,130.63,0.0
5187,1735,21,2,429.76,0.0
5188,1735,84,3,178.48,0.0
5189,1736,75,1,134.66,26.93
5190,1736,68,1,136.7,0.0
5191,1736,79,3,190.04,28.51
5192,1736,5,1,415.34,0.0
5193,1736,89,2,15.3,1.53
5194,1737,10,2,409.97,0.0
5195,1737,115,4,377.52,56.63
5196,1737,71,3,352.1,52.82
5197,1737,100,1,270.76,54.15
5198,1738,46,2,67.45,0.0
5199,1738,94,3,414.66,62.2
5200,1738,134,2,444.99,0.0
5201,1738,52,3,98.97,19.79
5202,1739,51,3,95.6,14.34
5203,1739,144,2,201.38,40.28
5204,1740,143,3,107.53,0.0
5205,1740,10,2,409.97,0.0
5206,1740,90,3,490.37,98.07
5207,1741,59,2,189.39,0.0
5208,1741,142,1,118.0,0.0
5209,1742,104,2,172.41,17.24
5210,1742,87,1,283.38,0.0
5211,1742,117,2,491.5,0.0
5212,1743,18,1,368.54,0.0
5213,1743,98,3,187.8,28.17
5214,1743,21,2,429.76,42.98
5215,1744,144,4,201.38,20.14
5216,1744,69,3,93.19,9.32
5217,1744,45,3,299.19,59.84
5218,1745,122,1,425.68,42.57
5219,1745,92,1,218.76,43.75
5220,1745,89,1,15.3,0.0
5221,1745,67,1,351.2,0.0
5222,1746,27,3,168.15,0.0
5223,1747,126,1,131.53,19.73
5224,1747,112,2,211.58,0.0
5225,1747,143,3,107.53,0.0
5226,1748,52,1,98.97,0.0
5227,1748,37,4,104.0,20.8
5228,1748,5,4,415.34,0.0
5229,1748,116,2,377.29,37.73
5230,1749,10,1,409.97,0.0
5231,1749,26,3,242.14,0.0
5232,1749,146,4,429.95,0.0
5233,1749,61,2,92.4,13.86
5234,1749,32,4,146.13,0.0
5235,1750,8,1,495.36,74.3
5236,1750,65,1,416.07,83.21
5237,1750,19,3,488.22,73.23
5238,1750,22,3,18.29,0.0
5239,1751,43,3,330.28,33.03
5240,1751,58,3,336.01,0.0
5241,1752,39,3,203.79,0.0
5242,1752,106,2,123.25,24.65
5243,1753,19,2,488.22,97.64
5244,1753,61,2,92.4,13.86
5245,1753,124,1,241.15,36.17
5246,1754,150,4,104.02,0.0
5247,1754,110,1,130.63,19.59
5248,1754,40,3,304.26,0.0
5249,1755,4,2,273.69,0.0
5250,1755,7,3,28.64,2.86
5251,1755,63,4,142.21,21.33
5252,1755,121,3,162.84,32.57
5253,1755,129,3,237.02,23.7
5254,1756,11,4,381.78,76.36
5255,1756,13,2,469.28,93.86
5256,1756,97,3,322.01,0.0
5257,1757,61,2,92.4,18.48
5258,1757,20,3,169.34,0.0
5259,1758,8,3,495.36,99.07
5260,1758,121,3,162.84,0.0
5261,1758,137,4,142.56,0.0
5262,1759,108,1,294.36,0.0
5263,1759,27,4,168.15,0.0
5264,1759,90,3,490.37,0.0
5265,1759,122,3,425.68,85.14
5266,1760,114,4,93.0,18.6
5267,1760,117,2,491.5,98.3
5268,1760,11,2,381.78,0.0
5269,1761,60,2,353.64,70.73
5270,1761,39,2,203.79,0.0
5271,1761,99,2,325.08,0.0
5272,1762,91,4,252.58,0.0
5273,1762,41,2,36.8,0.0
5274,1763,19,1,488.22,0.0
5275,1763,58,2,336.01,0.0
5276,1763,24,4,223.52,33.53
5277,1763,90,4,490.37,0.0
5278,1763,18,3,368.54,0.0
5279,1764,64,1,64.91,9.74
5280,1764,130,4,43.77,4.38
5281,1764,146,2,429.95,85.99
5282,1764,65,1,416.07,83.21
5283,1764,5,1,415.34,0.0
5284,1765,68,4,136.7,0.0
5285,1765,142,1,118.0,17.7
5286,1765,4,3,273.69,54.74
5287,1766,81,3,43.0,4.3
5288,1766,28,4,75.89,0.0
5289,1766,21,4,429.76,42.98
5290,1766,1,1,321.1,0.0
5291,1766,41,2,36.8,3.68
5292,1767,64,3,64.91,6.49
5293,1767,40,4,304.26,60.85
5294,1767,7,4,28.64,0.0
5295,1767,99,4,325.08,65.02
5296,1767,122,1,425.68,85.14
5297,1768,129,3,237.02,35.55
5298,1768,61,1,92.4,18.48
5299,1768,147,4,15.84,0.0
5300,1768,94,2,414.66,0.0
5301,1769,134,4,444.99,0.0
5302,1769,125,2,269.3,0.0
5303,1769,42,4,478.77,71.82
5304,1769,135,2,236.07,47.21
5305,1770,72,3,242.78,48.56
5306,1770,8,4,495.36,0.0
5307,1771,84,4,178.48,0.0
5308,1771,100,3,270.76,0.0
5309,1771,93,3,155.24,31.05
5310,1771,39,2,203.79,30.57
5311,1771,51,3,95.6,14.34
5312,1772,89,4,15.3,3.06
5313,1772,113,2,109.63,0.0
5314,1772,60,4,353.64,70.73
5315,1772,6,2,43.07,0.0
5316,1772,121,2,162.84,32.57
5317,1773,104,4,172.41,34.48
5318,1773,48,3,333.72,66.74
5319,1773,52,2,98.97,19.79
5320,1773,47,2,272.75,0.0
5321,1774,75,4,134.66,20.2
5322,1774,89,1,15.3,0.0
5323,1774,102,3,139.64,0.0
5324,1775,14,1,304.76,30.48
5325,1775,100,2,270.76,54.15
5326,1776,125,2,269.3,0.0
5327,1776,39,3,203.79,30.57
5328,1776,48,3,333.72,0.0
5329,1776,5,4,415.34,62.3
5330,1777,100,2,270.76,40.61
5331,1777,114,2,93.0,9.3
5332,1777,80,3,413.08,61.96
5333,1777,21,3,429.76,64.46
5334,1778,145,1,27.77,5.55
5335,1778,87,2,283.38,0.0
5336,1778,33,2,179.42,0.0
5337,1778,74,1,278.72,27.87
5338,1779,54,2,34.49,5.17
5339,1779,34,2,22.78,2.28
5340,1779,7,4,28.64,2.86
5341,1779,67,2,351.2,0.0
5342,1779,139,3,262.86,0.0
5343,1780,89,4,15.3,0.0
5344,1780,86,4,474.92,0.0
5345,1780,48,2,333.72,0.0
5346,1780,7,1,28.64,2.86
5347,1780,5,2,415.34,0.0
5348,1781,115,4,377.52,37.75
5349,1781,7,1,28.64,4.3
5350,1782,134,4,444.99,0.0
5351,1782,35,1,335.39,0.0
5352,1782,46,3,67.45,0.0
5353,1782,131,4,10.91,0.0
5354,1782,117,4,491.5,73.72
5355,1783,75,4,134.66,13.47
5356,1783,42,4,478.77,0.0
5357,1783,57,4,188.77,0.0
5358,1784,119,2,453.53,0.0
5359,1784,74,2,278.72,41.81
5360,1784,47,2,272.75,40.91
5361,1785,47,4,272.75,54.55
5362,1786,21,4,429.76,64.46
5363,1787,27,4,168.15,0.0
5364,1787,99,4,325.08,65.02
5365,1787,35,4,335.39,0.0
5366,1787,64,2,64.91,12.98
5367,1788,98,2,187.8,28.17
5368,1788,40,2,304.26,0.0
5369,1788,7,2,28.64,0.0
5370,1789,57,3,188.77,0.0
5371,1790,91,3,252.58,25.26
5372,1790,105,1,223.61,0.0
5373,1790,9,4,444.4,44.44
5374,1790,67,3,351.2,0.0
5375,1790,145,1,27.77,0.0
5376,1791,27,1,168.15,25.22
5377,1791,97,3,322.01,48.3
5378,1791,18,2,368.54,0.0
5379,1791,106,2,123.25,18.49
5380,1792,30,1,304.56,45.68
5381,1793,35,2,335.39,0.0
5382,1793,53,3,110.68,16.6
5383,1793,14,3,304.76,45.71
5384,1794,134,2,444.99,0.0
5385,1794,104,1,172.41,0.0
5386,1794,75,1,134.66,20.2
5387,1795,83,2,129.83,19.47
5388,1796,74,3,278.72,0.0
5389,1797,150,3,104.02,20.8
5390,1798,106,2,123.25,18.49
5391,1798,10,2,409.97,81.99
5392,1799,87,2,283.38,28.34
5393,1799,12,1,76.22,7.62
5394,1799,93,4,155.24,0.0
5395,1799,38,4,202.51,40.5
5396,1800,133,4,328.02,0.0
5397,1800,115,2,377.52,56.63
5398,1800,26,3,242.14,0.0
5399,1800,109,2,270.39,0.0
5400,1801,56,4,422.08,0.0
5401,1801,135,3,236.07,47.21
5402,1802,77,1,208.09,0.0
5403,1802,86,1,474.92,0.0
5404,1802,62,1,399.48,59.92
5405,1802,35,3,335.39,33.54
5406,1802,105,4,223.61,0.0
5407,1803,45,1,299.19,29.92
5408,1803,139,2,262.86,39.43
5409,1803,60,1,353.64,35.36
5410,1803,88,1,269.25,40.39
5411,1803,38,2,202.51,0.0
5412,1804,55,3,42.68,4.27
5413,1804,40,2,304.26,0.0
5414,1804,51,3,95.6,9.56
5415,1804,14,2,304.76,0.0
5416,1804,37,4,104.0,20.8
5417,1805,93,1,155.24,0.0
5418,1805,52,2,98.97,0.0
5419,1805,133,2,328.02,0.0
5420,1805,81,3,43.0,8.6
5421,1805,148,4,165.59,0.0
5422,1806,67,3,351.2,0.0
5423,1807,73,2,298.52,0.0
5424,1807,62,3,399.48,0.0
5425,1807,20,3,169.34,16.93
5426,1807,104,4,172.41,0.0
5427,1808,108,3,294.36,0.0
5428,1808,57,2,188.77,37.75
5429,1809,130,1,43.77,6.57
5430,1809,80,3,413.08,41.31
5431,1809,14,4,304.76,0.0
5432,1810,4,2,273.69,0.0
5433,1810,56,2,422.08,42.21
5434,1810,103,2,233.36,35.0
5435,1810,35,1,335.39,0.0
5436,1810,149,2,499.81,99.96
5437,1811,47,3,272.75,40.91
5438,1811,122,4,425.68,42.57
5439,1812,131,1,10.91,0.0
5440,1812,52,4,98.97,0.0
5441,1812,9,1,444.4,66.66
5442,1812,6,1,43.07,6.46
5443,1813,21,1,429.76,0.0
5444,1813,15,3,350.02,35.0
5445,1813,149,3,499.81,99.96
5446,1813,145,2,27.77,4.17
5447,1814,15,2,350.02,70.0
5448,1814,70,4,246.27,24.63
5449,1814,98,4,187.8,0.0
5450,1814,132,1,89.04,8.9
5451,1814,5,3,415.34,41.53
5452,1815,129,3,237.02,23.7
5453,1815,136,3,396.02,0.0
5454,1816,81,2,43.0,0.0
5455,1816,51,3,95.6,14.34
5456,1816,7,4,28.64,5.73
5457,1816,141,1,328.57,49.29
5458,1816,99,3,325.08,0.0
5459,1817,59,1,189.39,18.94
5460,1817,3,3,341.27,0.0
5461,1817,83,1,129.83,0.0
5462,1818,135,2,236.07,0.0
5463,1819,24,2,223.52,0.0
5464,1819,106,1,123.25,18.49
5465,1820,9,1,444.4,44.44
5466,1820,110,3,130.63,13.06
5467,1821,80,4,413.08,82.62
5468,1821,60,4,353.64,35.36
5469,1822,143,1,107.53,21.51
5470,1822,47,3,272.75,0.0
5471,1822,11,4,381.78,0.0
5472,1822,42,1,478.77,47.88
5473,1822,99,2,325.08,48.76
5474,1823,85,1,256.09,0.0
5475,1823,22,1,18.29,0.0
5476,1823,57,2,188.77,0.0
5477,1823,91,3,252.58,37.89
5478,1823,54,4,34.49,3.45
5479,1824,24,1,223.52,0.0
5480,1824,65,1,416.07,41.61
5481,1824,114,1,93.0,0.0
5482,1825,16,4,128.09,0.0
5483,1825,40,2,304.26,60.85
5484,1826,139,2,262.86,0.0
5485,1826,18,4,368.54,0.0
5486,1826,26,4,242.14,48.43
5487,1826,1,1,321.1,0.0
5488,1826,47,1,272.75,0.0
5489,1827,89,3,15.3,1.53
5490,1827,119,4,453.53,68.03
5491,1827,81,2,43.0,0.0
5492,1827,41,1,36.8,5.52
5493,1828,8,2,495.36,0.0
5494,1828,37,3,104.0,15.6
5495,1828,38,1,202.51,0.0
5496,1828,107,1,110.67,11.07
5497,1829,92,3,218.76,21.88
5498,1830,140,4,224.28,22.43
5499,1830,79,2,190.04,0.0
5500,1830,44,4,452.04,0.0
5501,1830,150,1,104.02,0.0
5502,1830,112,1,211.58,0.0
5503,1831,146,1,429.95,85.99
5504,1831,89,1,15.3,0.0
5505,1831,47,2,272.75,0.0
5506,1832,69,3,93.19,13.98
5507,1833,42,4,478.77,0.0
5508,1833,38,4,202.51,20.25
5509,1834,10,4,409.97,61.5
5510,1835,101,4,127.41,12.74
5511,1835,5,4,415.34,0.0
5512,1836,89,2,15.3,2.29
5513,1837,72,2,242.78,0.0
5514,1837,91,4,252.58,0.0
5515,1837,28,4,75.89,15.18
5516,1837,142,3,118.0,17.7
5517,1838,72,2,242.78,48.56
5518,1838,87,1,283.38,0.0
5519,1838,69,4,93.19,13.98
5520,1839,57,4,188.77,28.32
5521,1840,47,3,272.75,40.91
5522,1840,114,4,93.0,9.3
5523,1840,11,4,381.78,76.36
5524,1840,30,1,304.56,0.0
5525,1841,11,1,381.78,0.0
5526,1841,34,2,22.78,2.28
5527,1841,33,2,179.42,17.94
5528,1841,110,2,130.63,0.0
5529,1841,144,3,201.38,20.14
5530,1842,71,4,352.1,0.0
5531,1842,131,3,10.91,0.0
5532,1842,1,3,321.1,64.22
5533,1842,98,1,187.8,18.78
5534,1843,64,3,64.91,9.74
5535,1843,105,3,223.61,0.0
5536,1843,74,4,278.72,27.87
5537,1843,63,4,142.21,0.0
5538,1844,115,2,377.52,0.0
5539,1844,139,1,262.86,0.0
5540,1844,143,3,107.53,16.13
5541,1845,43,4,330.28,66.06
5542,1845,22,2,18.29,2.74
5543,1845,69,1,93.19,0.0
5544,1846,87,4,283.38,42.51
5545,1846,120,3,335.74,67.15
5546,1846,53,1,110.68,11.07
5547,1847,40,4,304.26,45.64
5548,1847,10,1,409.97,81.99
5549,1847,74,2,278.72,41.81
5550,1848,28,3,75.89,15.18
5551,1848,98,3,187.8,37.56
5552,1848,149,1,499.81,49.98
5553,1848,134,4,444.99,0.0
5554,1848,74,3,278.72,41.81
5555,1849,103,2,233.36,0.0
5556,1849,144,4,201.38,0.0
5557,1849,105,4,223.61,0.0
5558,1850,10,1,409.97,81.99
5559,1850,32,1,146.13,29.23
5560,1851,60,3,353.64,35.36
5561,1851,110,2,130.63,0.0
5562,1851,121,4,162.84,16.28
5563,1852,46,3,67.45,10.12
5564,1852,101,4,127.41,19.11
5565,1853,37,1,104.0,10.4
5566,1853,6,2,43.07,0.0
5567,1853,114,3,93.0,13.95
5568,1853,14,3,304.76,0.0
5569,1853,34,3,22.78,2.28
5570,1854,22,4,18.29,0.0
5571,1854,37,1,104.0,15.6
5572,1854,129,4,237.02,23.7
5573,1854,91,4,252.58,0.0
5574,1854,84,1,178.48,0.0
5575,1855,30,1,304.56,0.0
5576,1855,41,3,36.8,3.68
5577,1855,9,3,444.4,88.88
5578,1855,73,4,298.52,0.0
5579,1856,100,3,270.76,0.0
5580,1856,55,4,42.68,4.27
5581,1856,21,2,429.76,0.0
5582,1856,123,2,77.17,0.0
5583,1856,141,2,328.57,65.71
5584,1857,92,1,218.76,21.88
5585,1857,113,4,109.63,0.0
5586,1858,101,3,127.41,0.0
5587,1858,143,1,107.53,10.75
5588,1858,3,2,341.27,0.0
5589,1859,88,4,269.25,26.93
5590,1859,72,1,242.78,0.0
5591,1860,44,4,452.04,67.81
5592,1860,126,1,131.53,0.0
5593,1860,21,1,429.76,0.0
5594,1861,22,3,18.29,1.83
5595,1861,126,3,131.53,26.31
5596,1862,64,1,64.91,0.0
5597,1862,122,3,425.68,42.57
5598,1863,8,1,495.36,49.54
5599,1864,110,4,130.63,19.59
5600,1864,52,1,98.97,14.85
5601,1864,36,1,319.43,0.0
5602,1864,95,2,317.95,0.0
5603,1865,3,4,341.27,0.0
5604,1865,18,3,368.54,55.28
5605,1866,59,2,189.39,37.88
5606,1866,131,1,10.91,1.09
5607,1867,134,2,444.99,0.0
5608,1867,53,3,110.68,0.0
5609,1867,68,1,136.7,0.0
5610,1868,54,3,34.49,0.0
5611,1868,90,2,490.37,49.04
5612,1868,134,1,444.99,0.0
5613,1868,84,3,178.48,35.7
5614,1869,39,2,203.79,0.0
5615,1869,91,2,252.58,25.26
5616,1869,72,2,242.78,0.0
5617,1870,108,2,294.36,0.0
5618,1870,62,2,399.48,0.0
5619,1870,70,4,246.27,0.0
5620,1870,127,1,222.52,0.0
5621,1870,12,3,76.22,0.0
5622,1871,114,1,93.0,18.6
5623,1872,72,2,242.78,24.28
5624,1872,67,1,351.2,0.0
5625,1872,31,1,287.81,28.78
5626,1872,144,1,201.38,0.0
5627,1872,117,1,491.5,49.15
5628,1873,58,3,336.01,33.6
5629,1873,89,3,15.3,3.06
5630,1874,52,1,98.97,19.79
5631,1874,36,2,319.43,0.0
5632,1874,16,1,128.09,0.0
5633,1875,101,2,127.41,25.48
5634,1876,1,1,321.1,64.22
5635,1877,46,4,67.45,0.0
5636,1877,48,2,333.72,66.74
5637,1878,80,2,413.08,41.31
5638,1879,62,3,399.48,79.9
5639,1879,9,4,444.4,0.0
5640,1880,109,4,270.39,0.0
5641,1881,43,3,330.28,66.06
5642,1882,74,1,278.72,27.87
5643,1882,141,1,328.57,0.0
5644,1882,113,3,109.63,21.93
5645,1882,136,1,396.02,0.0
5646,1882,106,4,123.25,0.0
5647,1883,12,3,76.22,7.62
5648,1883,6,2,43.07,6.46
5649,1884,27,1,168.15,33.63
5650,1885,99,4,325.08,0.0
5651,1885,114,4,93.0,9.3
5652,1885,130,4,43.77,0.0
5653,1885,64,3,64.91,0.0
5654,1885,75,4,134.66,26.93
5655,1886,48,4,333.72,66.74
5656,1886,119,2,453.53,90.71
5657,1887,45,2,299.19,29.92
5658,1887,110,4,130.63,0.0
5659,1887,98,2,187.8,37.56
5660,1888,18,1,368.54,36.85
5661,1888,51,4,95.6,0.0
5662,1888,74,3,278.72,27.87
5663,1888,6,2,43.07,0.0
5664,1888,19,3,488.22,97.64
5665,1889,119,4,453.53,0.0
5666,1889,149,1,499.81,0.0
5667,1889,43,2,330.28,33.03
5668,1889,16,1,128.09,19.21
5669,1889,88,1,269.25,0.0
5670,1890,56,4,422.08,42.21
5671,1890,48,2,333.72,33.37
5672,1890,46,2,67.45,0.0
5673,1890,111,4,11.12,0.0
5674,1890,127,3,222.52,33.38
5675,1891,11,4,381.78,0.0
5676,1892,129,4,237.02,0.0
5677,1892,36,3,319.43,0.0
5678,1892,97,3,322.01,32.2
5679,1893,56,3,422.08,0.0
5680,1893,141,4,328.57,0.0
5681,1893,26,4,242.14,0.0
5682,1893,86,4,474.92,0.0
5683,1894,121,4,162.84,0.0
5684,1894,69,1,93.19,0.0
5685,1894,33,4,179.42,35.88
5686,1894,89,2,15.3,0.0
5687,1894,37,4,104.0,15.6
5688,1895,48,2,333.72,33.37
5689,1896,109,3,270.39,0.0
5690,1896,92,3,218.76,0.0
5691,1896,57,3,188.77,0.0
5692,1896,94,4,414.66,0.0
5693,1897,113,1,109.63,21.93
5694,1897,52,4,98.97,0.0
5695,1897,140,3,224.28,0.0
5696,1897,7,3,28.64,2.86
5697,1897,32,3,146.13,0.0
5698,1898,48,1,333.72,0.0
5699,1898,3,1,341.27,0.0
5700,1899,129,2,237.02,35.55
5701,1899,106,1,123.25,0.0
5702,1900,37,4,104.0,0.0
5703,1901,101,2,127.41,19.11
5704,1901,24,2,223.52,0.0
5705,1901,73,3,298.52,29.85
5706,1901,13,1,469.28,70.39
5707,1902,124,3,241.15,36.17
5708,1902,71,4,352.1,52.82
5709,1902,99,1,325.08,32.51
5710,1902,108,3,294.36,29.44
5711,1903,22,3,18.29,0.0
5712,1903,63,3,142.21,14.22
5713,1904,81,3,43.0,8.6
5714,1904,150,3,104.02,0.0
5715,1904,53,2,110.68,16.6
5716,1905,26,3,242.14,36.32
5717,1905,51,2,95.6,9.56
5718,1905,117,4,491.5,73.72
5719,1905,68,4,136.7,0.0
5720,1905,74,3,278.72,41.81
5721,1906,77,4,208.09,20.81
5722,1906,88,3,269.25,53.85
5723,1906,86,4,474.92,0.0
5724,1906,62,4,399.48,0.0
5725,1906,124,2,241.15,0.0
5726,1907,126,2,131.53,13.15
5727,1907,130,4,43.77,0.0
5728,1908,4,3,273.69,0.0
5729,1908,91,4,252.58,50.52
5730,1908,40,3,304.26,0.0
5731,1909,98,2,187.8,37.56
5732,1909,24,1,223.52,22.35
5733,1909,127,1,222.52,0.0
5734,1909,108,1,294.36,0.0
5735,1910,22,2,18.29,2.74
5736,1910,141,4,328.57,0.0
5737,1910,111,4,11.12,2.22
5738,1910,102,4,139.64,13.96
5739,1910,103,4,233.36,0.0
5740,1911,141,1,328.57,32.86
5741,1911,75,3,134.66,0.0
5742,1911,79,1,190.04,0.0
5743,1911,101,4,127.41,25.48
5744,1912,47,2,272.75,0.0
5745,1912,91,2,252.58,0.0
5746,1912,95,1,317.95,0.0
5747,1912,38,4,202.51,0.0
5748,1913,10,2,409.97,0.0
5749,1913,137,4,142.56,0.0
5750,1913,58,4,336.01,0.0
5751,1914,132,4,89.04,8.9
5752,1914,92,1,218.76,32.81
5753,1915,40,2,304.26,30.43
5754,1915,8,1,495.36,0.0
5755,1915,90,2,490.37,73.56
5756,1916,59,1,189.39,37.88
5757,1917,47,4,272.75,0.0
5758,1917,149,4,499.81,99.96
5759,1917,120,2,335.74,50.36
5760,1917,101,1,127.41,0.0
5761,1917,88,2,269.25,0.0
5762,1918,141,2,328.57,0.0
5763,1918,135,1,236.07,0.0
5764,1919,109,3,270.39,54.08
5765,1919,21,4,429.76,0.0
5766,1920,21,2,429.76,42.98
5767,1921,94,3,414.66,41.47
5768,1922,35,2,335.39,50.31
5769,1922,136,1,396.02,39.6
5770,1922,26,2,242.14,0.0
5771,1922,123,1,77.17,0.0
5772,1922,19,1,488.22,97.64
5773,1923,88,4,269.25,0.0
5774,1924,55,2,42.68,4.27
5775,1924,26,2,242.14,0.0
5776,1925,56,2,422.08,63.31
5777,1925,79,4,190.04,19.0
5778,1925,145,3,27.77,4.17
5779,1925,36,1,319.43,0.0
5780,1926,14,1,304.76,60.95
5781,1926,42,3,478.77,0.0
5782,1926,64,4,64.91,12.98
5783,1926,11,1,381.78,76.36
5784,1926,8,4,495.36,99.07
5785,1927,117,3,491.5,0.0
5786,1928,86,2,474.92,47.49
5787,1928,39,3,203.79,0.0
5788,1928,91,3,252.58,37.89
5789,1928,102,2,139.64,0.0
5790,1928,107,3,110.67,16.6
5791,1929,91,3,252.58,0.0
5792,1929,3,4,341.27,34.13
5793,1929,51,2,95.6,0.0
5794,1929,70,4,246.27,36.94
5795,1929,67,3,351.2,0.0
5796,1930,18,2,368.54,0.0
5797,1930,111,3,11.12,1.11
5798,1930,5,3,415.34,83.07
5799,1931,55,3,42.68,8.54
5800,1931,134,3,444.99,89.0
5801,1932,85,1,256.09,38.41
5802,1932,140,1,224.28,22.43
5803,1932,6,4,43.07,0.0
5804,1932,78,2,236.94,47.39
5805,1932,86,1,474.92,47.49
5806,1933,72,2,242.78,24.28
5807,1933,69,2,93.19,18.64
5808,1933,19,2,488.22,0.0
5809,1934,143,3,107.53,16.13
5810,1934,7,2,28.64,0.0
5811,1935,116,1,377.29,0.0
5812,1935,110,3,130.63,0.0
5813,1935,101,1,127.41,0.0
5814,1935,30,3,304.56,0.0
5815,1936,140,2,224.28,33.64
5816,1937,36,1,319.43,63.89
5817,1937,94,2,414.66,0.0
5818,1937,74,2,278.72,0.0
5819,1938,16,4,128.09,19.21
5820,1938,34,4,22.78,0.0
5821,1938,65,1,416.07,83.21
5822,1938,81,4,43.0,0.0
5823,1939,96,3,498.77,74.82
5824,1939,62,4,399.48,79.9
5825,1940,47,4,272.75,40.91
5826,1941,145,2,27.77,0.0
5827,1941,27,3,168.15,33.63
5828,1941,11,1,381.78,38.18
5829,1942,22,2,18.29,3.66
5830,1942,99,3,325.08,0.0
5831,1943,103,3,233.36,23.34
5832,1944,137,3,142.56,0.0
5833,1944,131,4,10.91,0.0
5834,1945,81,3,43.0,0.0
5835,1945,12,1,76.22,15.24
5836,1945,110,4,130.63,0.0
5837,1946,133,3,328.02,65.6
5838,1946,129,3,237.02,0.0
5839,1946,73,4,298.52,0.0
5840,1947,96,2,498.77,0.0
5841,1947,92,3,218.76,0.0
5842,1947,45,1,299.19,0.0
5843,1947,20,3,169.34,0.0
5844,1948,26,1,242.14,36.32
5845,1948,61,2,92.4,18.48
5846,1948,99,1,325.08,0.0
5847,1949,24,3,223.52,0.0
5848,1949,96,2,498.77,0.0
5849,1950,119,2,453.53,90.71
5850,1950,124,3,241.15,36.17
5851,1950,62,2,399.48,79.9
5852,1950,106,1,123.25,0.0
5853,1951,149,3,499.81,0.0
5854,1952,35,1,335.39,0.0
5855,1952,21,4,429.76,85.95
5856,1952,32,2,146.13,0.0
5857,1952,136,4,396.02,0.0
5858,1953,83,1,129.83,0.0
5859,1953,41,1,36.8,5.52
5860,1954,73,4,298.52,29.85
5861,1954,107,3,110.67,22.13
5862,1954,79,4,190.04,38.01
5863,1954,146,1,429.95,85.99
5864,1955,104,4,172.41,25.86
5865,1955,57,2,188.77,0.0
5866,1955,116,3,377.29,56.59
5867,1955,132,1,89.04,0.0
5868,1956,46,4,67.45,0.0
5869,1957,55,1,42.68,0.0
5870,1957,2,3,332.83,49.92
5871,1957,47,3,272.75,0.0
5872,1957,94,2,414.66,0.0
5873,1957,114,3,93.0,0.0
5874,1958,31,1,287.81,43.17
5875,1959,62,3,399.48,39.95
5876,1960,10,3,409.97,81.99
5877,1961,14,1,304.76,45.71
5878,1961,60,2,353.64,70.73
5879,1961,48,4,333.72,66.74
5880,1961,101,3,127.41,19.11
5881,1961,61,1,92.4,9.24
5882,1962,47,4,272.75,0.0
5883,1962,148,1,165.59,16.56
5884,1962,61,1,92.4,0.0
5885,1962,53,2,110.68,16.6
5886,1963,149,4,499.81,0.0
5887,1963,36,2,319.43,31.94
5888,1963,35,1,335.39,0.0
5889,1963,70,1,246.27,0.0
5890,1964,15,3,350.02,0.0
5891,1964,55,1,42.68,8.54
5892,1964,71,4,352.1,70.42
5893,1964,148,2,165.59,33.12
5894,1964,35,2,335.39,67.08
5895,1965,91,2,252.58,50.52
5896,1965,14,2,304.76,0.0
5897,1965,109,4,270.39,40.56
5898,1965,77,1,208.09,0.0
5899,1965,35,4,335.39,0.0
5900,1966,149,3,499.81,99.96
5901,1966,27,4,168.15,0.0
5902,1966,131,4,10.91,0.0
5903,1966,93,4,155.24,31.05
5904,1967,119,3,453.53,45.35
5905,1967,125,3,269.3,0.0
5906,1967,70,3,246.27,49.25
5907,1967,113,2,109.63,0.0
5908,1968,27,2,168.15,33.63
5909,1968,150,3,104.02,10.4
5910,1968,65,3,416.07,41.61
5911,1968,84,1,178.48,0.0
5912,1969,87,4,283.38,56.68
5913,1969,133,1,328.02,0.0
5914,1969,125,4,269.3,0.0
5915,1969,86,3,474.92,0.0
5916,1969,79,4,190.04,0.0
5917,1970,98,4,187.8,0.0
5918,1970,43,1,330.28,33.03
5919,1971,42,4,478.77,95.75
5920,1971,105,3,223.61,0.0
5921,1972,121,1,162.84,0.0
5922,1972,70,2,246.27,49.25
5923,1972,117,1,491.5,49.15
5924,1972,85,4,256.09,25.61
5925,1973,104,3,172.41,34.48
5926,1973,10,2,409.97,81.99
5927,1973,126,4,131.53,26.31
5928,1973,95,2,317.95,0.0
5929,1974,11,1,381.78,57.27
5930,1974,103,3,233.36,46.67
5931,1975,98,3,187.8,0.0
5932,1976,6,4,43.07,0.0
5933,1976,77,4,208.09,0.0
5934,1976,13,4,469.28,0.0
5935,1977,9,4,444.4,0.0
5936,1977,36,2,319.43,0.0
5937,1977,6,3,43.07,4.31
5938,1977,38,3,202.51,0.0
5939,1977,34,2,22.78,0.0
5940,1978,96,2,498.77,74.82
5941,1978,136,2,396.02,59.4
5942,1979,132,2,89.04,17.81
5943,1980,33,4,179.42,17.94
5944,1980,101,1,127.41,0.0
5945,1980,96,3,498.77,0.0
5946,1980,76,2,127.04,12.7
5947,1980,12,1,76.22,0.0
5948,1981,98,2,187.8,18.78
5949,1981,126,4,131.53,0.0
5950,1982,14,1,304.76,45.71
5951,1982,20,3,169.34,33.87
5952,1982,51,2,95.6,0.0
5953,1982,64,3,64.91,0.0
5954,1983,84,3,178.48,26.77
5955,1983,41,3,36.8,5.52
5956,1983,85,4,256.09,38.41
5957,1983,130,1,43.77,4.38
5958,1984,93,4,155.24,0.0
5959,1984,132,3,89.04,8.9
5960,1985,125,2,269.3,53.86
5961,1985,12,2,76.22,11.43
5962,1985,37,2,104.0,0.0
5963,1986,52,3,98.97,14.85
5964,1986,20,1,169.34,0.0
5965,1986,95,1,317.95,0.0
5966,1986,79,1,190.04,0.0
5967,1986,101,4,127.41,0.0
5968,1987,113,4,109.63,0.0
5969,1987,80,2,413.08,41.31
5970,1987,144,4,201.38,40.28
5971,1987,107,2,110.67,0.0
5972,1988,71,2,352.1,70.42
5973,1988,110,1,130.63,13.06
5974,1988,60,3,353.64,0.0
5975,1988,62,3,399.48,0.0
5976,1989,13,1,469.28,93.86
5977,1989,136,4,396.02,39.6
5978,1990,143,3,107.53,0.0
5979,1990,119,4,453.53,45.35
5980,1991,113,3,109.63,0.0
5981,1992,106,3,123.25,0.0
5982,1993,10,1,409.97,61.5
5983,1993,45,1,299.19,44.88
5984,1993,142,2,118.0,17.7
5985,1993,64,3,64.91,0.0
5986,1994,88,4,269.25,53.85
5987,1994,64,2,64.91,6.49
5988,1994,13,1,469.28,70.39
5989,1994,147,3,15.84,0.0
5990,1995,58,1,336.01,0.0
5991,1995,115,2,377.52,0.0
5992,1995,32,2,146.13,14.61
5993,1996,106,2,123.25,18.49
5994,1996,44,2,452.04,45.2
5995,1996,146,2,429.95,64.49
5996,1996,59,4,189.39,18.94
5997,1997,131,1,10.91,0.0
5998,1997,4,1,273.69,27.37
5999,1997,94,2,414.66,82.93
6000,1997,36,2,319.43,0.0
6001,1998,98,4,187.8,0.0
6002,1999,20,4,169.34,0.0
6003,1999,142,2,118.0,0.0
6004,1999,112,2,211.58,21.16
6005,2000,99,2,325.08,0.0
6006,2001,45,1,299.19,0.0
6007,2001,73,3,298.52,0.0
6008,2001,33,3,179.42,0.0
6009,2001,27,1,168.15,0.0
6010,2001,124,3,241.15,0.0
6011,2002,2,3,332.83,0.0
6012,2002,36,4,319.43,0.0
6013,2002,123,3,77.17,0.0
6014,2002,143,1,107.53,21.51
6015,2003,59,1,189.39,18.94
6016,2004,47,1,272.75,0.0
6017,2004,119,2,453.53,45.35
6018,2004,68,2,136.7,20.5
6019,2005,46,3,67.45,13.49
6020,2005,122,2,425.68,63.85
6021,2005,31,4,287.81,0.0
6022,2005,115,2,377.52,0.0
6023,2005,111,3,11.12,0.0
6024,2006,133,3,328.02,65.6
6025,2007,95,1,317.95,47.69
6026,2007,19,4,488.22,97.64
6027,2007,37,3,104.0,20.8
6028,2007,137,2,142.56,21.38
6029,2007,54,1,34.49,0.0
6030,2008,105,4,223.61,0.0
6031,2008,79,4,190.04,28.51
6032,2009,141,4,328.57,0.0
6033,2010,101,1,127.41,0.0
6034,2010,82,1,437.52,43.75
6035,2010,26,3,242.14,0.0
6036,2010,90,1,490.37,98.07
6037,2010,98,2,187.8,18.78
6038,2011,28,4,75.89,0.0
6039,2011,125,1,269.3,0.0
6040,2011,115,3,377.52,75.5
6041,2012,45,1,299.19,0.0
6042,2013,52,1,98.97,0.0
6043,2013,140,1,224.28,0.0
6044,2013,146,2,429.95,0.0
6045,2013,24,4,223.52,0.0
6046,2014,122,1,425.68,0.0
6047,2015,133,1,328.02,0.0
6048,2015,56,2,422.08,0.0
6049,2015,117,2,491.5,0.0
6050,2015,75,2,134.66,0.0
6051,2015,109,1,270.39,0.0
6052,2016,81,2,43.0,0.0
6053,2017,47,1,272.75,40.91
6054,2017,26,3,242.14,0.0
6055,2017,7,2,28.64,4.3
6056,2017,77,1,208.09,41.62
6057,2017,101,4,127.41,12.74
6058,2018,147,4,15.84,0.0
6059,2018,106,1,123.25,24.65
6060,2019,7,3,28.64,0.0
6061,2020,71,1,352.1,35.21
6062,2021,27,3,168.15,25.22
6063,2021,61,1,92.4,0.0
6064,2022,10,3,409.97,0.0
6065,2022,91,4,252.58,0.0
6066,2022,73,3,298.52,0.0
6067,2022,21,4,429.76,64.46
6068,2022,58,3,336.01,67.2
6069,2023,129,1,237.02,23.7
6070,2024,1,4,321.1,64.22
6071,2024,97,4,322.01,0.0
6072,2025,58,2,336.01,50.4
6073,2025,8,2,495.36,74.3
6074,2025,84,2,178.48,0.0
6075,2025,18,4,368.54,0.0
6076,2026,107,4,110.67,0.0
6077,2026,126,4,131.53,19.73
6078,2026,33,1,179.42,26.91
6079,2026,10,2,409.97,0.0
6080,2027,146,3,429.95,0.0
6081,2027,91,1,252.58,0.0
6082,2027,31,4,287.81,57.56
6083,2027,21,3,429.76,64.46
6084,2027,101,1,127.41,25.48
6085,2028,106,2,123.25,0.0
6086,2028,69,4,93.19,9.32
6087,2029,59,4,189.39,0.0
6088,2029,90,2,490.37,73.56
6089,2029,61,2,92.4,9.24
6090,2029,40,1,304.26,0.0
6091,2029,110,1,130.63,19.59
6092,2030,150,1,104.02,0.0
6093,2030,21,4,429.76,0.0
6094,2030,33,2,179.42,35.88
6095,2030,38,1,202.51,40.5
6096,2030,4,4,273.69,41.05
6097,2031,35,3,335.39,33.54
6098,2031,46,4,67.45,10.12
6099,2031,18,1,368.54,73.71
6100,2031,124,3,241.15,36.17
6101,2032,68,4,136.7,13.67
6102,2032,47,4,272.75,0.0
6103,2032,60,1,353.64,0.0
6104,2033,140,1,224.28,44.86
6105,2033,32,4,146.13,29.23
6106,2033,24,1,223.52,22.35
6107,2033,41,4,36.8,0.0
6108,2033,63,3,142.21,0.0
6109,2034,57,3,188.77,37.75
6110,2034,125,3,269.3,53.86
6111,2034,79,1,190.04,19.0
6112,2035,59,4,189.39,0.0
6113,2035,86,2,474.92,94.98
6114,2035,64,4,64.91,0.0
6115,2036,28,4,75.89,0.0
6116,2036,90,1,490.37,98.07
6117,2036,36,1,319.43,31.94
6118,2037,46,2,67.45,0.0
6119,2038,85,3,256.09,0.0
6120,2038,15,4,350.02,35.0
6121,2038,74,1,278.72,0.0
6122,2038,84,2,178.48,0.0
6123,2038,51,2,95.6,19.12
6124,2039,71,2,352.1,0.0
6125,2040,55,1,42.68,4.27
6126,2040,77,1,208.09,41.62
6127,2040,148,2,165.59,0.0
6128,2040,42,3,478.77,95.75
6129,2040,88,2,269.25,0.0
6130,2041,54,2,34.49,0.0
6131,2041,131,2,10.91,2.18
6132,2041,9,4,444.4,0.0
6133,2041,86,3,474.92,71.24
6134,2041,59,1,189.39,0.0
6135,2042,121,2,162.84,32.57
6136,2042,27,3,168.15,0.0
6137,2042,111,1,11.12,1.67
6138,2043,55,4,42.68,0.0
6139,2043,81,1,43.0,0.0
6140,2043,79,4,190.04,38.01
6141,2043,15,1,350.02,0.0
6142,2043,61,1,92.4,0.0
6143,2044,4,1,273.69,41.05
6144,2044,19,2,488.22,97.64
6145,2044,150,2,104.02,15.6
6146,2044,48,3,333.72,0.0
6147,2045,55,3,42.68,8.54
6148,2045,4,1,273.69,0.0
6149,2046,10,4,409.97,41.0
6150,2046,150,3,104.02,0.0
6151,2046,37,3,104.0,20.8
6152,2047,132,2,89.04,0.0
6153,2047,51,2,95.6,14.34
6154,2048,16,3,128.09,0.0
6155,2049,75,2,134.66,0.0
6156,2049,88,2,269.25,0.0
6157,2049,21,4,429.76,85.95
6158,2050,68,4,136.7,20.5
6159,2051,111,1,11.12,0.0
6160,2051,48,1,333.72,0.0
6161,2051,95,1,317.95,0.0
6162,2051,30,4,304.56,0.0
6163,2052,61,1,92.4,13.86
6164,2052,104,3,172.41,34.48
6165,2053,46,4,67.45,0.0
6166,2053,51,1,95.6,0.0
6167,2053,132,2,89.04,13.36
6168,2053,110,1,130.63,13.06
6169,2054,35,3,335.39,0.0
6170,2054,71,4,352.1,52.82
6171,2054,79,2,190.04,0.0
6172,2054,9,1,444.4,44.44
6173,2054,145,4,27.77,2.78
6174,2055,75,3,134.66,13.47
6175,2055,116,2,377.29,0.0
6176,2056,12,4,76.22,0.0
6177,2056,90,2,490.37,98.07
6178,2056,88,1,269.25,40.39
6179,2057,123,1,77.17,0.0
6180,2057,64,1,64.91,6.49
6181,2057,116,1,377.29,37.73
6182,2057,13,3,469.28,0.0
6183,2058,6,2,43.07,0.0
6184,2058,133,2,328.02,0.0
6185,2059,89,3,15.3,0.0
6186,2059,56,1,422.08,0.0
6187,2059,105,2,223.61,0.0
6188,2059,147,4,15.84,0.0
6189,2059,27,4,168.15,16.82
6190,2060,137,3,142.56,28.51
6191,2060,41,2,36.8,7.36
6192,2060,121,4,162.84,0.0
6193,2060,48,3,333.72,0.0
6194,2060,16,4,128.09,19.21
6195,2061,46,4,67.45,13.49
6196,2061,84,3,178.48,26.77
6197,2061,106,1,123.25,0.0
6198,2061,27,4,168.15,0.0
6199,2061,34,3,22.78,0.0
6200,2062,43,4,330.28,49.54
6201,2062,22,4,18.29,3.66
6202,2062,104,1,172.41,0.0
6203,2062,83,2,129.83,0.0
6204,2062,106,2,123.25,0.0
6205,2063,95,4,317.95,47.69
6206,2063,45,4,299.19,0.0
6207,2063,33,4,179.42,17.94
6208,2063,7,1,28.64,4.3
6209,2063,86,3,474.92,0.0
6210,2064,35,3,335.39,50.31
6211,2064,87,2,283.38,0.0
6212,2064,135,2,236.07,47.21
6213,2065,11,4,381.78,57.27
6214,2065,108,3,294.36,29.44
6215,2066,30,4,304.56,45.68
6216,2066,79,2,190.04,0.0
6217,2066,38,1,202.51,0.0
6218,2067,41,2,36.8,7.36
6219,2067,115,3,377.52,37.75
6220,2067,112,3,211.58,0.0
6221,2067,94,1,414.66,0.0
6222,2068,105,1,223.61,0.0
6223,2069,64,2,64.91,0.0
6224,2070,54,3,34.49,0.0
6225,2070,88,4,269.25,26.93
6226,2071,140,4,224.28,33.64
6227,2072,47,1,272.75,27.28
6228,2073,81,2,43.0,8.6
6229,2073,59,4,189.39,0.0
6230,2074,78,3,236.94,0.0
6231,2074,41,4,36.8,0.0
6232,2074,149,1,499.81,99.96
6233,2075,144,2,201.38,0.0
6234,2075,104,1,172.41,0.0
6235,2075,22,4,18.29,2.74
6236,2075,37,4,104.0,20.8
6237,2076,8,3,495.36,49.54
6238,2076,101,3,127.41,0.0
6239,2076,123,2,77.17,11.58
6240,2077,30,2,304.56,0.0
6241,2077,70,4,246.27,0.0
6242,2077,47,3,272.75,0.0
6243,2077,60,3,353.64,0.0
6244,2077,100,4,270.76,27.08
6245,2078,80,2,413.08,41.31
6246,2079,117,1,491.5,0.0
6247,2080,123,4,77.17,7.72
6248,2080,145,2,27.77,0.0
6249,2080,3,1,341.27,0.0
6250,2080,100,2,270.76,0.0
6251,2080,47,2,272.75,27.28
6252,2081,45,2,299.19,0.0
6253,2082,131,3,10.91,0.0
6254,2083,31,4,287.81,28.78
6255,2083,86,4,474.92,94.98
6256,2084,56,1,422.08,0.0
6257,2085,96,3,498.77,0.0
6258,2086,61,3,92.4,0.0
6259,2086,63,1,142.21,0.0
6260,2086,21,3,429.76,0.0
6261,2086,111,2,11.12,0.0
6262,2086,102,4,139.64,0.0
6263,2087,77,1,208.09,0.0
6264,2088,121,4,162.84,0.0
6265,2088,50,1,320.93,64.19
6266,2089,148,2,165.59,24.84
6267,2090,112,1,211.58,0.0
6268,2090,134,1,444.99,0.0
6269,2090,9,4,444.4,66.66
6270,2091,70,2,246.27,24.63
6271,2091,9,3,444.4,0.0
6272,2091,85,1,256.09,51.22
6273,2091,12,3,76.22,15.24
6274,2092,12,3,76.22,15.24
6275,2092,93,4,155.24,0.0
6276,2092,31,3,287.81,0.0
6277,2092,13,3,469.28,0.0
6278,2092,24,2,223.52,22.35
6279,2093,131,2,10.91,2.18
6280,2093,110,4,130.63,0.0
6281,2093,64,4,64.91,12.98
6282,2093,147,3,15.84,0.0
6283,2094,86,1,474.92,94.98
6284,2094,19,3,488.22,0.0
6285,2094,103,1,233.36,0.0
6286,2095,100,2,270.76,27.08
6287,2095,6,4,43.07,0.0
6288,2095,150,3,104.02,10.4
6289,2095,101,2,127.41,0.0
6290,2096,19,2,488.22,73.23
6291,2096,50,2,320.93,48.14
6292,2096,59,1,189.39,0.0
6293,2097,91,3,252.58,0.0
6294,2097,150,3,104.02,15.6
6295,2098,93,4,155.24,0.0
6296,2098,14,1,304.76,30.48
6297,2098,55,4,42.68,0.0
6298,2098,41,1,36.8,5.52
6299,2099,43,2,330.28,49.54
6300,2099,125,3,269.3,53.86
6301,2099,1,1,321.1,32.11
6302,2100,21,3,429.76,64.46
6303,2100,42,2,478.77,0.0
6304,2101,83,3,129.83,25.97
6305,2101,102,2,139.64,20.95
6306,2101,5,1,415.34,0.0
6307,2101,33,4,179.42,35.88
6308,2102,93,4,155.24,0.0
6309,2102,26,3,242.14,24.21
6310,2102,6,3,43.07,6.46
6311,2102,42,1,478.77,95.75
6312,2102,86,4,474.92,0.0
6313,2103,37,1,104.0,15.6
6314,2104,113,3,109.63,0.0
6315,2104,135,4,236.07,23.61
6316,2104,144,1,201.38,0.0
6317,2104,62,3,399.48,59.92
6318,2105,122,3,425.68,0.0
6319,2105,20,1,169.34,0.0
6320,2105,22,4,18.29,3.66
6321,2106,69,3,93.19,0.0
6322,2107,76,4,127.04,0.0
6323,2107,75,1,134.66,0.0
6324,2107,45,4,299.19,29.92
6325,2108,61,2,92.4,18.48
6326,2108,35,2,335.39,50.31
6327,2108,13,1,469.28,93.86
6328,2108,56,3,422.08,84.42
6329,2108,145,2,27.77,0.0
6330,2109,95,3,317.95,63.59
6331,2109,27,4,168.15,33.63
6332,2109,97,4,322.01,64.4
6333,2110,97,1,322.01,0.0
6334,2110,117,1,491.5,73.72
6335,2110,98,3,187.8,0.0
6336,2110,150,4,104.02,0.0
6337,2111,77,3,208.09,31.21
6338,2111,99,4,325.08,48.76
6339,2111,148,2,165.59,0.0
6340,2112,86,4,474.92,47.49
6341,2112,59,4,189.39,0.0
6342,2112,80,2,413.08,0.0
6343,2113,136,2,396.02,0.0
6344,2113,112,2,211.58,31.74
6345,2114,99,2,325.08,65.02
6346,2114,129,2,237.02,0.0
6347,2114,80,1,413.08,0.0
6348,2114,104,3,172.41,25.86
6349,2114,83,3,129.83,0.0
6350,2115,117,4,491.5,0.0
6351,2115,55,2,42.68,0.0
6352,2115,137,1,142.56,28.51
6353,2115,121,1,162.84,0.0
6354,2116,74,3,278.72,41.81
6355,2116,59,4,189.39,18.94
6356,2116,14,4,304.76,30.48
6357,2116,34,2,22.78,4.56
6358,2116,110,3,130.63,0.0
6359,2117,58,4,336.01,0.0
6360,2117,55,4,42.68,0.0
6361,2117,12,1,76.22,11.43
6362,2117,6,4,43.07,4.31
6363,2117,111,4,11.12,0.0
6364,2118,41,4,36.8,5.52
6365,2118,24,2,223.52,0.0
6366,2119,119,3,453.53,45.35
6367,2119,21,4,429.76,0.0
6368,2119,146,1,429.95,0.0
6369,2119,78,4,236.94,0.0
6370,2120,5,1,415.34,0.0
6371,2120,48,2,333.72,0.0
6372,2121,1,1,321.1,0.0
6373,2121,16,1,128.09,0.0
6374,2122,82,1,437.52,0.0
6375,2122,96,4,498.77,0.0
6376,2122,77,1,208.09,0.0
6377,2123,31,2,287.81,0.0
6378,2123,144,2,201.38,0.0
6379,2123,9,2,444.4,0.0
6380,2123,20,3,169.34,0.0
6381,2124,44,4,452.04,0.0
6382,2124,7,3,28.64,5.73
6383,2125,59,1,189.39,18.94
6384,2125,135,1,236.07,35.41
6385,2125,27,3,168.15,0.0
6386,2125,126,4,131.53,0.0
6387,2125,115,3,377.52,0.0
6388,2126,64,1,64.91,0.0
6389,2127,68,1,136.7,0.0
6390,2127,113,3,109.63,0.0
6391,2127,20,2,169.34,33.87
6392,2127,28,1,75.89,0.0
6393,2127,114,1,93.0,0.0
6394,2128,28,4,75.89,0.0
6395,2129,141,1,328.57,0.0
6396,2129,92,4,218.76,0.0
6397,2129,144,2,201.38,40.28
6398,2130,55,3,42.68,0.0
6399,2130,11,1,381.78,0.0
6400,2130,115,3,377.52,37.75
6401,2130,41,2,36.8,0.0
6402,2130,91,2,252.58,0.0
6403,2131,73,3,298.52,0.0
6404,2131,120,2,335.74,0.0
6405,2131,147,2,15.84,3.17
6406,2132,68,2,136.7,0.0
6407,2132,88,2,269.25,0.0
6408,2132,71,3,352.1,70.42
6409,2132,107,3,110.67,0.0
6410,2132,67,2,351.2,0.0
6411,2133,73,2,298.52,0.0
6412,2133,20,2,169.34,16.93
6413,2133,106,2,123.25,0.0
6414,2134,105,3,223.61,22.36
6415,2134,85,3,256.09,51.22
6416,2134,102,3,139.64,0.0
6417,2135,60,1,353.64,53.05
6418,2136,137,4,142.56,14.26
6419,2136,139,3,262.86,0.0
6420,2136,105,4,223.61,0.0
6421,2137,60,3,353.64,0.0
6422,2138,73,1,298.52,44.78
6423,2138,45,4,299.19,59.84
6424,2138,35,1,335.39,33.54
6425,2139,112,3,211.58,0.0
6426,2139,56,3,422.08,42.21
6427,2139,74,1,278.72,0.0
6428,2140,131,3,10.91,0.0
6429,2141,54,4,34.49,0.0
6430,2141,34,1,22.78,0.0
6431,2141,11,4,381.78,0.0
6432,2142,78,1,236.94,47.39
6433,2142,36,1,319.43,0.0
6434,2143,28,1,75.89,15.18
6435,2143,69,4,93.19,0.0
6436,2144,71,4,352.1,70.42
6437,2144,57,4,188.77,18.88
6438,2144,131,3,10.91,1.09
6439,2145,85,3,256.09,0.0
6440,2145,150,2,104.02,0.0
6441,2146,31,2,287.81,0.0
6442,2146,139,2,262.86,39.43
6443,2147,94,3,414.66,41.47
6444,2147,148,1,165.59,0.0
6445,2148,35,3,335.39,50.31
6446,2148,117,4,491.5,98.3
6447,2148,90,2,490.37,0.0
6448,2149,30,1,304.56,0.0
6449,2150,88,1,269.25,0.0
6450,2150,14,1,304.76,0.0
6451,2150,15,3,350.02,0.0
6452,2151,100,3,270.76,27.08
6453,2151,13,3,469.28,46.93
6454,2151,28,2,75.89,11.38
6455,2152,75,3,134.66,13.47
6456,2153,84,1,178.48,0.0
6457,2153,125,2,269.3,0.0
6458,2153,110,1,130.63,19.59
6459,2153,75,3,134.66,0.0
6460,2153,96,1,498.77,49.88
6461,2154,72,3,242.78,0.0
6462,2154,113,2,109.63,16.44
6463,2154,95,2,317.95,47.69
6464,2154,77,1,208.09,0.0
6465,2155,34,2,22.78,4.56
6466,2155,122,2,425.68,63.85
6467,2155,129,2,237.02,47.4
6468,2155,112,1,211.58,0.0
6469,2156,144,2,201.38,0.0
6470,2156,117,4,491.5,49.15
6471,2156,87,4,283.38,42.51
6472,2156,113,1,109.63,21.93
6473,2156,80,2,413.08,0.0
6474,2157,45,4,299.19,59.84
6475,2157,74,3,278.72,55.74
6476,2157,107,3,110.67,0.0
6477,2157,61,3,92.4,18.48
6478,2157,62,1,399.48,59.92
6479,2158,89,3,15.3,3.06
6480,2158,37,2,104.0,0.0
6481,2158,80,2,413.08,41.31
6482,2158,20,2,169.34,33.87
6483,2158,3,2,341.27,0.0
6484,2159,26,3,242.14,0.0
6485,2159,125,3,269.3,0.0
6486,2159,120,1,335.74,33.57
6487,2159,150,2,104.02,0.0
6488,2159,108,1,294.36,58.87
6489,2160,97,4,322.01,0.0
6490,2160,92,3,218.76,32.81
6491,2161,102,4,139.64,13.96
6492,2161,134,4,444.99,0.0
6493,2161,45,2,299.19,0.0
6494,2161,57,2,188.77,18.88
6495,2162,62,4,399.48,0.0
6496,2162,8,1,495.36,0.0
6497,2163,7,2,28.64,0.0
6498,2163,97,2,322.01,48.3
6499,2163,136,1,396.02,39.6
6500,2164,72,3,242.78,24.28
6501,2164,103,2,233.36,0.0
6502,2164,127,2,222.52,33.38
6503,2165,97,2,322.01,48.3
6504,2165,100,1,270.76,40.61
6505,2165,72,3,242.78,0.0
6506,2165,30,4,304.56,45.68
6507,2165,84,1,178.48,0.0
6508,2166,5,3,415.34,83.07
6509,2167,38,2,202.51,20.25
6510,2168,92,3,218.76,0.0
6511,2168,11,3,381.78,38.18
6512,2168,97,4,322.01,48.3
6513,2169,33,3,179.42,0.0
6514,2169,127,3,222.52,22.25
6515,2170,129,1,237.02,0.0
6516,2170,73,3,298.52,0.0
6517,2170,63,1,142.21,28.44
6518,2171,79,3,190.04,38.01
6519,2171,114,4,93.0,13.95
6520,2171,62,3,399.48,0.0
6521,2171,81,2,43.0,8.6
6522,2172,107,3,110.67,0.0
6523,2172,50,3,320.93,32.09
6524,2172,100,1,270.76,27.08
6525,2172,62,2,399.48,0.0
6526,2173,139,2,262.86,39.43
6527,2173,43,3,330.28,66.06
6528,2173,125,3,269.3,0.0
6529,2173,79,2,190.04,38.01
6530,2174,62,4,399.48,0.0
6531,2174,59,4,189.39,0.0
6532,2174,147,4,15.84,0.0
6533,2175,85,1,256.09,0.0
6534,2175,2,2,332.83,49.92
6535,2175,93,1,155.24,23.29
6536,2175,135,4,236.07,35.41
6537,2175,139,3,262.86,0.0
6538,2176,120,2,335.74,0.0
6539,2176,62,2,399.48,0.0
6540,2176,45,1,299.19,29.92
6541,2176,136,3,396.02,59.4
6542,2177,106,1,123.25,0.0
6543,2178,34,1,22.78,0.0
6544,2178,146,3,429.95,85.99
6545,2178,113,4,109.63,21.93
6546,2179,84,2,178.48,35.7
6547,2179,47,2,272.75,0.0
6548,2180,76,1,127.04,0.0
6549,2180,133,1,328.02,0.0
6550,2180,16,1,128.09,0.0
6551,2180,96,4,498.77,49.88
6552,2180,33,3,179.42,17.94
6553,2181,65,3,416.07,62.41
6554,2181,78,1,236.94,0.0
6555,2182,73,3,298.52,0.0
6556,2182,124,3,241.15,24.12
6557,2182,51,2,95.6,0.0
6558,2182,70,2,246.27,36.94
6559,2182,18,2,368.54,73.71
6560,2183,71,1,352.1,35.21
6561,2183,53,3,110.68,0.0
6562,2183,100,4,270.76,0.0
6563,2184,146,2,429.95,0.0
6564,2184,64,4,64.91,12.98
6565,2184,115,2,377.52,56.63
6566,2185,110,1,130.63,0.0
6567,2185,87,4,283.38,0.0
6568,2185,115,1,377.52,37.75
6569,2185,76,3,127.04,0.0
6570,2186,98,4,187.8,18.78
6571,2187,146,4,429.95,0.0
6572,2188,119,3,453.53,0.0
6573,2188,34,4,22.78,0.0
6574,2189,150,3,104.02,0.0
6575,2189,137,4,142.56,0.0
6576,2190,114,3,93.0,0.0
6577,2190,80,1,413.08,82.62
6578,2190,142,4,118.0,17.7
6579,2191,46,3,67.45,0.0
6580,2191,60,2,353.64,0.0
6581,2191,62,3,399.48,79.9
6582,2192,65,1,416.07,83.21
6583,2192,14,4,304.76,60.95
6584,2192,125,2,269.3,40.4
6585,2192,106,3,123.25,24.65
6586,2193,9,3,444.4,66.66
6587,2193,113,4,109.63,0.0
6588,2193,103,1,233.36,23.34
6589,2193,55,1,42.68,4.27
6590,2193,144,1,201.38,40.28
6591,2194,94,3,414.66,62.2
6592,2194,38,1,202.51,40.5
6593,2194,51,2,95.6,19.12
6594,2194,10,3,409.97,0.0
6595,2195,107,4,110.67,0.0
6596,2195,77,4,208.09,41.62
6597,2195,46,3,67.45,6.75
6598,2195,26,3,242.14,24.21
6599,2195,6,3,43.07,0.0
6600,2196,103,3,233.36,0.0
6601,2196,69,3,93.19,13.98
6602,2196,127,1,222.52,44.5
6603,2196,113,2,109.63,0.0
6604,2197,149,1,499.81,0.0
6605,2198,52,1,98.97,14.85
6606,2198,57,3,188.77,0.0
6607,2198,122,4,425.68,85.14
6608,2198,27,1,168.15,33.63
6609,2198,15,1,350.02,35.0
6610,2199,88,3,269.25,0.0
6611,2200,9,1,444.4,44.44
6612,2200,139,1,262.86,0.0
6613,2200,124,1,241.15,36.17
6614,2201,79,1,190.04,19.0
6615,2202,63,4,142.21,21.33
6616,2202,33,4,179.42,17.94
6617,2202,147,3,15.84,1.58
6618,2202,82,2,437.52,0.0
6619,2203,147,4,15.84,0.0
6620,2203,48,2,333.72,0.0
6621,2203,43,4,330.28,66.06
6622,2204,135,4,236.07,0.0
6623,2204,95,4,317.95,47.69
6624,2204,99,3,325.08,0.0
6625,2205,13,4,469.28,0.0
6626,2205,86,3,474.92,0.0
6627,2205,73,3,298.52,29.85
6628,2206,125,4,269.3,40.4
6629,2207,141,3,328.57,32.86
6630,2207,79,4,190.04,38.01
6631,2207,81,3,43.0,0.0
6632,2208,99,1,325.08,0.0
6633,2208,133,1,328.02,0.0
6634,2208,78,4,236.94,35.54
6635,2208,33,4,179.42,17.94
6636,2208,142,3,118.0,0.0
6637,2209,98,3,187.8,0.0
6638,2209,35,4,335.39,0.0
6639,2209,11,4,381.78,0.0
6640,2209,55,4,42.68,0.0
6641,2209,111,2,11.12,0.0
6642,2210,117,3,491.5,49.15
6643,2211,41,1,36.8,5.52
6644,2212,96,3,498.77,0.0
6645,2212,98,3,187.8,37.56
6646,2212,12,4,76.22,0.0
6647,2212,16,4,128.09,0.0
6648,2212,97,1,322.01,48.3
6649,2213,139,1,262.86,0.0
6650,2213,32,3,146.13,0.0
6651,2213,7,3,28.64,5.73
6652,2214,95,3,317.95,47.69
6653,2214,147,3,15.84,0.0
6654,2214,133,4,328.02,0.0
6655,2214,134,1,444.99,0.0
6656,2215,35,1,335.39,0.0
6657,2215,27,2,168.15,16.82
6658,2216,99,1,325.08,0.0
6659,2217,64,2,64.91,0.0
6660,2217,137,4,142.56,14.26
6661,2217,70,4,246.27,24.63
6662,2217,135,3,236.07,0.0
6663,2217,136,4,396.02,59.4
6664,2218,131,1,10.91,0.0
6665,2219,40,2,304.26,45.64
6666,2220,92,4,218.76,43.75
6667,2220,122,2,425.68,0.0
6668,2220,87,3,283.38,56.68
6669,2221,2,1,332.83,49.92
6670,2221,11,4,381.78,0.0
6671,2221,67,2,351.2,70.24
6672,2221,82,1,437.52,87.5
6673,2221,104,1,172.41,0.0
6674,2222,107,4,110.67,16.6
6675,2222,41,3,36.8,7.36
6676,2222,86,4,474.92,71.24
6677,2222,46,3,67.45,13.49
6678,2223,59,2,189.39,37.88
6679,2223,140,3,224.28,22.43
6680,2223,123,1,77.17,0.0
6681,2223,3,2,341.27,0.0
6682,2223,124,4,241.15,0.0
6683,2224,116,2,377.29,0.0
6684,2224,119,3,453.53,0.0
6685,2224,126,3,131.53,0.0
6686,2224,30,3,304.56,0.0
6687,2225,103,1,233.36,46.67
6688,2225,15,4,350.02,0.0
6689,2225,102,1,139.64,0.0
6690,2225,91,4,252.58,0.0
6691,2226,132,1,89.04,0.0
6692,2226,51,4,95.6,9.56
6693,2226,54,4,34.49,6.9
6694,2227,84,1,178.48,26.77
6695,2227,148,2,165.59,33.12
6696,2228,120,1,335.74,0.0
6697,2229,45,4,299.19,0.0
6698,2230,60,4,353.64,0.0
6699,2230,116,1,377.29,56.59
6700,2230,26,3,242.14,0.0
6701,2230,142,1,118.0,0.0
6702,2231,16,1,128.09,25.62
6703,2231,14,4,304.76,60.95
6704,2232,98,2,187.8,18.78
6705,2232,21,1,429.76,0.0
6706,2232,90,4,490.37,73.56
6707,2233,5,4,415.34,62.3
6708,2234,114,4,93.0,0.0
6709,2234,137,2,142.56,28.51
6710,2234,123,3,77.17,0.0
6711,2234,103,1,233.36,0.0
6712,2234,108,1,294.36,29.44
6713,2235,119,1,453.53,90.71
6714,2235,9,2,444.4,66.66
6715,2235,104,1,172.41,0.0
6716,2235,116,2,377.29,37.73
6717,2236,19,1,488.22,0.0
6718,2236,24,4,223.52,0.0
6719,2236,42,4,478.77,71.82
6720,2236,115,1,377.52,56.63
6721,2236,40,4,304.26,0.0
6722,2237,90,2,490.37,73.56
6723,2237,140,1,224.28,0.0
6724,2237,89,3,15.3,0.0
6725,2237,100,4,270.76,0.0
6726,2237,121,2,162.84,16.28
6727,2238,132,3,89.04,8.9
6728,2238,116,2,377.29,75.46
6729,2239,44,4,452.04,0.0
6730,2239,63,3,142.21,28.44
6731,2240,136,1,396.02,0.0
6732,2240,39,1,203.79,0.0
6733,2241,102,2,139.64,13.96
6734,2242,10,3,409.97,81.99
6735,2242,73,2,298.52,0.0
6736,2242,144,2,201.38,0.0
6737,2242,6,2,43.07,4.31
6738,2242,98,3,187.8,0.0
6739,2243,142,4,118.0,17.7
6740,2243,79,1,190.04,19.0
6741,2243,14,3,304.76,0.0
6742,2244,114,4,93.0,9.3
6743,2244,60,1,353.64,0.0
6744,2245,92,4,218.76,0.0
6745,2245,26,4,242.14,0.0
6746,2246,101,2,127.41,0.0
6747,2247,110,3,130.63,0.0
6748,2248,9,3,444.4,66.66
6749,2248,37,3,104.0,0.0
6750,2249,136,3,396.02,59.4
6751,2249,116,1,377.29,0.0
6752,2249,101,4,127.41,25.48
6753,2249,7,2,28.64,0.0
6754,2250,74,2,278.72,55.74
6755,2250,141,2,328.57,0.0
6756,2250,7,2,28.64,0.0
6757,2251,136,1,396.02,79.2
6758,2251,74,2,278.72,0.0
6759,2251,42,3,478.77,0.0
6760,2251,56,1,422.08,63.31
6761,2252,132,3,89.04,13.36
6762,2252,5,3,415.34,62.3
6763,2252,65,4,416.07,62.41
6764,2253,52,3,98.97,19.79
6765,2254,46,1,67.45,0.0
6766,2254,34,1,22.78,4.56
6767,2254,148,2,165.59,24.84
6768,2254,31,2,287.81,0.0
6769,2254,85,2,256.09,0.0
6770,2255,149,2,499.81,0.0
6771,2255,56,3,422.08,0.0
6772,2255,54,3,34.49,5.17
6773,2256,81,3,43.0,0.0
6774,2256,3,3,341.27,68.25
6775,2257,18,4,368.54,0.0
6776,2257,126,3,131.53,0.0
6777,2257,21,2,429.76,85.95
6778,2257,54,3,34.49,0.0
6779,2258,12,2,76.22,15.24
6780,2258,141,1,328.57,0.0
6781,2258,16,4,128.09,0.0
6782,2259,125,4,269.3,53.86
6783,2259,15,2,350.02,35.0
6784,2259,10,3,409.97,41.0
6785,2260,1,2,321.1,64.22
6786,2261,137,3,142.56,28.51
6787,2261,53,4,110.68,16.6
6788,2261,111,1,11.12,0.0
6789,2261,124,2,241.15,48.23
6790,2262,101,2,127.41,0.0
6791,2262,61,2,92.4,18.48
6792,2262,46,1,67.45,0.0
6793,2263,78,2,236.94,0.0
6794,2263,129,4,237.02,35.55
6795,2263,59,2,189.39,37.88
6796,2264,39,2,203.79,0.0
6797,2264,90,4,490.37,0.0
6798,2265,82,3,437.52,0.0
6799,2265,41,3,36.8,7.36
6800,2265,95,2,317.95,0.0
6801,2265,83,2,129.83,0.0
6802,2265,62,3,399.48,79.9
6803,2266,122,4,425.68,42.57
6804,2266,54,2,34.49,0.0
6805,2267,27,3,168.15,16.82
6806,2267,32,2,146.13,0.0
6807,2268,30,3,304.56,45.68
6808,2268,31,1,287.81,0.0
6809,2268,18,4,368.54,73.71
6810,2269,14,2,304.76,60.95
6811,2269,133,2,328.02,65.6
6812,2269,86,3,474.92,0.0
6813,2270,125,2,269.3,0.0
6814,2270,42,1,478.77,0.0
6815,2270,115,4,377.52,75.5
6816,2270,40,2,304.26,30.43
6817,2271,73,3,298.52,0.0
6818,2271,46,3,67.45,0.0
6819,2271,77,2,208.09,31.21
6820,2272,125,1,269.3,0.0
6821,2272,48,2,333.72,50.06
6822,2272,53,2,110.68,0.0
6823,2272,136,4,396.02,59.4
6824,2273,11,3,381.78,76.36
6825,2273,114,3,93.0,13.95
6826,2273,75,4,134.66,0.0
6827,2274,85,4,256.09,38.41
6828,2274,67,1,351.2,0.0
6829,2274,57,3,188.77,0.0
6830,2274,63,2,142.21,0.0
6831,2275,99,4,325.08,0.0
6832,2275,76,2,127.04,25.41
6833,2275,33,2,179.42,35.88
6834,2275,20,1,169.34,33.87
6835,2275,7,1,28.64,5.73
6836,2276,137,2,142.56,21.38
6837,2276,56,3,422.08,63.31
6838,2276,2,2,332.83,0.0
6839,2276,86,2,474.92,0.0
6840,2277,96,3,498.77,49.88
6841,2278,54,2,34.49,3.45
6842,2278,48,2,333.72,33.37
6843,2278,47,3,272.75,27.28
6844,2278,6,1,43.07,6.46
6845,2279,43,2,330.28,0.0
6846,2280,46,2,67.45,6.75
6847,2280,4,4,273.69,41.05
6848,2281,74,1,278.72,27.87
6849,2281,40,1,304.26,30.43
6850,2281,146,3,429.95,0.0
6851,2281,136,2,396.02,0.0
6852,2282,130,2,43.77,6.57
6853,2282,123,3,77.17,7.72
6854,2282,96,1,498.77,0.0
6855,2283,113,4,109.63,0.0
6856,2283,100,3,270.76,0.0
6857,2283,146,2,429.95,0.0
6858,2284,135,1,236.07,0.0
6859,2284,73,3,298.52,29.85
6860,2284,117,2,491.5,0.0
6861,2284,26,4,242.14,0.0
6862,2284,4,3,273.69,0.0
6863,2285,137,2,142.56,21.38
6864,2285,56,2,422.08,63.31
6865,2286,141,2,328.57,0.0
6866,2286,121,1,162.84,32.57
6867,2286,109,4,270.39,0.0
6868,2287,64,2,64.91,0.0
6869,2288,8,3,495.36,0.0
6870,2288,64,1,64.91,0.0
6871,2288,87,4,283.38,42.51
6872,2288,21,1,429.76,0.0
6873,2288,67,2,351.2,52.68
6874,2289,27,4,168.15,25.22
6875,2289,136,1,396.02,0.0
6876,2289,77,1,208.09,0.0
6877,2290,87,2,283.38,0.0
6878,2290,79,1,190.04,0.0
6879,2290,81,2,43.0,0.0
6880,2290,132,2,89.04,13.36
6881,2291,31,1,287.81,57.56
6882,2291,87,4,283.38,56.68
6883,2291,124,2,241.15,0.0
6884,2291,109,4,270.39,54.08
6885,2291,51,1,95.6,0.0
6886,2292,91,4,252.58,50.52
6887,2293,71,4,352.1,70.42
6888,2293,48,4,333.72,0.0
6889,2293,57,3,188.77,0.0
6890,2293,106,3,123.25,12.33
6891,2293,39,4,203.79,20.38
6892,2294,62,4,399.48,0.0
6893,2294,20,2,169.34,33.87
6894,2294,125,3,269.3,53.86
6895,2295,73,2,298.52,29.85
6896,2295,52,3,98.97,19.79
6897,2296,20,1,169.34,0.0
6898,2296,8,1,495.36,49.54
6899,2296,5,1,415.34,41.53
6900,2296,92,3,218.76,21.88
6901,2297,135,4,236.07,23.61
6902,2297,58,2,336.01,67.2
6903,2297,14,3,304.76,0.0
6904,2298,109,2,270.39,0.0
6905,2298,148,2,165.59,16.56
6906,2298,122,2,425.68,63.85
6907,2299,111,1,11.12,1.11
6908,2299,12,1,76.22,0.0
6909,2299,67,1,351.2,0.0
6910,2299,58,1,336.01,0.0
6911,2299,119,4,453.53,90.71
6912,2300,81,2,43.0,0.0
6913,2300,134,2,444.99,89.0
6914,2301,7,3,28.64,2.86
6915,2302,82,3,437.52,0.0
6916,2302,88,1,269.25,26.93
6917,2302,4,1,273.69,0.0
6918,2303,95,2,317.95,47.69
6919,2303,105,1,223.61,44.72
6920,2303,84,4,178.48,0.0
6921,2303,96,2,498.77,99.75
6922,2304,63,4,142.21,21.33
6923,2304,86,3,474.92,0.0
6924,2304,117,4,491.5,0.0
6925,2304,65,1,416.07,83.21
6926,2304,27,3,168.15,25.22
6927,2305,61,2,92.4,0.0
6928,2305,100,3,270.76,40.61
6929,2305,103,4,233.36,23.34
6930,2305,140,4,224.28,22.43
6931,2306,54,2,34.49,0.0
6932,2307,76,2,127.04,12.7
6933,2307,107,2,110.67,0.0
6934,2307,39,1,203.79,0.0
6935,2307,141,2,328.57,0.0
6936,2308,46,1,67.45,0.0
6937,2308,67,4,351.2,70.24
6938,2308,53,4,110.68,22.14
6939,2309,43,4,330.28,49.54
6940,2309,80,2,413.08,82.62
6941,2309,147,1,15.84,3.17
6942,2309,94,4,414.66,62.2
6943,2310,141,4,328.57,0.0
6944,2310,133,2,328.02,32.8
6945,2310,24,1,223.52,33.53
6946,2311,127,3,222.52,22.25
6947,2311,32,2,146.13,14.61
6948,2311,114,1,93.0,9.3
6949,2312,86,1,474.92,0.0
6950,2312,116,2,377.29,75.46
6951,2312,18,2,368.54,0.0
6952,2313,139,2,262.86,26.29
6953,2313,38,2,202.51,0.0
6954,2314,105,3,223.61,0.0
6955,2314,54,1,34.49,3.45
6956,2314,56,3,422.08,0.0
6957,2314,22,2,18.29,2.74
6958,2314,81,1,43.0,8.6
6959,2315,47,4,272.75,40.91
6960,2315,77,4,208.09,31.21
6961,2315,90,1,490.37,49.04
6962,2315,114,4,93.0,13.95
6963,2315,123,4,77.17,0.0
6964,2316,57,4,188.77,18.88
6965,2316,27,3,168.15,0.0
6966,2316,34,2,22.78,0.0
6967,2317,135,3,236.07,0.0
6968,2317,58,3,336.01,0.0
6969,2317,1,1,321.1,0.0
6970,2318,6,3,43.07,8.61
6971,2319,80,1,413.08,0.0
6972,2320,117,2,491.5,73.72
6973,2320,100,3,270.76,0.0
6974,2320,60,1,353.64,0.0
6975,2321,75,4,134.66,0.0
6976,2321,133,1,328.02,65.6
6977,2322,103,1,233.36,23.34
6978,2322,108,2,294.36,0.0
6979,2322,41,4,36.8,3.68
6980,2322,63,1,142.21,14.22
6981,2323,124,2,241.15,0.0
6982,2323,34,2,22.78,2.28
6983,2323,132,2,89.04,17.81
6984,2323,72,3,242.78,0.0
6985,2323,144,2,201.38,30.21
6986,2324,133,1,328.02,65.6
6987,2324,56,1,422.08,0.0
6988,2324,100,2,270.76,0.0
6989,2325,31,1,287.81,57.56
6990,2325,60,1,353.64,0.0
6991,2325,127,4,222.52,22.25
6992,2326,124,4,241.15,48.23
6993,2327,54,3,34.49,0.0
6994,2328,53,2,110.68,0.0
6995,2329,94,2,414.66,41.47
6996,2330,27,1,168.15,16.82
6997,2330,94,4,414.66,41.47
6998,2330,74,4,278.72,41.81
6999,2330,96,2,498.77,0.0
7000,2331,96,3,498.77,0.0
7001,2332,48,4,333.72,0.0
7002,2332,13,1,469.28,46.93
7003,2333,140,4,224.28,0.0
7004,2333,28,1,75.89,0.0
7005,2333,120,1,335.74,0.0
7006,2333,4,2,273.69,41.05
7007,2333,50,1,320.93,48.14
7008,2334,80,3,413.08,0.0
7009,2334,34,4,22.78,2.28
7010,2335,7,4,28.64,4.3
7011,2335,38,2,202.51,20.25
7012,2336,106,4,123.25,0.0
7013,2336,33,3,179.42,0.0
7014,2336,146,2,429.95,0.0
7015,2336,75,3,134.66,26.93
7016,2336,135,4,236.07,23.61
7017,2337,135,1,236.07,0.0
7018,2337,112,2,211.58,31.74
7019,2337,116,2,377.29,56.59
7020,2337,81,2,43.0,0.0
7021,2337,16,2,128.09,0.0
7022,2338,22,1,18.29,3.66
7023,2339,88,2,269.25,53.85
7024,2339,50,2,320.93,64.19
7025,2339,117,4,491.5,98.3
7026,2339,8,2,495.36,0.0
7027,2340,22,1,18.29,0.0
7028,2340,1,4,321.1,0.0
7029,2340,130,4,43.77,4.38
7030,2340,81,2,43.0,0.0
7031,2341,4,2,273.69,27.37
7032,2341,130,3,43.77,0.0
7033,2341,44,2,452.04,67.81
7034,2341,141,2,328.57,0.0
7035,2342,142,2,118.0,0.0
7036,2343,92,1,218.76,21.88
7037,2343,42,1,478.77,0.0
7038,2343,148,1,165.59,16.56
7039,2343,116,3,377.29,37.73
7040,2344,5,4,415.34,0.0
7041,2344,44,4,452.04,90.41
7042,2345,147,1,15.84,0.0
7043,2345,109,3,270.39,40.56
7044,2346,33,1,179.42,0.0
7045,2346,110,3,130.63,26.13
7046,2346,141,3,328.57,0.0
7047,2346,109,4,270.39,40.56
7048,2347,125,4,269.3,0.0
7049,2347,97,4,322.01,64.4
7050,2347,69,3,93.19,18.64
7051,2347,20,1,169.34,0.0
7052,2348,76,4,127.04,0.0
7053,2348,5,1,415.34,41.53
7054,2348,132,4,89.04,0.0
7055,2349,109,2,270.39,54.08
7056,2349,150,2,104.02,20.8
7057,2350,93,2,155.24,0.0
7058,2350,54,3,34.49,5.17
7059,2350,32,2,146.13,29.23
7060,2351,115,4,377.52,37.75
7061,2351,107,3,110.67,16.6
7062,2351,132,1,89.04,0.0
7063,2351,110,2,130.63,0.0
7064,2352,146,2,429.95,85.99
7065,2352,127,1,222.52,44.5
7066,2352,26,4,242.14,48.43
7067,2353,12,4,76.22,0.0
7068,2353,34,4,22.78,0.0
7069,2354,87,3,283.38,56.68
7070,2354,48,2,333.72,66.74
7071,2354,30,4,304.56,60.91
7072,2355,30,1,304.56,60.91
7073,2355,111,3,11.12,0.0
7074,2355,137,1,142.56,0.0
7075,2355,109,1,270.39,54.08
7076,2355,110,2,130.63,26.13
7077,2356,12,2,76.22,0.0
7078,2357,12,1,76.22,15.24
7079,2357,14,3,304.76,60.95
7080,2357,75,4,134.66,20.2
7081,2357,60,2,353.64,0.0
7082,2358,56,1,422.08,0.0
7083,2358,33,3,179.42,0.0
7084,2359,103,2,233.36,23.34
7085,2359,115,2,377.52,0.0
7086,2359,51,3,95.6,19.12
7087,2359,106,4,123.25,0.0
7088,2359,16,4,128.09,0.0
7089,2360,117,1,491.5,0.0
7090,2360,104,2,172.41,34.48
7091,2360,45,1,299.19,44.88
7092,2361,99,3,325.08,0.0
7093,2361,51,2,95.6,0.0
7094,2361,112,4,211.58,0.0
7095,2361,57,1,188.77,18.88
7096,2362,125,2,269.3,26.93
7097,2362,54,3,34.49,0.0
7098,2362,90,4,490.37,49.04
7099,2363,141,1,328.57,65.71
7100,2363,45,3,299.19,44.88
7101,2363,38,2,202.51,40.5
7102,2364,93,1,155.24,15.52
7103,2364,73,3,298.52,59.7
7104,2365,63,2,142.21,28.44
7105,2365,113,4,109.63,0.0
7106,2365,84,4,178.48,0.0
7107,2365,149,2,499.81,74.97
7108,2365,105,3,223.61,0.0
7109,2366,9,2,444.4,0.0
7110,2366,131,2,10.91,0.0
7111,2366,13,2,469.28,0.0
7112,2366,73,1,298.52,59.7
7113,2367,36,3,319.43,0.0
7114,2367,45,4,299.19,0.0
7115,2367,123,1,77.17,15.43
7116,2367,77,3,208.09,41.62
7117,2367,108,3,294.36,58.87
7118,2368,87,2,283.38,0.0
7119,2368,26,2,242.14,0.0
7120,2369,125,2,269.3,0.0
7121,2369,143,3,107.53,10.75
7122,2369,45,1,299.19,0.0
7123,2369,117,2,491.5,0.0
7124,2369,109,3,270.39,0.0
7125,2370,65,1,416.07,62.41
7126,2370,63,1,142.21,0.0
7127,2370,131,1,10.91,0.0
7128,2370,55,1,42.68,0.0
7129,2371,110,4,130.63,0.0
7130,2371,120,2,335.74,33.57
7131,2371,73,1,298.52,29.85
7132,2371,60,1,353.64,0.0
7133,2372,140,1,224.28,44.86
7134,2372,95,3,317.95,0.0
7135,2372,120,2,335.74,0.0
7136,2372,106,1,123.25,0.0
7137,2372,42,4,478.77,0.0
7138,2373,107,2,110.67,22.13
7139,2373,34,2,22.78,3.42
7140,2374,101,3,127.41,0.0
7141,2374,127,1,222.52,0.0
7142,2374,119,2,453.53,0.0
7143,2374,60,3,353.64,0.0
7144,2374,125,4,269.3,40.4
7145,2375,143,3,107.53,21.51
7146,2375,19,3,488.22,0.0
7147,2375,51,4,95.6,0.0
7148,2376,61,1,92.4,18.48
7149,2376,148,1,165.59,0.0
7150,2377,124,2,241.15,0.0
7151,2378,129,3,237.02,35.55
7152,2378,50,3,320.93,64.19
7153,2378,42,2,478.77,95.75
7154,2379,35,4,335.39,0.0
7155,2379,141,3,328.57,49.29
7156,2380,63,2,142.21,0.0
7157,2380,84,1,178.48,35.7
7158,2380,82,3,437.52,65.63
7159,2381,91,4,252.58,37.89
7160,2382,69,4,93.19,13.98
7161,2383,104,2,172.41,34.48
7162,2383,61,3,92.4,0.0
7163,2383,89,4,15.3,0.0
7164,2383,122,3,425.68,63.85
7165,2383,92,1,218.76,21.88
7166,2384,139,2,262.86,0.0
7167,2385,76,4,127.04,19.06
7168,2385,5,3,415.34,41.53
7169,2386,16,2,128.09,12.81
7170,2386,33,1,179.42,35.88
7171,2387,132,2,89.04,17.81
7172,2387,70,1,246.27,49.25
7173,2387,11,4,381.78,0.0
7174,2388,34,3,22.78,0.0
7175,2388,95,3,317.95,0.0
7176,2388,85,4,256.09,25.61
7177,2389,99,4,325.08,32.51
7178,2389,107,2,110.67,0.0
7179,2389,40,3,304.26,45.64
7180,2390,52,4,98.97,19.79
7181,2390,150,3,104.02,15.6
7182,2390,33,4,179.42,0.0
7183,2390,116,1,377.29,0.0
7184,2390,62,3,399.48,79.9
7185,2391,70,1,246.27,36.94
7186,2391,39,4,203.79,0.0
7187,2391,8,2,495.36,74.3
7188,2391,35,1,335.39,33.54
7189,2392,12,2,76.22,0.0
7190,2392,47,1,272.75,0.0
7191,2392,109,2,270.39,0.0
7192,2392,97,4,322.01,48.3
7193,2393,10,3,409.97,81.99
7194,2393,150,1,104.02,0.0
7195,2393,22,3,18.29,2.74
7196,2394,120,1,335.74,0.0
7197,2394,143,1,107.53,16.13
7198,2394,84,4,178.48,0.0
7199,2395,137,2,142.56,14.26
7200,2395,139,2,262.86,0.0
7201,2396,124,2,241.15,0.0
7202,2396,18,3,368.54,55.28
7203,2396,131,1,10.91,0.0
7204,2397,45,1,299.19,59.84
7205,2397,129,1,237.02,35.55
7206,2397,60,4,353.64,70.73
7207,2397,51,1,95.6,0.0
7208,2398,20,4,169.34,33.87
7209,2398,48,3,333.72,0.0
7210,2398,76,1,127.04,0.0
7211,2399,117,3,491.5,98.3
7212,2399,134,4,444.99,44.5
7213,2399,107,1,110.67,22.13
7214,2399,121,3,162.84,32.57
7215,2399,18,4,368.54,0.0
7216,2400,135,1,236.07,23.61
7217,2400,18,2,368.54,36.85
7218,2400,148,3,165.59,16.56
7219,2400,16,3,128.09,19.21
7220,2401,61,1,92.4,0.0
7221,2402,109,2,270.39,0.0
7222,2402,135,3,236.07,0.0
7223,2402,76,3,127.04,12.7
7224,2403,41,4,36.8,7.36
7225,2403,119,2,453.53,0.0
7226,2404,124,3,241.15,0.0
7227,2404,141,1,328.57,0.0
7228,2405,137,4,142.56,0.0
7229,2406,78,4,236.94,0.0
7230,2406,34,1,22.78,0.0
7231,2406,122,1,425.68,0.0
7232,2406,112,2,211.58,0.0
7233,2406,75,4,134.66,0.0
7234,2407,121,3,162.84,24.43
7235,2407,84,1,178.48,35.7
7236,2408,113,3,109.63,0.0
7237,2408,24,2,223.52,44.7
7238,2408,65,2,416.07,0.0
7239,2408,63,3,142.21,14.22
7240,2409,117,3,491.5,49.15
7241,2410,44,2,452.04,0.0
7242,2410,147,1,15.84,3.17
7243,2410,130,4,43.77,8.75
7244,2411,6,1,43.07,0.0
7245,2411,44,3,452.04,90.41
7246,2412,26,2,242.14,0.0
7247,2412,38,1,202.51,0.0
7248,2412,127,4,222.52,33.38
7249,2412,55,1,42.68,4.27
7250,2413,85,3,256.09,25.61
7251,2413,5,2,415.34,83.07
7252,2413,109,2,270.39,0.0
7253,2413,108,2,294.36,0.0
7254,2414,5,1,415.34,83.07
7255,2414,110,4,130.63,26.13
7256,2414,122,4,425.68,85.14
7257,2414,37,1,104.0,10.4
7258,2415,38,2,202.51,20.25
7259,2415,28,2,75.89,15.18
7260,2415,54,3,34.49,3.45
7261,2415,134,4,444.99,0.0
7262,2416,109,1,270.39,0.0
7263,2416,70,1,246.27,49.25
7264,2416,104,4,172.41,0.0
7265,2416,52,1,98.97,19.79
7266,2417,65,2,416.07,0.0
7267,2417,34,2,22.78,4.56
7268,2418,75,2,134.66,0.0
7269,2418,58,3,336.01,67.2
7270,2419,35,3,335.39,0.0
7271,2419,84,1,178.48,0.0
7272,2420,81,2,43.0,0.0
7273,2420,137,1,142.56,0.0
7274,2420,60,4,353.64,0.0
7275,2421,144,4,201.38,30.21
7276,2421,126,2,131.53,13.15
7277,2421,85,4,256.09,0.0
7278,2421,120,3,335.74,67.15
7279,2421,90,4,490.37,0.0
7280,2422,60,3,353.64,0.0
7281,2422,61,4,92.4,0.0
7282,2423,148,3,165.59,0.0
7283,2423,79,3,190.04,19.0
7284,2424,105,1,223.61,22.36
7285,2424,125,1,269.3,40.4
7286,2424,6,3,43.07,4.31
7287,2424,119,2,453.53,0.0
7288,2424,52,3,98.97,0.0
7289,2425,42,2,478.77,71.82
7290,2425,112,3,211.58,31.74
7291,2425,143,3,107.53,0.0
7292,2425,142,2,118.0,0.0
7293,2425,119,2,453.53,90.71
7294,2426,39,2,203.79,20.38
7295,2426,12,2,76.22,7.62
7296,2426,132,3,89.04,0.0
7297,2426,27,4,168.15,25.22
7298,2426,50,4,320.93,0.0
7299,2427,9,3,444.4,66.66
7300,2427,83,4,129.83,0.0
7301,2428,72,1,242.78,24.28
7302,2429,52,2,98.97,0.0
7303,2429,115,4,377.52,56.63
7304,2429,127,2,222.52,0.0
7305,2429,70,4,246.27,24.63
7306,2430,121,3,162.84,32.57
7307,2430,11,2,381.78,0.0
7308,2430,47,2,272.75,0.0
7309,2430,127,4,222.52,0.0
7310,2431,33,2,179.42,0.0
7311,2431,108,4,294.36,44.15
7312,2432,115,1,377.52,56.63
7313,2432,116,4,377.29,0.0
7314,2432,36,1,319.43,47.91
7315,2433,124,2,241.15,36.17
7316,2433,134,4,444.99,66.75
7317,2433,114,1,93.0,0.0
7318,2434,92,2,218.76,32.81
7319,2434,127,3,222.52,44.5
7320,2434,56,3,422.08,0.0
7321,2434,27,1,168.15,0.0
7322,2435,133,1,328.02,0.0
7323,2435,76,4,127.04,0.0
7324,2435,72,2,242.78,0.0
7325,2435,27,2,168.15,16.82
7326,2435,113,2,109.63,21.93
7327,2436,89,4,15.3,0.0
7328,2436,127,1,222.52,44.5
7329,2436,2,3,332.83,33.28
7330,2436,5,2,415.34,62.3
7331,2436,50,4,320.93,64.19
7332,2437,119,3,453.53,68.03
7333,2437,32,2,146.13,21.92
7334,2437,78,3,236.94,0.0
7335,2437,105,1,223.61,0.0
7336,2438,63,1,142.21,0.0
7337,2438,98,4,187.8,28.17
7338,2439,59,3,189.39,28.41
7339,2440,88,3,269.25,53.85
7340,2441,76,1,127.04,0.0
7341,2441,11,2,381.78,0.0
7342,2441,38,1,202.51,20.25
7343,2441,5,3,415.34,0.0
7344,2441,42,3,478.77,0.0
7345,2442,88,3,269.25,0.0
7346,2442,57,1,188.77,0.0
7347,2443,124,2,241.15,0.0
7348,2443,77,3,208.09,0.0
7349,2443,99,2,325.08,32.51
7350,2444,61,3,92.4,0.0
7351,2444,125,1,269.3,0.0
7352,2444,111,1,11.12,0.0
7353,2444,56,2,422.08,42.21
7354,2445,70,1,246.27,36.94
7355,2446,140,2,224.28,0.0
7356,2446,139,2,262.86,0.0
7357,2446,1,4,321.1,32.11
7358,2447,132,4,89.04,0.0
7359,2447,28,4,75.89,11.38
7360,2447,39,4,203.79,0.0
7361,2447,13,3,469.28,70.39
7362,2448,89,1,15.3,0.0
7363,2448,45,3,299.19,0.0
7364,2448,32,2,146.13,0.0
7365,2449,124,1,241.15,0.0
7366,2449,19,3,488.22,0.0
7367,2449,12,4,76.22,15.24
7368,2449,114,1,93.0,0.0
7369,2449,73,4,298.52,0.0
7370,2450,106,1,123.25,18.49
7371,2450,79,3,190.04,28.51
7372,2450,117,1,491.5,49.15
7373,2450,137,3,142.56,0.0
7374,2450,95,4,317.95,0.0
7375,2451,92,1,218.76,43.75
7376,2451,1,3,321.1,64.22
7377,2451,33,4,179.42,0.0
7378,2451,98,3,187.8,0.0
7379,2452,91,4,252.58,25.26
7380,2453,91,4,252.58,0.0
7381,2453,143,4,107.53,0.0
7382,2454,79,2,190.04,28.51
7383,2455,96,1,498.77,0.0
7384,2455,7,1,28.64,0.0
7385,2456,72,1,242.78,0.0
7386,2456,40,2,304.26,0.0
7387,2456,84,1,178.48,17.85
7388,2456,61,2,92.4,18.48
7389,2457,78,2,236.94,35.54
7390,2457,108,4,294.36,0.0
7391,2458,6,1,43.07,0.0
7392,2458,96,3,498.77,49.88
7393,2458,130,3,43.77,0.0
7394,2458,131,1,10.91,2.18
7395,2458,93,3,155.24,0.0
7396,2459,76,1,127.04,19.06
7397,2459,137,1,142.56,0.0
7398,2460,55,3,42.68,0.0
7399,2460,119,3,453.53,90.71
7400,2460,51,3,95.6,0.0
7401,2460,61,2,92.4,13.86
7402,2461,130,2,43.77,6.57
7403,2462,41,2,36.8,3.68
7404,2463,55,4,42.68,0.0
7405,2463,53,4,110.68,0.0
7406,2463,31,1,287.81,0.0
7407,2464,39,3,203.79,0.0
7408,2464,36,2,319.43,63.89
7409,2464,56,1,422.08,0.0
7410,2465,81,2,43.0,8.6
7411,2465,61,1,92.4,0.0
7412,2465,96,1,498.77,0.0
7413,2465,41,4,36.8,0.0
7414,2466,60,3,353.64,53.05
7415,2466,14,4,304.76,0.0
7416,2466,63,3,142.21,28.44
7417,2466,61,3,92.4,0.0
7418,2467,48,4,333.72,0.0
7419,2467,79,2,190.04,28.51
7420,2467,149,1,499.81,74.97
7421,2467,47,3,272.75,0.0
7422,2468,74,2,278.72,41.81
7423,2468,115,2,377.52,37.75
7424,2468,5,4,415.34,83.07
7425,2468,10,4,409.97,41.0
7426,2468,114,4,93.0,9.3
7427,2469,90,1,490.37,49.04
7428,2470,22,3,18.29,0.0
7429,2470,108,2,294.36,0.0
7430,2471,89,3,15.3,1.53
7431,2471,125,4,269.3,0.0
7432,2472,111,2,11.12,1.67
7433,2472,134,4,444.99,0.0
7434,2472,1,2,321.1,64.22
7435,2472,133,3,328.02,0.0
7436,2473,99,3,325.08,65.02
7437,2473,91,4,252.58,25.26
7438,2473,72,2,242.78,48.56
7439,2474,56,3,422.08,42.21
7440,2474,142,1,118.0,0.0
7441,2474,124,4,241.15,24.12
7442,2474,53,4,110.68,16.6
7443,2475,92,4,218.76,0.0
7444,2475,15,3,350.02,70.0
7445,2475,42,3,478.77,95.75
7446,2475,36,2,319.43,47.91
7447,2475,52,3,98.97,0.0
7448,2476,72,4,242.78,48.56
7449,2476,133,4,328.02,0.0
7450,2476,2,1,332.83,66.57
7451,2476,24,4,223.52,0.0
7452,2476,21,3,429.76,0.0
7453,2477,126,2,131.53,0.0
7454,2477,104,3,172.41,0.0
7455,2478,30,2,304.56,0.0
7456,2478,73,1,298.52,0.0
7457,2478,71,4,352.1,70.42
7458,2478,120,4,335.74,67.15
7459,2479,99,4,325.08,65.02
7460,2479,42,3,478.77,0.0
7461,2479,125,1,269.3,0.0
7462,2479,61,1,92.4,0.0
7463,2480,84,1,178.48,0.0
7464,2481,31,2,287.81,28.78
7465,2481,72,1,242.78,0.0
7466,2481,83,4,129.83,0.0
7467,2481,87,4,283.38,0.0
7468,2481,43,1,330.28,0.0
7469,2482,8,3,495.36,74.3
7470,2482,27,2,168.15,16.82
7471,2482,41,2,36.8,0.0
7472,2483,3,3,341.27,51.19
7473,2484,72,4,242.78,24.28
7474,2484,122,4,425.68,0.0
7475,2484,129,1,237.02,0.0
7476,2484,14,2,304.76,60.95
7477,2484,32,2,146.13,14.61
7478,2485,83,1,129.83,0.0
7479,2485,108,2,294.36,58.87
7480,2485,78,1,236.94,0.0
7481,2485,68,1,136.7,20.5
7482,2485,82,2,437.52,65.63
7483,2486,129,1,237.02,0.0
7484,2487,149,2,499.81,0.0
7485,2487,74,3,278.72,0.0
7486,2488,14,1,304.76,30.48
7487,2488,43,4,330.28,0.0
7488,2489,76,2,127.04,19.06
7489,2489,36,3,319.43,31.94
7490,2490,28,3,75.89,11.38
7491,2490,2,2,332.83,33.28
7492,2491,150,2,104.02,10.4
7493,2491,13,4,469.28,46.93
7494,2491,133,3,328.02,32.8
7495,2492,62,2,399.48,39.95
7496,2492,140,1,224.28,0.0
7497,2492,130,3,43.77,0.0
7498,2492,60,1,353.64,35.36
7499,2492,91,3,252.58,0.0
7500,2493,84,3,178.48,26.77
7501,2493,88,2,269.25,26.93
7502,2493,30,1,304.56,60.91
7503,2493,44,2,452.04,45.2
7504,2493,98,1,187.8,0.0
7505,2494,105,4,223.61,22.36
7506,2495,16,2,128.09,12.81
7507,2495,94,4,414.66,82.93
7508,2496,59,1,189.39,28.41
7509,2496,150,2,104.02,0.0
7510,2497,93,4,155.24,0.0
7511,2498,136,2,396.02,0.0
7512,2498,127,2,222.52,0.0
7513,2498,43,2,330.28,0.0
7514,2498,20,4,169.34,33.87
7515,2498,77,1,208.09,0.0
7516,2499,55,3,42.68,6.4
7517,2500,111,1,11.12,0.0
7518,2500,103,2,233.36,23.34
7519,2500,132,1,89.04,17.81
7520,2500,69,3,93.19,18.64
7521,2500,46,1,67.45,6.75
7522,2501,6,3,43.07,0.0
7523,2501,68,2,136.7,0.0
7524,2501,34,4,22.78,0.0
7525,2501,13,4,469.28,0.0
7526,2501,30,3,304.56,0.0
7527,2502,103,3,233.36,0.0
7528,2502,39,1,203.79,20.38
7529,2502,40,4,304.26,60.85
7530,2502,135,3,236.07,35.41
7531,2503,101,1,127.41,0.0
7532,2503,2,1,332.83,49.92
7533,2503,56,1,422.08,42.21
7534,2503,115,1,377.52,0.0
7535,2503,40,3,304.26,45.64
7536,2504,61,1,92.4,0.0
7537,2504,120,3,335.74,0.0
7538,2504,47,4,272.75,54.55
7539,2504,92,1,218.76,21.88
7540,2504,97,3,322.01,0.0
7541,2505,136,3,396.02,0.0
7542,2505,63,1,142.21,0.0
7543,2506,112,2,211.58,42.32
7544,2507,114,1,93.0,0.0
7545,2507,9,2,444.4,66.66
7546,2508,20,1,169.34,0.0
7547,2509,20,4,169.34,25.4
7548,2509,61,1,92.4,9.24
7549,2509,8,3,495.36,0.0
7550,2509,30,3,304.56,0.0
7551,2509,114,1,93.0,0.0
7552,2510,92,3,218.76,21.88
7553,2511,96,2,498.77,0.0
7554,2511,121,4,162.84,24.43
7555,2511,62,1,399.48,39.95
7556,2511,110,3,130.63,13.06
7557,2511,104,4,172.41,0.0
7558,2512,82,4,437.52,0.0
7559,2512,76,2,127.04,12.7
7560,2512,105,1,223.61,0.0
7561,2512,70,4,246.27,0.0
7562,2512,13,4,469.28,93.86
7563,2513,95,1,317.95,63.59
7564,2513,32,1,146.13,0.0
7565,2513,31,3,287.81,0.0
7566,2514,83,4,129.83,0.0
7567,2515,33,2,179.42,35.88
7568,2515,43,2,330.28,0.0
7569,2515,16,3,128.09,12.81
7570,2515,35,2,335.39,0.0
7571,2516,73,4,298.52,59.7
7572,2516,59,3,189.39,28.41
7573,2516,12,1,76.22,0.0
7574,2516,6,1,43.07,0.0
7575,2517,113,4,109.63,16.44
7576,2518,2,3,332.83,0.0
7577,2518,38,2,202.51,0.0
7578,2518,130,1,43.77,4.38
7579,2518,116,3,377.29,75.46
7580,2519,33,4,179.42,17.94
7581,2519,1,3,321.1,0.0
7582,2519,38,3,202.51,0.0
7583,2519,125,2,269.3,53.86
7584,2520,146,1,429.95,85.99
7585,2520,2,4,332.83,33.28
7586,2520,28,4,75.89,15.18
7587,2520,61,1,92.4,13.86
7588,2521,101,2,127.41,0.0
7589,2521,15,1,350.02,35.0
7590,2521,131,2,10.91,0.0
7591,2521,20,3,169.34,33.87
7592,2521,89,4,15.3,2.29
7593,2522,30,2,304.56,45.68
7594,2522,123,4,77.17,15.43
7595,2522,18,4,368.54,73.71
7596,2522,113,4,109.63,16.44
7597,2523,74,1,278.72,0.0
7598,2523,62,2,399.48,39.95
7599,2523,115,1,377.52,0.0
7600,2523,98,1,187.8,0.0
7601,2524,112,1,211.58,42.32
7602,2524,34,3,22.78,0.0
7603,2524,107,2,110.67,11.07
7604,2525,131,4,10.91,1.09
7605,2525,81,3,43.0,0.0
7606,2525,104,3,172.41,25.86
7607,2525,144,3,201.38,0.0
7608,2526,140,4,224.28,0.0
7609,2526,106,3,123.25,18.49
7610,2527,34,1,22.78,0.0
7611,2527,93,1,155.24,0.0
7612,2527,61,1,92.4,18.48
7613,2528,69,4,93.19,0.0
7614,2529,64,2,64.91,12.98
7615,2530,101,3,127.41,25.48
7616,2530,148,3,165.59,24.84
7617,2530,78,1,236.94,23.69
7618,2531,51,4,95.6,14.34
7619,2531,28,4,75.89,0.0
7620,2531,95,4,317.95,0.0
7621,2532,43,3,330.28,49.54
7622,2532,21,3,429.76,64.46
7623,2533,94,4,414.66,0.0
7624,2534,85,3,256.09,0.0
7625,2535,130,1,43.77,4.38
7626,2535,74,2,278.72,0.0
7627,2536,24,3,223.52,33.53
7628,2536,21,4,429.76,0.0
7629,2536,101,2,127.41,0.0
7630,2536,37,4,104.0,10.4
7631,2536,14,3,304.76,0.0
7632,2537,61,3,92.4,18.48
7633,2537,54,4,34.49,6.9
7634,2537,147,1,15.84,0.0
7635,2537,44,4,452.04,45.2
7636,2538,91,2,252.58,25.26
7637,2538,114,4,93.0,13.95
7638,2538,74,1,278.72,27.87
7639,2538,103,4,233.36,46.67
7640,2539,22,1,18.29,2.74
7641,2539,76,3,127.04,12.7
7642,2540,28,3,75.89,0.0
7643,2540,131,3,10.91,1.09
7644,2541,93,2,155.24,15.52
7645,2541,95,2,317.95,63.59
7646,2541,78,3,236.94,0.0
7647,2541,37,3,104.0,0.0
7648,2542,92,2,218.76,43.75
7649,2542,137,3,142.56,0.0
7650,2542,20,4,169.34,33.87
7651,2542,34,2,22.78,3.42
7652,2542,95,2,317.95,63.59
7653,2543,31,2,287.81,0.0
7654,2543,27,2,168.15,0.0
7655,2543,21,1,429.76,42.98
7656,2544,133,2,328.02,49.2
7657,2545,91,2,252.58,25.26
7658,2545,60,3,353.64,35.36
7659,2546,103,4,233.36,35.0
7660,2546,83,1,129.83,0.0
7661,2546,30,1,304.56,60.91
7662,2546,136,2,396.02,79.2
7663,2547,134,3,444.99,66.75
7664,2547,109,1,270.39,0.0
7665,2547,99,4,325.08,0.0
7666,2547,117,4,491.5,73.72
7667,2547,6,4,43.07,0.0
7668,2548,1,4,321.1,0.0
7669,2548,7,1,28.64,5.73
7670,2549,37,2,104.0,0.0
7671,2549,108,2,294.36,0.0
7672,2549,127,4,222.52,33.38
7673,2549,120,1,335.74,67.15
7674,2549,5,2,415.34,83.07
7675,2550,51,2,95.6,14.34
7676,2550,10,4,409.97,0.0
7677,2550,130,1,43.77,0.0
7678,2550,47,1,272.75,0.0
7679,2550,150,2,104.02,0.0
7680,2551,139,4,262.86,39.43
7681,2551,119,3,453.53,68.03
7682,2551,31,2,287.81,0.0
7683,2551,107,2,110.67,0.0
7684,2552,45,3,299.19,59.84
7685,2553,58,3,336.01,0.0
7686,2553,148,1,165.59,0.0
7687,2553,14,2,304.76,0.0
7688,2553,40,4,304.26,0.0
7689,2554,6,3,43.07,0.0
7690,2554,120,1,335.74,33.57
7691,2555,10,3,409.97,0.0
7692,2555,124,4,241.15,36.17
7693,2555,35,2,335.39,0.0
7694,2555,101,3,127.41,12.74
7695,2556,90,4,490.37,0.0
7696,2556,48,2,333.72,50.06
7697,2557,148,1,165.59,0.0
7698,2557,46,3,67.45,13.49
7699,2558,74,3,278.72,41.81
7700,2558,43,2,330.28,0.0
7701,2558,54,4,34.49,0.0
7702,2559,125,4,269.3,53.86
7703,2559,34,1,22.78,0.0
7704,2559,21,4,429.76,0.0
7705,2560,77,1,208.09,41.62
7706,2560,137,3,142.56,28.51
7707,2560,8,4,495.36,0.0
7708,2561,139,3,262.86,52.57
7709,2562,144,1,201.38,30.21
7710,2562,68,3,136.7,20.5
7711,2563,75,2,134.66,0.0
7712,2563,130,4,43.77,8.75
7713,2563,41,4,36.8,3.68
7714,2563,57,2,188.77,18.88
7715,2563,113,4,109.63,10.96
7716,2564,14,1,304.76,60.95
7717,2564,104,1,172.41,0.0
7718,2564,125,1,269.3,0.0
7719,2564,42,1,478.77,0.0
7720,2565,40,1,304.26,60.85
7721,2565,1,3,321.1,0.0
7722,2565,12,1,76.22,0.0
7723,2565,39,4,203.79,30.57
7724,2566,148,2,165.59,24.84
7725,2567,30,3,304.56,45.68
7726,2567,38,1,202.51,40.5
7727,2567,28,4,75.89,7.59
7728,2567,127,2,222.52,0.0
7729,2568,74,4,278.72,0.0
7730,2568,10,1,409.97,0.0
7731,2569,97,4,322.01,0.0
7732,2569,111,3,11.12,0.0
7733,2569,30,2,304.56,0.0
7734,2570,98,3,187.8,28.17
7735,2570,8,1,495.36,74.3
7736,2570,92,2,218.76,32.81
7737,2570,133,2,328.02,0.0
7738,2570,76,4,127.04,0.0
7739,2571,19,1,488.22,73.23
7740,2571,64,3,64.91,12.98
7741,2571,140,1,224.28,33.64
7742,2571,83,2,129.83,25.97
7743,2572,13,2,469.28,70.39
7744,2573,86,3,474.92,0.0
7745,2573,141,1,328.57,0.0
7746,2573,125,4,269.3,53.86
7747,2574,150,4,104.02,0.0
7748,2574,89,2,15.3,0.0
7749,2574,52,2,98.97,19.79
7750,2575,115,2,377.52,56.63
7751,2575,144,1,201.38,0.0
7752,2576,109,4,270.39,0.0
7753,2576,125,3,269.3,0.0
7754,2576,73,3,298.52,59.7
7755,2577,56,2,422.08,0.0
7756,2577,83,3,129.83,25.97
7757,2577,134,3,444.99,0.0
7758,2577,52,1,98.97,0.0
7759,2577,76,4,127.04,0.0
7760,2578,64,3,64.91,0.0
7761,2578,137,1,142.56,0.0
7762,2578,68,2,136.7,20.5
7763,2579,42,2,478.77,47.88
7764,2579,89,1,15.3,2.29
7765,2579,70,1,246.27,24.63
7766,2579,101,1,127.41,19.11
7767,2580,112,1,211.58,42.32
7768,2580,82,4,437.52,87.5
7769,2580,110,1,130.63,13.06
7770,2581,24,1,223.52,22.35
7771,2581,63,4,142.21,0.0
7772,2581,106,4,123.25,0.0
7773,2581,39,3,203.79,0.0
7774,2581,22,2,18.29,0.0
7775,2582,86,4,474.92,0.0
7776,2582,71,4,352.1,52.82
7777,2582,119,2,453.53,45.35
7778,2582,63,1,142.21,0.0
7779,2582,131,1,10.91,1.09
7780,2583,3,2,341.27,51.19
7781,2583,113,4,109.63,21.93
7782,2583,21,3,429.76,42.98
7783,2583,7,4,28.64,2.86
7784,2583,92,1,218.76,21.88
7785,2584,67,4,351.2,0.0
7786,2584,54,2,34.49,0.0
7787,2584,4,3,273.69,0.0
7788,2584,42,1,478.77,0.0
7789,2584,50,4,320.93,0.0
7790,2585,28,4,75.89,15.18
7791,2585,30,1,304.56,45.68
7792,2585,117,3,491.5,73.72
7793,2586,115,2,377.52,0.0
7794,2587,40,4,304.26,0.0
7795,2587,148,3,165.59,0.0
7796,2588,129,2,237.02,23.7
7797,2588,125,2,269.3,40.4
7798,2588,62,2,399.48,59.92
7799,2589,50,3,320.93,0.0
7800,2589,109,1,270.39,40.56
7801,2589,101,4,127.41,25.48
7802,2589,9,3,444.4,66.66
7803,2589,125,2,269.3,40.4
7804,2590,35,2,335.39,33.54
7805,2590,115,3,377.52,56.63
7806,2590,69,4,93.19,0.0
7807,2590,59,3,189.39,37.88
7808,2591,20,2,169.34,33.87
7809,2591,127,1,222.52,0.0
7810,2591,13,1,469.28,46.93
7811,2591,88,4,269.25,26.93
7812,2591,120,4,335.74,0.0
7813,2592,9,4,444.4,44.44
7814,2593,40,4,304.26,0.0
7815,2594,62,1,399.48,0.0
7816,2594,133,4,328.02,65.6
7817,2594,38,3,202.51,40.5
7818,2594,76,1,127.04,0.0
7819,2594,48,4,333.72,50.06
7820,2595,146,4,429.95,43.0
7821,2595,7,1,28.64,2.86
7822,2595,125,2,269.3,40.4
7823,2595,51,2,95.6,0.0
7824,2595,72,3,242.78,0.0
7825,2596,105,4,223.61,0.0
7826,2596,32,2,146.13,21.92
7827,2596,61,1,92.4,18.48
7828,2596,130,1,43.77,6.57
7829,2597,147,4,15.84,0.0
7830,2597,6,1,43.07,0.0
7831,2597,116,4,377.29,0.0
7832,2598,80,4,413.08,0.0
7833,2598,7,2,28.64,0.0
7834,2598,62,3,399.48,0.0
7835,2598,98,2,187.8,0.0
7836,2598,137,1,142.56,0.0
7837,2599,105,4,223.61,44.72
7838,2599,111,1,11.12,1.67
7839,2599,69,2,93.19,9.32
7840,2600,114,4,93.0,0.0
7841,2600,80,3,413.08,0.0
7842,2600,122,2,425.68,0.0
7843,2600,134,4,444.99,66.75
7844,2600,146,1,429.95,43.0
7845,2601,30,1,304.56,0.0
7846,2601,125,3,269.3,0.0
7847,2601,83,3,129.83,0.0
7848,2602,38,4,202.51,0.0
7849,2602,122,3,425.68,63.85
7850,2603,41,3,36.8,0.0
7851,2603,129,3,237.02,23.7
7852,2604,147,3,15.84,2.38
7853,2604,27,4,168.15,0.0
7854,2605,81,4,43.0,6.45
7855,2605,90,1,490.37,0.0
7856,2605,19,1,488.22,97.64
7857,2605,33,4,179.42,26.91
7858,2605,129,2,237.02,0.0
7859,2606,46,1,67.45,6.75
7860,2607,149,1,499.81,0.0
7861,2607,15,3,350.02,0.0
7862,2607,10,2,409.97,0.0
7863,2607,124,3,241.15,48.23
7864,2607,76,2,127.04,25.41
7865,2608,44,3,452.04,0.0
7866,2608,13,4,469.28,0.0
7867,2608,16,3,128.09,0.0
7868,2608,54,1,34.49,0.0
7869,2609,16,1,128.09,0.0
7870,2609,32,4,146.13,0.0
7871,2609,30,3,304.56,0.0
7872,2609,28,4,75.89,7.59
7873,2609,35,2,335.39,0.0
7874,2610,24,4,223.52,33.53
7875,2610,48,2,333.72,0.0
7876,2610,69,1,93.19,0.0
7877,2610,37,3,104.0,0.0
7878,2611,117,2,491.5,49.15
7879,2611,81,3,43.0,4.3
7880,2612,145,3,27.77,0.0
7881,2612,124,1,241.15,24.12
7882,2612,52,2,98.97,0.0
7883,2612,105,4,223.61,0.0
7884,2613,120,1,335.74,67.15
7885,2613,105,4,223.61,0.0
7886,2613,106,4,123.25,24.65
7887,2614,96,1,498.77,49.88
7888,2614,116,2,377.29,75.46
7889,2614,12,3,76.22,15.24
7890,2614,27,2,168.15,0.0
7891,2615,106,1,123.25,0.0
7892,2616,56,1,422.08,63.31
7893,2616,39,3,203.79,40.76
7894,2616,124,1,241.15,0.0
7895,2617,18,3,368.54,73.71
7896,2617,41,3,36.8,3.68
7897,2617,94,1,414.66,62.2
7898,2618,87,4,283.38,28.34
7899,2618,102,2,139.64,0.0
7900,2618,69,4,93.19,13.98
7901,2618,78,1,236.94,35.54
7902,2618,35,3,335.39,50.31
7903,2619,71,3,352.1,0.0
7904,2619,21,2,429.76,64.46
7905,2619,5,1,415.34,0.0
7906,2620,90,4,490.37,73.56
7907,2620,130,4,43.77,4.38
7908,2620,50,2,320.93,0.0
7909,2620,13,3,469.28,70.39
7910,2620,114,2,93.0,18.6
7911,2621,115,3,377.52,0.0
7912,2622,3,4,341.27,51.19
7913,2623,92,1,218.76,0.0
7914,2624,143,4,107.53,0.0
7915,2624,136,3,396.02,59.4
7916,2625,22,2,18.29,0.0
7917,2626,34,2,22.78,4.56
7918,2626,63,2,142.21,14.22
7919,2626,119,4,453.53,68.03
7920,2626,100,1,270.76,54.15
7921,2627,8,4,495.36,49.54
7922,2627,84,4,178.48,17.85
7923,2627,13,2,469.28,0.0
7924,2627,126,2,131.53,0.0
7925,2628,92,1,218.76,43.75
7926,2628,103,3,233.36,0.0
7927,2628,69,1,93.19,0.0
7928,2628,55,2,42.68,0.0
7929,2629,70,2,246.27,49.25
7930,2629,27,1,168.15,25.22
7931,2630,38,4,202.51,0.0
7932,2630,131,2,10.91,0.0
7933,2630,72,2,242.78,48.56
7934,2631,147,1,15.84,3.17
7935,2631,14,2,304.76,30.48
7936,2631,6,3,43.07,0.0
7937,2631,79,3,190.04,38.01
7938,2631,35,2,335.39,67.08
7939,2632,74,2,278.72,0.0
7940,2633,63,4,142.21,0.0
7941,2633,82,1,437.52,0.0
7942,2633,54,4,34.49,0.0
7943,2633,99,4,325.08,32.51
7944,2634,38,3,202.51,0.0
7945,2634,102,2,139.64,0.0
7946,2634,87,3,283.38,0.0
7947,2634,123,4,77.17,15.43
7948,2635,7,3,28.64,2.86
7949,2636,131,1,10.91,1.64
7950,2636,149,1,499.81,0.0
7951,2636,7,2,28.64,4.3
7952,2636,107,4,110.67,22.13
7953,2637,92,2,218.76,0.0
7954,2637,108,3,294.36,0.0
7955,2637,5,1,415.34,0.0
7956,2638,134,4,444.99,0.0
7957,2638,146,1,429.95,0.0
7958,2639,80,1,413.08,61.96
7959,2639,78,1,236.94,35.54
7960,2639,117,4,491.5,98.3
7961,2640,60,3,353.64,0.0
7962,2640,47,4,272.75,27.28
7963,2640,51,1,95.6,19.12
7964,2640,2,2,332.83,66.57
7965,2641,99,1,325.08,48.76
7966,2641,64,1,64.91,6.49
7967,2642,100,2,270.76,0.0
7968,2642,131,2,10.91,0.0
7969,2642,109,2,270.39,0.0
7970,2642,40,4,304.26,60.85
7971,2643,141,4,328.57,32.86
7972,2643,4,4,273.69,0.0
7973,2643,31,4,287.81,0.0
7974,2643,84,4,178.48,0.0
7975,2644,144,1,201.38,20.14
7976,2645,109,4,270.39,0.0
7977,2646,56,3,422.08,42.21
7978,2646,91,2,252.58,50.52
7979,2646,19,2,488.22,0.0
7980,2646,145,4,27.77,0.0
7981,2647,132,3,89.04,13.36
7982,2647,91,2,252.58,37.89
7983,2648,19,1,488.22,0.0
7984,2649,56,4,422.08,42.21
7985,2649,106,3,123.25,24.65
7986,2649,127,2,222.52,44.5
7987,2649,46,1,67.45,0.0
7988,2650,124,2,241.15,0.0
7989,2651,77,3,208.09,0.0
7990,2651,106,2,123.25,18.49
7991,2651,47,4,272.75,54.55
7992,2651,38,2,202.51,0.0
7993,2651,144,3,201.38,0.0
7994,2652,82,2,437.52,65.63
7995,2652,1,4,321.1,0.0
7996,2653,5,3,415.34,41.53
7997,2653,78,3,236.94,35.54
7998,2653,39,3,203.79,20.38
7999,2653,89,4,15.3,0.0
8000,2654,14,1,304.76,30.48
8001,2654,110,2,130.63,0.0
8002,2654,125,3,269.3,26.93
8003,2655,69,1,93.19,9.32
8004,2655,38,4,202.51,40.5
8005,2655,98,1,187.8,0.0
8006,2655,102,3,139.64,27.93
8007,2656,101,1,127.41,12.74
8008,2656,141,2,328.57,0.0
8009,2656,133,4,328.02,0.0
8010,2657,88,3,269.25,0.0
8011,2657,108,4,294.36,0.0
8012,2657,136,4,396.02,0.0
8013,2658,126,3,131.53,26.31
8014,2659,99,1,325.08,0.0
8015,2659,115,1,377.52,0.0
8016,2659,82,3,437.52,0.0
8017,2660,111,1,11.12,0.0
8018,2661,68,3,136.7,0.0
8019,2661,124,3,241.15,0.0
8020,2661,1,1,321.1,0.0
8021,2661,3,3,341.27,0.0
8022,2662,22,2,18.29,1.83
8023,2662,84,2,178.48,17.85
8024,2662,56,2,422.08,0.0
8025,2662,99,1,325.08,48.76
8026,2663,28,2,75.89,0.0
8027,2663,119,4,453.53,0.0
8028,2664,61,1,92.4,13.86
8029,2664,43,2,330.28,49.54
8030,2665,105,1,223.61,33.54
8031,2665,77,4,208.09,20.81
8032,2666,143,4,107.53,10.75
8033,2666,102,4,139.64,27.93
8034,2666,119,3,453.53,68.03
8035,2666,59,1,189.39,0.0
8036,2667,137,3,142.56,0.0
8037,2668,141,1,328.57,0.0
8038,2668,87,4,283.38,0.0
8039,2668,61,1,92.4,18.48
8040,2668,81,3,43.0,8.6
8041,2668,46,1,67.45,13.49
8042,2669,97,2,322.01,0.0
8043,2669,13,4,469.28,46.93
8044,2669,21,1,429.76,0.0
8045,2670,144,3,201.38,0.0
8046,2670,148,1,165.59,0.0
8047,2670,140,2,224.28,0.0
8048,2670,134,1,444.99,0.0
8049,2670,44,1,452.04,67.81
8050,2671,148,2,165.59,0.0
8051,2671,70,3,246.27,49.25
8052,2671,100,3,270.76,0.0
8053,2671,83,4,129.83,25.97
8054,2671,120,4,335.74,0.0
8055,2672,62,4,399.48,0.0
8056,2672,65,3,416.07,0.0
8057,2672,3,1,341.27,0.0
8058,2672,46,2,67.45,10.12
8059,2672,141,1,328.57,32.86
8060,2673,14,4,304.76,45.71
8061,2673,146,1,429.95,64.49
8062,2673,45,4,299.19,44.88
8063,2674,147,4,15.84,0.0
8064,2674,114,4,93.0,13.95
8065,2674,91,2,252.58,0.0
8066,2674,112,2,211.58,42.32
8067,2675,28,2,75.89,11.38
8068,2676,69,4,93.19,18.64
8069,2676,67,1,351.2,0.0
8070,2676,111,4,11.12,0.0
8071,2676,116,4,377.29,56.59
8072,2677,147,3,15.84,0.0
8073,2677,78,4,236.94,0.0
8074,2678,129,2,237.02,0.0
8075,2678,47,4,272.75,0.0
8076,2678,68,4,136.7,0.0
8077,2678,81,2,43.0,6.45
8078,2678,26,1,242.14,0.0
8079,2679,8,2,495.36,49.54
8080,2680,70,1,246.27,0.0
8081,2680,19,3,488.22,0.0
8082,2681,2,4,332.83,49.92
8083,2681,28,1,75.89,11.38
8084,2681,42,2,478.77,71.82
8085,2681,129,4,237.02,47.4
8086,2681,64,2,64.91,0.0
8087,2682,33,3,179.42,0.0
8088,2682,61,4,92.4,0.0
8089,2683,51,1,95.6,9.56
8090,2684,112,2,211.58,0.0
8091,2684,134,2,444.99,0.0
8092,2684,6,4,43.07,0.0
8093,2684,99,4,325.08,48.76
8094,2685,94,1,414.66,0.0
8095,2686,133,3,328.02,49.2
8096,2686,113,4,109.63,21.93
8097,2687,145,4,27.77,2.78
8098,2687,122,3,425.68,85.14
8099,2687,10,1,409.97,0.0
8100,2688,147,3,15.84,1.58
8101,2688,116,2,377.29,0.0
8102,2688,98,2,187.8,0.0
8103,2688,146,2,429.95,85.99
8104,2689,21,2,429.76,85.95
8105,2690,43,3,330.28,33.03
8106,2690,52,1,98.97,19.79
8107,2691,124,2,241.15,24.12
8108,2691,20,1,169.34,33.87
8109,2691,84,3,178.48,35.7
8110,2692,91,3,252.58,0.0
8111,2692,14,2,304.76,30.48
8112,2692,94,4,414.66,0.0
8113,2692,102,3,139.64,20.95
8114,2692,33,1,179.42,35.88
8115,2693,15,3,350.02,52.5
8116,2694,103,1,233.36,0.0
8117,2694,139,4,262.86,39.43
8118,2695,8,3,495.36,0.0
8119,2695,139,4,262.86,52.57
8120,2696,7,1,28.64,0.0
8121,2696,135,1,236.07,35.41
8122,2697,35,1,335.39,0.0
8123,2697,61,4,92.4,0.0
8124,2697,150,3,104.02,0.0
8125,2698,56,1,422.08,0.0
8126,2698,123,1,77.17,0.0
8127,2698,97,4,322.01,32.2
8128,2698,14,2,304.76,0.0
8129,2698,76,2,127.04,19.06
8130,2699,50,3,320.93,32.09
8131,2700,3,3,341.27,0.0
8132,2700,68,4,136.7,20.5
8133,2700,137,4,142.56,28.51
8134,2701,81,2,43.0,8.6
8135,2702,72,2,242.78,0.0
8136,2702,3,4,341.27,0.0
8137,2702,144,2,201.38,0.0
8138,2702,105,3,223.61,0.0
8139,2702,109,2,270.39,54.08
8140,2703,37,4,104.0,15.6
8141,2703,21,4,429.76,0.0
8142,2703,16,3,128.09,12.81
8143,2703,14,2,304.76,0.0
8144,2704,106,4,123.25,0.0
8145,2704,16,2,128.09,0.0
8146,2704,93,4,155.24,0.0
8147,2704,4,4,273.69,41.05
8148,2704,117,3,491.5,98.3
8149,2705,80,3,413.08,82.62
8150,2705,21,2,429.76,85.95
8151,2705,27,4,168.15,0.0
8152,2706,59,1,189.39,18.94
8153,2706,71,4,352.1,0.0
8154,2706,121,4,162.84,16.28
8155,2706,50,2,320.93,0.0
8156,2706,27,1,168.15,0.0
8157,2707,27,4,168.15,0.0
8158,2707,127,3,222.52,22.25
8159,2707,132,3,89.04,17.81
8160,2707,26,2,242.14,0.0
8161,2708,116,2,377.29,56.59
8162,2708,57,2,188.77,28.32
8163,2708,96,3,498.77,0.0
8164,2709,78,4,236.94,0.0
8165,2709,52,2,98.97,0.0
8166,2709,69,4,93.19,0.0
8167,2710,134,1,444.99,0.0
8168,2711,63,4,142.21,21.33
8169,2711,147,1,15.84,1.58
8170,2711,41,4,36.8,7.36
8171,2711,15,3,350.02,0.0
8172,2711,53,4,110.68,16.6
8173,2712,109,2,270.39,54.08
8174,2712,125,4,269.3,0.0
8175,2712,40,3,304.26,0.0
8176,2712,85,2,256.09,25.61
8177,2712,53,1,110.68,22.14
8178,2713,100,1,270.76,40.61
8179,2713,45,2,299.19,59.84
8180,2713,33,2,179.42,0.0
8181,2713,137,1,142.56,0.0
8182,2714,107,4,110.67,0.0
8183,2714,143,1,107.53,10.75
8184,2714,146,4,429.95,85.99
8185,2714,76,3,127.04,12.7
8186,2715,36,4,319.43,31.94
8187,2715,107,4,110.67,0.0
8188,2715,56,3,422.08,0.0
8189,2715,65,2,416.07,41.61
8190,2716,107,4,110.67,16.6
8191,2716,22,3,18.29,0.0
8192,2717,94,4,414.66,41.47
8193,2717,102,4,139.64,27.93
8194,2717,126,4,131.53,0.0
8195,2717,139,1,262.86,0.0
8196,2718,84,4,178.48,0.0
8197,2718,32,3,146.13,0.0
8198,2718,42,1,478.77,71.82
8199,2718,94,4,414.66,41.47
8200,2718,59,1,189.39,0.0
8201,2719,125,2,269.3,0.0
8202,2719,43,1,330.28,49.54
8203,2719,114,2,93.0,13.95
8204,2720,95,1,317.95,0.0
8205,2721,112,3,211.58,42.32
8206,2721,94,3,414.66,62.2
8207,2721,37,4,104.0,20.8
8208,2722,135,2,236.07,23.61
8209,2722,93,2,155.24,31.05
8210,2722,53,1,110.68,22.14
8211,2722,109,1,270.39,40.56
8212,2723,11,1,381.78,57.27
8213,2724,132,3,89.04,8.9
8214,2724,100,4,270.76,0.0
8215,2724,104,4,172.41,34.48
8216,2725,122,4,425.68,0.0
8217,2725,87,1,283.38,42.51
8218,2726,34,4,22.78,3.42
8219,2726,149,3,499.81,0.0
8220,2726,37,3,104.0,0.0
8221,2726,134,4,444.99,66.75
8222,2727,102,3,139.64,27.93
8223,2728,137,3,142.56,0.0
8224,2728,134,4,444.99,89.0
8225,2728,8,4,495.36,0.0
8226,2728,48,1,333.72,66.74
8227,2728,77,2,208.09,31.21
8228,2729,139,3,262.86,0.0
8229,2729,89,4,15.3,0.0
8230,2730,116,2,377.29,37.73
8231,2730,101,1,127.41,0.0
8232,2730,127,3,222.52,0.0
8233,2730,102,4,139.64,0.0
8234,2731,35,1,335.39,0.0
8235,2731,44,4,452.04,0.0
8236,2731,79,2,190.04,28.51
8237,2731,133,4,328.02,32.8
8238,2731,141,3,328.57,49.29
8239,2732,106,1,123.25,24.65
8240,2732,116,2,377.29,37.73
8241,2732,124,3,241.15,24.12
8242,2732,42,4,478.77,71.82
8243,2733,113,2,109.63,0.0
8244,2733,1,1,321.1,48.16
8245,2733,33,3,179.42,0.0
8246,2733,78,4,236.94,23.69
8247,2734,101,1,127.41,12.74
8248,2734,97,3,322.01,0.0
8249,2734,39,4,203.79,0.0
8250,2734,86,2,474.92,0.0
8251,2735,132,1,89.04,0.0
8252,2735,131,1,10.91,0.0
8253,2735,116,2,377.29,75.46
8254,2735,117,1,491.5,73.72
8255,2735,47,4,272.75,54.55
8256,2736,132,1,89.04,0.0
8257,2736,19,3,488.22,73.23
8258,2736,18,3,368.54,55.28
8259,2736,147,2,15.84,3.17
8260,2737,122,2,425.68,0.0
8261,2737,56,1,422.08,42.21
8262,2737,96,4,498.77,0.0
8263,2737,123,2,77.17,7.72
8264,2738,106,1,123.25,18.49
8265,2738,73,4,298.52,29.85
8266,2738,2,1,332.83,0.0
8267,2738,125,1,269.3,0.0
8268,2739,48,3,333.72,0.0
8269,2739,45,1,299.19,44.88
8270,2739,36,4,319.43,31.94
8271,2739,99,2,325.08,0.0
8272,2739,142,2,118.0,0.0
8273,2740,27,4,168.15,33.63
8274,2741,98,3,187.8,0.0
8275,2741,50,3,320.93,0.0
8276,2741,141,2,328.57,65.71
8277,2741,149,1,499.81,74.97
8278,2741,137,2,142.56,0.0
8279,2742,96,1,498.77,99.75
8280,2742,51,1,95.6,0.0
8281,2743,147,2,15.84,1.58
8282,2743,129,3,237.02,0.0
8283,2744,96,3,498.77,74.82
8284,2744,21,3,429.76,42.98
8285,2744,133,2,328.02,0.0
8286,2744,116,2,377.29,56.59
8287,2744,28,3,75.89,7.59
8288,2745,45,3,299.19,59.84
8289,2745,135,2,236.07,47.21
8290,2745,95,2,317.95,0.0
8291,2745,35,3,335.39,0.0
8292,2745,111,2,11.12,1.11
8293,2746,26,4,242.14,36.32
8294,2746,116,3,377.29,75.46
8295,2747,3,2,341.27,51.19
8296,2748,3,2,341.27,0.0
8297,2748,93,4,155.24,0.0
8298,2748,79,2,190.04,0.0
8299,2749,129,2,237.02,0.0
8300,2750,147,2,15.84,0.0
8301,2750,117,4,491.5,98.3
8302,2751,31,3,287.81,0.0
8303,2751,135,1,236.07,0.0
8304,2751,82,4,437.52,0.0
8305,2751,14,4,304.76,0.0
8306,2752,3,4,341.27,0.0
8307,2752,11,1,381.78,76.36
8308,2752,51,1,95.6,19.12
8309,2752,129,3,237.02,47.4
8310,2753,80,3,413.08,41.31
8311,2753,147,3,15.84,0.0
8312,2753,121,3,162.84,0.0
8313,2753,35,3,335.39,67.08
8314,2753,43,3,330.28,0.0
8315,2754,127,3,222.52,0.0
8316,2755,105,2,223.61,33.54
8317,2756,62,3,399.48,0.0
8318,2756,117,1,491.5,0.0
8319,2756,140,2,224.28,33.64
8320,2757,67,2,351.2,0.0
8321,2757,89,4,15.3,0.0
8322,2758,148,2,165.59,0.0
8323,2758,13,1,469.28,93.86
8324,2758,84,4,178.48,17.85
8325,2759,9,3,444.4,0.0
8326,2760,135,4,236.07,0.0
8327,2760,78,3,236.94,0.0
8328,2760,21,3,429.76,0.0
8329,2760,133,4,328.02,0.0
8330,2761,86,3,474.92,0.0
8331,2761,34,2,22.78,0.0
8332,2761,111,4,11.12,2.22
8333,2761,140,3,224.28,0.0
8334,2762,84,1,178.48,26.77
8335,2762,20,1,169.34,0.0
8336,2762,41,1,36.8,0.0
8337,2763,150,3,104.02,0.0
8338,2763,37,4,104.0,15.6
8339,2763,61,1,92.4,0.0
8340,2763,11,1,381.78,38.18
8341,2763,60,3,353.64,0.0
8342,2764,113,4,109.63,21.93
8343,2764,139,2,262.86,26.29
8344,2764,137,3,142.56,21.38
8345,2765,74,1,278.72,0.0
8346,2765,123,2,77.17,0.0
8347,2765,43,1,330.28,0.0
8348,2765,76,2,127.04,25.41
8349,2766,84,2,178.48,35.7
8350,2766,22,2,18.29,0.0
8351,2766,129,1,237.02,35.55
8352,2766,117,1,491.5,98.3
8353,2766,146,4,429.95,85.99
8354,2767,55,3,42.68,8.54
8355,2767,137,3,142.56,0.0
8356,2767,28,2,75.89,15.18
8357,2767,82,1,437.52,87.5
8358,2768,116,3,377.29,75.46
8359,2769,136,1,396.02,59.4
8360,2769,107,2,110.67,0.0
8361,2770,120,4,335.74,67.15
8362,2771,5,1,415.34,83.07
8363,2771,9,2,444.4,66.66
8364,2771,106,2,123.25,0.0
8365,2772,56,4,422.08,84.42
8366,2773,45,3,299.19,29.92
8367,2774,33,4,179.42,0.0
8368,2775,12,4,76.22,0.0
8369,2775,41,2,36.8,0.0
8370,2775,77,3,208.09,0.0
8371,2776,115,2,377.52,0.0
8372,2776,28,1,75.89,0.0
8373,2776,42,1,478.77,95.75
8374,2776,54,4,34.49,0.0
8375,2776,26,4,242.14,36.32
8376,2777,92,4,218.76,43.75
8377,2778,125,1,269.3,53.86
8378,2778,148,4,165.59,0.0
8379,2778,89,1,15.3,2.29
8380,2779,149,3,499.81,74.97
8381,2779,95,2,317.95,0.0
8382,2779,111,4,11.12,2.22
8383,2779,129,3,237.02,0.0
8384,2779,41,3,36.8,0.0
8385,2780,126,4,131.53,0.0
8386,2780,77,4,208.09,0.0
8387,2780,35,2,335.39,33.54
8388,2781,58,1,336.01,33.6
8389,2781,146,1,429.95,0.0
8390,2781,148,2,165.59,16.56
8391,2781,92,4,218.76,21.88
8392,2781,137,4,142.56,28.51
8393,2782,117,3,491.5,49.15
8394,2782,135,4,236.07,0.0
8395,2782,148,3,165.59,24.84
8396,2782,149,1,499.81,99.96
8397,2783,20,4,169.34,0.0
8398,2783,14,3,304.76,60.95
8399,2783,71,4,352.1,70.42
8400,2783,135,2,236.07,47.21
8401,2784,1,3,321.1,0.0
8402,2784,101,3,127.41,0.0
8403,2784,143,2,107.53,0.0
8404,2784,99,3,325.08,48.76
8405,2784,126,2,131.53,26.31
8406,2785,68,4,136.7,0.0
8407,2785,4,3,273.69,54.74
8408,2786,121,4,162.84,24.43
8409,2786,80,3,413.08,82.62
8410,2786,107,2,110.67,0.0
8411,2787,98,2,187.8,37.56
8412,2787,115,4,377.52,0.0
8413,2788,105,4,223.61,0.0
8414,2788,80,3,413.08,41.31
8415,2788,60,4,353.64,70.73
8416,2789,146,4,429.95,0.0
8417,2790,93,1,155.24,0.0
8418,2790,145,1,27.77,4.17
8419,2791,8,4,495.36,49.54
8420,2791,10,1,409.97,0.0
8421,2791,76,3,127.04,0.0
8422,2791,91,3,252.58,0.0
8423,2791,64,3,64.91,0.0
8424,2792,71,3,352.1,0.0
8425,2792,104,4,172.41,17.24
8426,2793,50,4,320.93,0.0
8427,2793,88,3,269.25,0.0
8428,2794,43,2,330.28,33.03
8429,2794,149,4,499.81,74.97
8430,2794,80,2,413.08,0.0
8431,2795,88,1,269.25,0.0
8432,2795,93,1,155.24,0.0
8433,2796,34,2,22.78,0.0
8434,2796,58,1,336.01,0.0
8435,2796,132,2,89.04,17.81
8436,2796,65,4,416.07,41.61
8437,2796,143,3,107.53,21.51
8438,2797,34,4,22.78,0.0
8439,2797,21,4,429.76,64.46
8440,2798,75,4,134.66,0.0
8441,2799,67,3,351.2,52.68
8442,2799,34,4,22.78,0.0
8443,2800,130,3,43.77,0.0
8444,2800,5,2,415.34,41.53
8445,2800,100,2,270.76,54.15
8446,2800,78,3,236.94,23.69
8447,2800,97,4,322.01,32.2
8448,2801,34,3,22.78,0.0
8449,2801,97,1,322.01,0.0
8450,2801,123,1,77.17,0.0
8451,2801,2,2,332.83,0.0
8452,2802,75,1,134.66,0.0
8453,2802,104,3,172.41,0.0
8454,2802,111,4,11.12,0.0
8455,2802,106,4,123.25,24.65
8456,2802,99,1,325.08,0.0
8457,2803,63,4,142.21,0.0
8458,2804,146,2,429.95,85.99
8459,2804,104,4,172.41,17.24
8460,2805,34,3,22.78,0.0
8461,2805,105,4,223.61,33.54
8462,2805,3,4,341.27,68.25
8463,2805,37,4,104.0,20.8
8464,2805,140,3,224.28,44.86
8465,2806,143,3,107.53,21.51
8466,2806,47,1,272.75,54.55
8467,2806,80,4,413.08,0.0
8468,2806,35,2,335.39,0.0
8469,2806,105,2,223.61,22.36
8470,2807,64,3,64.91,9.74
8471,2808,45,2,299.19,0.0
8472,2808,103,1,233.36,35.0
8473,2809,43,1,330.28,66.06
8474,2809,131,4,10.91,0.0
8475,2809,85,4,256.09,0.0
8476,2809,110,2,130.63,19.59
8477,2810,54,4,34.49,5.17
8478,2811,80,3,413.08,0.0
8479,2811,129,2,237.02,0.0
8480,2811,78,3,236.94,0.0
8481,2811,137,2,142.56,28.51
8482,2812,37,2,104.0,0.0
8483,2812,74,3,278.72,0.0
8484,2812,122,4,425.68,42.57
8485,2813,84,1,178.48,26.77
8486,2814,149,1,499.81,49.98
8487,2814,4,1,273.69,27.37
8488,2815,146,1,429.95,43.0
8489,2815,31,3,287.81,0.0
8490,2815,89,3,15.3,0.0
8491,2815,107,1,110.67,0.0
8492,2815,16,2,128.09,12.81
8493,2816,35,2,335.39,0.0
8494,2816,135,2,236.07,0.0
8495,2816,8,2,495.36,74.3
8496,2816,70,4,246.27,36.94
8497,2816,140,1,224.28,22.43
8498,2817,22,1,18.29,0.0
8499,2817,69,3,93.19,13.98
8500,2817,16,4,128.09,0.0
8501,2818,8,2,495.36,49.54
8502,2818,106,1,123.25,0.0
8503,2818,77,3,208.09,41.62
8504,2818,145,3,27.77,0.0
8505,2819,112,3,211.58,21.16
8506,2819,102,3,139.64,0.0
8507,2819,44,2,452.04,0.0
8508,2819,134,1,444.99,0.0
8509,2820,97,2,322.01,0.0
8510,2820,112,2,211.58,31.74
8511,2820,141,2,328.57,49.29
8512,2820,34,4,22.78,0.0
8513,2820,96,2,498.77,49.88
8514,2821,139,4,262.86,52.57
8515,2822,133,2,328.02,49.2
8516,2823,75,4,134.66,0.0
8517,2824,87,2,283.38,0.0
8518,2824,133,2,328.02,49.2
8519,2824,9,4,444.4,66.66
8520,2824,145,3,27.77,5.55
8521,2825,10,3,409.97,61.5
8522,2826,97,1,322.01,0.0
8523,2827,127,4,222.52,44.5
8524,2827,16,4,128.09,25.62
8525,2827,137,4,142.56,14.26
8526,2828,45,1,299.19,0.0
8527,2828,102,4,139.64,0.0
8528,2828,71,2,352.1,70.42
8529,2828,47,1,272.75,54.55
8530,2829,80,4,413.08,61.96
8531,2830,88,1,269.25,0.0
8532,2830,130,2,43.77,6.57
8533,2830,132,1,89.04,0.0
8534,2831,105,3,223.61,33.54
8535,2832,141,3,328.57,49.29
8536,2832,89,1,15.3,0.0
8537,2833,81,1,43.0,8.6
8538,2833,6,3,43.07,0.0
8539,2833,84,1,178.48,0.0
8540,2833,107,1,110.67,0.0
8541,2833,44,2,452.04,0.0
8542,2834,81,3,43.0,0.0
8543,2834,42,2,478.77,71.82
8544,2834,89,1,15.3,3.06
8545,2834,63,3,142.21,28.44
8546,2834,79,1,190.04,38.01
8547,2835,44,1,452.04,90.41
8548,2835,150,3,104.02,0.0
8549,2835,61,4,92.4,18.48
8550,2835,73,2,298.52,29.85
8551,2836,27,2,168.15,33.63
8552,2836,74,3,278.72,0.0
8553,2837,102,3,139.64,0.0
8554,2837,78,2,236.94,35.54
8555,2837,67,2,351.2,35.12
8556,2837,148,2,165.59,0.0
8557,2838,44,4,452.04,0.0
8558,2838,45,3,299.19,0.0
8559,2839,80,4,413.08,0.0
8560,2839,51,3,95.6,14.34
8561,2839,47,3,272.75,54.55
8562,2840,3,1,341.27,0.0
8563,2841,132,2,89.04,8.9
8564,2841,129,3,237.02,47.4
8565,2842,45,3,299.19,0.0
8566,2842,120,4,335.74,50.36
8567,2843,105,1,223.61,0.0
8568,2843,111,3,11.12,0.0
8569,2843,149,4,499.81,49.98
8570,2843,144,4,201.38,0.0
8571,2843,41,2,36.8,0.0
8572,2844,123,2,77.17,15.43
8573,2844,61,2,92.4,0.0
8574,2845,57,3,188.77,37.75
8575,2845,134,2,444.99,0.0
8576,2846,24,1,223.52,44.7
8577,2847,94,4,414.66,62.2
8578,2847,11,4,381.78,76.36
8579,2847,124,1,241.15,0.0
8580,2847,72,2,242.78,0.0
8581,2848,52,4,98.97,14.85
8582,2848,69,3,93.19,0.0
8583,2848,83,2,129.83,0.0
8584,2848,143,2,107.53,10.75
8585,2849,122,2,425.68,85.14
8586,2850,71,3,352.1,70.42
8587,2850,64,2,64.91,0.0
8588,2850,134,1,444.99,66.75
8589,2850,30,3,304.56,0.0
8590,2850,46,4,67.45,13.49
8591,2851,146,2,429.95,0.0
8592,2851,101,4,127.41,0.0
8593,2851,136,2,396.02,0.0
8594,2852,109,2,270.39,54.08
8595,2852,113,2,109.63,16.44
8596,2852,93,4,155.24,15.52
8597,2852,76,2,127.04,19.06
8598,2852,86,4,474.92,0.0
8599,2853,96,4,498.77,0.0
8600,2854,133,1,328.02,0.0
8601,2855,90,3,490.37,73.56
8602,2855,79,2,190.04,0.0
8603,2856,65,1,416.07,0.0
8604,2856,36,4,319.43,0.0
8605,2856,52,4,98.97,0.0
8606,2857,78,2,236.94,23.69
8607,2857,45,2,299.19,0.0
8608,2857,122,2,425.68,63.85
8609,2858,13,1,469.28,46.93
8610,2858,34,4,22.78,4.56
8611,2858,102,4,139.64,13.96
8612,2858,43,1,330.28,33.03
8613,2858,121,1,162.84,24.43
8614,2859,144,3,201.38,30.21
8615,2859,30,4,304.56,0.0
8616,2859,95,2,317.95,0.0
8617,2859,9,3,444.4,0.0
8618,2860,84,2,178.48,26.77
8619,2860,90,4,490.37,0.0
8620,2861,2,2,332.83,0.0
8621,2862,9,2,444.4,44.44
8622,2862,106,1,123.25,18.49
8623,2863,136,1,396.02,0.0
8624,2863,78,3,236.94,0.0
8625,2863,40,3,304.26,0.0
8626,2863,31,1,287.81,0.0
8627,2864,135,1,236.07,35.41
8628,2864,75,1,134.66,0.0
8629,2864,115,4,377.52,75.5
8630,2865,21,3,429.76,0.0
8631,2865,76,2,127.04,0.0
8632,2865,18,1,368.54,0.0
8633,2866,100,2,270.76,27.08
8634,2866,131,2,10.91,0.0
8635,2866,38,2,202.51,0.0
8636,2866,61,3,92.4,0.0
8637,2867,8,1,495.36,0.0
8638,2867,50,3,320.93,0.0
8639,2867,73,3,298.52,0.0
8640,2867,86,1,474.92,0.0
8641,2868,145,3,27.77,0.0
8642,2868,35,1,335.39,50.31
8643,2869,144,3,201.38,20.14
8644,2870,91,4,252.58,0.0
8645,2870,150,4,104.02,10.4
8646,2871,11,2,381.78,0.0
8647,2871,39,1,203.79,30.57
8648,2871,5,2,415.34,0.0
8649,2871,28,4,75.89,0.0
8650,2872,62,4,399.48,79.9
8651,2872,150,3,104.02,20.8
8652,2872,71,4,352.1,0.0
8653,2873,18,1,368.54,0.0
8654,2873,24,1,223.52,0.0
8655,2873,79,1,190.04,38.01
8656,2873,53,4,110.68,16.6
8657,2873,26,2,242.14,48.43
8658,2874,36,1,319.43,0.0
8659,2874,28,4,75.89,0.0
8660,2874,47,1,272.75,40.91
8661,2874,88,1,269.25,40.39
8662,2875,58,1,336.01,0.0
8663,2875,105,4,223.61,0.0
8664,2875,56,3,422.08,0.0
8665,2875,122,3,425.68,85.14
8666,2875,133,4,328.02,32.8
8667,2876,46,4,67.45,6.75
8668,2876,60,2,353.64,0.0
8669,2877,24,1,223.52,0.0
8670,2877,149,1,499.81,74.97
8671,2877,51,2,95.6,14.34
8672,2877,104,4,172.41,17.24
8673,2877,140,1,224.28,33.64
8674,2878,143,4,107.53,0.0
8675,2879,26,1,242.14,0.0
8676,2879,76,2,127.04,12.7
8677,2879,92,4,218.76,21.88
8678,2879,103,3,233.36,0.0
8679,2880,81,3,43.0,8.6
8680,2880,99,3,325.08,65.02
8681,2880,15,3,350.02,0.0
8682,2881,21,1,429.76,42.98
8683,2881,81,2,43.0,0.0
8684,2882,46,3,67.45,0.0
8685,2882,124,4,241.15,0.0
8686,2882,149,4,499.81,49.98
8687,2883,119,2,453.53,90.71
8688,2884,44,4,452.04,90.41
8689,2884,41,4,36.8,7.36
8690,2885,9,1,444.4,0.0
8691,2885,5,1,415.34,41.53
8692,2885,52,4,98.97,0.0
8693,2885,103,4,233.36,46.67
8694,2885,133,2,328.02,0.0
8695,2886,133,3,328.02,0.0
8696,2886,106,1,123.25,0.0
8697,2886,40,3,304.26,0.0
8698,2886,139,1,262.86,39.43
8699,2886,1,2,321.1,64.22
8700,2887,95,3,317.95,47.69
8701,2887,108,2,294.36,0.0
8702,2887,65,1,416.07,41.61
8703,2887,82,3,437.52,0.0
8704,2888,31,4,287.81,0.0
8705,2888,94,4,414.66,82.93
8706,2888,33,3,179.42,26.91
8707,2889,70,3,246.27,0.0
8708,2889,98,4,187.8,28.17
8709,2889,8,4,495.36,74.3
8710,2889,86,1,474.92,71.24
8711,2889,133,3,328.02,0.0
8712,2890,33,1,179.42,35.88
8713,2890,80,4,413.08,82.62
8714,2890,130,3,43.77,0.0
8715,2890,37,3,104.0,20.8
8716,2890,115,2,377.52,75.5
8717,2891,43,2,330.28,0.0
8718,2891,114,3,93.0,9.3
8719,2891,22,1,18.29,1.83
8720,2891,148,3,165.59,0.0
8721,2891,143,2,107.53,16.13
8722,2892,135,1,236.07,47.21
8723,2892,57,1,188.77,0.0
8724,2893,136,4,396.02,0.0
8725,2894,37,2,104.0,0.0
8726,2894,31,1,287.81,0.0
8727,2894,103,3,233.36,35.0
8728,2895,129,4,237.02,35.55
8729,2896,127,1,222.52,0.0
8730,2896,16,3,128.09,25.62
8731,2896,27,2,168.15,33.63
8732,2896,95,3,317.95,0.0
8733,2897,124,1,241.15,0.0
8734,2897,90,1,490.37,0.0
8735,2897,22,4,18.29,3.66
8736,2897,6,2,43.07,0.0
8737,2897,58,1,336.01,0.0
8738,2898,11,2,381.78,57.27
8739,2898,109,4,270.39,54.08
8740,2898,5,3,415.34,0.0
8741,2898,58,3,336.01,50.4
8742,2899,99,2,325.08,32.51
8743,2899,94,4,414.66,82.93
8744,2899,85,1,256.09,0.0
8745,2899,104,3,172.41,34.48
8746,2899,149,2,499.81,0.0
8747,2900,44,3,452.04,90.41
8748,2900,101,2,127.41,19.11
8749,2900,64,2,64.91,0.0
8750,2901,75,1,134.66,0.0
8751,2901,102,3,139.64,13.96
8752,2901,56,3,422.08,63.31
8753,2902,115,1,377.52,75.5
8754,2902,71,1,352.1,35.21
8755,2902,70,3,246.27,49.25
8756,2902,21,3,429.76,0.0
8757,2902,134,1,444.99,0.0
8758,2903,84,2,178.48,0.0
8759,2903,140,1,224.28,0.0
8760,2903,142,4,118.0,23.6
8761,2903,58,1,336.01,50.4
8762,2904,20,3,169.34,16.93
8763,2904,75,3,134.66,0.0
8764,2904,142,3,118.0,0.0
8765,2904,8,4,495.36,0.0
8766,2904,28,2,75.89,0.0
8767,2905,47,1,272.75,0.0
8768,2906,129,1,237.02,23.7
8769,2906,12,3,76.22,0.0
8770,2906,33,3,179.42,0.0
8771,2906,69,4,93.19,0.0
8772,2907,62,2,399.48,0.0
8773,2907,28,2,75.89,0.0
8774,2907,147,2,15.84,0.0
8775,2908,98,4,187.8,0.0
8776,2908,57,2,188.77,0.0
8777,2908,73,2,298.52,59.7
8778,2908,132,4,89.04,13.36
8779,2909,134,1,444.99,44.5
8780,2909,142,2,118.0,11.8
8781,2909,93,2,155.24,23.29
8782,2910,22,3,18.29,3.66
8783,2910,112,4,211.58,0.0
8784,2910,88,4,269.25,0.0
8785,2910,94,4,414.66,62.2
8786,2910,114,3,93.0,13.95
8787,2911,68,1,136.7,13.67
8788,2911,149,3,499.81,0.0
8789,2911,105,3,223.61,0.0
8790,2912,13,4,469.28,70.39
8791,2912,6,4,43.07,0.0
8792,2913,37,4,104.0,0.0
8793,2914,91,2,252.58,0.0
8794,2915,45,2,299.19,0.0
8795,2915,48,4,333.72,0.0
8796,2915,76,2,127.04,0.0
8797,2915,16,1,128.09,19.21
8798,2916,129,1,237.02,0.0
8799,2916,81,2,43.0,0.0
8800,2917,15,4,350.02,0.0
8801,2917,71,3,352.1,0.0
8802,2918,56,4,422.08,84.42
8803,2918,120,3,335.74,33.57
8804,2919,134,4,444.99,0.0
8805,2919,150,4,104.02,20.8
8806,2919,124,4,241.15,0.0
8807,2920,89,4,15.3,2.29
8808,2920,47,1,272.75,54.55
8809,2920,145,2,27.77,0.0
8810,2921,113,1,109.63,21.93
8811,2921,15,2,350.02,0.0
8812,2922,39,2,203.79,0.0
8813,2923,79,3,190.04,0.0
8814,2923,86,1,474.92,94.98
8815,2923,103,2,233.36,23.34
8816,2924,67,4,351.2,70.24
8817,2925,9,3,444.4,44.44
8818,2925,126,2,131.53,0.0
8819,2925,20,4,169.34,0.0
8820,2926,108,3,294.36,0.0
8821,2926,75,2,134.66,0.0
8822,2926,147,2,15.84,0.0
8823,2926,12,1,76.22,15.24
8824,2927,77,4,208.09,0.0
8825,2927,32,2,146.13,0.0
8826,2928,73,1,298.52,44.78
8827,2928,133,3,328.02,0.0
8828,2928,149,2,499.81,49.98
8829,2929,10,1,409.97,61.5
8830,2929,141,3,328.57,65.71
8831,2929,142,4,118.0,0.0
8832,2929,20,2,169.34,16.93
8833,2929,143,3,107.53,0.0
8834,2930,104,3,172.41,0.0
8835,2930,125,4,269.3,0.0
8836,2930,140,3,224.28,22.43
8837,2931,88,2,269.25,0.0
8838,2932,129,3,237.02,0.0
8839,2932,24,2,223.52,0.0
8840,2933,116,2,377.29,0.0
8841,2933,79,1,190.04,0.0
8842,2933,50,2,320.93,32.09
8843,2934,127,2,222.52,22.25
8844,2934,87,2,283.38,56.68
8845,2934,79,3,190.04,19.0
8846,2935,5,3,415.34,41.53
8847,2935,141,2,328.57,65.71
8848,2935,2,4,332.83,0.0
8849,2936,112,3,211.58,0.0
8850,2936,13,1,469.28,93.86
8851,2936,70,1,246.27,36.94
8852,2937,98,1,187.8,0.0
8853,2937,15,1,350.02,70.0
8854,2937,51,4,95.6,14.34
8855,2937,52,2,98.97,9.9
8856,2938,95,2,317.95,0.0
8857,2938,148,1,165.59,33.12
8858,2938,8,3,495.36,0.0
8859,2938,81,4,43.0,0.0
8860,2938,47,4,272.75,40.91
8861,2939,106,2,123.25,12.33
8862,2939,122,2,425.68,63.85
8863,2939,52,3,98.97,0.0
8864,2939,100,1,270.76,0.0
8865,2940,104,2,172.41,0.0
8866,2940,111,4,11.12,0.0
8867,2940,34,1,22.78,3.42
8868,2940,47,4,272.75,0.0
8869,2941,16,4,128.09,25.62
8870,2941,81,2,43.0,6.45
8871,2941,137,4,142.56,0.0
8872,2941,141,2,328.57,0.0
8873,2941,20,2,169.34,0.0
8874,2942,78,3,236.94,0.0
8875,2942,33,2,179.42,26.91
8876,2943,2,3,332.83,0.0
8877,2944,9,4,444.4,0.0
8878,2944,98,2,187.8,0.0
8879,2945,31,2,287.81,0.0
8880,2945,101,4,127.41,19.11
8881,2945,24,4,223.52,0.0
8882,2946,106,2,123.25,12.33
8883,2946,18,3,368.54,0.0
8884,2947,144,2,201.38,40.28
8885,2947,114,1,93.0,0.0
8886,2947,72,1,242.78,24.28
8887,2947,33,3,179.42,0.0
8888,2947,40,2,304.26,30.43
8889,2948,55,2,42.68,4.27
8890,2948,12,4,76.22,7.62
8891,2949,134,1,444.99,0.0
8892,2949,59,2,189.39,37.88
8893,2949,58,2,336.01,0.0
8894,2949,89,1,15.3,1.53
8895,2950,58,1,336.01,67.2
8896,2950,55,4,42.68,0.0
8897,2951,34,4,22.78,2.28
8898,2951,93,4,155.24,31.05
8899,2951,75,1,134.66,0.0
8900,2951,24,3,223.52,0.0
8901,2952,27,3,168.15,33.63
8902,2952,149,3,499.81,0.0
8903,2952,28,4,75.89,0.0
8904,2953,43,1,330.28,33.03
8905,2954,137,3,142.56,0.0
8906,2954,38,3,202.51,0.0
8907,2954,94,4,414.66,0.0
8908,2954,86,3,474.92,0.0
8909,2955,72,1,242.78,0.0
8910,2956,21,4,429.76,85.95
8911,2956,46,3,67.45,13.49
8912,2956,105,1,223.61,22.36
8913,2956,71,1,352.1,0.0
8914,2956,116,1,377.29,75.46
8915,2957,11,3,381.78,0.0
8916,2957,34,4,22.78,2.28
8917,2957,113,4,109.63,21.93
8918,2957,6,3,43.07,0.0
8919,2957,32,2,146.13,0.0
8920,2958,87,4,283.38,0.0
8921,2958,108,1,294.36,0.0
8922,2958,32,1,146.13,0.0
8923,2958,103,1,233.36,0.0
8924,2958,145,4,27.77,0.0
8925,2959,44,3,452.04,45.2
8926,2959,45,4,299.19,0.0
8927,2959,99,2,325.08,0.0
8928,2959,107,2,110.67,16.6
8929,2960,136,3,396.02,0.0
8930,2961,53,2,110.68,0.0
8931,2961,42,1,478.77,47.88
8932,2962,35,3,335.39,0.0
8933,2962,141,4,328.57,65.71
8934,2962,18,3,368.54,73.71
8935,2962,50,3,320.93,0.0
8936,2962,40,3,304.26,30.43
8937,2963,81,2,43.0,0.0
8938,2963,38,3,202.51,20.25
8939,2964,35,2,335.39,0.0
8940,2964,103,4,233.36,0.0
8941,2965,39,3,203.79,30.57
8942,2966,14,2,304.76,30.48
8943,2967,146,1,429.95,0.0
8944,2967,81,3,43.0,6.45
8945,2968,59,3,189.39,28.41
8946,2969,131,1,10.91,0.0
8947,2969,31,1,287.81,43.17
8948,2969,61,4,92.4,9.24
8949,2969,101,4,127.41,12.74
8950,2970,34,2,22.78,0.0
8951,2970,52,3,98.97,0.0
8952,2970,73,2,298.52,59.7
8953,2971,34,2,22.78,0.0
8954,2971,46,3,67.45,0.0
8955,2972,111,1,11.12,0.0
8956,2972,85,1,256.09,51.22
8957,2972,15,2,350.02,0.0
8958,2973,137,3,142.56,28.51
8959,2973,125,2,269.3,0.0
8960,2974,87,2,283.38,0.0
8961,2974,70,1,246.27,0.0
8962,2974,26,2,242.14,0.0
8963,2974,88,1,269.25,0.0
8964,2975,112,2,211.58,42.32
8965,2975,21,3,429.76,0.0
8966,2975,43,1,330.28,0.0
8967,2976,8,2,495.36,99.07
8968,2976,31,4,287.81,0.0
8969,2976,111,1,11.12,0.0
8970,2976,144,4,201.38,0.0
8971,2976,127,4,222.52,22.25
8972,2977,95,1,317.95,31.8
8973,2978,127,1,222.52,44.5
8974,2978,112,3,211.58,31.74
8975,2978,59,3,189.39,0.0
8976,2979,100,4,270.76,0.0
8977,2980,44,1,452.04,45.2
8978,2980,59,4,189.39,28.41
8979,2980,86,3,474.92,0.0
8980,2980,99,3,325.08,32.51
8981,2981,16,1,128.09,0.0
8982,2981,83,2,129.83,25.97
8983,2982,120,1,335.74,0.0
8984,2982,145,2,27.77,4.17
8985,2983,59,2,189.39,0.0
8986,2984,95,1,317.95,0.0
8987,2984,42,1,478.77,71.82
8988,2985,87,1,283.38,0.0
8989,2985,8,3,495.36,0.0
8990,2985,13,3,469.28,46.93
8991,2985,65,2,416.07,0.0
8992,2985,28,1,75.89,11.38
8993,2986,134,3,444.99,44.5
8994,2986,83,1,129.83,25.97
8995,2986,31,2,287.81,28.78
8996,2986,119,4,453.53,68.03
8997,2986,79,4,190.04,0.0
8998,2987,116,3,377.29,0.0
8999,2987,127,3,222.52,0.0
9000,2987,56,3,422.08,0.0
9001,2987,16,1,128.09,0.0
9002,2988,143,2,107.53,16.13
9003,2988,147,1,15.84,0.0
9004,2988,108,2,294.36,29.44
9005,2989,33,2,179.42,0.0
9006,2990,5,4,415.34,62.3
9007,2990,124,3,241.15,24.12
9008,2991,119,2,453.53,0.0
9009,2991,35,3,335.39,0.0
9010,2991,109,1,270.39,0.0
9011,2992,98,3,187.8,37.56
9012,2992,71,1,352.1,52.82
9013,2992,20,4,169.34,0.0
9014,2992,124,3,241.15,36.17
9015,2992,11,4,381.78,57.27
9016,2993,3,3,341.27,0.0
9017,2993,41,3,36.8,0.0
9018,2994,126,4,131.53,26.31
9019,2995,135,3,236.07,47.21
9020,2995,61,3,92.4,18.48
9021,2996,3,4,341.27,51.19
9022,2996,141,3,328.57,49.29
9023,2997,21,2,429.76,85.95
9024,2997,37,3,104.0,10.4
9025,2998,91,1,252.58,0.0
9026,2998,14,3,304.76,0.0
9027,2998,89,4,15.3,2.29
9028,2999,75,1,134.66,0.0
9029,2999,44,1,452.04,0.0
9030,2999,136,2,396.02,39.6
9031,3000,120,4,335.74,0.0
9032,3000,14,3,304.76,60.95
9033,3000,136,2,396.02,0.0
9034,3001,105,3,223.61,22.36
9035,3001,59,1,189.39,0.0
9036,3001,102,3,139.64,13.96
9037,3001,76,3,127.04,0.0
9038,3001,145,2,27.77,4.17
9039,3002,87,4,283.38,28.34
9040,3003,107,4,110.67,0.0
9041,3003,41,2,36.8,0.0
9042,3003,122,4,425.68,42.57
9043,3003,39,4,203.79,0.0
9044,3004,123,1,77.17,15.43
9045,3004,42,4,478.77,0.0
9046,3004,51,4,95.6,0.0
9047,3004,34,2,22.78,2.28
9048,3005,98,2,187.8,37.56
9049,3005,122,4,425.68,42.57
9050,3005,92,3,218.76,21.88
9051,3006,18,1,368.54,55.28
9052,3007,104,1,172.41,17.24
9053,3007,141,1,328.57,49.29
9054,3008,78,2,236.94,0.0
9055,3008,22,1,18.29,1.83
9056,3008,74,2,278.72,0.0
9057,3009,140,1,224.28,0.0
9058,3009,41,3,36.8,0.0
9059,3009,143,4,107.53,0.0
9060,3010,35,4,335.39,0.0
9061,3010,117,4,491.5,49.15
9062,3010,142,1,118.0,17.7
9063,3010,130,4,43.77,8.75
9064,3011,146,2,429.95,0.0
9065,3012,40,3,304.26,45.64
9066,3013,119,3,453.53,90.71
9067,3013,53,4,110.68,11.07
9068,3013,62,3,399.48,79.9
9069,3013,63,1,142.21,14.22
9070,3014,126,1,131.53,0.0
9071,3014,121,3,162.84,16.28
9072,3014,129,4,237.02,35.55
9073,3014,115,2,377.52,0.0
9074,3014,18,3,368.54,55.28
9075,3015,110,1,130.63,0.0
9076,3015,64,1,64.91,0.0
9077,3015,18,3,368.54,0.0
9078,3016,77,3,208.09,0.0
9079,3016,134,2,444.99,66.75
9080,3016,64,3,64.91,0.0
9081,3017,150,1,104.02,0.0
9082,3017,135,4,236.07,47.21
9083,3017,113,1,109.63,10.96
9084,3018,74,2,278.72,0.0
9085,3019,46,3,67.45,0.0
9086,3019,105,4,223.61,0.0
9087,3019,149,1,499.81,0.0
9088,3019,11,3,381.78,38.18
9089,3020,74,4,278.72,27.87
9090,3020,9,4,444.4,44.44
9091,3020,53,2,110.68,0.0
9092,3021,32,3,146.13,14.61
9093,3022,13,1,469.28,0.0
9094,3022,35,4,335.39,33.54
9095,3023,16,4,128.09,0.0
9096,3023,40,4,304.26,60.85
9097,3023,107,2,110.67,22.13
9098,3024,18,1,368.54,0.0
9099,3024,70,1,246.27,49.25
9100,3024,114,1,93.0,0.0
9101,3025,70,1,246.27,0.0
9102,3025,100,4,270.76,54.15
9103,3026,96,1,498.77,0.0
9104,3026,120,4,335.74,50.36
9105,3026,74,3,278.72,55.74
9106,3027,103,1,233.36,0.0
9107,3027,78,4,236.94,0.0
9108,3027,75,2,134.66,26.93
9109,3027,136,4,396.02,0.0
9110,3027,141,2,328.57,0.0
9111,3028,2,3,332.83,33.28
9112,3028,85,1,256.09,51.22
9113,3028,73,1,298.52,29.85
9114,3028,21,2,429.76,64.46
9115,3029,65,3,416.07,0.0
9116,3029,83,2,129.83,0.0
9117,3030,101,4,127.41,0.0
9118,3030,150,4,104.02,20.8
9119,3030,93,2,155.24,15.52
9120,3030,147,1,15.84,0.0
9121,3031,100,1,270.76,0.0
9122,3031,57,2,188.77,28.32
9123,3032,24,3,223.52,0.0
9124,3032,147,4,15.84,2.38
9125,3033,143,4,107.53,21.51
9126,3033,71,1,352.1,35.21
9127,3034,10,1,409.97,0.0
9128,3034,45,4,299.19,29.92
9129,3035,124,1,241.15,0.0
9130,3035,130,1,43.77,4.38
9131,3035,136,2,396.02,59.4
9132,3035,96,2,498.77,0.0
9133,3036,51,4,95.6,0.0
9134,3036,38,2,202.51,40.5
9135,3037,64,3,64.91,0.0
9136,3037,16,3,128.09,25.62
9137,3038,72,1,242.78,48.56
9138,3038,146,1,429.95,0.0
9139,3038,98,4,187.8,18.78
9140,3038,31,4,287.81,0.0
9141,3038,119,1,453.53,0.0
9142,3039,19,4,488.22,0.0
9143,3039,146,3,429.95,64.49
9144,3039,32,1,146.13,21.92
9145,3039,144,4,201.38,0.0
9146,3039,53,2,110.68,16.6
9147,3040,97,2,322.01,0.0
9148,3040,114,4,93.0,0.0
9149,3041,33,4,179.42,26.91
9150,3041,147,4,15.84,2.38
9151,3041,37,3,104.0,10.4
9152,3041,117,2,491.5,49.15
9153,3041,78,1,236.94,35.54
9154,3042,12,3,76.22,15.24
9155,3042,75,3,134.66,0.0
9156,3042,59,4,189.39,18.94
9157,3042,35,4,335.39,67.08
9158,3042,109,1,270.39,0.0
9159,3043,75,4,134.66,13.47
9160,3044,106,1,123.25,18.49
9161,3044,62,3,399.48,79.9
9162,3044,98,2,187.8,28.17
9163,3044,6,1,43.07,6.46
9164,3044,131,1,10.91,0.0
9165,3045,127,1,222.52,22.25
9166,3046,135,2,236.07,0.0
9167,3046,101,4,127.41,19.11
9168,3046,83,3,129.83,19.47
9169,3046,21,4,429.76,0.0
9170,3047,30,3,304.56,30.46
9171,3048,143,4,107.53,0.0
9172,3048,89,2,15.3,1.53
9173,3049,92,1,218.76,32.81
9174,3049,41,2,36.8,5.52
9175,3050,96,4,498.77,0.0
9176,3050,55,4,42.68,6.4
9177,3051,112,1,211.58,0.0
9178,3051,30,2,304.56,60.91
9179,3051,68,3,136.7,0.0
9180,3052,79,3,190.04,0.0
9181,3053,60,1,353.64,0.0
9182,3053,93,2,155.24,23.29
9183,3054,148,1,165.59,0.0
9184,3054,5,4,415.34,0.0
9185,3054,32,1,146.13,29.23
9186,3054,24,2,223.52,44.7
9187,3054,20,4,169.34,16.93
9188,3055,144,4,201.38,40.28
9189,3055,61,2,92.4,9.24
9190,3055,102,4,139.64,13.96
9191,3055,101,4,127.41,19.11
9192,3055,65,3,416.07,0.0
9193,3056,42,4,478.77,71.82
9194,3057,90,2,490.37,0.0
9195,3057,114,3,93.0,0.0
9196,3057,22,4,18.29,0.0
9197,3057,75,2,134.66,0.0
9198,3058,90,4,490.37,49.04
9199,3058,61,2,92.4,9.24
9200,3058,88,2,269.25,53.85
9201,3059,35,4,335.39,0.0
9202,3059,70,4,246.27,24.63
9203,3059,50,4,320.93,0.0
9204,3059,16,3,128.09,19.21
9205,3060,130,4,43.77,0.0
9206,3060,15,1,350.02,52.5
9207,3060,13,1,469.28,0.0
9208,3061,89,1,15.3,2.29
9209,3061,142,3,118.0,11.8
9210,3061,78,4,236.94,0.0
9211,3062,59,4,189.39,37.88
9212,3063,51,3,95.6,19.12
9213,3063,146,3,429.95,0.0
9214,3063,110,3,130.63,0.0
9215,3063,93,4,155.24,0.0
9216,3064,22,3,18.29,0.0
9217,3064,36,1,319.43,63.89
9218,3064,52,3,98.97,0.0
9219,3065,136,4,396.02,39.6
9220,3065,42,3,478.77,71.82
9221,3066,45,2,299.19,0.0
9222,3066,119,4,453.53,68.03
9223,3066,16,2,128.09,12.81
9224,3066,82,2,437.52,65.63
9225,3067,131,1,10.91,0.0
9226,3067,45,2,299.19,0.0
9227,3067,122,3,425.68,42.57
9228,3067,31,1,287.81,0.0
9229,3067,74,2,278.72,41.81
9230,3068,140,3,224.28,0.0
9231,3068,39,1,203.79,20.38
9232,3068,48,3,333.72,0.0
9233,3069,57,4,188.77,0.0
9234,3069,54,1,34.49,6.9
9235,3069,98,1,187.8,0.0
9236,3070,103,3,233.36,23.34
9237,3070,33,3,179.42,0.0
9238,3070,2,3,332.83,0.0
9239,3071,45,4,299.19,0.0
9240,3071,65,4,416.07,0.0
9241,3071,114,4,93.0,13.95
9242,3072,32,4,146.13,29.23
9243,3072,68,4,136.7,0.0
9244,3072,92,3,218.76,0.0
9245,3072,26,3,242.14,48.43
9246,3073,10,1,409.97,0.0
9247,3073,99,3,325.08,32.51
9248,3074,123,1,77.17,11.58
9249,3074,94,2,414.66,82.93
9250,3074,2,4,332.83,49.92
9251,3075,63,1,142.21,21.33
9252,3075,26,1,242.14,24.21
9253,3075,18,1,368.54,0.0
9254,3075,46,1,67.45,10.12
9255,3076,30,3,304.56,45.68
9256,3076,145,1,27.77,2.78
9257,3076,60,2,353.64,0.0
9258,3076,107,1,110.67,22.13
9259,3076,8,1,495.36,49.54
9260,3077,44,2,452.04,67.81
9261,3077,105,3,223.61,44.72
9262,3077,34,4,22.78,0.0
9263,3078,114,2,93.0,0.0
9264,3079,88,1,269.25,0.0
9265,3079,55,2,42.68,8.54
9266,3079,150,2,104.02,10.4
9267,3079,80,1,413.08,0.0
9268,3080,93,1,155.24,0.0
9269,3081,143,3,107.53,0.0
9270,3081,15,2,350.02,0.0
9271,3081,43,4,330.28,49.54
9272,3081,59,1,189.39,28.41
9273,3082,113,4,109.63,0.0
9274,3082,120,1,335.74,50.36
9275,3083,62,4,399.48,59.92
9276,3083,75,2,134.66,0.0
9277,3084,98,2,187.8,28.17
9278,3084,131,4,10.91,0.0
9279,3085,1,2,321.1,48.16
9280,3085,149,3,499.81,0.0
9281,3085,144,2,201.38,0.0
9282,3086,6,4,43.07,0.0
9283,3086,76,3,127.04,0.0
9284,3087,97,4,322.01,48.3
9285,3088,141,3,328.57,0.0
9286,3088,149,3,499.81,0.0
9287,3088,145,3,27.77,4.17
9288,3089,83,3,129.83,25.97
9289,3089,106,4,123.25,0.0
9290,3089,76,2,127.04,19.06
9291,3090,84,4,178.48,35.7
9292,3091,140,3,224.28,0.0
9293,3091,18,4,368.54,0.0
9294,3091,45,1,299.19,59.84
9295,3092,48,3,333.72,50.06
9296,3093,124,3,241.15,48.23
9297,3093,43,2,330.28,0.0
9298,3093,126,4,131.53,13.15
9299,3093,115,3,377.52,0.0
9300,3094,130,4,43.77,0.0
9301,3094,20,2,169.34,16.93
9302,3094,67,4,351.2,0.0
9303,3094,59,1,189.39,0.0
9304,3094,33,4,179.42,0.0
9305,3095,35,3,335.39,0.0
9306,3095,107,4,110.67,0.0
9307,3095,142,2,118.0,11.8
9308,3095,46,2,67.45,6.75
9309,3095,122,2,425.68,85.14
9310,3096,142,1,118.0,0.0
9311,3096,42,3,478.77,0.0
9312,3096,106,2,123.25,12.33
9313,3096,91,1,252.58,0.0
9314,3097,144,1,201.38,0.0
9315,3098,10,3,409.97,41.0
9316,3098,95,4,317.95,0.0
9317,3099,105,2,223.61,0.0
9318,3099,94,4,414.66,0.0
9319,3099,71,3,352.1,70.42
9320,3099,130,1,43.77,0.0
9321,3099,73,1,298.52,0.0
9322,3100,88,2,269.25,26.93
9323,3100,86,2,474.92,0.0
9324,3100,14,2,304.76,0.0
9325,3100,1,2,321.1,32.11
9326,3101,62,2,399.48,0.0
9327,3101,94,3,414.66,62.2
9328,3101,150,4,104.02,0.0
9329,3101,136,4,396.02,0.0
9330,3101,21,2,429.76,0.0
9331,3102,101,3,127.41,0.0
9332,3102,100,2,270.76,0.0
9333,3103,86,2,474.92,0.0
9334,3103,22,2,18.29,2.74
9335,3103,137,1,142.56,0.0
9336,3104,126,3,131.53,13.15
9337,3104,121,1,162.84,32.57
9338,3104,60,4,353.64,0.0
9339,3105,78,2,236.94,35.54
9340,3105,100,1,270.76,40.61
9341,3105,143,2,107.53,16.13
9342,3105,140,2,224.28,33.64
9343,3105,88,1,269.25,0.0
9344,3106,70,3,246.27,0.0
9345,3106,85,2,256.09,51.22
9346,3107,149,1,499.81,74.97
9347,3107,13,2,469.28,46.93
9348,3108,124,3,241.15,24.12
9349,3109,146,1,429.95,85.99
9350,3109,6,4,43.07,0.0
9351,3109,101,3,127.41,0.0
9352,3110,143,1,107.53,0.0
9353,3110,104,4,172.41,34.48
9354,3111,84,1,178.48,26.77
9355,3111,34,2,22.78,3.42
9356,3112,146,4,429.95,0.0
9357,3112,90,1,490.37,73.56
9358,3112,133,3,328.02,32.8
9359,3112,99,2,325.08,0.0
9360,3112,126,1,131.53,13.15
9361,3113,127,2,222.52,33.38
9362,3113,107,2,110.67,16.6
9363,3113,131,3,10.91,2.18
9364,3113,61,2,92.4,0.0
9365,3113,146,2,429.95,64.49
9366,3114,149,1,499.81,0.0
9367,3114,139,1,262.86,0.0
9368,3114,54,2,34.49,5.17
9369,3115,97,4,322.01,0.0
9370,3115,141,2,328.57,32.86
9371,3115,39,4,203.79,20.38
9372,3116,103,1,233.36,0.0
9373,3116,132,3,89.04,8.9
9374,3116,109,4,270.39,40.56
9375,3116,130,1,43.77,4.38
9376,3116,116,1,377.29,0.0
9377,3117,80,1,413.08,61.96
9378,3117,137,1,142.56,0.0
9379,3118,133,4,328.02,0.0
9380,3118,22,4,18.29,0.0
9381,3118,21,2,429.76,0.0
9382,3119,89,2,15.3,0.0
9383,3119,139,1,262.86,0.0
9384,3119,47,1,272.75,0.0
9385,3120,71,2,352.1,0.0
9386,3120,21,3,429.76,0.0
9387,3120,37,2,104.0,0.0
9388,3120,74,4,278.72,41.81
9389,3121,145,2,27.77,0.0
9390,3121,71,1,352.1,0.0
9391,3121,133,1,328.02,0.0
9392,3121,105,2,223.61,33.54
9393,3122,114,4,93.0,0.0
9394,3122,101,2,127.41,0.0
9395,3123,141,3,328.57,49.29
9396,3123,37,2,104.0,15.6
9397,3124,57,2,188.77,37.75
9398,3124,144,2,201.38,20.14
9399,3124,54,4,34.49,0.0
9400,3124,21,1,429.76,0.0
9401,3125,13,2,469.28,0.0
9402,3125,38,2,202.51,0.0
9403,3125,107,1,110.67,0.0
9404,3125,86,3,474.92,94.98
9405,3126,148,2,165.59,0.0
9406,3126,11,4,381.78,0.0
9407,3126,50,4,320.93,48.14
9408,3126,122,4,425.68,85.14
9409,3127,91,2,252.58,0.0
9410,3128,115,1,377.52,37.75
9411,3128,132,3,89.04,0.0
9412,3128,27,1,168.15,33.63
9413,3128,15,4,350.02,52.5
9414,3128,43,2,330.28,0.0
9415,3129,84,1,178.48,0.0
9416,3130,4,2,273.69,41.05
9417,3131,36,1,319.43,0.0
9418,3131,111,2,11.12,0.0
9419,3131,126,3,131.53,13.15
9420,3132,84,2,178.48,0.0
9421,3132,22,2,18.29,2.74
9422,3132,74,2,278.72,0.0
9423,3133,4,2,273.69,0.0
9424,3133,56,4,422.08,0.0
9425,3134,54,3,34.49,3.45
9426,3135,150,4,104.02,0.0
9427,3135,112,4,211.58,0.0
9428,3136,133,3,328.02,0.0
9429,3136,27,2,168.15,16.82
9430,3136,105,4,223.61,0.0
9431,3137,21,2,429.76,0.0
9432,3137,123,3,77.17,0.0
9433,3137,28,1,75.89,11.38
9434,3137,45,3,299.19,59.84
9435,3137,12,4,76.22,7.62
9436,3138,36,2,319.43,0.0
9437,3138,147,2,15.84,0.0
9438,3138,100,1,270.76,0.0
9439,3138,134,3,444.99,0.0
9440,3138,27,1,168.15,25.22
9441,3139,40,3,304.26,30.43
9442,3140,69,4,93.19,0.0
9443,3141,18,3,368.54,0.0
9444,3141,148,1,165.59,0.0
9445,3141,76,1,127.04,12.7
9446,3141,86,1,474.92,0.0
9447,3142,93,2,155.24,15.52
9448,3142,71,2,352.1,0.0
9449,3143,6,2,43.07,0.0
9450,3143,83,4,129.83,12.98
9451,3143,63,2,142.21,0.0
9452,3143,69,3,93.19,13.98
9453,3143,92,4,218.76,32.81
9454,3144,147,4,15.84,2.38
9455,3144,132,4,89.04,0.0
9456,3144,33,4,179.42,0.0
9457,3144,42,1,478.77,47.88
9458,3144,123,1,77.17,7.72
9459,3145,129,3,237.02,0.0
9460,3145,116,1,377.29,0.0
9461,3145,47,3,272.75,54.55
9462,3145,133,3,328.02,49.2
9463,3145,3,1,341.27,0.0
9464,3146,106,4,123.25,24.65
9465,3146,7,2,28.64,0.0
9466,3147,100,3,270.76,27.08
9467,3147,35,2,335.39,0.0
9468,3147,43,3,330.28,0.0
9469,3147,26,1,242.14,0.0
9470,3147,83,3,129.83,19.47
9471,3148,88,1,269.25,26.93
9472,3148,141,2,328.57,65.71
9473,3148,144,1,201.38,0.0
9474,3149,7,4,28.64,2.86
9475,3149,87,3,283.38,0.0
9476,3150,42,3,478.77,0.0
9477,3150,96,3,498.77,0.0
9478,3150,120,2,335.74,0.0
9479,3151,89,3,15.3,1.53
9480,3151,84,2,178.48,0.0
9481,3151,70,1,246.27,24.63
9482,3152,36,4,319.43,31.94
9483,3152,22,3,18.29,1.83
9484,3152,35,4,335.39,0.0
9485,3153,115,1,377.52,0.0
9486,3153,95,3,317.95,0.0
9487,3153,108,2,294.36,0.0
9488,3154,135,4,236.07,0.0
9489,3155,1,2,321.1,32.11
9490,3156,51,2,95.6,0.0
9491,3156,86,1,474.92,0.0
9492,3157,143,2,107.53,0.0
9493,3158,121,4,162.84,32.57
9494,3158,10,1,409.97,81.99
9495,3158,92,4,218.76,43.75
9496,3158,119,2,453.53,0.0
9497,3159,48,3,333.72,0.0
9498,3159,15,3,350.02,0.0
9499,3159,36,3,319.43,31.94
9500,3160,139,4,262.86,26.29
9501,3160,63,1,142.21,0.0
9502,3161,143,2,107.53,0.0
9503,3161,27,2,168.15,0.0
9504,3161,68,2,136.7,27.34
9505,3161,126,1,131.53,26.31
9506,3162,76,2,127.04,19.06
9507,3162,14,4,304.76,0.0
9508,3163,14,1,304.76,0.0
9509,3163,82,3,437.52,0.0
9510,3163,45,3,299.19,0.0
9511,3163,42,4,478.77,47.88
9512,3164,14,3,304.76,30.48
9513,3165,41,3,36.8,3.68
9514,3165,3,3,341.27,0.0
9515,3165,140,3,224.28,33.64
9516,3166,94,1,414.66,62.2
9517,3166,45,1,299.19,59.84
9518,3167,137,3,142.56,21.38
9519,3167,103,3,233.36,35.0
9520,3167,117,4,491.5,98.3
9521,3167,9,4,444.4,0.0
9522,3167,135,3,236.07,0.0
9523,3168,147,1,15.84,0.0
9524,3168,38,1,202.51,30.38
9525,3168,21,1,429.76,0.0
9526,3168,114,2,93.0,0.0
9527,3169,131,2,10.91,1.64
9528,3169,134,2,444.99,89.0
9529,3170,43,3,330.28,0.0
9530,3171,59,3,189.39,18.94
9531,3172,87,2,283.38,0.0
9532,3172,71,3,352.1,0.0
9533,3172,79,2,190.04,0.0
9534,3172,96,3,498.77,0.0
9535,3173,137,3,142.56,0.0
9536,3173,130,4,43.77,8.75
9537,3173,56,3,422.08,0.0
9538,3174,110,4,130.63,13.06
9539,3174,86,2,474.92,71.24
9540,3174,28,2,75.89,15.18
9541,3174,124,2,241.15,0.0
9542,3175,83,1,129.83,19.47
9543,3175,123,3,77.17,7.72
9544,3175,144,3,201.38,0.0
9545,3176,45,3,299.19,59.84
9546,3176,7,4,28.64,2.86
9547,3176,18,3,368.54,73.71
9548,3177,115,4,377.52,0.0
9549,3177,105,3,223.61,33.54
9550,3178,38,2,202.51,40.5
9551,3178,131,1,10.91,0.0
9552,3179,6,1,43.07,8.61
9553,3179,137,4,142.56,28.51
9554,3180,20,2,169.34,33.87
9555,3181,62,2,399.48,0.0
9556,3181,89,3,15.3,2.29
9557,3181,65,1,416.07,0.0
9558,3181,6,2,43.07,6.46
9559,3181,41,2,36.8,3.68
9560,3182,129,4,237.02,0.0
9561,3182,123,3,77.17,7.72
9562,3182,116,3,377.29,0.0
9563,3182,119,2,453.53,0.0
9564,3183,77,4,208.09,20.81
9565,3183,1,4,321.1,32.11
9566,3183,4,4,273.69,54.74
9567,3183,78,1,236.94,47.39
9568,3183,47,3,272.75,0.0
9569,3184,119,4,453.53,0.0
9570,3184,114,4,93.0,0.0
9571,3184,67,4,351.2,0.0
9572,3184,11,1,381.78,38.18
9573,3184,51,2,95.6,0.0
9574,3185,63,2,142.21,28.44
9575,3185,69,3,93.19,0.0
9576,3186,125,1,269.3,26.93
9577,3186,124,4,241.15,24.12
9578,3186,26,2,242.14,0.0
9579,3186,13,1,469.28,93.86
9580,3186,9,3,444.4,0.0
9581,3187,103,4,233.36,35.0
9582,3187,64,2,64.91,0.0
9583,3187,15,4,350.02,0.0
9584,3188,36,2,319.43,0.0
9585,3188,18,1,368.54,36.85
9586,3188,19,2,488.22,0.0
9587,3188,55,1,42.68,0.0
9588,3188,81,1,43.0,0.0
9589,3189,1,1,321.1,48.16
9590,3189,133,2,328.02,0.0
9591,3189,13,3,469.28,93.86
9592,3189,11,4,381.78,0.0
9593,3190,21,3,429.76,0.0
9594,3190,97,3,322.01,64.4
9595,3191,33,4,179.42,0.0
9596,3191,69,1,93.19,18.64
9597,3191,111,1,11.12,0.0
9598,3191,131,1,10.91,0.0
9599,3192,15,3,350.02,0.0
9600,3192,131,4,10.91,1.64
9601,3193,37,2,104.0,10.4
9602,3193,125,2,269.3,0.0
9603,3193,114,4,93.0,0.0
9604,3193,31,3,287.81,0.0
9605,3194,60,2,353.64,35.36
9606,3194,121,4,162.84,0.0
9607,3194,126,4,131.53,0.0
9608,3195,90,4,490.37,49.04
9609,3195,93,2,155.24,15.52
9610,3195,34,3,22.78,0.0
9611,3195,95,1,317.95,0.0
9612,3196,119,2,453.53,45.35
9613,3196,127,2,222.52,0.0
9614,3197,135,2,236.07,0.0
9615,3197,150,3,104.02,0.0
9616,3197,67,2,351.2,52.68
9617,3197,101,4,127.41,12.74
9618,3198,139,3,262.86,39.43
9619,3198,147,1,15.84,1.58
9620,3198,122,4,425.68,42.57
9621,3199,57,3,188.77,28.32
9622,3199,84,3,178.48,17.85
9623,3199,72,3,242.78,24.28
9624,3200,51,3,95.6,9.56
9625,3200,21,4,429.76,0.0
9626,3201,113,4,109.63,0.0
9627,3201,33,4,179.42,0.0
9628,3201,62,1,399.48,0.0
9629,3201,150,4,104.02,10.4
9630,3202,86,2,474.92,71.24
9631,3202,123,4,77.17,0.0
9632,3202,108,2,294.36,0.0
9633,3202,147,2,15.84,0.0
9634,3202,100,4,270.76,40.61
9635,3203,61,3,92.4,0.0
9636,3203,103,2,233.36,0.0
9637,3203,129,3,237.02,35.55
9638,3203,125,3,269.3,0.0
9639,3204,51,4,95.6,0.0
9640,3204,37,1,104.0,0.0
9641,3205,15,1,350.02,0.0
9642,3206,50,4,320.93,48.14
9643,3207,125,4,269.3,53.86
9644,3207,84,4,178.48,26.77
9645,3207,73,4,298.52,29.85
9646,3207,14,2,304.76,0.0
9647,3207,107,2,110.67,0.0
9648,3208,69,2,93.19,0.0
9649,3208,78,1,236.94,23.69
9650,3208,68,3,136.7,0.0
9651,3208,50,3,320.93,48.14
9652,3208,150,1,104.02,0.0
9653,3209,73,4,298.52,44.78
9654,3209,34,1,22.78,0.0
9655,3209,140,4,224.28,0.0
9656,3209,145,1,27.77,0.0
9657,3209,55,3,42.68,0.0
9658,3210,46,1,67.45,0.0
9659,3210,75,1,134.66,20.2
9660,3211,113,1,109.63,10.96
9661,3212,84,1,178.48,0.0
9662,3212,100,1,270.76,0.0
9663,3213,89,4,15.3,2.29
9664,3213,47,3,272.75,0.0
9665,3213,119,1,453.53,45.35
9666,3213,57,1,188.77,0.0
9667,3213,137,3,142.56,0.0
9668,3214,16,3,128.09,12.81
9669,3214,84,2,178.48,35.7
9670,3215,59,1,189.39,0.0
9671,3215,123,2,77.17,7.72
9672,3215,129,3,237.02,35.55
9673,3216,14,1,304.76,0.0
9674,3216,39,2,203.79,40.76
9675,3216,60,1,353.64,53.05
9676,3216,70,3,246.27,24.63
9677,3217,58,2,336.01,67.2
9678,3217,14,2,304.76,0.0
9679,3218,110,3,130.63,26.13
9680,3218,124,4,241.15,0.0
9681,3218,15,3,350.02,35.0
9682,3218,134,1,444.99,0.0
9683,3218,44,3,452.04,0.0
9684,3219,13,4,469.28,0.0
9685,3219,125,4,269.3,0.0
9686,3219,79,3,190.04,0.0
9687,3219,71,4,352.1,35.21
9688,3219,64,3,64.91,12.98
9689,3220,93,2,155.24,23.29
9690,3220,104,4,172.41,25.86
9691,3220,127,3,222.52,0.0
9692,3220,113,2,109.63,10.96
9693,3221,24,3,223.52,0.0
9694,3221,9,1,444.4,66.66
9695,3221,134,2,444.99,66.75
9696,3222,58,2,336.01,50.4
9697,3222,82,2,437.52,0.0
9698,3222,109,3,270.39,27.04
9699,3222,90,4,490.37,0.0
9700,3222,62,3,399.48,79.9
9701,3223,77,3,208.09,31.21
9702,3224,133,2,328.02,49.2
9703,3225,69,1,93.19,0.0
9704,3225,39,1,203.79,0.0
9705,3225,87,1,283.38,0.0
9706,3225,122,2,425.68,63.85
9707,3225,149,3,499.81,0.0
9708,3226,78,4,236.94,35.54
9709,3226,89,1,15.3,2.29
9710,3227,85,3,256.09,0.0
9711,3227,43,1,330.28,66.06
9712,3227,89,2,15.3,3.06
9713,3227,141,2,328.57,32.86
9714,3227,52,1,98.97,0.0
9715,3228,55,2,42.68,8.54
9716,3229,38,1,202.51,20.25
9717,3230,101,3,127.41,0.0
9718,3230,7,2,28.64,0.0
9719,3230,22,3,18.29,2.74
9720,3231,94,4,414.66,0.0
9721,3231,130,2,43.77,0.0
9722,3232,106,3,123.25,24.65
9723,3233,104,1,172.41,25.86
9724,3234,121,4,162.84,32.57
9725,3234,100,2,270.76,27.08
9726,3235,37,3,104.0,10.4
9727,3235,24,4,223.52,0.0
9728,3235,44,3,452.04,67.81
9729,3235,116,2,377.29,0.0
9730,3235,96,4,498.77,49.88
9731,3236,88,2,269.25,40.39
9732,3236,63,2,142.21,0.0
9733,3236,7,2,28.64,0.0
9734,3236,73,3,298.52,29.85
9735,3236,121,3,162.84,0.0
9736,3237,48,3,333.72,0.0
9737,3237,52,1,98.97,9.9
9738,3238,112,2,211.58,42.32
9739,3238,136,4,396.02,59.4
9740,3239,93,2,155.24,0.0
9741,3239,36,2,319.43,47.91
9742,3239,75,1,134.66,20.2
9743,3239,72,3,242.78,0.0
9744,3239,4,1,273.69,0.0
9745,3240,103,3,233.36,0.0
9746,3240,145,1,27.77,0.0
9747,3240,38,2,202.51,40.5
9748,3240,60,3,353.64,0.0
9749,3241,73,2,298.52,0.0
9750,3241,72,4,242.78,0.0
9751,3241,129,1,237.02,0.0
9752,3241,45,1,299.19,29.92
9753,3241,70,1,246.27,0.0
9754,3242,100,4,270.76,0.0
9755,3242,75,4,134.66,13.47
9756,3242,68,4,136.7,0.0
9757,3242,78,3,236.94,23.69
9758,3242,115,2,377.52,37.75
9759,3243,127,4,222.52,0.0
9760,3244,22,4,18.29,3.66
9761,3244,74,2,278.72,0.0
9762,3244,130,1,43.77,8.75
9763,3245,36,2,319.43,0.0
9764,3245,34,2,22.78,0.0
9765,3245,114,1,93.0,13.95
9766,3245,129,4,237.02,0.0
9767,3245,133,4,328.02,49.2
9768,3246,54,1,34.49,6.9
9769,3246,115,4,377.52,0.0
9770,3246,7,1,28.64,4.3
9771,3246,96,4,498.77,0.0
9772,3247,20,2,169.34,0.0
9773,3247,113,1,109.63,21.93
9774,3248,135,2,236.07,47.21
9775,3248,142,4,118.0,17.7
9776,3249,95,3,317.95,0.0
9777,3249,26,3,242.14,0.0
9778,3249,31,1,287.81,43.17
9779,3249,103,2,233.36,0.0
9780,3249,2,4,332.83,66.57
9781,3250,120,2,335.74,0.0
9782,3250,58,4,336.01,0.0
9783,3250,97,4,322.01,64.4
9784,3251,60,3,353.64,35.36
9785,3251,136,4,396.02,79.2
9786,3251,80,2,413.08,82.62
9787,3252,58,3,336.01,0.0
9788,3253,134,4,444.99,0.0
9789,3253,68,4,136.7,27.34
9790,3253,73,4,298.52,59.7
9791,3254,90,2,490.37,49.04
9792,3254,85,4,256.09,0.0
9793,3254,40,1,304.26,0.0
9794,3255,10,1,409.97,81.99
9795,3255,22,4,18.29,0.0
9796,3256,106,2,123.25,24.65
9797,3256,57,3,188.77,18.88
9798,3256,104,2,172.41,0.0
9799,3257,12,1,76.22,7.62
9800,3257,51,2,95.6,14.34
9801,3257,79,4,190.04,38.01
9802,3258,103,4,233.36,23.34
9803,3258,130,2,43.77,4.38
9804,3258,124,2,241.15,48.23
9805,3259,103,4,233.36,23.34
9806,3259,73,1,298.52,0.0
9807,3259,39,2,203.79,30.57
9808,3259,124,4,241.15,48.23
9809,3259,77,4,208.09,0.0
9810,3260,136,3,396.02,39.6
9811,3261,82,2,437.52,65.63
9812,3261,131,1,10.91,1.64
9813,3261,116,2,377.29,75.46
9814,3262,133,3,328.02,65.6
9815,3262,122,2,425.68,0.0
9816,3262,91,1,252.58,0.0
9817,3262,82,1,437.52,87.5
9818,3263,123,4,77.17,11.58
9819,3263,93,1,155.24,23.29
9820,3264,67,1,351.2,70.24
9821,3264,63,2,142.21,28.44
9822,3264,14,4,304.76,0.0
9823,3265,46,1,67.45,10.12
9824,3265,36,4,319.43,0.0
9825,3266,120,3,335.74,0.0
9826,3266,8,3,495.36,99.07
9827,3266,68,3,136.7,13.67
9828,3266,85,1,256.09,25.61
9829,3267,69,4,93.19,18.64
9830,3267,42,1,478.77,47.88
9831,3268,109,3,270.39,0.0
9832,3268,18,1,368.54,0.0
9833,3268,95,4,317.95,0.0
9834,3268,134,1,444.99,0.0
9835,3269,96,4,498.77,74.82
9836,3270,126,4,131.53,0.0
9837,3270,98,4,187.8,18.78
9838,3270,27,2,168.15,16.82
9839,3270,149,4,499.81,0.0
9840,3271,13,2,469.28,0.0
9841,3272,83,1,129.83,0.0
9842,3272,40,2,304.26,0.0
9843,3272,106,4,123.25,0.0
9844,3272,14,2,304.76,30.48
9845,3272,146,1,429.95,0.0
9846,3273,94,2,414.66,82.93
9847,3274,119,4,453.53,45.35
9848,3274,83,3,129.83,12.98
9849,3274,147,2,15.84,0.0
9850,3274,37,2,104.0,0.0
9851,3275,72,3,242.78,36.42
9852,3275,104,4,172.41,34.48
9853,3275,84,1,178.48,17.85
9854,3275,146,4,429.95,43.0
9855,3275,94,3,414.66,82.93
9856,3276,68,2,136.7,13.67
9857,3276,56,1,422.08,0.0
9858,3277,38,1,202.51,0.0
9859,3277,39,1,203.79,20.38
9860,3277,106,2,123.25,0.0
9861,3277,54,2,34.49,0.0
9862,3278,40,3,304.26,0.0
9863,3278,70,2,246.27,0.0
9864,3278,2,4,332.83,33.28
9865,3279,14,3,304.76,45.71
9866,3279,62,2,399.48,0.0
9867,3279,26,1,242.14,0.0
9868,3280,107,4,110.67,22.13
9869,3281,7,4,28.64,2.86
9870,3282,19,3,488.22,0.0
9871,3282,52,1,98.97,14.85
9872,3282,65,3,416.07,62.41
9873,3283,92,2,218.76,0.0
9874,3284,62,4,399.48,0.0
9875,3284,2,2,332.83,33.28
9876,3285,18,3,368.54,0.0
9877,3285,24,2,223.52,22.35
9878,3285,144,4,201.38,40.28
9879,3285,26,1,242.14,48.43
9880,3285,72,2,242.78,24.28
9881,3286,94,1,414.66,41.47
9882,3286,105,1,223.61,0.0
9883,3286,2,2,332.83,49.92
9884,3286,32,1,146.13,14.61
9885,3287,146,3,429.95,0.0
9886,3288,26,1,242.14,0.0
9887,3289,108,1,294.36,29.44
9888,3290,94,4,414.66,82.93
9889,3291,61,3,92.4,18.48
9890,3291,144,1,201.38,30.21
9891,3291,96,1,498.77,0.0
9892,3292,34,2,22.78,0.0
9893,3292,123,4,77.17,7.72
9894,3293,84,3,178.48,35.7
9895,3293,98,1,187.8,28.17
9896,3293,94,3,414.66,0.0
9897,3293,80,2,413.08,0.0
9898,3293,24,1,223.52,44.7
9899,3294,78,4,236.94,0.0
9900,3294,56,4,422.08,0.0
9901,3294,52,2,98.97,0.0
9902,3294,104,3,172.41,25.86
9903,3294,89,4,15.3,3.06
9904,3295,28,3,75.89,0.0
9905,3295,53,3,110.68,16.6
9906,3296,8,3,495.36,0.0
9907,3296,53,1,110.68,0.0
9908,3296,47,1,272.75,0.0
9909,3296,68,1,136.7,0.0
9910,3297,136,2,396.02,59.4
9911,3297,122,3,425.68,0.0
9912,3298,130,4,43.77,4.38
9913,3299,61,2,92.4,9.24
9914,3299,104,4,172.41,34.48
9915,3299,11,4,381.78,0.0
9916,3299,41,1,36.8,0.0
9917,3299,91,3,252.58,0.0
9918,3300,64,4,64.91,6.49
9919,3300,1,2,321.1,0.0
9920,3300,31,1,287.81,0.0
9921,3300,72,2,242.78,0.0
9922,3300,2,1,332.83,49.92
9923,3301,3,4,341.27,0.0
9924,3302,94,4,414.66,0.0
9925,3302,10,3,409.97,0.0
9926,3302,91,1,252.58,0.0
9927,3302,76,1,127.04,12.7
9928,3303,40,4,304.26,0.0
9929,3303,130,3,43.77,0.0
9930,3303,73,1,298.52,59.7
9931,3303,61,3,92.4,0.0
9932,3304,74,4,278.72,0.0
9933,3305,34,1,22.78,2.28
9934,3305,114,2,93.0,18.6
9935,3306,62,2,399.48,79.9
9936,3306,43,2,330.28,0.0
9937,3306,53,1,110.68,0.0
9938,3306,104,1,172.41,0.0
9939,3307,86,1,474.92,47.49
9940,3307,96,3,498.77,74.82
9941,3308,108,2,294.36,0.0
9942,3308,16,3,128.09,0.0
9943,3308,100,3,270.76,0.0
9944,3308,5,3,415.34,41.53
9945,3308,47,4,272.75,0.0
9946,3309,50,2,320.93,48.14
9947,3309,21,4,429.76,64.46
9948,3309,57,4,188.77,0.0
9949,3309,85,2,256.09,0.0
9950,3309,64,4,64.91,0.0
9951,3310,12,3,76.22,7.62
9952,3310,5,3,415.34,83.07
9953,3310,63,3,142.21,28.44
9954,3311,2,1,332.83,33.28
9955,3311,60,1,353.64,0.0
9956,3311,133,2,328.02,0.0
9957,3312,83,4,129.83,0.0
9958,3313,88,4,269.25,40.39
9959,3313,71,3,352.1,70.42
9960,3313,100,4,270.76,40.61
9961,3314,61,2,92.4,0.0
9962,3314,62,4,399.48,39.95
9963,3314,91,1,252.58,25.26
9964,3315,143,3,107.53,0.0
9965,3315,123,3,77.17,11.58
9966,3315,55,1,42.68,0.0
9967,3315,95,3,317.95,0.0
9968,3315,137,3,142.56,0.0
9969,3316,147,4,15.84,0.0
9970,3316,72,2,242.78,24.28
9971,3316,97,3,322.01,32.2
9972,3317,75,1,134.66,0.0
9973,3317,150,4,104.02,0.0
9974,3317,35,4,335.39,0.0
9975,3318,12,2,76.22,11.43
9976,3318,131,2,10.91,2.18
9977,3318,94,4,414.66,0.0
9978,3318,70,3,246.27,24.63
9979,3318,43,4,330.28,0.0
9980,3319,125,3,269.3,26.93
9981,3320,79,2,190.04,0.0
9982,3320,7,3,28.64,0.0
9983,3320,76,4,127.04,0.0
9984,3320,69,3,93.19,9.32
9985,3321,38,3,202.51,0.0
9986,3322,148,2,165.59,24.84
9987,3322,98,3,187.8,0.0
9988,3322,93,4,155.24,0.0
9989,3322,26,4,242.14,48.43
9990,3323,20,2,169.34,25.4
9991,3323,134,4,444.99,0.0
9992,3323,36,1,319.43,0.0
9993,3324,63,1,142.21,21.33
9994,3324,8,4,495.36,74.3
9995,3325,92,1,218.76,0.0
9996,3325,60,4,353.64,35.36
9997,3325,43,3,330.28,0.0
9998,3326,34,2,22.78,0.0
9999,3327,57,3,188.77,0.0
10000,3327,89,1,15.3,0.0
10001,3327,113,2,109.63,0.0
10002,3327,132,3,89.04,0.0
10003,3327,65,3,416.07,0.0
10004,3328,39,2,203.79,20.38
10005,3328,44,4,452.04,0.0
10006,3328,111,1,11.12,1.11
10007,3328,56,1,422.08,0.0
10008,3329,134,3,444.99,66.75
10009,3329,8,3,495.36,0.0
10010,3329,14,2,304.76,60.95
10011,3329,112,3,211.58,42.32
10012,3330,99,3,325.08,48.76
10013,3330,101,4,127.41,12.74
10014,3330,149,4,499.81,0.0
10015,3331,2,3,332.83,0.0
10016,3331,83,4,129.83,0.0
10017,3331,116,1,377.29,0.0
10018,3331,113,2,109.63,0.0
10019,3331,11,4,381.78,0.0
10020,3332,39,2,203.79,0.0
10021,3332,11,4,381.78,57.27
10022,3332,121,4,162.84,0.0
10023,3332,59,1,189.39,0.0
10024,3333,100,3,270.76,0.0
10025,3334,73,4,298.52,0.0
10026,3335,114,1,93.0,0.0
10027,3335,48,3,333.72,50.06
10028,3336,65,2,416.07,0.0
10029,3336,100,3,270.76,40.61
10030,3337,69,1,93.19,9.32
10031,3337,91,4,252.58,25.26
10032,3337,135,4,236.07,23.61
10033,3338,36,4,319.43,47.91
10034,3338,134,2,444.99,0.0
10035,3339,140,3,224.28,0.0
10036,3339,81,2,43.0,0.0
10037,3339,150,4,104.02,0.0
10038,3340,45,3,299.19,29.92
10039,3340,127,3,222.52,22.25
10040,3340,79,3,190.04,19.0
10041,3340,113,4,109.63,16.44
10042,3341,141,1,328.57,32.86
10043,3341,123,3,77.17,7.72
10044,3341,38,3,202.51,0.0
10045,3341,36,1,319.43,47.91
10046,3341,14,3,304.76,0.0
10047,3342,103,2,233.36,0.0
10048,3342,113,3,109.63,21.93
10049,3343,112,3,211.58,0.0
10050,3343,75,2,134.66,13.47
10051,3343,62,3,399.48,0.0
10052,3344,95,3,317.95,0.0
10053,3345,148,4,165.59,0.0
10054,3345,145,4,27.77,2.78
10055,3345,18,1,368.54,0.0
10056,3345,27,1,168.15,0.0
10057,3345,52,1,98.97,0.0
10058,3346,71,3,352.1,52.82
10059,3346,83,4,129.83,19.47
10060,3346,131,1,10.91,0.0
10061,3346,94,4,414.66,62.2
10062,3346,28,1,75.89,0.0
10063,3347,88,2,269.25,0.0
10064,3347,70,2,246.27,0.0
10065,3347,64,4,64.91,12.98
10066,3347,10,4,409.97,0.0
10067,3347,129,1,237.02,35.55
10068,3348,16,2,128.09,12.81
10069,3348,30,1,304.56,30.46
10070,3348,15,3,350.02,0.0
10071,3349,111,3,11.12,2.22
10072,3349,89,4,15.3,2.29
10073,3349,95,1,317.95,0.0
10074,3349,61,4,92.4,13.86
10075,3349,7,3,28.64,4.3
10076,3350,106,2,123.25,0.0
10077,3350,136,3,396.02,0.0
10078,3350,144,3,201.38,0.0
10079,3350,86,3,474.92,0.0
10080,3351,83,1,129.83,19.47
10081,3351,77,1,208.09,0.0
10082,3351,121,3,162.84,16.28
10083,3351,137,4,142.56,28.51
10084,3351,64,1,64.91,6.49
10085,3352,2,1,332.83,0.0
10086,3352,115,3,377.52,0.0
10087,3352,15,4,350.02,35.0
10088,3352,148,4,165.59,0.0
10089,3352,74,2,278.72,27.87
10090,3353,94,2,414.66,0.0
10091,3353,140,3,224.28,22.43
10092,3354,89,1,15.3,2.29
10093,3354,64,2,64.91,6.49
10094,3354,84,1,178.48,26.77
10095,3354,92,2,218.76,0.0
10096,3355,112,2,211.58,0.0
10097,3355,34,1,22.78,0.0
10098,3355,16,4,128.09,0.0
10099,3355,56,4,422.08,84.42
10100,3356,94,1,414.66,62.2
10101,3356,71,3,352.1,0.0
10102,3356,140,1,224.28,0.0
10103,3356,113,4,109.63,0.0
10104,3356,144,1,201.38,0.0
10105,3357,85,2,256.09,51.22
10106,3357,97,4,322.01,0.0
10107,3358,122,3,425.68,0.0
10108,3358,93,2,155.24,23.29
10109,3358,45,4,299.19,29.92
10110,3358,83,1,129.83,25.97
10111,3359,47,2,272.75,0.0
10112,3359,82,1,437.52,0.0
10113,3359,10,2,409.97,41.0
10114,3359,149,3,499.81,49.98
10115,3359,111,4,11.12,1.11
10116,3360,30,1,304.56,45.68
10117,3360,150,1,104.02,0.0
10118,3361,68,2,136.7,20.5
10119,3361,22,4,18.29,1.83
10120,3361,3,1,341.27,51.19
10121,3362,136,2,396.02,59.4
10122,3362,91,1,252.58,25.26
10123,3363,75,1,134.66,13.47
10124,3363,11,4,381.78,0.0
10125,3363,79,4,190.04,0.0
10126,3363,69,3,93.19,0.0
10127,3364,135,2,236.07,35.41
10128,3364,119,1,453.53,0.0
10129,3365,3,3,341.27,0.0
10130,3365,48,3,333.72,0.0
10131,3365,62,3,399.48,59.92
10132,3365,71,2,352.1,0.0
10133,3365,91,2,252.58,37.89
10134,3366,4,3,273.69,0.0
10135,3366,121,2,162.84,0.0
10136,3366,53,2,110.68,0.0
10137,3367,120,4,335.74,50.36
10138,3368,148,2,165.59,0.0
10139,3369,34,3,22.78,0.0
10140,3369,86,3,474.92,0.0
10141,3369,117,2,491.5,73.72
10142,3370,58,3,336.01,33.6
10143,3371,72,4,242.78,24.28
10144,3372,120,1,335.74,0.0
10145,3372,93,1,155.24,31.05
10146,3373,77,1,208.09,0.0
10147,3374,68,1,136.7,27.34
10148,3374,123,4,77.17,7.72
10149,3374,141,2,328.57,65.71
10150,3374,143,4,107.53,21.51
10151,3375,103,3,233.36,0.0
10152,3375,133,1,328.02,32.8
10153,3375,123,1,77.17,0.0
10154,3375,106,2,123.25,12.33
10155,3376,130,4,43.77,4.38
10156,3376,90,3,490.37,0.0
10157,3377,24,4,223.52,33.53
10158,3377,143,4,107.53,0.0
10159,3377,150,2,104.02,0.0
10160,3377,61,1,92.4,0.0
10161,3378,27,3,168.15,0.0
10162,3378,41,2,36.8,7.36
10163,3378,6,2,43.07,6.46
10164,3378,8,3,495.36,0.0
10165,3379,132,1,89.04,13.36
10166,3379,134,3,444.99,0.0
10167,3379,62,4,399.48,59.92
10168,3379,51,1,95.6,0.0
10169,3379,52,3,98.97,0.0
10170,3380,70,1,246.27,24.63
10171,3380,147,4,15.84,2.38
10172,3380,142,2,118.0,23.6
10173,3381,35,4,335.39,50.31
10174,3381,95,3,317.95,0.0
10175,3381,88,2,269.25,26.93
10176,3381,77,1,208.09,0.0
10177,3381,107,4,110.67,22.13
10178,3382,90,3,490.37,73.56
10179,3382,63,1,142.21,14.22
10180,3382,149,3,499.81,74.97
10181,3383,76,2,127.04,0.0
10182,3383,22,4,18.29,0.0
10183,3383,45,2,299.19,59.84
10184,3384,20,3,169.34,25.4
10185,3384,81,3,43.0,4.3
10186,3384,77,1,208.09,41.62
10187,3384,112,1,211.58,21.16
10188,3385,56,1,422.08,63.31
10189,3385,142,3,118.0,0.0
10190,3385,80,2,413.08,61.96
10191,3385,65,2,416.07,41.61
10192,3385,114,4,93.0,0.0
10193,3386,75,3,134.66,0.0
10194,3386,63,3,142.21,21.33
10195,3387,146,1,429.95,85.99
10196,3387,62,4,399.48,39.95
10197,3387,63,3,142.21,21.33
10198,3387,43,1,330.28,66.06
10199,3388,65,3,416.07,0.0
10200,3389,59,3,189.39,28.41
10201,3389,79,2,190.04,38.01
10202,3389,71,2,352.1,0.0
10203,3389,60,3,353.64,35.36
10204,3389,14,4,304.76,0.0
10205,3390,136,1,396.02,0.0
10206,3390,112,3,211.58,0.0
10207,3391,13,4,469.28,70.39
10208,3391,1,1,321.1,64.22
10209,3391,127,2,222.52,22.25
10210,3391,2,2,332.83,66.57
10211,3392,19,1,488.22,48.82
10212,3392,148,3,165.59,0.0
10213,3392,24,2,223.52,0.0
10214,3393,103,4,233.36,0.0
10215,3393,140,4,224.28,0.0
10216,3394,143,2,107.53,21.51
10217,3394,148,3,165.59,0.0
10218,3394,120,2,335.74,50.36
10219,3394,124,2,241.15,48.23
10220,3395,106,4,123.25,12.33
10221,3395,107,1,110.67,16.6
10222,3395,149,3,499.81,0.0
10223,3395,84,1,178.48,0.0
10224,3395,42,1,478.77,0.0
10225,3396,146,1,429.95,0.0
10226,3396,11,4,381.78,0.0
10227,3396,26,1,242.14,48.43
10228,3397,53,3,110.68,22.14
10229,3397,19,2,488.22,48.82
10230,3397,52,1,98.97,0.0
10231,3397,60,4,353.64,35.36
10232,3398,26,4,242.14,0.0
10233,3398,57,3,188.77,0.0
10234,3398,6,3,43.07,0.0
10235,3398,9,2,444.4,88.88
10236,3398,56,4,422.08,0.0
10237,3399,81,1,43.0,0.0
10238,3399,47,2,272.75,0.0
10239,3399,2,4,332.83,33.28
10240,3400,50,4,320.93,0.0
10241,3400,137,4,142.56,0.0
10242,3400,95,1,317.95,0.0
10243,3400,104,4,172.41,17.24
10244,3400,99,4,325.08,0.0
10245,3401,46,4,67.45,0.0
10246,3401,84,3,178.48,0.0
10247,3401,98,4,187.8,0.0
10248,3401,4,1,273.69,0.0
10249,3401,80,1,413.08,41.31
10250,3402,7,1,28.64,0.0
10251,3403,96,2,498.77,0.0
10252,3404,21,4,429.76,0.0
10253,3404,121,2,162.84,32.57
10254,3404,126,4,131.53,0.0
10255,3404,104,1,172.41,25.86
10256,3405,110,4,130.63,26.13
10257,3405,7,2,28.64,0.0
10258,3405,55,1,42.68,0.0
10259,3405,16,4,128.09,0.0
10260,3405,35,2,335.39,0.0
10261,3406,35,3,335.39,67.08
10262,3406,56,2,422.08,0.0
10263,3406,117,4,491.5,0.0
10264,3407,73,3,298.52,0.0
10265,3408,85,4,256.09,0.0
10266,3408,9,1,444.4,0.0
10267,3408,26,4,242.14,24.21
10268,3408,110,4,130.63,0.0
10269,3409,78,2,236.94,0.0
10270,3409,101,2,127.41,0.0
10271,3409,111,3,11.12,2.22
10272,3409,97,3,322.01,0.0
10273,3410,136,2,396.02,79.2
10274,3411,107,4,110.67,0.0
10275,3411,8,4,495.36,0.0
10276,3411,32,1,146.13,0.0
10277,3411,74,1,278.72,0.0
10278,3411,15,1,350.02,52.5
10279,3412,9,4,444.4,0.0
10280,3413,149,2,499.81,49.98
10281,3414,37,3,104.0,0.0
10282,3415,55,2,42.68,0.0
10283,3415,1,1,321.1,0.0
10284,3415,16,4,128.09,12.81
10285,3415,92,2,218.76,0.0
10286,3415,46,2,67.45,13.49
10287,3416,93,2,155.24,31.05
10288,3417,104,1,172.41,25.86
10289,3417,22,1,18.29,1.83
10290,3417,1,4,321.1,48.16
10291,3418,35,3,335.39,0.0
10292,3418,13,2,469.28,0.0
10293,3418,78,2,236.94,47.39
10294,3418,92,3,218.76,21.88
10295,3419,56,3,422.08,63.31
10296,3419,115,3,377.52,0.0
10297,3419,72,3,242.78,36.42
10298,3419,71,3,352.1,0.0
10299,3419,86,3,474.92,71.24
10300,3420,126,1,131.53,0.0
10301,3420,145,1,27.77,0.0
10302,3421,2,2,332.83,33.28
10303,3421,115,2,377.52,56.63
10304,3421,45,4,299.19,0.0
10305,3421,76,1,127.04,19.06
10306,3421,77,1,208.09,0.0
10307,3422,47,2,272.75,27.28
10308,3422,56,1,422.08,0.0
10309,3422,80,1,413.08,61.96
10310,3422,63,1,142.21,0.0
10311,3423,22,4,18.29,0.0
10312,3424,113,4,109.63,0.0
10313,3424,60,1,353.64,53.05
10314,3424,74,1,278.72,27.87
10315,3424,72,2,242.78,36.42
10316,3425,12,3,76.22,15.24
10317,3425,148,4,165.59,16.56
10318,3425,60,4,353.64,70.73
10319,3426,102,1,139.64,0.0
10320,3426,56,3,422.08,63.31
10321,3426,53,2,110.68,0.0
10322,3426,123,1,77.17,15.43
10323,3427,82,2,437.52,65.63
10324,3427,10,4,409.97,0.0
10325,3427,145,1,27.77,0.0
10326,3428,70,1,246.27,0.0
10327,3428,8,4,495.36,99.07
10328,3428,72,1,242.78,0.0
10329,3429,134,2,444.99,89.0
10330,3429,139,2,262.86,0.0
10331,3430,104,1,172.41,17.24
10332,3430,150,3,104.02,20.8
10333,3430,59,2,189.39,18.94
10334,3430,109,4,270.39,0.0
10335,3431,122,1,425.68,0.0
10336,3431,137,1,142.56,0.0
10337,3432,110,3,130.63,13.06
10338,3432,63,2,142.21,14.22
10339,3432,48,4,333.72,66.74
10340,3433,67,2,351.2,0.0
10341,3433,60,2,353.64,0.0
10342,3433,20,3,169.34,0.0
10343,3434,107,4,110.67,0.0
10344,3434,38,4,202.51,0.0
10345,3434,7,1,28.64,0.0
10346,3434,5,4,415.34,62.3
10347,3434,20,3,169.34,0.0
10348,3435,21,4,429.76,42.98
10349,3435,89,2,15.3,0.0
10350,3436,51,2,95.6,0.0
10351,3436,120,3,335.74,50.36
10352,3436,13,3,469.28,0.0
10353,3436,73,1,298.52,59.7
10354,3436,21,4,429.76,0.0
10355,3437,55,3,42.68,6.4
10356,3437,107,3,110.67,0.0
10357,3437,116,1,377.29,75.46
10358,3438,73,4,298.52,44.78
10359,3438,4,1,273.69,54.74
10360,3438,64,4,64.91,0.0
10361,3439,91,2,252.58,0.0
10362,3439,44,3,452.04,0.0
10363,3439,123,1,77.17,0.0
10364,3439,104,2,172.41,0.0
10365,3440,110,4,130.63,19.59
10366,3440,130,1,43.77,4.38
10367,3440,76,2,127.04,0.0
10368,3440,43,1,330.28,33.03
10369,3441,101,2,127.41,19.11
10370,3441,76,1,127.04,19.06
10371,3441,108,1,294.36,58.87
10372,3442,146,1,429.95,0.0
10373,3442,147,3,15.84,2.38
10374,3442,79,3,190.04,0.0
10375,3443,92,1,218.76,0.0
10376,3443,123,4,77.17,11.58
10377,3443,115,3,377.52,56.63
10378,3443,105,1,223.61,0.0
10379,3444,127,3,222.52,33.38
10380,3445,131,3,10.91,1.09
10381,3446,38,3,202.51,20.25
10382,3446,106,3,123.25,24.65
10383,3446,45,2,299.19,44.88
10384,3446,30,3,304.56,30.46
10385,3446,102,2,139.64,0.0
10386,3447,105,4,223.61,0.0
10387,3448,4,3,273.69,0.0
10388,3448,8,2,495.36,0.0
10389,3448,1,3,321.1,32.11
10390,3448,11,4,381.78,0.0
10391,3448,92,3,218.76,43.75
10392,3449,125,1,269.3,0.0
10393,3449,99,1,325.08,0.0
10394,3449,140,4,224.28,22.43
10395,3450,106,4,123.25,0.0
10396,3450,79,2,190.04,19.0
10397,3450,86,2,474.92,47.49
10398,3451,47,4,272.75,54.55
10399,3451,94,3,414.66,82.93
10400,3452,133,4,328.02,0.0
10401,3452,75,4,134.66,26.93
10402,3452,104,4,172.41,25.86
10403,3452,11,1,381.78,0.0
10404,3453,12,4,76.22,15.24
10405,3454,86,2,474.92,47.49
10406,3455,134,3,444.99,0.0
10407,3455,50,3,320.93,0.0
10408,3455,129,2,237.02,35.55
10409,3456,80,2,413.08,0.0
10410,3456,6,4,43.07,8.61
10411,3456,84,2,178.48,35.7
10412,3457,119,2,453.53,68.03
10413,3457,131,2,10.91,0.0
10414,3458,88,1,269.25,53.85
10415,3458,129,1,237.02,0.0
10416,3458,140,3,224.28,44.86
10417,3458,80,2,413.08,61.96
10418,3459,34,4,22.78,0.0
10419,3459,60,1,353.64,0.0
10420,3459,48,2,333.72,0.0
10421,3459,22,4,18.29,2.74
10422,3460,52,2,98.97,0.0
10423,3460,64,2,64.91,0.0
10424,3461,146,3,429.95,0.0
10425,3461,124,3,241.15,0.0
10426,3461,54,3,34.49,0.0
10427,3462,113,2,109.63,10.96
10428,3462,127,4,222.52,0.0
10429,3462,62,4,399.48,79.9
10430,3462,149,2,499.81,49.98
10431,3462,133,1,328.02,0.0
10432,3463,140,3,224.28,0.0
10433,3463,34,3,22.78,0.0
10434,3463,142,1,118.0,23.6
10435,3464,55,3,42.68,6.4
10436,3464,38,2,202.51,20.25
10437,3464,47,4,272.75,27.28
10438,3465,65,4,416.07,0.0
10439,3465,111,1,11.12,0.0
10440,3466,126,4,131.53,0.0
10441,3467,69,2,93.19,13.98
10442,3468,69,4,93.19,0.0
10443,3468,63,3,142.21,21.33
10444,3468,79,3,190.04,28.51
10445,3468,130,3,43.77,8.75
10446,3469,82,3,437.52,87.5
10447,3469,35,3,335.39,0.0
10448,3469,55,1,42.68,8.54
10449,3469,70,1,246.27,0.0
10450,3469,110,3,130.63,13.06
10451,3470,112,2,211.58,21.16
10452,3470,68,3,136.7,20.5
10453,3471,64,4,64.91,9.74
10454,3471,15,1,350.02,35.0
10455,3472,122,2,425.68,42.57
10456,3473,36,1,319.43,0.0
10457,3473,34,2,22.78,4.56
10458,3473,78,3,236.94,0.0
10459,3473,119,1,453.53,90.71
10460,3473,147,4,15.84,0.0
10461,3474,3,4,341.27,51.19
10462,3474,125,4,269.3,0.0
10463,3474,142,1,118.0,17.7
10464,3475,88,4,269.25,0.0
10465,3475,56,4,422.08,42.21
10466,3475,45,4,299.19,29.92
10467,3475,64,3,64.91,12.98
10468,3475,46,3,67.45,6.75
10469,3476,28,3,75.89,7.59
10470,3476,78,3,236.94,23.69
10471,3476,87,2,283.38,56.68
10472,3476,80,1,413.08,0.0
10473,3477,96,4,498.77,0.0
10474,3478,64,2,64.91,12.98
10475,3478,10,3,409.97,0.0
10476,3478,125,1,269.3,53.86
10477,3478,26,2,242.14,0.0
10478,3479,9,3,444.4,0.0
10479,3479,83,2,129.83,0.0
10480,3479,36,3,319.43,31.94
10481,3480,9,3,444.4,66.66
10482,3481,61,2,92.4,18.48
10483,3481,101,1,127.41,19.11
10484,3481,56,1,422.08,0.0
10485,3481,102,3,139.64,0.0
10486,3482,145,1,27.77,0.0
10487,3482,115,3,377.52,56.63
10488,3482,41,1,36.8,0.0
10489,3482,100,4,270.76,54.15
10490,3483,8,2,495.36,49.54
10491,3483,39,4,203.79,0.0
10492,3484,106,1,123.25,0.0
10493,3484,129,1,237.02,47.4
10494,3485,59,2,189.39,28.41
10495,3485,13,4,469.28,46.93
10496,3485,126,4,131.53,0.0
10497,3485,45,1,299.19,0.0
10498,3485,140,3,224.28,0.0
10499,3486,12,1,76.22,15.24
10500,3486,9,1,444.4,0.0
10501,3486,21,1,429.76,64.46
10502,3486,127,2,222.52,33.38
10503,3487,56,4,422.08,63.31
10504,3487,97,1,322.01,0.0
10505,3488,110,1,130.63,26.13
10506,3488,72,3,242.78,0.0
10507,3489,113,3,109.63,10.96
10508,3489,59,4,189.39,18.94
10509,3489,90,1,490.37,0.0
10510,3489,149,1,499.81,0.0
10511,3490,31,3,287.81,43.17
10512,3490,40,2,304.26,30.43
10513,3491,10,3,409.97,0.0
10514,3492,117,3,491.5,49.15
10515,3492,107,1,110.67,0.0
10516,3492,132,3,89.04,17.81
10517,3492,112,2,211.58,0.0
10518,3493,116,4,377.29,0.0
10519,3493,104,3,172.41,17.24
10520,3493,121,1,162.84,16.28
10521,3494,51,1,95.6,19.12
10522,3495,16,1,128.09,0.0
10523,3495,130,4,43.77,6.57
10524,3495,45,2,299.19,44.88
10525,3496,2,1,332.83,0.0
10526,3496,102,2,139.64,0.0
10527,3496,1,3,321.1,32.11
10528,3497,45,2,299.19,0.0
10529,3497,11,2,381.78,0.0
10530,3497,64,4,64.91,6.49
10531,3498,114,4,93.0,18.6
10532,3498,60,2,353.64,70.73
10533,3499,98,3,187.8,28.17
10534,3499,112,3,211.58,31.74
10535,3500,97,1,322.01,32.2
10536,3500,24,4,223.52,0.0
10537,3500,142,2,118.0,11.8
10538,3500,80,1,413.08,41.31
10539,3501,105,2,223.61,0.0
10540,3501,93,1,155.24,0.0
10541,3501,69,4,93.19,13.98
10542,3501,39,4,203.79,30.57
10543,3501,16,3,128.09,19.21
10544,3502,9,2,444.4,44.44
10545,3503,12,3,76.22,15.24
10546,3503,96,2,498.77,99.75
10547,3503,119,2,453.53,90.71
10548,3503,115,3,377.52,0.0
10549,3503,124,4,241.15,0.0
10550,3504,73,2,298.52,29.85
10551,3504,139,4,262.86,52.57
10552,3505,5,2,415.34,0.0
10553,3506,43,3,330.28,0.0
10554,3506,120,1,335.74,50.36
10555,3506,34,1,22.78,0.0
10556,3507,18,3,368.54,0.0
10557,3507,139,4,262.86,0.0
10558,3507,100,1,270.76,27.08
10559,3508,20,3,169.34,33.87
10560,3508,24,1,223.52,0.0
10561,3508,65,1,416.07,0.0
10562,3508,95,1,317.95,63.59
10563,3509,69,1,93.19,9.32
10564,3509,116,1,377.29,0.0
10565,3509,27,1,168.15,16.82
10566,3509,26,4,242.14,48.43
10567,3509,4,1,273.69,0.0
10568,3510,125,1,269.3,53.86
10569,3511,5,3,415.34,0.0
10570,3511,74,2,278.72,0.0
10571,3512,45,4,299.19,0.0
10572,3513,8,1,495.36,99.07
10573,3513,63,1,142.21,0.0
10574,3513,54,2,34.49,0.0
10575,3513,31,4,287.81,0.0
10576,3513,19,1,488.22,0.0
10577,3514,136,3,396.02,79.2
10578,3514,105,3,223.61,33.54
10579,3514,148,3,165.59,33.12
10580,3514,21,4,429.76,42.98
10581,3514,150,1,104.02,0.0
10582,3515,46,3,67.45,13.49
10583,3516,40,2,304.26,0.0
10584,3516,2,4,332.83,66.57
10585,3517,63,3,142.21,21.33
10586,3517,64,1,64.91,0.0
10587,3517,143,2,107.53,0.0
10588,3518,89,1,15.3,0.0
10589,3518,24,1,223.52,0.0
10590,3519,77,3,208.09,0.0
10591,3520,62,4,399.48,0.0
10592,3520,76,3,127.04,0.0
10593,3521,135,1,236.07,47.21
10594,3521,147,1,15.84,1.58
10595,3521,51,3,95.6,9.56
10596,3522,74,3,278.72,27.87
10597,3522,126,2,131.53,0.0
10598,3522,36,1,319.43,63.89
10599,3522,130,1,43.77,6.57
10600,3522,80,1,413.08,0.0
10601,3523,59,1,189.39,37.88
10602,3523,121,3,162.84,32.57
10603,3524,146,3,429.95,0.0
10604,3524,98,2,187.8,28.17
10605,3524,106,2,123.25,24.65
10606,3524,62,3,399.48,39.95
10607,3525,77,4,208.09,0.0
10608,3525,147,2,15.84,2.38
10609,3525,129,3,237.02,0.0
10610,3526,54,4,34.49,6.9
10611,3526,64,2,64.91,6.49
10612,3527,21,3,429.76,0.0
10613,3527,32,1,146.13,29.23
10614,3527,104,2,172.41,17.24
10615,3528,41,2,36.8,0.0
10616,3529,38,3,202.51,0.0
10617,3529,51,2,95.6,0.0
10618,3529,88,1,269.25,0.0
10619,3530,27,3,168.15,0.0
10620,3530,26,1,242.14,0.0
10621,3531,60,2,353.64,0.0
10622,3531,86,4,474.92,0.0
10623,3532,44,3,452.04,67.81
10624,3532,93,3,155.24,0.0
10625,3532,51,3,95.6,0.0
10626,3533,134,4,444.99,44.5
10627,3533,105,3,223.61,22.36
10628,3533,115,3,377.52,37.75
10629,3533,42,3,478.77,0.0
10630,3534,80,1,413.08,0.0
10631,3534,12,1,76.22,0.0
10632,3534,3,2,341.27,0.0
10633,3534,20,4,169.34,0.0
10634,3534,145,4,27.77,2.78
10635,3535,144,2,201.38,40.28
10636,3535,100,3,270.76,54.15
10637,3535,85,3,256.09,0.0
10638,3535,101,1,127.41,25.48
10639,3535,19,4,488.22,73.23
10640,3536,13,2,469.28,46.93
10641,3536,122,4,425.68,0.0
10642,3537,13,2,469.28,70.39
10643,3537,102,3,139.64,20.95
10644,3537,38,4,202.51,0.0
10645,3537,55,4,42.68,0.0
10646,3538,105,1,223.61,44.72
10647,3538,57,2,188.77,0.0
10648,3538,72,1,242.78,36.42
10649,3538,31,3,287.81,43.17
10650,3538,109,2,270.39,0.0
10651,3539,18,4,368.54,0.0
10652,3539,131,2,10.91,2.18
10653,3539,26,2,242.14,0.0
10654,3540,62,1,399.48,0.0
10655,3540,41,1,36.8,7.36
10656,3540,121,1,162.84,16.28
10657,3541,30,3,304.56,0.0
10658,3541,144,1,201.38,0.0
10659,3541,39,1,203.79,0.0
10660,3541,103,2,233.36,0.0
10661,3541,108,4,294.36,0.0
10662,3542,90,1,490.37,49.04
10663,3543,48,1,333.72,0.0
10664,3543,124,1,241.15,48.23
10665,3543,150,1,104.02,15.6
10666,3543,94,1,414.66,0.0
10667,3543,88,4,269.25,0.0
10668,3544,1,2,321.1,0.0
10669,3544,76,2,127.04,0.0
10670,3544,127,1,222.52,33.38
10671,3544,63,3,142.21,0.0
10672,3545,114,1,93.0,9.3
10673,3545,44,1,452.04,67.81
10674,3545,36,3,319.43,47.91
10675,3545,104,2,172.41,17.24
10676,3545,93,3,155.24,0.0
10677,3546,46,1,67.45,13.49
10678,3546,7,2,28.64,0.0
10679,3546,72,2,242.78,0.0
10680,3546,97,2,322.01,0.0
10681,3546,100,2,270.76,27.08
10682,3547,131,1,10.91,2.18
10683,3547,81,1,43.0,8.6
10684,3547,109,4,270.39,0.0
10685,3548,92,3,218.76,32.81
10686,3548,58,3,336.01,50.4
10687,3549,116,3,377.29,75.46
10688,3549,144,2,201.38,0.0
10689,3549,59,3,189.39,18.94
10690,3549,106,1,123.25,0.0
10691,3549,97,2,322.01,0.0
10692,3550,19,3,488.22,73.23
10693,3550,16,4,128.09,0.0
10694,3550,47,3,272.75,40.91
10695,3550,67,2,351.2,0.0
10696,3550,86,3,474.92,0.0
10697,3551,43,1,330.28,0.0
10698,3551,80,1,413.08,61.96
10699,3552,100,3,270.76,54.15
10700,3552,124,2,241.15,0.0
10701,3553,136,4,396.02,0.0
10702,3553,40,4,304.26,45.64
10703,3554,116,2,377.29,37.73
10704,3554,73,1,298.52,59.7
10705,3554,37,2,104.0,0.0
10706,3554,109,4,270.39,0.0
10707,3554,14,1,304.76,30.48
10708,3555,30,2,304.56,30.46
10709,3555,53,3,110.68,0.0
10710,3555,150,2,104.02,10.4
10711,3555,60,2,353.64,53.05
10712,3556,111,2,11.12,1.67
10713,3556,131,2,10.91,1.09
10714,3557,53,1,110.68,11.07
10715,3557,146,3,429.95,64.49
10716,3557,26,2,242.14,0.0
10717,3558,50,4,320.93,48.14
10718,3558,150,1,104.02,0.0
10719,3558,52,2,98.97,19.79
10720,3558,127,3,222.52,22.25
10721,3558,142,1,118.0,23.6
10722,3559,6,4,43.07,0.0
10723,3559,3,1,341.27,34.13
10724,3559,53,1,110.68,16.6
10725,3559,83,4,129.83,0.0
10726,3559,20,4,169.34,0.0
10727,3560,86,1,474.92,71.24
10728,3560,60,3,353.64,70.73
10729,3560,120,1,335.74,67.15
10730,3560,145,4,27.77,0.0
10731,3561,119,2,453.53,0.0
10732,3561,76,3,127.04,0.0
10733,3561,110,4,130.63,26.13
10734,3561,38,4,202.51,0.0
10735,3561,90,3,490.37,49.04
10736,3562,4,1,273.69,54.74
10737,3562,83,1,129.83,12.98
10738,3563,120,1,335.74,50.36
10739,3563,103,3,233.36,0.0
10740,3564,88,2,269.25,53.85
10741,3564,32,3,146.13,0.0
10742,3564,24,1,223.52,0.0
10743,3565,57,4,188.77,37.75
10744,3566,93,2,155.24,0.0
10745,3566,91,3,252.58,50.52
10746,3566,150,2,104.02,0.0
10747,3566,101,3,127.41,0.0
10748,3567,24,1,223.52,0.0
10749,3567,41,1,36.8,7.36
10750,3567,72,3,242.78,0.0
10751,3567,113,3,109.63,0.0
10752,3568,74,1,278.72,55.74
10753,3568,26,3,242.14,36.32
10754,3569,36,2,319.43,0.0
10755,3569,127,4,222.52,22.25
10756,3569,98,1,187.8,18.78
10757,3570,2,4,332.83,0.0
10758,3570,102,1,139.64,0.0
10759,3571,87,4,283.38,0.0
10760,3571,26,2,242.14,48.43
10761,3572,117,2,491.5,0.0
10762,3573,124,3,241.15,0.0
10763,3574,40,1,304.26,30.43
10764,3574,106,1,123.25,12.33
10765,3574,73,3,298.52,0.0
10766,3574,47,4,272.75,27.28
10767,3574,144,1,201.38,20.14
10768,3575,108,3,294.36,0.0
10769,3575,114,4,93.0,0.0
10770,3575,55,2,42.68,0.0
10771,3575,100,2,270.76,54.15
10772,3576,18,2,368.54,0.0
10773,3576,72,3,242.78,48.56
10774,3576,125,3,269.3,40.4
10775,3577,32,3,146.13,29.23
10776,3577,149,2,499.81,99.96
10777,3577,16,1,128.09,0.0
10778,3577,124,4,241.15,0.0
10779,3578,22,3,18.29,0.0
10780,3579,96,3,498.77,0.0
10781,3579,18,1,368.54,0.0
10782,3579,121,3,162.84,0.0
10783,3579,54,4,34.49,0.0
10784,3579,141,1,328.57,0.0
10785,3580,54,4,34.49,0.0
10786,3581,133,3,328.02,0.0
10787,3581,75,2,134.66,20.2
10788,3581,44,1,452.04,0.0
10789,3581,83,1,129.83,0.0
10790,3582,40,2,304.26,0.0
10791,3583,78,1,236.94,47.39
10792,3583,143,4,107.53,10.75
10793,3583,79,4,190.04,0.0
10794,3584,125,4,269.3,26.93
10795,3585,95,1,317.95,31.8
10796,3585,130,1,43.77,0.0
10797,3586,92,1,218.76,43.75
10798,3586,142,2,118.0,23.6
10799,3587,122,4,425.68,85.14
10800,3587,63,4,142.21,0.0
10801,3587,85,3,256.09,0.0
10802,3588,122,1,425.68,0.0
10803,3588,98,3,187.8,0.0
10804,3588,113,4,109.63,21.93
10805,3588,149,3,499.81,74.97
10806,3589,94,3,414.66,62.2
10807,3589,24,3,223.52,0.0
10808,3589,55,3,42.68,6.4
10809,3589,83,3,129.83,25.97
10810,3589,140,2,224.28,0.0
10811,3590,136,2,396.02,0.0
10812,3590,74,2,278.72,55.74
10813,3590,133,3,328.02,65.6
10814,3590,108,4,294.36,44.15
10815,3590,6,4,43.07,0.0
10816,3591,104,3,172.41,0.0
10817,3591,32,1,146.13,0.0
10818,3591,101,3,127.41,25.48
10819,3591,98,4,187.8,0.0
10820,3591,63,4,142.21,0.0
10821,3592,35,4,335.39,0.0
10822,3592,2,2,332.83,0.0
10823,3592,90,1,490.37,49.04
10824,3593,3,2,341.27,0.0
10825,3593,119,3,453.53,0.0
10826,3593,81,2,43.0,0.0
10827,3594,136,1,396.02,0.0
10828,3594,42,1,478.77,47.88
10829,3594,9,2,444.4,0.0
10830,3594,43,4,330.28,0.0
10831,3594,93,3,155.24,31.05
10832,3595,35,4,335.39,33.54
10833,3595,71,3,352.1,0.0
10834,3595,127,3,222.52,0.0
10835,3595,132,4,89.04,0.0
10836,3595,116,4,377.29,37.73
10837,3596,58,2,336.01,50.4
10838,3596,107,4,110.67,0.0
10839,3596,130,4,43.77,0.0
10840,3596,21,4,429.76,42.98
10841,3596,11,2,381.78,0.0
10842,3597,113,1,109.63,16.44
10843,3597,22,2,18.29,1.83
10844,3597,127,1,222.52,33.38
10845,3598,20,4,169.34,0.0
10846,3599,113,3,109.63,0.0
10847,3599,67,2,351.2,0.0
10848,3599,56,2,422.08,42.21
10849,3599,24,2,223.52,0.0
10850,3600,10,2,409.97,0.0
10851,3600,8,1,495.36,49.54
10852,3600,65,3,416.07,0.0
10853,3600,74,3,278.72,55.74
10854,3600,53,1,110.68,11.07
10855,3601,34,1,22.78,4.56
10856,3601,76,4,127.04,19.06
10857,3601,108,2,294.36,0.0
10858,3601,89,3,15.3,0.0
10859,3602,46,2,67.45,0.0
10860,3602,7,4,28.64,4.3
10861,3602,89,4,15.3,0.0
10862,3602,19,2,488.22,0.0
10863,3602,146,1,429.95,0.0
10864,3603,119,3,453.53,0.0
10865,3603,82,1,437.52,0.0
10866,3603,3,1,341.27,0.0
10867,3604,130,4,43.77,6.57
10868,3604,4,4,273.69,0.0
10869,3604,115,3,377.52,56.63
10870,3604,123,3,77.17,0.0
10871,3604,113,3,109.63,0.0
10872,3605,16,4,128.09,12.81
10873,3606,73,3,298.52,0.0
10874,3606,21,1,429.76,64.46
10875,3606,108,4,294.36,44.15
10876,3607,87,2,283.38,42.51
10877,3607,6,2,43.07,0.0
10878,3607,37,2,104.0,0.0
10879,3607,5,1,415.34,0.0
10880,3607,109,3,270.39,40.56
10881,3608,94,4,414.66,82.93
10882,3608,88,4,269.25,0.0
10883,3608,130,1,43.77,4.38
10884,3609,130,1,43.77,4.38
10885,3609,91,2,252.58,0.0
10886,3609,115,2,377.52,75.5
10887,3610,13,3,469.28,0.0
10888,3610,150,4,104.02,10.4
10889,3611,20,1,169.34,0.0
10890,3611,105,2,223.61,22.36
10891,3611,67,4,351.2,0.0
10892,3611,142,1,118.0,0.0
10893,3612,4,4,273.69,0.0
10894,3613,113,4,109.63,21.93
10895,3614,144,3,201.38,40.28
10896,3614,73,2,298.52,0.0
10897,3614,120,2,335.74,0.0
10898,3615,73,4,298.52,0.0
10899,3616,140,3,224.28,33.64
10900,3617,133,4,328.02,0.0
10901,3617,12,2,76.22,0.0
10902,3618,74,4,278.72,55.74
10903,3618,127,3,222.52,0.0
10904,3618,86,4,474.92,47.49
10905,3618,54,2,34.49,3.45
10906,3618,84,2,178.48,0.0
10907,3619,97,4,322.01,64.4
10908,3619,105,1,223.61,0.0
10909,3619,60,4,353.64,0.0
10910,3619,139,3,262.86,0.0
10911,3619,44,2,452.04,0.0
10912,3620,36,2,319.43,63.89
10913,3620,9,4,444.4,66.66
10914,3621,48,3,333.72,50.06
10915,3621,148,3,165.59,0.0
10916,3621,62,3,399.48,0.0
10917,3621,1,2,321.1,0.0
10918,3622,107,1,110.67,16.6
10919,3622,93,3,155.24,0.0
10920,3622,31,2,287.81,0.0
10921,3623,32,4,146.13,29.23
10922,3623,88,3,269.25,0.0
10923,3624,1,2,321.1,0.0
10924,3625,67,1,351.2,35.12
10925,3625,30,3,304.56,60.91
10926,3625,123,2,77.17,11.58
10927,3625,72,3,242.78,48.56
10928,3626,58,4,336.01,33.6
10929,3627,105,1,223.61,22.36
10930,3628,1,4,321.1,0.0
10931,3628,90,1,490.37,0.0
10932,3628,81,2,43.0,8.6
10933,3629,129,2,237.02,47.4
10934,3630,119,1,453.53,90.71
10935,3630,55,2,42.68,0.0
10936,3630,45,3,299.19,29.92
10937,3630,18,4,368.54,55.28
10938,3630,113,4,109.63,21.93
10939,3631,106,3,123.25,12.33
10940,3631,32,1,146.13,0.0
10941,3631,60,4,353.64,0.0
10942,3631,10,3,409.97,0.0
10943,3631,20,3,169.34,0.0
10944,3632,80,1,413.08,0.0
10945,3633,101,1,127.41,0.0
10946,3634,41,3,36.8,0.0
10947,3635,85,3,256.09,25.61
10948,3635,103,4,233.36,35.0
10949,3636,102,4,139.64,0.0
10950,3636,98,4,187.8,37.56
10951,3636,131,4,10.91,1.09
10952,3636,148,3,165.59,24.84
10953,3636,77,1,208.09,31.21
10954,3637,86,1,474.92,94.98
10955,3637,45,3,299.19,0.0
10956,3637,53,4,110.68,0.0
10957,3637,68,4,136.7,0.0
10958,3637,117,4,491.5,0.0
10959,3638,137,1,142.56,0.0
10960,3638,120,3,335.74,0.0
10961,3638,84,1,178.48,0.0
10962,3638,98,4,187.8,0.0
10963,3638,109,4,270.39,0.0
10964,3639,21,2,429.76,0.0
10965,3639,45,4,299.19,0.0
10966,3639,87,1,283.38,56.68
10967,3640,76,2,127.04,19.06
10968,3640,86,1,474.92,0.0
10969,3640,113,2,109.63,0.0
10970,3640,57,1,188.77,28.32
10971,3641,67,1,351.2,70.24
10972,3641,43,3,330.28,66.06
10973,3641,4,1,273.69,27.37
10974,3641,77,1,208.09,41.62
10975,3641,64,1,64.91,9.74
10976,3642,121,2,162.84,16.28
10977,3642,69,1,93.19,0.0
10978,3642,141,1,328.57,0.0
10979,3643,91,1,252.58,50.52
10980,3643,124,3,241.15,36.17
10981,3643,121,2,162.84,16.28
10982,3644,47,1,272.75,27.28
10983,3644,94,4,414.66,82.93
10984,3645,16,2,128.09,25.62
10985,3646,93,3,155.24,15.52
10986,3646,147,4,15.84,2.38
10987,3646,141,4,328.57,65.71
10988,3646,26,4,242.14,0.0
10989,3646,41,1,36.8,0.0
10990,3647,57,3,188.77,28.32
10991,3647,72,2,242.78,36.42
10992,3647,86,4,474.92,94.98
10993,3647,47,1,272.75,27.28
10994,3648,133,1,328.02,49.2
10995,3648,68,4,136.7,0.0
10996,3648,72,2,242.78,24.28
10997,3649,116,1,377.29,0.0
10998,3649,71,2,352.1,0.0
10999,3649,74,4,278.72,27.87
11000,3649,150,1,104.02,20.8
11001,3649,103,4,233.36,0.0
11002,3650,24,2,223.52,33.53
11003,3650,33,3,179.42,0.0
11004,3650,110,2,130.63,0.0
11005,3650,46,2,67.45,0.0
11006,3651,69,2,93.19,13.98
11007,3652,136,2,396.02,39.6
11008,3652,147,3,15.84,0.0
11009,3653,147,1,15.84,0.0
11010,3653,19,2,488.22,0.0
11011,3654,34,2,22.78,0.0
11012,3654,82,4,437.52,65.63
11013,3654,142,4,118.0,11.8
11014,3654,144,1,201.38,0.0
11015,3655,4,3,273.69,0.0
11016,3655,5,2,415.34,62.3
11017,3655,59,1,189.39,18.94
11018,3655,97,2,322.01,0.0
11019,3655,115,4,377.52,0.0
11020,3656,8,1,495.36,99.07
11021,3656,127,3,222.52,0.0
11022,3656,96,1,498.77,99.75
11023,3656,81,4,43.0,4.3
11024,3656,9,3,444.4,88.88
11025,3657,15,4,350.02,0.0
11026,3658,89,2,15.3,0.0
11027,3658,149,3,499.81,0.0
11028,3658,76,2,127.04,19.06
11029,3659,142,1,118.0,0.0
11030,3659,50,1,320.93,48.14
11031,3659,31,4,287.81,0.0
11032,3659,144,1,201.38,0.0
11033,3659,15,2,350.02,0.0
11034,3660,2,4,332.83,66.57
11035,3660,112,3,211.58,0.0
11036,3660,122,4,425.68,0.0
11037,3660,54,4,34.49,0.0
11038,3661,131,3,10.91,1.09
11039,3661,126,1,131.53,0.0
11040,3661,28,3,75.89,0.0
11041,3661,120,1,335.74,50.36
11042,3661,71,2,352.1,0.0
11043,3662,117,3,491.5,0.0
11044,3662,105,2,223.61,0.0
11045,3662,36,2,319.43,0.0
11046,3663,73,3,298.52,0.0
11047,3663,8,3,495.36,49.54
11048,3664,61,2,92.4,9.24
11049,3664,136,1,396.02,0.0
11050,3664,26,1,242.14,24.21
11051,3665,3,3,341.27,34.13
11052,3665,115,3,377.52,75.5
11053,3666,4,3,273.69,54.74
11054,3667,94,4,414.66,0.0
11055,3667,4,2,273.69,54.74
11056,3668,8,1,495.36,99.07
11057,3668,24,1,223.52,0.0
11058,3668,71,2,352.1,35.21
11059,3669,137,2,142.56,28.51
11060,3669,1,2,321.1,32.11
11061,3669,149,1,499.81,99.96
11062,3670,102,1,139.64,0.0
11063,3671,34,3,22.78,2.28
11064,3672,135,4,236.07,0.0
11065,3672,121,2,162.84,0.0
11066,3672,18,3,368.54,0.0
11067,3672,6,4,43.07,4.31
11068,3673,63,4,142.21,0.0
11069,3673,102,2,139.64,27.93
11070,3673,143,2,107.53,16.13
11071,3674,115,3,377.52,0.0
11072,3674,50,1,320.93,0.0
11073,3675,84,3,178.48,0.0
11074,3675,39,2,203.79,40.76
11075,3675,91,1,252.58,37.89
11076,3675,14,3,304.76,0.0
11077,3675,104,3,172.41,34.48
11078,3676,26,1,242.14,0.0
11079,3676,15,2,350.02,52.5
11080,3676,135,1,236.07,0.0
11081,3676,38,4,202.51,0.0
11082,3677,30,2,304.56,60.91
11083,3677,47,2,272.75,0.0
11084,3677,102,2,139.64,20.95
11085,3677,12,2,76.22,11.43
11086,3678,16,2,128.09,0.0
11087,3678,87,2,283.38,28.34
11088,3679,113,4,109.63,0.0
11089,3679,60,2,353.64,53.05
11090,3679,4,2,273.69,0.0
11091,3679,2,4,332.83,0.0
11092,3680,116,2,377.29,56.59
11093,3681,72,3,242.78,0.0
11094,3681,20,2,169.34,0.0
11095,3681,61,4,92.4,0.0
11096,3682,7,1,28.64,5.73
11097,3682,80,3,413.08,61.96
11098,3682,58,1,336.01,67.2
11099,3682,74,1,278.72,27.87
11100,3682,24,2,223.52,33.53
11101,3683,132,1,89.04,17.81
11102,3684,15,4,350.02,0.0
11103,3685,78,2,236.94,47.39
11104,3685,40,4,304.26,30.43
11105,3685,94,1,414.66,0.0
11106,3685,143,2,107.53,0.0
11107,3686,50,4,320.93,64.19
11108,3686,88,2,269.25,0.0
11109,3686,133,1,328.02,0.0
11110,3686,109,1,270.39,0.0
11111,3686,71,1,352.1,0.0
11112,3687,12,1,76.22,15.24
11113,3687,91,4,252.58,0.0
11114,3687,68,2,136.7,20.5
11115,3688,47,4,272.75,0.0
11116,3689,40,1,304.26,45.64
11117,3689,10,3,409.97,81.99
11118,3689,6,2,43.07,0.0
11119,3689,86,4,474.92,0.0
11120,3690,102,3,139.64,0.0
11121,3690,103,2,233.36,0.0
11122,3691,58,3,336.01,0.0
11123,3692,91,4,252.58,37.89
11124,3692,7,1,28.64,0.0
11125,3692,92,3,218.76,0.0
11126,3693,54,4,34.49,3.45
11127,3693,105,4,223.61,0.0
11128,3693,55,3,42.68,0.0
11129,3694,95,3,317.95,0.0
11130,3694,106,2,123.25,0.0
11131,3694,79,3,190.04,38.01
11132,3695,15,2,350.02,70.0
11133,3695,144,2,201.38,0.0
11134,3695,28,1,75.89,15.18
11135,3696,30,2,304.56,60.91
11136,3696,16,2,128.09,19.21
11137,3696,34,4,22.78,0.0
11138,3696,26,2,242.14,0.0
11139,3697,16,2,128.09,0.0
11140,3697,33,4,179.42,26.91
11141,3698,124,4,241.15,36.17
11142,3698,107,2,110.67,0.0
11143,3699,98,3,187.8,0.0
11144,3700,112,3,211.58,0.0
11145,3700,62,1,399.48,0.0
11146,3700,27,4,168.15,0.0
11147,3700,50,3,320.93,0.0
11148,3701,102,4,139.64,27.93
11149,3701,110,2,130.63,26.13
11150,3702,96,1,498.77,99.75
11151,3702,30,3,304.56,30.46
11152,3702,125,3,269.3,40.4
11153,3703,125,2,269.3,26.93
11154,3703,94,1,414.66,0.0
11155,3703,55,2,42.68,0.0
11156,3703,89,4,15.3,0.0
11157,3703,122,2,425.68,0.0
11158,3704,37,3,104.0,20.8
11159,3704,123,3,77.17,7.72
11160,3705,70,3,246.27,49.25
11161,3705,71,4,352.1,0.0
11162,3705,20,4,169.34,25.4
11163,3705,34,4,22.78,0.0
11164,3705,93,1,155.24,0.0
11165,3706,54,3,34.49,6.9
11166,3706,77,2,208.09,41.62
11167,3706,82,2,437.52,65.63
11168,3707,104,4,172.41,0.0
11169,3707,134,2,444.99,0.0
11170,3708,84,4,178.48,0.0
11171,3709,123,2,77.17,0.0
11172,3709,74,4,278.72,27.87
11173,3709,98,3,187.8,18.78
11174,3710,147,1,15.84,3.17
11175,3711,119,3,453.53,0.0
11176,3711,132,3,89.04,13.36
11177,3711,11,4,381.78,0.0
11178,3711,130,2,43.77,4.38
11179,3712,46,2,67.45,10.12
11180,3713,145,4,27.77,0.0
11181,3713,31,2,287.81,0.0
11182,3714,73,4,298.52,29.85
11183,3714,113,3,109.63,21.93
11184,3714,77,4,208.09,31.21
11185,3714,5,3,415.34,83.07
11186,3715,55,2,42.68,6.4
11187,3716,150,4,104.02,0.0
11188,3716,33,1,179.42,0.0
11189,3716,71,3,352.1,0.0
11190,3716,68,3,136.7,0.0
11191,3717,56,3,422.08,84.42
11192,3718,125,4,269.3,0.0
11193,3718,79,3,190.04,28.51
11194,3718,1,4,321.1,0.0
11195,3718,76,1,127.04,12.7
11196,3718,88,4,269.25,0.0
11197,3719,90,1,490.37,0.0
11198,3719,21,1,429.76,0.0
11199,3720,110,3,130.63,0.0
11200,3720,141,1,328.57,0.0
11201,3720,74,1,278.72,27.87
11202,3720,5,3,415.34,62.3
11203,3720,81,2,43.0,0.0
11204,3721,20,1,169.34,0.0
11205,3721,9,3,444.4,88.88
11206,3721,38,3,202.51,40.5
11207,3722,74,1,278.72,0.0
11208,3723,47,1,272.75,0.0
11209,3723,127,1,222.52,22.25
11210,3723,39,1,203.79,0.0
11211,3723,18,1,368.54,55.28
11212,3723,11,3,381.78,0.0
11213,3724,115,2,377.52,0.0
11214,3725,143,3,107.53,0.0
11215,3726,77,4,208.09,41.62
11216,3726,109,3,270.39,0.0
11217,3726,79,1,190.04,19.0
11218,3727,15,4,350.02,70.0
11219,3727,30,2,304.56,30.46
11220,3728,119,2,453.53,90.71
11221,3728,97,1,322.01,0.0
11222,3729,4,4,273.69,0.0
11223,3729,146,4,429.95,64.49
11224,3729,56,3,422.08,84.42
11225,3729,28,1,75.89,0.0
11226,3729,139,4,262.86,0.0
11227,3730,70,2,246.27,0.0
11228,3730,102,3,139.64,13.96
11229,3730,96,2,498.77,0.0
11230,3730,67,1,351.2,70.24
11231,3731,63,4,142.21,0.0
11232,3731,39,2,203.79,30.57
11233,3731,7,4,28.64,5.73
11234,3732,140,3,224.28,44.86
11235,3732,48,3,333.72,0.0
11236,3733,83,4,129.83,25.97
11237,3733,6,3,43.07,0.0
11238,3733,35,4,335.39,67.08
11239,3734,9,3,444.4,66.66
11240,3734,58,4,336.01,67.2
11241,3735,24,4,223.52,33.53
11242,3735,16,2,128.09,0.0
11243,3735,101,1,127.41,0.0
11244,3736,148,1,165.59,16.56
11245,3736,119,4,453.53,0.0
11246,3736,42,3,478.77,0.0
11247,3736,60,2,353.64,53.05
11248,3736,105,3,223.61,22.36
11249,3737,117,3,491.5,49.15
11250,3737,71,3,352.1,52.82
11251,3737,69,2,93.19,9.32
11252,3737,80,4,413.08,61.96
11253,3738,35,3,335.39,50.31
11254,3738,98,4,187.8,0.0
11255,3738,77,2,208.09,31.21
11256,3738,121,3,162.84,16.28
11257,3739,125,4,269.3,0.0
11258,3740,36,3,319.43,0.0
11259,3740,124,1,241.15,0.0
11260,3740,41,2,36.8,0.0
11261,3741,24,4,223.52,0.0
11262,3741,69,3,93.19,9.32
11263,3741,10,4,409.97,0.0
11264,3741,146,3,429.95,85.99
11265,3741,71,3,352.1,52.82
11266,3742,76,2,127.04,12.7
11267,3742,142,2,118.0,0.0
11268,3742,97,4,322.01,0.0
11269,3742,109,3,270.39,0.0
11270,3743,127,3,222.52,44.5
11271,3744,65,4,416.07,0.0
11272,3744,80,1,413.08,0.0
11273,3744,14,2,304.76,0.0
11274,3744,135,2,236.07,23.61
11275,3744,38,2,202.51,0.0
11276,3745,56,2,422.08,84.42
11277,3745,12,4,76.22,0.0
11278,3745,42,4,478.77,0.0
11279,3745,41,1,36.8,3.68
11280,3746,41,3,36.8,7.36
11281,3746,92,2,218.76,0.0
11282,3746,13,1,469.28,0.0
11283,3746,47,1,272.75,0.0
11284,3747,127,4,222.52,44.5
11285,3748,89,4,15.3,0.0
11286,3748,105,4,223.61,22.36
11287,3749,30,4,304.56,30.46
11288,3749,60,1,353.64,35.36
11289,3749,54,2,34.49,0.0
11290,3750,64,4,64.91,9.74
11291,3751,21,3,429.76,64.46
11292,3751,69,4,93.19,0.0
11293,3752,19,1,488.22,0.0
11294,3752,78,2,236.94,35.54
11295,3752,16,1,128.09,0.0
11296,3752,30,2,304.56,30.46
11297,3753,6,2,43.07,4.31
11298,3753,85,2,256.09,51.22
11299,3753,77,3,208.09,0.0
11300,3754,54,2,34.49,5.17
11301,3754,146,2,429.95,64.49
11302,3754,76,1,127.04,12.7
11303,3754,143,3,107.53,21.51
11304,3755,112,3,211.58,0.0
11305,3756,20,4,169.34,0.0
11306,3756,85,3,256.09,0.0
11307,3757,87,2,283.38,0.0
11308,3758,127,3,222.52,22.25
11309,3758,26,2,242.14,0.0
11310,3759,146,1,429.95,0.0
11311,3759,126,4,131.53,0.0
11312,3759,61,3,92.4,13.86
11313,3760,111,3,11.12,0.0
11314,3760,105,2,223.61,22.36
11315,3760,129,1,237.02,47.4
11316,3760,80,1,413.08,0.0
11317,3760,34,2,22.78,0.0
11318,3761,110,2,130.63,26.13
11319,3761,78,2,236.94,35.54
11320,3762,91,1,252.58,25.26
11321,3762,142,4,118.0,0.0
11322,3762,11,2,381.78,38.18
11323,3762,57,2,188.77,0.0
11324,3762,56,3,422.08,42.21
11325,3763,117,3,491.5,0.0
11326,3763,107,2,110.67,0.0
11327,3764,95,3,317.95,0.0
11328,3764,35,4,335.39,50.31
11329,3765,84,2,178.48,0.0
11330,3765,120,3,335.74,50.36
11331,3766,40,1,304.26,0.0
11332,3767,117,2,491.5,0.0
11333,3768,34,2,22.78,0.0
11334,3768,130,2,43.77,0.0
11335,3768,11,4,381.78,0.0
11336,3769,63,4,142.21,28.44
11337,3769,34,4,22.78,0.0
11338,3769,111,3,11.12,2.22
11339,3769,45,3,299.19,0.0
11340,3770,6,1,43.07,4.31
11341,3771,146,4,429.95,43.0
11342,3771,86,3,474.92,0.0
11343,3771,111,1,11.12,0.0
11344,3771,46,3,67.45,10.12
11345,3771,72,1,242.78,48.56
11346,3772,52,3,98.97,0.0
11347,3772,14,2,304.76,0.0
11348,3772,83,2,129.83,0.0
11349,3772,60,2,353.64,70.73
11350,3772,99,2,325.08,48.76
11351,3773,85,3,256.09,0.0
11352,3773,142,3,118.0,11.8
11353,3773,150,1,104.02,15.6
11354,3773,86,4,474.92,94.98
11355,3774,75,2,134.66,0.0
11356,3774,131,4,10.91,1.09
11357,3774,105,3,223.61,22.36
11358,3775,69,3,93.19,0.0
11359,3776,13,1,469.28,46.93
11360,3776,71,1,352.1,0.0
11361,3777,115,1,377.52,0.0
11362,3777,132,2,89.04,17.81
11363,3777,86,2,474.92,47.49
11364,3778,74,4,278.72,0.0
11365,3778,40,3,304.26,60.85
11366,3779,82,2,437.52,43.75
11367,3779,37,1,104.0,0.0
11368,3779,43,4,330.28,0.0
11369,3779,36,4,319.43,63.89
11370,3779,70,2,246.27,0.0
11371,3780,121,1,162.84,0.0
11372,3780,10,3,409.97,81.99
11373,3781,27,1,168.15,25.22
11374,3782,39,4,203.79,0.0
11375,3783,50,1,320.93,48.14
11376,3783,87,2,283.38,0.0
11377,3783,59,1,189.39,37.88
11378,3784,130,2,43.77,4.38
11379,3784,107,3,110.67,11.07
11380,3784,121,3,162.84,0.0
11381,3785,13,3,469.28,70.39
11382,3785,16,1,128.09,0.0
11383,3785,18,3,368.54,55.28
11384,3785,3,3,341.27,68.25
11385,3786,24,2,223.52,0.0
11386,3786,120,4,335.74,33.57
11387,3787,51,2,95.6,0.0
11388,3787,119,2,453.53,0.0
11389,3788,77,2,208.09,20.81
11390,3788,27,4,168.15,0.0
11391,3788,115,4,377.52,56.63
11392,3789,62,2,399.48,0.0
11393,3789,137,2,142.56,21.38
11394,3789,20,2,169.34,0.0
11395,3789,37,2,104.0,0.0
11396,3789,103,3,233.36,0.0
11397,3790,88,2,269.25,0.0
11398,3790,89,2,15.3,0.0
11399,3790,139,1,262.86,39.43
11400,3790,104,1,172.41,25.86
11401,3790,126,2,131.53,26.31
11402,3791,37,4,104.0,20.8
11403,3791,36,2,319.43,0.0
11404,3791,108,2,294.36,44.15
11405,3792,13,4,469.28,0.0
11406,3793,65,2,416.07,41.61
11407,3793,19,2,488.22,0.0
11408,3793,126,4,131.53,13.15
11409,3793,112,2,211.58,21.16
11410,3793,104,3,172.41,25.86
11411,3794,127,1,222.52,44.5
11412,3794,84,2,178.48,35.7
11413,3794,139,1,262.86,52.57
11414,3794,1,3,321.1,0.0
11415,3794,132,4,89.04,13.36
11416,3795,115,1,377.52,37.75
11417,3795,15,4,350.02,0.0
11418,3795,39,1,203.79,20.38
11419,3795,47,4,272.75,40.91
11420,3796,108,2,294.36,58.87
11421,3796,1,3,321.1,0.0
11422,3796,35,3,335.39,50.31
11423,3796,102,1,139.64,0.0
11424,3796,125,2,269.3,40.4
11425,3797,31,4,287.81,0.0
11426,3798,91,2,252.58,25.26
11427,3798,114,4,93.0,0.0
11428,3798,104,3,172.41,0.0
11429,3798,81,2,43.0,8.6
11430,3799,12,2,76.22,0.0
11431,3800,130,1,43.77,0.0
11432,3800,86,1,474.92,0.0
11433,3800,61,4,92.4,18.48
11434,3800,11,3,381.78,57.27
11435,3800,10,3,409.97,61.5
11436,3801,47,2,272.75,0.0
11437,3802,147,3,15.84,0.0
11438,3802,13,1,469.28,93.86
11439,3802,75,1,134.66,20.2
11440,3802,30,4,304.56,60.91
11441,3802,127,2,222.52,44.5
11442,3803,98,2,187.8,37.56
11443,3803,14,3,304.76,30.48
11444,3803,99,3,325.08,48.76
11445,3803,140,1,224.28,44.86
11446,3803,10,2,409.97,41.0
11447,3804,80,2,413.08,0.0
11448,3804,149,3,499.81,0.0
11449,3804,82,1,437.52,87.5
11450,3804,97,3,322.01,48.3
11451,3804,30,4,304.56,0.0
11452,3805,75,4,134.66,13.47
11453,3805,121,1,162.84,32.57
11454,3805,142,1,118.0,11.8
11455,3805,119,1,453.53,0.0
11456,3805,45,3,299.19,44.88
11457,3806,93,1,155.24,0.0
11458,3807,46,1,67.45,0.0
11459,3807,147,1,15.84,3.17
11460,3807,13,1,469.28,0.0
11461,3807,129,2,237.02,0.0
11462,3808,108,2,294.36,0.0
11463,3808,88,3,269.25,0.0
11464,3808,140,1,224.28,0.0
11465,3808,44,2,452.04,90.41
11466,3809,98,3,187.8,0.0
11467,3809,19,3,488.22,48.82
11468,3809,81,3,43.0,4.3
11469,3809,31,2,287.81,57.56
11470,3809,41,3,36.8,7.36
11471,3810,67,3,351.2,0.0
11472,3810,144,1,201.38,0.0
11473,3810,12,1,76.22,7.62
11474,3810,108,2,294.36,0.0
11475,3810,123,2,77.17,0.0
11476,3811,77,1,208.09,20.81
11477,3811,30,2,304.56,0.0
11478,3812,41,3,36.8,5.52
11479,3812,112,1,211.58,0.0
11480,3812,137,2,142.56,28.51
11481,3812,107,3,110.67,22.13
11482,3813,102,4,139.64,20.95
11483,3813,111,1,11.12,2.22
11484,3813,126,1,131.53,0.0
11485,3813,87,3,283.38,42.51
11486,3814,68,3,136.7,0.0
11487,3814,63,1,142.21,0.0
11488,3814,77,2,208.09,0.0
11489,3815,6,1,43.07,8.61
11490,3815,43,4,330.28,66.06
11491,3815,99,4,325.08,65.02
11492,3815,65,2,416.07,0.0
11493,3815,46,2,67.45,0.0
11494,3816,74,1,278.72,55.74
11495,3816,5,3,415.34,0.0
11496,3816,135,4,236.07,0.0
11497,3816,97,1,322.01,64.4
11498,3816,41,2,36.8,3.68
11499,3817,10,1,409.97,0.0
11500,3817,81,4,43.0,0.0
11501,3817,46,1,67.45,6.75
11502,3817,142,2,118.0,17.7
11503,3817,71,4,352.1,52.82
11504,3818,72,2,242.78,36.42
11505,3818,102,2,139.64,27.93
11506,3818,68,2,136.7,27.34
11507,3818,44,4,452.04,0.0
11508,3819,44,2,452.04,0.0
11509,3820,7,1,28.64,0.0
11510,3820,33,3,179.42,26.91
11511,3820,1,4,321.1,0.0
11512,3820,65,2,416.07,62.41
11513,3820,108,3,294.36,58.87
11514,3821,70,1,246.27,36.94
11515,3821,36,1,319.43,0.0
11516,3821,63,4,142.21,28.44
11517,3821,30,3,304.56,0.0
11518,3821,146,1,429.95,0.0
11519,3822,42,4,478.77,71.82
11520,3822,127,1,222.52,44.5
11521,3823,32,2,146.13,29.23
11522,3824,11,2,381.78,0.0
11523,3824,56,4,422.08,63.31
11524,3824,1,4,321.1,48.16
11525,3824,144,4,201.38,0.0
11526,3825,137,1,142.56,14.26
11527,3825,94,3,414.66,0.0
11528,3825,7,4,28.64,0.0
11529,3826,146,2,429.95,0.0
11530,3826,11,3,381.78,0.0
11531,3826,42,3,478.77,0.0
11532,3827,121,3,162.84,0.0
11533,3827,53,4,110.68,22.14
11534,3828,67,1,351.2,0.0
11535,3829,28,1,75.89,11.38
11536,3830,10,2,409.97,0.0
11537,3830,97,1,322.01,32.2
11538,3830,70,2,246.27,0.0
11539,3830,3,4,341.27,0.0
11540,3831,41,3,36.8,0.0
11541,3832,46,3,67.45,0.0
11542,3832,20,4,169.34,16.93
11543,3833,135,3,236.07,35.41
11544,3834,87,3,283.38,28.34
11545,3834,5,2,415.34,0.0
11546,3834,55,4,42.68,8.54
11547,3834,57,3,188.77,28.32
11548,3835,33,4,179.42,0.0
11549,3836,84,4,178.48,0.0
11550,3836,75,3,134.66,0.0
11551,3837,8,2,495.36,0.0
11552,3837,100,4,270.76,0.0
11553,3837,54,1,34.49,6.9
11554,3838,54,4,34.49,6.9
11555,3838,127,4,222.52,0.0
11556,3838,28,3,75.89,11.38
11557,3838,116,3,377.29,56.59
11558,3839,148,4,165.59,0.0
11559,3839,126,2,131.53,13.15
11560,3839,137,1,142.56,14.26
11561,3839,122,4,425.68,0.0
11562,3839,95,1,317.95,0.0
11563,3840,20,3,169.34,16.93
11564,3840,144,1,201.38,0.0
11565,3840,104,1,172.41,34.48
11566,3840,132,2,89.04,17.81
11567,3841,63,2,142.21,0.0
11568,3841,145,3,27.77,2.78
11569,3841,112,3,211.58,31.74
11570,3841,87,3,283.38,0.0
11571,3841,103,3,233.36,0.0
11572,3842,67,2,351.2,52.68
11573,3842,45,2,299.19,29.92
11574,3842,26,3,242.14,24.21
11575,3843,90,4,490.37,73.56
11576,3843,46,4,67.45,13.49
11577,3844,63,1,142.21,0.0
11578,3844,16,1,128.09,0.0
11579,3845,104,3,172.41,17.24
11580,3845,137,1,142.56,0.0
11581,3845,19,4,488.22,0.0
11582,3845,71,1,352.1,0.0
11583,3846,24,2,223.52,22.35
11584,3846,31,1,287.81,43.17
11585,3846,53,3,110.68,11.07
11586,3847,44,1,452.04,67.81
11587,3847,120,4,335.74,50.36
11588,3847,119,2,453.53,0.0
11589,3848,57,1,188.77,37.75
11590,3849,127,1,222.52,0.0
11591,3850,53,1,110.68,11.07
11592,3850,28,1,75.89,15.18
11593,3850,122,2,425.68,0.0
11594,3851,36,1,319.43,31.94
11595,3852,38,2,202.51,0.0
11596,3852,140,1,224.28,33.64
11597,3852,85,4,256.09,0.0
11598,3853,5,3,415.34,41.53
11599,3853,127,1,222.52,0.0
11600,3853,105,2,223.61,0.0
11601,3854,62,3,399.48,0.0
11602,3854,104,4,172.41,25.86
11603,3855,64,3,64.91,6.49
11604,3856,99,2,325.08,0.0
11605,3856,43,1,330.28,33.03
11606,3857,52,2,98.97,14.85
11607,3858,27,2,168.15,25.22
11608,3859,62,1,399.48,0.0
11609,3859,112,3,211.58,42.32
11610,3859,90,1,490.37,0.0
11611,3859,6,2,43.07,0.0
11612,3859,20,4,169.34,25.4
11613,3860,2,3,332.83,49.92
11614,3861,71,4,352.1,0.0
11615,3861,94,2,414.66,0.0
11616,3861,110,4,130.63,0.0
11617,3861,144,4,201.38,20.14
11618,3862,137,3,142.56,0.0
11619,3862,133,4,328.02,32.8
11620,3862,10,3,409.97,41.0
11621,3862,129,3,237.02,23.7
11622,3862,81,3,43.0,0.0
11623,3863,136,1,396.02,0.0
11624,3863,113,1,109.63,0.0
11625,3863,105,2,223.61,0.0
11626,3864,140,2,224.28,22.43
11627,3864,116,4,377.29,0.0
11628,3864,79,3,190.04,0.0
11629,3864,95,1,317.95,31.8
11630,3864,65,4,416.07,41.61
11631,3865,109,2,270.39,0.0
11632,3866,47,3,272.75,40.91
11633,3866,52,1,98.97,0.0
11634,3867,97,3,322.01,64.4
11635,3868,90,3,490.37,73.56
11636,3868,5,2,415.34,0.0
11637,3868,72,2,242.78,24.28
11638,3868,116,3,377.29,0.0
11639,3868,59,3,189.39,0.0
11640,3869,13,4,469.28,0.0
11641,3869,27,4,168.15,16.82
11642,3869,36,4,319.43,63.89
11643,3870,45,1,299.19,44.88
11644,3870,43,4,330.28,0.0
11645,3870,33,2,179.42,0.0
11646,3870,21,1,429.76,0.0
11647,3871,20,1,169.34,0.0
11648,3871,48,1,333.72,0.0
11649,3871,36,1,319.43,31.94
11650,3872,37,2,104.0,10.4
11651,3872,104,3,172.41,0.0
11652,3872,110,3,130.63,0.0
11653,3872,50,2,320.93,32.09
11654,3872,125,2,269.3,0.0
11655,3873,64,1,64.91,0.0
11656,3873,129,2,237.02,0.0
11657,3873,6,1,43.07,8.61
11658,3873,130,1,43.77,6.57
11659,3873,92,3,218.76,0.0
11660,3874,63,3,142.21,0.0
11661,3874,79,2,190.04,0.0
11662,3874,116,4,377.29,56.59
11663,3874,88,2,269.25,0.0
11664,3874,74,3,278.72,0.0
11665,3875,134,4,444.99,0.0
11666,3875,36,3,319.43,47.91
11667,3875,31,2,287.81,0.0
11668,3875,58,1,336.01,0.0
11669,3875,126,3,131.53,19.73
11670,3876,6,4,43.07,0.0
11671,3876,121,2,162.84,0.0
11672,3876,91,1,252.58,0.0
11673,3876,99,4,325.08,0.0
11674,3876,71,4,352.1,70.42
11675,3877,75,4,134.66,0.0
11676,3877,47,4,272.75,0.0
11677,3877,59,2,189.39,28.41
11678,3878,27,3,168.15,0.0
11679,3878,4,1,273.69,41.05
11680,3878,18,1,368.54,36.85
11681,3878,117,4,491.5,98.3
11682,3878,31,4,287.81,28.78
11683,3879,80,3,413.08,0.0
11684,3880,57,2,188.77,37.75
11685,3880,110,2,130.63,19.59
11686,3880,87,3,283.38,0.0
11687,3881,61,2,92.4,0.0
11688,3881,65,4,416.07,83.21
11689,3881,86,1,474.92,71.24
11690,3881,34,1,22.78,0.0
11691,3881,148,2,165.59,0.0
11692,3882,42,4,478.77,0.0
11693,3883,70,4,246.27,36.94
11694,3884,112,2,211.58,42.32
11695,3884,75,2,134.66,0.0
11696,3884,142,3,118.0,0.0
11697,3884,79,3,190.04,0.0
11698,3884,140,2,224.28,0.0
11699,3885,63,1,142.21,21.33
11700,3886,139,4,262.86,0.0
11701,3886,121,3,162.84,0.0
11702,3886,47,4,272.75,0.0
11703,3887,100,3,270.76,0.0
11704,3887,50,3,320.93,0.0
11705,3887,82,1,437.52,43.75
11706,3888,18,4,368.54,55.28
11707,3888,129,1,237.02,0.0
11708,3888,85,4,256.09,51.22
11709,3888,72,1,242.78,48.56
11710,3889,5,4,415.34,83.07
11711,3890,116,3,377.29,37.73
11712,3891,56,4,422.08,0.0
11713,3891,123,4,77.17,11.58
11714,3891,13,4,469.28,0.0
11715,3891,90,4,490.37,0.0
11716,3892,86,4,474.92,94.98
11717,3892,71,3,352.1,0.0
11718,3892,97,3,322.01,0.0
11719,3892,5,2,415.34,41.53
11720,3892,36,4,319.43,0.0
11721,3893,134,2,444.99,0.0
11722,3893,98,2,187.8,0.0
11723,3893,32,2,146.13,0.0
11724,3893,35,4,335.39,0.0
11725,3894,54,3,34.49,0.0
11726,3894,14,4,304.76,45.71
11727,3894,96,1,498.77,49.88
11728,3894,67,3,351.2,35.12
11729,3894,93,1,155.24,0.0
11730,3895,147,3,15.84,3.17
11731,3896,135,3,236.07,23.61
11732,3896,141,4,328.57,0.0
11733,3896,48,1,333.72,0.0
11734,3897,67,3,351.2,35.12
11735,3897,149,3,499.81,0.0
11736,3897,50,3,320.93,32.09
11737,3897,100,4,270.76,27.08
11738,3897,146,4,429.95,85.99
11739,3898,42,4,478.77,95.75
11740,3898,133,3,328.02,0.0
11741,3899,5,1,415.34,0.0
11742,3900,30,1,304.56,45.68
11743,3900,122,1,425.68,42.57
11744,3900,33,1,179.42,0.0
11745,3900,24,3,223.52,33.53
11746,3901,100,1,270.76,27.08
11747,3901,124,1,241.15,0.0
11748,3901,88,4,269.25,40.39
11749,3901,36,3,319.43,31.94
11750,3902,69,4,93.19,18.64
11751,3902,4,4,273.69,41.05
11752,3903,149,3,499.81,49.98
11753,3904,129,4,237.02,47.4
11754,3904,50,3,320.93,0.0
11755,3904,70,1,246.27,0.0
11756,3904,68,2,136.7,0.0
11757,3904,40,3,304.26,30.43
11758,3905,28,1,75.89,0.0
11759,3906,57,3,188.77,0.0
11760,3906,6,2,43.07,8.61
11761,3906,120,1,335.74,0.0
11762,3907,98,1,187.8,0.0
11763,3908,48,4,333.72,0.0
11764,3908,86,1,474.92,94.98
11765,3908,85,1,256.09,38.41
11766,3909,70,3,246.27,0.0
11767,3909,18,3,368.54,0.0
11768,3909,92,2,218.76,32.81
11769,3909,76,2,127.04,0.0
11770,3910,12,3,76.22,0.0
11771,3910,92,2,218.76,32.81
11772,3910,119,3,453.53,68.03
11773,3910,87,1,283.38,0.0
11774,3911,40,4,304.26,60.85
11775,3911,43,3,330.28,66.06
11776,3912,90,4,490.37,49.04
11777,3913,14,1,304.76,0.0
11778,3913,136,2,396.02,39.6
11779,3913,5,1,415.34,41.53
11780,3913,58,4,336.01,50.4
11781,3913,50,2,320.93,32.09
11782,3914,129,2,237.02,0.0
11783,3914,15,2,350.02,0.0
11784,3914,28,3,75.89,0.0
11785,3914,109,2,270.39,27.04
11786,3914,61,4,92.4,0.0
11787,3915,143,3,107.53,0.0
11788,3915,149,4,499.81,49.98
11789,3915,114,3,93.0,18.6
11790,3915,51,1,95.6,9.56
11791,3916,143,2,107.53,21.51
11792,3917,137,3,142.56,0.0
11793,3917,144,1,201.38,0.0
11794,3918,7,3,28.64,2.86
11795,3918,150,1,104.02,15.6
11796,3918,61,2,92.4,13.86
11797,3919,19,3,488.22,97.64
11798,3919,131,3,10.91,0.0
11799,3919,93,1,155.24,23.29
11800,3919,104,2,172.41,0.0
11801,3919,10,2,409.97,41.0
11802,3920,141,4,328.57,32.86
11803,3920,76,3,127.04,12.7
11804,3921,46,3,67.45,0.0
11805,3922,93,3,155.24,0.0
11806,3922,88,1,269.25,53.85
11807,3922,39,3,203.79,40.76
11808,3923,54,3,34.49,6.9
11809,3924,73,3,298.52,44.78
11810,3924,36,2,319.43,0.0
11811,3924,63,3,142.21,0.0
11812,3924,141,4,328.57,32.86
11813,3925,78,3,236.94,0.0
11814,3925,12,2,76.22,15.24
11815,3925,24,1,223.52,22.35
11816,3925,57,4,188.77,0.0
11817,3926,68,3,136.7,20.5
11818,3927,19,4,488.22,73.23
11819,3927,60,1,353.64,0.0
11820,3928,59,3,189.39,18.94
11821,3928,57,1,188.77,0.0
11822,3928,20,4,169.34,25.4
11823,3928,106,4,123.25,0.0
11824,3929,110,1,130.63,0.0
11825,3929,11,1,381.78,57.27
11826,3929,111,4,11.12,1.67
11827,3929,149,3,499.81,0.0
11828,3930,69,3,93.19,13.98
11829,3930,117,1,491.5,98.3
11830,3931,113,4,109.63,0.0
11831,3931,91,3,252.58,37.89
11832,3932,148,1,165.59,33.12
11833,3932,115,1,377.52,0.0
11834,3932,67,2,351.2,35.12
11835,3932,4,4,273.69,0.0
11836,3932,104,1,172.41,17.24
11837,3933,11,4,381.78,0.0
11838,3933,111,3,11.12,0.0
11839,3934,147,2,15.84,3.17
11840,3934,27,4,168.15,16.82
11841,3934,50,1,320.93,48.14
11842,3934,12,1,76.22,11.43
11843,3934,20,1,169.34,16.93
11844,3935,149,1,499.81,99.96
11845,3935,106,4,123.25,0.0
11846,3935,53,4,110.68,22.14
11847,3936,148,1,165.59,0.0
11848,3937,38,2,202.51,30.38
11849,3937,46,4,67.45,13.49
11850,3937,78,1,236.94,47.39
11851,3938,62,3,399.48,0.0
11852,3938,9,2,444.4,0.0
11853,3938,116,4,377.29,0.0
11854,3938,68,3,136.7,20.5
11855,3938,110,3,130.63,26.13
11856,3939,140,1,224.28,33.64
11857,3939,117,3,491.5,0.0
11858,3939,82,2,437.52,0.0
11859,3940,5,3,415.34,62.3
11860,3940,61,4,92.4,0.0
11861,3941,22,1,18.29,0.0
11862,3941,100,4,270.76,40.61
11863,3941,92,1,218.76,21.88
11864,3941,3,3,341.27,0.0
11865,3941,16,2,128.09,0.0
11866,3942,79,3,190.04,28.51
11867,3942,65,4,416.07,0.0
11868,3942,70,4,246.27,24.63
11869,3943,14,1,304.76,45.71
11870,3943,121,1,162.84,0.0
11871,3944,119,3,453.53,45.35
11872,3944,7,3,28.64,0.0
11873,3945,69,3,93.19,0.0
11874,3945,21,3,429.76,64.46
11875,3945,107,3,110.67,11.07
11876,3946,124,3,241.15,0.0
11877,3946,12,2,76.22,0.0
11878,3946,133,1,328.02,65.6
11879,3946,44,1,452.04,67.81
11880,3946,134,3,444.99,0.0
11881,3947,57,2,188.77,37.75
11882,3947,26,1,242.14,0.0
11883,3947,141,3,328.57,65.71
11884,3947,120,4,335.74,67.15
11885,3947,113,2,109.63,0.0
11886,3948,22,1,18.29,0.0
11887,3948,62,4,399.48,0.0
11888,3948,74,2,278.72,27.87
11889,3949,104,2,172.41,17.24
11890,3949,76,2,127.04,0.0
11891,3950,60,4,353.64,35.36
11892,3950,147,4,15.84,0.0
11893,3950,70,1,246.27,0.0
11894,3950,115,4,377.52,75.5
11895,3950,20,3,169.34,0.0
11896,3951,44,4,452.04,45.2
11897,3951,129,1,237.02,0.0
11898,3951,19,1,488.22,0.0
11899,3952,62,2,399.48,39.95
11900,3952,90,2,490.37,0.0
11901,3952,22,1,18.29,0.0
11902,3952,104,4,172.41,0.0
11903,3953,39,2,203.79,0.0
11904,3953,35,1,335.39,0.0
11905,3954,12,2,76.22,11.43
11906,3954,65,2,416.07,41.61
11907,3955,122,1,425.68,42.57
11908,3955,50,3,320.93,64.19
11909,3956,123,1,77.17,7.72
11910,3956,99,4,325.08,32.51
11911,3956,93,3,155.24,15.52
11912,3957,121,1,162.84,24.43
11913,3957,9,4,444.4,0.0
11914,3957,44,4,452.04,67.81
11915,3957,5,1,415.34,0.0
11916,3957,70,3,246.27,24.63
11917,3958,120,4,335.74,0.0
11918,3958,36,2,319.43,47.91
11919,3958,117,4,491.5,0.0
11920,3958,125,2,269.3,53.86
11921,3958,87,2,283.38,0.0
11922,3959,105,3,223.61,22.36
11923,3959,71,3,352.1,0.0
11924,3960,129,1,237.02,23.7
11925,3960,108,3,294.36,44.15
11926,3960,95,4,317.95,0.0
11927,3960,41,4,36.8,5.52
11928,3960,136,4,396.02,79.2
11929,3961,142,1,118.0,0.0
11930,3961,89,2,15.3,0.0
11931,3961,105,1,223.61,22.36
11932,3961,10,2,409.97,41.0
11933,3961,90,1,490.37,49.04
11934,3962,96,1,498.77,74.82
11935,3963,89,4,15.3,1.53
11936,3963,40,2,304.26,0.0
11937,3964,86,1,474.92,71.24
11938,3964,132,4,89.04,0.0
11939,3964,54,2,34.49,0.0
11940,3964,40,1,304.26,0.0
11941,3965,144,1,201.38,0.0
11942,3966,77,1,208.09,0.0
11943,3966,109,3,270.39,54.08
11944,3966,8,4,495.36,0.0
11945,3967,58,2,336.01,67.2
11946,3968,132,1,89.04,0.0
11947,3968,54,2,34.49,0.0
11948,3968,107,1,110.67,16.6
11949,3968,110,4,130.63,26.13
11950,3969,2,4,332.83,33.28
11951,3970,74,4,278.72,27.87
11952,3970,123,1,77.17,11.58
11953,3971,45,3,299.19,44.88
11954,3971,114,1,93.0,0.0
11955,3971,112,4,211.58,42.32
11956,3972,145,3,27.77,4.17
11957,3973,115,2,377.52,56.63
11958,3973,127,3,222.52,0.0
11959,3973,86,4,474.92,94.98
11960,3973,97,1,322.01,0.0
11961,3973,47,4,272.75,0.0
11962,3974,107,4,110.67,0.0
11963,3974,31,2,287.81,57.56
11964,3974,87,3,283.38,56.68
11965,3974,126,4,131.53,19.73
11966,3974,103,2,233.36,46.67
11967,3975,131,2,10.91,0.0
11968,3976,136,1,396.02,0.0
11969,3976,20,3,169.34,25.4
11970,3976,113,3,109.63,21.93
11971,3977,145,2,27.77,0.0
11972,3977,55,4,42.68,6.4
11973,3977,144,1,201.38,0.0
11974,3978,145,2,27.77,0.0
11975,3979,91,3,252.58,0.0
11976,3980,73,2,298.52,0.0
11977,3980,64,1,64.91,0.0
11978,3980,137,2,142.56,0.0
11979,3980,108,4,294.36,0.0
11980,3981,126,3,131.53,0.0
11981,3981,65,2,416.07,0.0
11982,3982,56,4,422.08,0.0
11983,3982,77,3,208.09,0.0
11984,3982,111,3,11.12,1.11
11985,3982,53,1,110.68,0.0
11986,3982,35,4,335.39,0.0
11987,3983,78,3,236.94,23.69
11988,3983,123,3,77.17,7.72
11989,3983,37,4,104.0,10.4
11990,3983,42,4,478.77,95.75
11991,3984,12,2,76.22,7.62
11992,3984,134,2,444.99,0.0
11993,3985,3,1,341.27,0.0
11994,3985,89,2,15.3,3.06
11995,3985,129,3,237.02,35.55
11996,3985,45,1,299.19,29.92
11997,3985,143,2,107.53,0.0
11998,3986,12,2,76.22,7.62
11999,3986,92,4,218.76,21.88
12000,3986,111,4,11.12,2.22
12001,3986,125,2,269.3,40.4
12002,3987,139,2,262.86,52.57
12003,3987,45,1,299.19,59.84
12004,3988,3,4,341.27,0.0
12005,3988,52,1,98.97,19.79
12006,3989,115,3,377.52,0.0
12007,3989,86,2,474.92,47.49
12008,3989,135,2,236.07,47.21
12009,3989,15,2,350.02,52.5
12010,3990,91,4,252.58,0.0
12011,3990,126,1,131.53,26.31
12012,3991,133,2,328.02,0.0
12013,3991,35,4,335.39,0.0
12014,3991,52,1,98.97,0.0
12015,3992,99,3,325.08,32.51
12016,3992,111,2,11.12,1.11
12017,3992,68,4,136.7,20.5
12018,3993,110,3,130.63,13.06
12019,3993,21,1,429.76,0.0
12020,3994,129,1,237.02,0.0
12021,3994,141,1,328.57,32.86
12022,3994,56,1,422.08,0.0
12023,3994,111,2,11.12,2.22
12024,3995,58,3,336.01,0.0
12025,3995,14,1,304.76,0.0
12026,3996,87,2,283.38,56.68
12027,3996,104,2,172.41,0.0
12028,3996,111,3,11.12,2.22
12029,3996,2,2,332.83,0.0
12030,3997,58,4,336.01,67.2
12031,3998,10,4,409.97,41.0
12032,3998,123,2,77.17,11.58
12033,3998,79,2,190.04,0.0
12034,3998,45,1,299.19,59.84
12035,3999,15,4,350.02,70.0
12036,3999,125,4,269.3,0.0
12037,4000,71,3,352.1,0.0
12038,4000,64,2,64.91,0.0
12039,4000,59,2,189.39,18.94
12040,4001,96,2,498.77,99.75
12041,4002,100,2,270.76,0.0
12042,4002,94,1,414.66,82.93
12043,4002,113,2,109.63,21.93
12044,4002,34,4,22.78,3.42
12045,4003,80,4,413.08,0.0
12046,4003,38,1,202.51,0.0
12047,4004,97,1,322.01,64.4
12048,4005,84,4,178.48,35.7
12049,4005,140,4,224.28,33.64
12050,4005,145,4,27.77,0.0
12051,4006,45,3,299.19,44.88
12052,4007,85,1,256.09,0.0
12053,4007,104,3,172.41,0.0
12054,4007,141,1,328.57,65.71
12055,4007,90,2,490.37,0.0
12056,4008,89,3,15.3,1.53
12057,4008,105,4,223.61,0.0
12058,4008,115,3,377.52,0.0
12059,4008,54,4,34.49,0.0
12060,4008,1,3,321.1,48.16
12061,4009,2,2,332.83,49.92
12062,4010,114,2,93.0,13.95
12063,4010,105,3,223.61,44.72
12064,4011,126,2,131.53,0.0
12065,4011,104,3,172.41,0.0
12066,4011,111,4,11.12,1.11
12067,4012,10,4,409.97,81.99
12068,4012,35,3,335.39,67.08
12069,4012,141,3,328.57,49.29
12070,4013,44,3,452.04,67.81
12071,4013,134,2,444.99,0.0
12072,4013,60,3,353.64,35.36
12073,4014,119,4,453.53,0.0
12074,4014,60,4,353.64,0.0
12075,4014,84,4,178.48,17.85
12076,4015,91,2,252.58,0.0
12077,4016,63,3,142.21,0.0
12078,4017,21,1,429.76,0.0
12079,4018,68,2,136.7,0.0
12080,4018,65,2,416.07,0.0
12081,4018,106,2,123.25,18.49
12082,4018,79,2,190.04,0.0
12083,4018,69,4,93.19,18.64
12084,4019,36,4,319.43,63.89
12085,4020,149,4,499.81,99.96
12086,4020,26,4,242.14,36.32
12087,4020,80,1,413.08,0.0
12088,4020,78,3,236.94,0.0
12089,4020,137,2,142.56,14.26
12090,4021,9,1,444.4,88.88
12091,4021,51,4,95.6,19.12
12092,4021,88,2,269.25,0.0
12093,4021,55,3,42.68,0.0
12094,4022,48,1,333.72,33.37
12095,4022,136,1,396.02,39.6
12096,4022,44,2,452.04,0.0
12097,4022,18,4,368.54,55.28
12098,4022,84,4,178.48,26.77
12099,4023,133,3,328.02,0.0
12100,4023,69,1,93.19,0.0
12101,4023,115,2,377.52,56.63
12102,4023,136,4,396.02,59.4
12103,4024,150,4,104.02,0.0
12104,4024,135,1,236.07,0.0
12105,4024,141,2,328.57,32.86
12106,4024,99,2,325.08,65.02
12107,4025,1,2,321.1,0.0
12108,4025,72,4,242.78,24.28
12109,4025,137,4,142.56,28.51
12110,4026,130,4,43.77,6.57
12111,4026,117,4,491.5,98.3
12112,4026,121,1,162.84,24.43
12113,4026,140,1,224.28,0.0
12114,4026,106,3,123.25,12.33
12115,4027,136,1,396.02,79.2
12116,4028,11,1,381.78,0.0
12117,4029,3,4,341.27,51.19
12118,4029,90,4,490.37,0.0
12119,4029,51,1,95.6,19.12
12120,4029,143,3,107.53,21.51
12121,4029,46,3,67.45,0.0
12122,4030,52,1,98.97,14.85
12123,4030,142,1,118.0,0.0
12124,4030,91,1,252.58,25.26
12125,4031,68,2,136.7,20.5
12126,4031,8,2,495.36,0.0
12127,4031,44,4,452.04,90.41
12128,4032,120,2,335.74,0.0
12129,4032,64,1,64.91,0.0
12130,4032,130,3,43.77,0.0
12131,4033,143,2,107.53,10.75
12132,4033,97,1,322.01,0.0
12133,4034,55,1,42.68,6.4
12134,4034,41,2,36.8,0.0
12135,4035,105,3,223.61,22.36
12136,4035,13,1,469.28,70.39
12137,4036,1,3,321.1,0.0
12138,4037,42,1,478.77,95.75
12139,4037,20,2,169.34,33.87
12140,4037,52,2,98.97,0.0
12141,4038,69,4,93.19,13.98
12142,4038,76,4,127.04,19.06
12143,4038,148,2,165.59,16.56
12144,4038,5,4,415.34,0.0
12145,4039,65,4,416.07,62.41
12146,4039,83,1,129.83,0.0
12147,4040,5,1,415.34,83.07
12148,4040,99,3,325.08,32.51
12149,4041,39,1,203.79,30.57
12150,4041,50,1,320.93,0.0
12151,4041,44,1,452.04,67.81
12152,4042,73,4,298.52,29.85
12153,4043,27,4,168.15,0.0
12154,4043,75,2,134.66,0.0
12155,4044,69,4,93.19,9.32
12156,4044,133,1,328.02,32.8
12157,4044,108,3,294.36,44.15
12158,4045,61,2,92.4,18.48
12159,4046,92,1,218.76,0.0
12160,4046,46,3,67.45,10.12
12161,4046,2,3,332.83,0.0
12162,4047,9,3,444.4,66.66
12163,4047,114,1,93.0,0.0
12164,4047,19,4,488.22,0.0
12165,4048,137,1,142.56,21.38
12166,4048,64,4,64.91,6.49
12167,4048,43,2,330.28,0.0
12168,4048,122,1,425.68,0.0
12169,4049,31,3,287.81,57.56
12170,4050,145,3,27.77,0.0
12171,4050,67,2,351.2,0.0
12172,4050,102,4,139.64,0.0
12173,4050,37,3,104.0,10.4
12174,4051,149,1,499.81,99.96
12175,4051,97,4,322.01,0.0
12176,4051,35,4,335.39,33.54
12177,4051,134,4,444.99,66.75
12178,4052,69,1,93.19,18.64
12179,4052,44,2,452.04,45.2
12180,4053,86,3,474.92,94.98
12181,4053,42,3,478.77,0.0
12182,4054,30,4,304.56,30.46
12183,4054,32,2,146.13,21.92
12184,4054,105,4,223.61,0.0
12185,4054,133,3,328.02,32.8
12186,4054,60,2,353.64,53.05
12187,4055,101,3,127.41,0.0
12188,4055,145,3,27.77,5.55
12189,4055,78,2,236.94,0.0
12190,4055,59,2,189.39,0.0
12191,4055,71,1,352.1,0.0
12192,4056,71,4,352.1,0.0
12193,4057,117,1,491.5,98.3
12194,4058,131,1,10.91,0.0
12195,4058,68,4,136.7,0.0
12196,4059,126,3,131.53,26.31
12197,4059,19,2,488.22,97.64
12198,4059,50,2,320.93,32.09
12199,4059,26,4,242.14,0.0
12200,4060,53,1,110.68,0.0
12201,4060,150,2,104.02,0.0
12202,4060,133,2,328.02,32.8
12203,4060,94,3,414.66,62.2
12204,4061,147,1,15.84,0.0
12205,4061,34,4,22.78,0.0
12206,4061,46,3,67.45,0.0
12207,4062,102,2,139.64,13.96
12208,4063,20,3,169.34,25.4
12209,4063,135,1,236.07,0.0
12210,4063,58,1,336.01,0.0
12211,4063,94,3,414.66,0.0
12212,4063,111,3,11.12,1.67
12213,4064,127,3,222.52,0.0
12214,4064,116,1,377.29,0.0
12215,4064,21,2,429.76,42.98
12216,4064,39,2,203.79,0.0
12217,4065,109,4,270.39,54.08
12218,4065,136,1,396.02,39.6
12219,4065,123,1,77.17,0.0
12220,4065,89,2,15.3,0.0
12221,4065,135,3,236.07,0.0
12222,4066,46,1,67.45,13.49
12223,4067,98,1,187.8,0.0
12224,4067,120,1,335.74,0.0
12225,4067,87,1,283.38,0.0
12226,4068,141,4,328.57,0.0
12227,4068,130,4,43.77,0.0
12228,4068,75,3,134.66,0.0
12229,4069,24,3,223.52,22.35
12230,4069,38,2,202.51,40.5
12231,4069,26,2,242.14,24.21
12232,4069,52,3,98.97,0.0
12233,4070,114,1,93.0,0.0
12234,4070,122,3,425.68,0.0
12235,4070,79,2,190.04,19.0
12236,4070,143,4,107.53,10.75
12237,4070,94,4,414.66,0.0
12238,4071,142,3,118.0,0.0
12239,4071,37,1,104.0,10.4
12240,4072,86,2,474.92,47.49
12241,4073,88,3,269.25,53.85
12242,4074,8,1,495.36,49.54
12243,4074,55,2,42.68,0.0
12244,4075,58,2,336.01,0.0
12245,4075,106,4,123.25,18.49
12246,4075,89,3,15.3,0.0
12247,4075,20,1,169.34,0.0
12248,4075,22,3,18.29,0.0
12249,4076,95,1,317.95,31.8
12250,4076,121,4,162.84,24.43
12251,4077,33,3,179.42,0.0
12252,4077,26,4,242.14,0.0
12253,4078,3,2,341.27,0.0
12254,4079,115,1,377.52,0.0
12255,4079,149,3,499.81,49.98
12256,4079,136,4,396.02,59.4
12257,4079,121,1,162.84,0.0
12258,4079,56,1,422.08,42.21
12259,4080,59,2,189.39,37.88
12260,4080,57,3,188.77,28.32
12261,4080,34,4,22.78,3.42
12262,4081,14,2,304.76,0.0
12263,4081,105,4,223.61,22.36
12264,4082,64,3,64.91,0.0
12265,4083,115,3,377.52,0.0
12266,4083,3,3,341.27,0.0
12267,4083,111,3,11.12,2.22
12268,4083,126,4,131.53,0.0
12269,4083,103,3,233.36,0.0
12270,4084,107,4,110.67,11.07
12271,4085,135,2,236.07,47.21
12272,4085,146,3,429.95,43.0
12273,4086,125,2,269.3,53.86
12274,4086,22,3,18.29,0.0
12275,4087,131,1,10.91,0.0
12276,4087,31,2,287.81,0.0
12277,4087,90,3,490.37,0.0
12278,4088,55,4,42.68,0.0
12279,4088,54,1,34.49,5.17
12280,4088,124,4,241.15,0.0
12281,4088,11,4,381.78,0.0
12282,4089,35,4,335.39,0.0
12283,4089,77,3,208.09,0.0
12284,4089,130,1,43.77,0.0
12285,4089,71,2,352.1,0.0
12286,4090,105,2,223.61,44.72
12287,4091,57,3,188.77,0.0
12288,4091,117,4,491.5,0.0
12289,4091,68,3,136.7,0.0
12290,4091,79,1,190.04,0.0
12291,4092,148,2,165.59,0.0
12292,4092,63,3,142.21,21.33
12293,4092,145,2,27.77,0.0
12294,4093,85,4,256.09,38.41
12295,4093,56,3,422.08,63.31
12296,4093,103,3,233.36,35.0
12297,4094,57,1,188.77,0.0
12298,4094,36,4,319.43,0.0
12299,4094,150,1,104.02,0.0
12300,4094,86,4,474.92,0.0
12301,4095,85,4,256.09,51.22
12302,4096,133,3,328.02,0.0
12303,4096,102,2,139.64,0.0
12304,4096,42,3,478.77,47.88
12305,4096,87,1,283.38,56.68
12306,4097,80,3,413.08,0.0
12307,4097,91,2,252.58,0.0
12308,4097,139,4,262.86,0.0
12309,4097,78,4,236.94,0.0
12310,4097,62,3,399.48,59.92
12311,4098,137,3,142.56,0.0
12312,4098,14,2,304.76,0.0
12313,4098,125,2,269.3,0.0
12314,4098,47,2,272.75,0.0
12315,4098,83,4,129.83,0.0
12316,4099,106,1,123.25,12.33
12317,4099,24,3,223.52,0.0
12318,4099,135,2,236.07,35.41
12319,4099,116,4,377.29,0.0
12320,4099,21,1,429.76,42.98
12321,4100,129,1,237.02,23.7
12322,4100,124,3,241.15,0.0
12323,4100,82,3,437.52,65.63
12324,4101,71,1,352.1,52.82
12325,4101,121,3,162.84,24.43
12326,4102,1,4,321.1,0.0
12327,4102,11,3,381.78,76.36
12328,4103,71,3,352.1,0.0
12329,4104,148,1,165.59,0.0
12330,4104,34,2,22.78,0.0
12331,4104,122,3,425.68,0.0
12332,4104,97,4,322.01,32.2
12333,4104,59,4,189.39,37.88
12334,4105,47,3,272.75,0.0
12335,4105,132,4,89.04,8.9
12336,4105,11,2,381.78,0.0
12337,4105,60,4,353.64,53.05
12338,4106,6,1,43.07,6.46
12339,4106,20,1,169.34,33.87
12340,4106,80,1,413.08,0.0
12341,4106,78,4,236.94,0.0
12342,4107,92,2,218.76,32.81
12343,4107,57,1,188.77,37.75
12344,4107,8,1,495.36,74.3
12345,4107,32,3,146.13,0.0
12346,4108,140,2,224.28,33.64
12347,4108,73,3,298.52,29.85
12348,4109,24,3,223.52,22.35
12349,4109,119,2,453.53,0.0
12350,4109,76,3,127.04,0.0
12351,4110,148,3,165.59,24.84
12352,4111,140,4,224.28,44.86
12353,4111,22,4,18.29,0.0
12354,4111,112,2,211.58,42.32
12355,4111,46,3,67.45,10.12
12356,4111,12,1,76.22,15.24
12357,4112,148,4,165.59,33.12
12358,4112,61,2,92.4,18.48
12359,4112,52,3,98.97,0.0
12360,4112,39,2,203.79,0.0
12361,4113,145,1,27.77,0.0
12362,4113,8,4,495.36,99.07
12363,4114,94,2,414.66,82.93
12364,4115,130,4,43.77,6.57
12365,4115,75,4,134.66,13.47
12366,4115,143,4,107.53,0.0
12367,4116,54,4,34.49,0.0
12368,4117,98,2,187.8,0.0
12369,4117,10,4,409.97,0.0
12370,4117,127,3,222.52,0.0
12371,4117,60,1,353.64,70.73
12372,4118,89,2,15.3,2.29
12373,4118,147,2,15.84,0.0
12374,4118,126,2,131.53,26.31
12375,4119,82,1,437.52,0.0
12376,4120,133,1,328.02,65.6
12377,4121,116,2,377.29,0.0
12378,4121,43,3,330.28,33.03
12379,4121,130,4,43.77,0.0
12380,4122,63,2,142.21,21.33
12381,4122,88,2,269.25,0.0
12382,4122,19,4,488.22,73.23
12383,4122,108,4,294.36,0.0
12384,4122,130,2,43.77,0.0
12385,4123,22,4,18.29,0.0
12386,4123,52,1,98.97,19.79
12387,4123,139,2,262.86,39.43
12388,4123,32,1,146.13,14.61
12389,4123,71,1,352.1,35.21
12390,4124,6,1,43.07,0.0
12391,4124,123,2,77.17,0.0
12392,4124,9,4,444.4,0.0
12393,4124,57,4,188.77,0.0
12394,4125,146,3,429.95,64.49
12395,4125,136,2,396.02,39.6
12396,4125,13,3,469.28,70.39
12397,4126,48,4,333.72,50.06
12398,4126,30,1,304.56,0.0
12399,4126,20,2,169.34,0.0
12400,4126,126,2,131.53,0.0
12401,4127,16,2,128.09,0.0
12402,4127,90,1,490.37,49.04
12403,4127,70,3,246.27,49.25
12404,4127,130,2,43.77,4.38
12405,4127,36,1,319.43,0.0
12406,4128,58,3,336.01,67.2
12407,4128,80,1,413.08,0.0
12408,4128,72,1,242.78,24.28
12409,4129,3,2,341.27,68.25
12410,4129,97,2,322.01,64.4
12411,4130,94,2,414.66,41.47
12412,4130,7,2,28.64,2.86
12413,4130,55,2,42.68,0.0
12414,4130,52,4,98.97,9.9
12415,4130,91,3,252.58,37.89
12416,4131,117,3,491.5,0.0
12417,4131,80,3,413.08,0.0
12418,4131,113,2,109.63,0.0
12419,4131,71,3,352.1,52.82
12420,4132,41,2,36.8,5.52
12421,4132,19,4,488.22,97.64
12422,4132,77,4,208.09,41.62
12423,4132,142,4,118.0,0.0
12424,4133,61,2,92.4,18.48
12425,4133,31,4,287.81,0.0
12426,4133,7,2,28.64,2.86
12427,4134,109,1,270.39,0.0
12428,4134,136,4,396.02,0.0
12429,4135,12,4,76.22,11.43
12430,4136,61,4,92.4,18.48
12431,4136,75,1,134.66,20.2
12432,4136,108,4,294.36,0.0
12433,4136,134,1,444.99,0.0
12434,4136,40,1,304.26,45.64
12435,4137,9,2,444.4,44.44
12436,4137,125,4,269.3,53.86
12437,4138,35,3,335.39,50.31
12438,4138,103,2,233.36,0.0
12439,4138,6,2,43.07,0.0
12440,4139,81,2,43.0,6.45
12441,4139,122,2,425.68,0.0
12442,4139,28,3,75.89,0.0
12443,4139,48,4,333.72,33.37
12444,4140,3,2,341.27,0.0
12445,4141,119,4,453.53,45.35
12446,4141,92,1,218.76,0.0
12447,4141,69,2,93.19,13.98
12448,4141,108,4,294.36,0.0
12449,4142,115,1,377.52,75.5
12450,4142,34,2,22.78,0.0
12451,4143,97,1,322.01,0.0
12452,4143,92,1,218.76,43.75
12453,4144,103,3,233.36,0.0
12454,4144,2,3,332.83,33.28
12455,4145,42,4,478.77,0.0
12456,4146,105,3,223.61,0.0
12457,4147,21,4,429.76,85.95
12458,4147,2,2,332.83,33.28
12459,4148,133,1,328.02,0.0
12460,4149,62,1,399.48,59.92
12461,4149,7,1,28.64,0.0
12462,4149,111,4,11.12,2.22
12463,4149,18,4,368.54,0.0
12464,4149,65,2,416.07,41.61
12465,4150,150,4,104.02,10.4
12466,4150,116,1,377.29,0.0
12467,4150,69,3,93.19,18.64
12468,4151,36,1,319.43,0.0
12469,4151,145,4,27.77,5.55
12470,4151,97,3,322.01,0.0
12471,4151,57,2,188.77,0.0
12472,4152,122,1,425.68,42.57
12473,4152,40,2,304.26,30.43
12474,4152,82,1,437.52,0.0
12475,4152,37,3,104.0,20.8
12476,4153,83,3,129.83,19.47
12477,4153,89,3,15.3,1.53
12478,4153,100,3,270.76,0.0
12479,4153,97,2,322.01,32.2
12480,4154,67,1,351.2,35.12
12481,4155,52,1,98.97,0.0
12482,4156,60,2,353.64,53.05
12483,4156,6,2,43.07,4.31
12484,4157,39,3,203.79,0.0
12485,4157,60,2,353.64,0.0
12486,4158,124,4,241.15,48.23
12487,4158,131,1,10.91,1.64
12488,4158,80,1,413.08,0.0
12489,4159,81,1,43.0,8.6
12490,4160,44,2,452.04,90.41
12491,4160,112,3,211.58,0.0
12492,4160,24,3,223.52,22.35
12493,4161,122,4,425.68,42.57
12494,4161,32,3,146.13,14.61
12495,4161,48,3,333.72,0.0
12496,4161,74,1,278.72,27.87
12497,4162,89,3,15.3,0.0
12498,4162,56,3,422.08,0.0
12499,4163,96,1,498.77,0.0
12500,4164,113,4,109.63,0.0
12501,4164,140,2,224.28,0.0
12502,4165,42,1,478.77,71.82
12503,4165,50,3,320.93,0.0
12504,4165,71,4,352.1,0.0
12505,4165,133,1,328.02,0.0
12506,4166,96,1,498.77,0.0
12507,4167,97,3,322.01,64.4
12508,4168,137,3,142.56,28.51
12509,4168,134,4,444.99,66.75
12510,4168,16,2,128.09,0.0
12511,4169,83,1,129.83,12.98
12512,4169,40,4,304.26,0.0
12513,4169,24,3,223.52,0.0
12514,4169,100,2,270.76,0.0
12515,4169,32,3,146.13,0.0
12516,4170,133,3,328.02,65.6
12517,4171,20,4,169.34,16.93
12518,4171,5,4,415.34,0.0
12519,4171,48,1,333.72,0.0
12520,4171,117,3,491.5,0.0
12521,4172,139,3,262.86,26.29
12522,4172,36,1,319.43,0.0
12523,4172,58,2,336.01,33.6
12524,4173,31,3,287.81,28.78
12525,4173,28,2,75.89,0.0
12526,4173,21,2,429.76,0.0
12527,4174,127,4,222.52,44.5
12528,4174,84,1,178.48,26.77
12529,4174,18,4,368.54,0.0
12530,4175,81,2,43.0,6.45
12531,4175,131,4,10.91,1.64
12532,4175,40,4,304.26,30.43
12533,4176,26,4,242.14,0.0
12534,4176,15,2,350.02,0.0
12535,4176,34,4,22.78,0.0
12536,4176,108,1,294.36,58.87
12537,4176,19,2,488.22,97.64
12538,4177,144,3,201.38,0.0
12539,4177,124,2,241.15,36.17
12540,4177,148,1,165.59,33.12
12541,4177,39,1,203.79,0.0
12542,4177,112,2,211.58,0.0
12543,4178,136,3,396.02,39.6
12544,4178,20,2,169.34,0.0
12545,4178,119,4,453.53,90.71
12546,4178,145,3,27.77,0.0
12547,4178,16,3,128.09,19.21
12548,4179,112,2,211.58,0.0
12549,4179,135,1,236.07,35.41
12550,4179,35,1,335.39,50.31
12551,4179,64,2,64.91,6.49
12552,4180,114,1,93.0,0.0
12553,4180,142,4,118.0,0.0
12554,4180,85,3,256.09,51.22
12555,4180,90,3,490.37,98.07
12556,4180,140,3,224.28,33.64
12557,4181,91,1,252.58,0.0
12558,4182,130,2,43.77,6.57
12559,4183,88,1,269.25,0.0
12560,4183,78,4,236.94,0.0
12561,4183,69,1,93.19,0.0
12562,4183,105,3,223.61,22.36
12563,4184,40,2,304.26,0.0
12564,4184,82,2,437.52,65.63
12565,4184,93,1,155.24,0.0
12566,4184,74,1,278.72,0.0
12567,4184,97,2,322.01,48.3
12568,4185,127,4,222.52,22.25
12569,4185,102,2,139.64,13.96
12570,4185,74,4,278.72,0.0
12571,4185,37,3,104.0,15.6
12572,4185,30,3,304.56,30.46
12573,4186,145,4,27.77,4.17
12574,4186,78,1,236.94,0.0
12575,4187,85,3,256.09,0.0
12576,4187,99,3,325.08,0.0
12577,4188,38,1,202.51,20.25
12578,4188,30,3,304.56,60.91
12579,4189,119,3,453.53,68.03
12580,4189,63,2,142.21,14.22
12581,4189,71,3,352.1,35.21
12582,4190,18,3,368.54,0.0
12583,4190,40,2,304.26,30.43
12584,4190,6,1,43.07,4.31
12585,4191,96,3,498.77,0.0
12586,4191,122,3,425.68,0.0
12587,4191,58,3,336.01,67.2
12588,4191,52,2,98.97,19.79
12589,4192,120,1,335.74,0.0
12590,4192,59,2,189.39,18.94
12591,4192,54,4,34.49,0.0
12592,4192,150,4,104.02,10.4
12593,4192,92,1,218.76,21.88
12594,4193,86,1,474.92,0.0
12595,4193,40,3,304.26,30.43
12596,4193,111,2,11.12,0.0
12597,4193,84,4,178.48,0.0
12598,4194,48,2,333.72,0.0
12599,4194,51,2,95.6,14.34
12600,4195,8,4,495.36,49.54
12601,4195,96,3,498.77,0.0
12602,4195,31,3,287.81,57.56
12603,4195,48,2,333.72,33.37
12604,4196,123,1,77.17,11.58
12605,4197,63,4,142.21,0.0
12606,4198,96,3,498.77,0.0
12607,4198,105,2,223.61,22.36
12608,4198,108,3,294.36,0.0
12609,4198,126,4,131.53,0.0
12610,4199,77,1,208.09,41.62
12611,4199,12,3,76.22,0.0
12612,4199,15,3,350.02,52.5
12613,4200,67,1,351.2,70.24
12614,4200,4,4,273.69,41.05
12615,4201,31,4,287.81,0.0
12616,4201,149,1,499.81,0.0
12617,4201,15,2,350.02,70.0
12618,4202,126,2,131.53,19.73
12619,4202,115,4,377.52,0.0
12620,4202,31,3,287.81,57.56
12621,4202,92,3,218.76,32.81
12622,4203,34,1,22.78,3.42
12623,4204,79,3,190.04,28.51
12624,4204,99,1,325.08,0.0
12625,4205,19,2,488.22,0.0
12626,4205,64,1,64.91,0.0
12627,4205,140,2,224.28,0.0
