order_id,customer_id,order_date,status,channel
1,1,2025-10-18,completed,mobile
2,1,2025-12-16,completed,web
3,2,2025-09-29,completed,web
4,2,2024-12-23,cancelled,web
5,2,2025-04-30,completed,web
6,3,2025-12-29,completed,web
7,3,2025-12-04,completed,mobile
8,3,2025-12-01,completed,web
9,3,2025-10-31,completed,mobile
10,3,2025-11-03,completed,web
11,3,2025-11-24,pending,web
12,3,2025-11-09,completed,mobile
13,3,2025-12-07,completed,web
14,4,2024-07-25,completed,marketplace
15,4,2025-08-01,pending,web
16,4,2024-09-23,completed,web
17,5,2024-06-14,completed,mobile
18,7,2025-07-19,completed,mobile
19,7,2025-03-13,refunded,marketplace
20,7,2025-11-05,completed,web
21,7,2024-08-21,completed,web
22,7,2024-08-15,completed,mobile
23,8,2025-09-25,completed,marketplace
24,8,2025-09-10,completed,marketplace
25,9,2025-06-22,completed,web
26,10,2025-12-27,completed,marketplace
27,11,2025-11-16,completed,web
28,11,2025-12-27,completed,mobile
29,11,2025-10-25,cancelled,mobile
30,11,2025-10-28,completed,web
31,11,2025-12-17,completed,web
32,12,2025-12-11,completed,marketplace
33,13,2025-11-05,completed,web
34,14,2025-12-07,completed,web
35,14,2025-12-24,pending,web
36,16,2025-08-05,completed,mobile
37,17,2025-09-18,completed,web
38,17,2025-03-23,completed,mobile
39,17,2025-05-11,completed,web
40,17,2024-07-31,completed,mobile
41,17,2025-11-12,completed,web
42,17,2025-04-11,completed,mobile
43,17,2025-08-09,cancelled,web
44,17,2024-12-29,completed,web
45,18,2025-07-26,completed,mobile
46,18,2025-10-10,completed,web
47,18,2025-08-01,completed,mobile
48,19,2025-10-04,completed,mobile
49,20,2025-07-03,completed,mobile
50,20,2025-02-24,completed,web
51,20,2024-04-13,completed,mobile
52,20,2025-02-12,completed,web
53,20,2024-05-24,refunded,web
54,21,2025-08-30,completed,web
55,21,2025-02-07,completed,web
56,21,2025-12-31,completed,marketplace
57,21,2025-04-27,completed,web
58,21,2025-12-19,completed,mobile
59,21,2025-05-23,refunded,web
60,21,2025-10-20,completed,web
61,21,2025-02-16,completed,web
62,22,2024-08-24,completed,mobile
63,22,2025-09-17,refunded,web
64,22,2025-04-01,completed,marketplace
65,24,2025-10-13,cancelled,mobile
66,25,2025-05-17,pending,web
67,25,2025-09-27,completed,mobile
68,25,2025-05-07,completed,web
69,26,2025-04-29,completed,web
70,27,2025-05-18,completed,web
71,28,2025-11-19,cancelled,web
72,28,2024-12-23,completed,mobile
73,30,2025-09-27,completed,web
74,30,2025-05-12,completed,marketplace
75,30,2025-10-11,completed,web
76,31,2024-12-25,completed,mobile
77,31,2025-10-24,completed,web
78,32,2024-06-06,pending,web
79,32,2024-05-20,completed,web
80,32,2024-08-31,completed,mobile
81,32,2024-05-23,completed,web
82,32,2024-10-02,completed,web
83,33,2024-11-11,refunded,web
84,33,2025-05-11,completed,marketplace
85,34,2025-08-16,completed,web
86,35,2025-12-30,completed,mobile
87,35,2025-12-31,completed,mobile
88,36,2025-01-07,completed,mobile
89,37,2025-05-03,completed,marketplace
90,37,2025-07-21,completed,web
91,38,2025-12-31,completed,marketplace
92,39,2025-03-19,completed,mobile
93,39,2025-08-21,completed,web
94,39,2025-09-16,completed,mobile
95,39,2025-04-16,completed,mobile
96,39,2025-04-01,completed,web
97,40,2024-10-26,completed,web
98,41,2025-05-17,completed,web
99,41,2025-02-11,completed,mobile
100,41,2025-11-09,completed,mobile
101,42,2025-12-29,completed,web
102,43,2025-10-19,completed,marketplace
103,43,2025-12-31,pending,web
104,44,2025-09-23,completed,mobile
105,44,2025-09-16,completed,web
106,44,2025-12-09,refunded,web
107,45,2025-12-12,completed,web
108,45,2025-04-26,completed,mobile
109,45,2025-07-28,completed,web
110,45,2024-08-18,completed,web
111,45,2024-09-19,completed,web
112,46,2025-12-16,completed,web
113,46,2025-12-30,cancelled,mobile
114,46,2025-12-21,pending,web
115,47,2024-12-20,completed,web
116,47,2024-09-11,completed,web
117,48,2025-12-27,completed,mobile
118,48,2025-12-27,completed,web
119,48,2025-11-02,pending,marketplace
120,48,2025-12-23,completed,mobile
121,48,2025-12-11,pending,mobile
122,49,2025-02-28,completed,web
123,50,2025-09-22,completed,web
124,50,2025-12-27,completed,web
125,50,2025-08-05,completed,web
126,51,2024-09-03,completed,web
127,51,2025-12-02,completed,web
128,51,2024-11-08,completed,web
129,51,2025-05-15,refunded,web
130,51,2024-10-23,completed,mobile
131,51,2025-02-01,completed,mobile
132,51,2024-09-26,completed,mobile
133,51,2025-12-02,completed,mobile
134,51,2025-04-02,completed,mobile
135,51,2025-11-23,completed,mobile
136,51,2025-10-25,completed,web
137,51,2025-09-03,completed,mobile
138,51,2024-08-10,completed,web
139,51,2025-06-01,completed,web
140,51,2024-07-12,completed,web
141,52,2025-04-11,completed,mobile
142,53,2025-06-18,cancelled,web
143,53,2025-03-24,refunded,web
144,53,2025-06-13,refunded,mobile
145,53,2024-10-11,completed,web
146,53,2024-10-25,refunded,mobile
147,54,2025-09-07,completed,mobile
148,55,2025-12-05,completed,web
149,56,2025-10-12,completed,mobile
150,57,2024-01-12,completed,mobile
151,58,2025-07-28,completed,web
152,59,2025-10-24,completed,marketplace
153,59,2025-12-03,cancelled,web
154,59,2025-05-11,completed,mobile
155,59,2025-09-11,completed,mobile
156,59,2025-08-30,completed,web
157,59,2025-06-10,completed,mobile
158,59,2025-10-07,completed,mobile
159,59,2025-11-19,completed,mobile
160,60,2025-07-30,completed,web
161,61,2025-04-15,completed,mobile
162,61,2025-01-22,cancelled,web
163,61,2025-03-30,completed,web
164,62,2024-08-17,completed,web
165,65,2024-11-07,completed,marketplace
166,68,2025-12-03,completed,web
167,69,2024-08-27,completed,web
168,69,2025-06-10,refunded,mobile
169,70,2024-10-16,completed,web
170,70,2024-11-08,completed,mobile
171,70,2025-07-20,cancelled,web
172,70,2025-04-13,completed,mobile
173,70,2025-09-10,completed,web
174,70,2025-10-21,cancelled,mobile
175,70,2025-11-30,completed,mobile
176,70,2025-03-15,cancelled,web
177,71,2025-05-09,completed,mobile
178,71,2025-12-15,cancelled,web
179,72,2025-04-07,completed,web
180,73,2025-02-05,completed,mobile
181,75,2025-12-01,refunded,web
182,76,2025-08-22,completed,web
183,76,2025-06-10,refunded,web
184,76,2025-04-24,pending,mobile
185,76,2025-07-23,pending,mobile
186,76,2025-04-11,completed,web
187,76,2024-11-24,completed,mobile
188,76,2025-11-27,pending,marketplace
189,76,2025-01-17,completed,web
190,77,2025-10-31,refunded,web
191,78,2025-08-26,completed,web
192,78,2025-11-17,completed,mobile
193,79,2025-01-19,completed,mobile
194,79,2025-11-26,completed,web
195,79,2024-09-28,completed,mobile
196,79,2024-09-28,completed,marketplace
197,79,2025-10-19,completed,web
198,79,2025-12-16,completed,mobile
199,79,2024-05-12,completed,web
200,79,2024-03-23,completed,mobile
201,79,2024-07-08,completed,mobile
202,79,2024-08-29,completed,web
203,79,2025-05-18,completed,web
204,79,2025-12-26,completed,mobile
205,79,2025-03-14,completed,marketplace
206,79,2025-11-26,completed,web
207,79,2025-03-31,completed,mobile
208,81,2025-11-27,completed,mobile
209,81,2025-12-25,completed,web
210,82,2025-12-17,completed,mobile
211,82,2025-12-27,completed,marketplace
212,82,2025-12-30,cancelled,web
213,83,2024-09-11,completed,marketplace
214,84,2024-04-20,completed,web
215,86,2024-08-16,cancelled,mobile
216,87,2024-09-18,refunded,mobile
217,87,2025-08-14,completed,web
218,87,2025-01-27,completed,mobile
219,87,2025-05-22,completed,mobile
220,87,2024-08-01,refunded,web
221,88,2025-11-15,cancelled,mobile
222,88,2025-10-20,completed,mobile
223,88,2025-04-02,pending,mobile
224,88,2025-12-14,completed,mobile
225,88,2025-09-03,completed,web
226,89,2024-10-17,completed,mobile
227,89,2025-10-09,completed,web
228,89,2025-02-16,pending,mobile
229,89,2024-10-10,cancelled,web
230,89,2025-03-16,completed,web
231,89,2024-08-30,completed,web
232,89,2025-12-15,completed,mobile
233,89,2024-08-09,completed,web
234,90,2025-12-31,completed,web
235,90,2025-12-25,completed,web
236,90,2025-12-20,completed,marketplace
237,90,2025-12-11,completed,web
238,90,2025-11-09,refunded,mobile
239,91,2025-03-06,completed,mobile
240,92,2025-09-11,completed,web
241,92,2025-10-12,completed,web
242,93,2025-12-15,completed,web
243,93,2024-09-16,completed,marketplace
244,94,2025-12-05,completed,mobile
245,95,2025-07-09,completed,web
246,95,2025-09-25,completed,web
247,95,2025-10-08,completed,web
248,95,2025-12-09,refunded,mobile
249,95,2025-09-11,completed,marketplace
250,96,2025-04-21,completed,web
251,96,2025-04-25,completed,mobile
252,96,2025-02-03,completed,mobile
253,96,2025-03-12,refunded,mobile
254,96,2025-09-30,completed,web
255,96,2025-10-18,completed,web
256,96,2025-12-02,completed,mobile
257,96,2025-01-14,completed,web
258,97,2025-09-07,completed,web
259,97,2025-07-22,completed,web
260,98,2025-08-16,completed,web
261,98,2025-07-22,completed,web
262,98,2024-10-14,completed,web
263,98,2025-06-16,completed,web
264,98,2024-09-17,cancelled,web
265,98,2024-11-28,completed,mobile
266,98,2025-08-30,completed,web
267,98,2024-11-26,completed,mobile
268,98,2025-08-25,completed,mobile
269,98,2025-12-28,completed,web
270,98,2025-04-18,completed,web
271,98,2024-10-04,completed,web
272,98,2025-08-03,completed,mobile
273,98,2024-11-17,completed,mobile
274,98,2025-03-29,completed,mobile
275,99,2025-06-15,completed,web
276,99,2025-03-07,completed,mobile
277,100,2024-09-08,cancelled,web
278,101,2025-12-29,completed,mobile
279,101,2025-10-19,cancelled,marketplace
280,101,2025-11-02,cancelled,mobile
281,102,2025-06-24,completed,web
282,102,2025-01-19,cancelled,web
283,102,2025-11-16,completed,mobile
284,102,2025-01-18,pending,mobile
285,102,2025-10-07,cancelled,web
286,103,2025-12-18,completed,web
287,104,2024-08-22,completed,mobile
288,105,2024-10-18,completed,mobile
289,105,2024-11-14,completed,marketplace
290,106,2025-11-19,completed,web
291,106,2025-05-18,completed,web
292,106,2025-09-20,completed,web
293,107,2025-01-26,completed,mobile
294,108,2025-09-01,completed,web
295,108,2025-11-02,completed,mobile
296,109,2025-11-20,cancelled,web
297,109,2025-12-11,refunded,web
298,110,2025-03-02,completed,mobile
299,111,2025-04-29,completed,mobile
300,111,2025-10-06,refunded,web
301,111,2025-01-12,completed,web
302,112,2024-09-05,completed,web
303,112,2025-01-08,completed,web
304,112,2024-06-27,completed,web
305,112,2025-07-14,completed,web
306,112,2025-03-31,cancelled,web
307,112,2025-04-24,completed,marketplace
308,112,2025-11-02,completed,marketplace
309,112,2024-10-17,completed,mobile
310,113,2025-10-10,refunded,web
311,113,2025-08-27,completed,web
312,113,2025-08-16,completed,marketplace
313,113,2025-04-26,completed,web
314,113,2025-12-24,completed,marketplace
315,113,2025-07-05,refunded,web
316,113,2025-03-06,cancelled,web
317,113,2025-05-13,completed,web
318,114,2025-08-04,cancelled,mobile
319,115,2025-03-15,completed,web
320,115,2025-03-14,completed,mobile
321,116,2025-08-05,completed,mobile
322,116,2025-09-12,cancelled,mobile
323,116,2025-07-02,completed,mobile
324,116,2025-07-03,completed,web
325,116,2025-10-30,completed,web
326,116,2025-10-19,completed,web
327,116,2025-11-07,completed,mobile
328,116,2025-08-13,completed,mobile
329,116,2025-11-10,completed,mobile
330,116,2025-08-24,completed,mobile
331,116,2025-09-12,refunded,web
332,116,2025-12-29,completed,web
333,116,2025-08-24,completed,web
334,116,2025-08-20,completed,mobile
335,116,2025-08-20,cancelled,web
336,117,2025-12-20,completed,web
337,117,2025-08-28,completed,web
338,117,2025-12-09,completed,web
339,118,2025-09-12,completed,mobile
340,119,2025-10-27,refunded,web
341,119,2025-04-10,completed,web
342,119,2024-11-12,completed,mobile
343,119,2025-11-20,completed,mobile
344,119,2025-01-27,completed,web
345,119,2025-09-13,completed,marketplace
346,119,2025-06-11,completed,web
347,119,2025-01-20,completed,mobile
348,119,2025-04-26,completed,web
349,119,2025-11-17,completed,web
350,119,2024-12-02,completed,web
351,119,2025-10-11,pending,web
352,119,2025-08-23,completed,web
353,119,2025-03-08,completed,web
354,119,2025-12-08,completed,web
355,120,2025-04-23,completed,mobile
356,120,2025-02-22,completed,web
357,120,2025-03-19,completed,web
358,120,2025-10-18,completed,mobile
359,120,2025-02-22,completed,mobile
360,121,2025-10-06,completed,mobile
361,121,2025-10-20,completed,mobile
362,121,2025-09-08,completed,web
363,121,2025-09-27,completed,web
364,121,2025-09-30,completed,mobile
365,121,2025-10-25,completed,web
366,121,2025-11-08,cancelled,web
367,121,2025-09-26,refunded,web
368,122,2025-02-03,completed,web
369,122,2025-04-02,refunded,marketplace
370,122,2025-09-04,completed,mobile
371,122,2024-09-24,completed,web
372,122,2025-01-11,cancelled,marketplace
373,123,2025-11-13,refunded,web
374,124,2025-12-27,completed,web
375,124,2025-12-17,completed,web
376,125,2025-12-31,completed,marketplace
377,125,2025-12-30,completed,web
378,125,2025-12-28,cancelled,web
379,126,2025-03-04,completed,marketplace
380,126,2025-07-12,completed,web
381,126,2025-04-15,completed,mobile
382,127,2025-09-06,completed,mobile
383,127,2025-09-15,completed,web
384,127,2025-08-06,completed,web
385,128,2025-06-10,completed,mobile
386,129,2024-08-02,cancelled,mobile
387,129,2025-11-02,completed,mobile
388,130,2024-11-17,completed,mobile
389,130,2025-08-18,completed,web
390,131,2025-03-06,completed,web
391,131,2025-09-24,completed,web
392,131,2025-02-28,completed,web
393,131,2025-09-09,cancelled,web
394,131,2025-03-30,completed,mobile
395,132,2024-05-17,completed,web
396,132,2025-02-20,completed,mobile
397,132,2024-03-12,completed,web
398,132,2024-05-29,completed,web
399,132,2025-11-15,completed,web
400,132,2025-05-03,completed,web
401,132,2025-04-19,completed,marketplace
402,132,2024-08-08,completed,web
403,133,2025-12-26,cancelled,web
404,133,2025-12-24,completed,web
405,134,2025-12-23,completed,web
406,134,2025-11-22,cancelled,mobile
407,134,2025-11-16,completed,marketplace
408,134,2025-10-19,completed,web
409,134,2025-09-19,completed,mobile
410,134,2025-10-12,pending,mobile
411,134,2025-11-02,completed,web
412,134,2025-12-18,completed,web
413,135,2025-07-09,completed,web
414,135,2024-10-28,refunded,web
415,136,2025-07-28,refunded,mobile
416,137,2025-01-06,completed,mobile
417,137,2025-10-17,completed,web
418,137,2025-04-14,completed,mobile
419,139,2025-12-21,completed,mobile
420,139,2025-12-14,completed,mobile
421,139,2025-12-08,completed,mobile
422,139,2025-12-04,completed,web
423,139,2025-12-04,completed,mobile
424,140,2025-07-28,completed,mobile
425,140,2025-03-12,completed,mobile
426,140,2025-08-30,completed,mobile
427,140,2025-11-22,completed,web
428,140,2025-03-01,cancelled,marketplace
429,141,2024-05-25,completed,web
430,141,2024-05-12,completed,mobile
431,143,2025-10-10,completed,mobile
432,144,2025-12-18,completed,mobile
433,144,2025-11-22,completed,marketplace
434,145,2025-09-19,completed,marketplace
435,145,2025-09-15,refunded,web
436,145,2025-09-23,completed,web
437,145,2025-11-18,pending,web
438,145,2025-12-01,completed,mobile
439,145,2025-10-07,completed,marketplace
440,145,2025-10-22,refunded,web
441,145,2025-07-11,completed,marketplace
442,145,2025-09-09,completed,web
443,145,2025-08-13,completed,web
444,145,2025-08-03,completed,mobile
445,145,2025-07-01,completed,mobile
446,145,2025-08-07,completed,web
447,145,2025-08-15,completed,marketplace
448,145,2025-11-26,completed,mobile
449,146,2025-12-21,completed,mobile
450,146,2025-12-15,completed,marketplace
451,146,2025-12-26,completed,mobile
452,147,2025-07-05,completed,mobile
453,147,2025-09-17,cancelled,web
454,149,2025-12-06,completed,web
455,151,2025-02-08,pending,web
456,151,2025-04-10,cancelled,web
457,151,2025-02-10,cancelled,mobile
458,152,2024-12-23,completed,web
459,152,2025-12-05,refunded,web
460,152,2025-06-20,completed,web
461,153,2025-01-18,completed,marketplace
462,153,2025-05-16,cancelled,mobile
463,153,2025-03-12,completed,marketplace
464,153,2025-08-21,completed,web
465,153,2024-09-08,completed,mobile
466,153,2025-08-14,completed,mobile
467,153,2025-07-09,completed,web
468,153,2024-07-13,completed,mobile
469,154,2025-12-28,completed,web
470,154,2025-12-17,completed,web
471,154,2025-09-28,completed,web
472,154,2025-09-23,completed,web
473,154,2025-10-27,completed,web
474,154,2025-09-05,completed,web
475,154,2025-09-30,completed,web
476,154,2025-09-26,completed,web
477,155,2025-02-26,completed,web
478,156,2024-12-25,pending,mobile
479,156,2025-09-07,completed,web
480,157,2025-10-29,refunded,web
481,157,2024-11-05,completed,mobile
482,157,2025-02-17,completed,web
483,158,2025-11-28,cancelled,web
484,158,2025-12-01,completed,web
485,159,2025-07-31,completed,web
486,161,2025-10-25,completed,marketplace
487,162,2025-10-30,completed,mobile
488,162,2025-11-22,completed,mobile
489,162,2025-08-15,completed,mobile
490,162,2025-12-26,completed,mobile
491,162,2025-07-17,cancelled,web
492,162,2025-11-28,completed,mobile
493,162,2025-07-31,completed,web
494,162,2025-09-08,completed,web
495,163,2025-09-13,completed,web
496,163,2025-08-13,completed,mobile
497,164,2025-10-31,completed,marketplace
498,165,2025-12-28,completed,web
499,165,2025-12-28,completed,web
500,165,2025-12-29,completed,mobile
501,166,2025-02-11,completed,mobile
502,167,2025-11-24,completed,web
503,167,2025-09-29,completed,mobile
504,167,2025-10-18,completed,marketplace
505,167,2025-12-19,completed,web
506,167,2025-09-24,completed,web
507,168,2025-09-28,completed,web
508,168,2025-08-12,completed,web
509,168,2025-06-26,completed,mobile
510,168,2025-11-19,completed,web
511,168,2025-05-10,cancelled,web
512,168,2025-10-19,completed,mobile
513,168,2025-06-17,cancelled,mobile
514,168,2025-07-28,refunded,mobile
515,169,2025-08-31,completed,mobile
516,169,2025-11-04,completed,marketplace
517,169,2025-12-28,completed,web
518,170,2025-12-01,completed,web
519,171,2025-07-03,completed,web
520,171,2025-01-05,completed,web
521,171,2025-09-09,completed,web
522,171,2025-02-13,completed,web
523,171,2025-02-07,completed,mobile
524,171,2025-07-21,completed,web
525,171,2025-04-18,completed,web
526,171,2025-03-16,completed,web
527,172,2025-12-31,completed,web
528,172,2025-12-08,pending,mobile
529,173,2025-06-07,completed,web
530,174,2025-03-15,completed,web
531,175,2025-07-30,completed,web
532,175,2025-05-30,completed,web
533,175,2025-06-05,completed,marketplace
534,176,2025-05-22,cancelled,mobile
535,176,2025-04-15,completed,web
536,177,2025-05-16,completed,mobile
537,177,2025-08-06,refunded,web
538,178,2025-07-30,completed,mobile
539,178,2025-08-10,completed,web
540,178,2025-03-09,completed,web
541,180,2025-08-21,completed,marketplace
542,180,2025-11-25,pending,web
543,180,2025-10-24,completed,mobile
544,180,2025-09-04,completed,mobile
545,180,2025-10-03,completed,mobile
546,180,2025-11-29,completed,marketplace
547,180,2025-11-14,completed,mobile
548,180,2025-09-05,cancelled,mobile
549,182,2025-11-21,completed,web
550,182,2025-11-13,completed,web
551,183,2024-12-11,completed,web
552,183,2025-01-09,completed,web
553,183,2025-06-13,completed,web
554,183,2025-11-29,completed,web
555,183,2025-04-18,completed,mobile
556,183,2025-04-20,completed,web
557,183,2025-04-25,completed,mobile
558,183,2025-05-22,completed,web
559,184,2025-06-01,completed,web
560,185,2025-01-13,completed,mobile
561,185,2024-11-10,completed,web
562,186,2025-05-04,cancelled,mobile
563,186,2025-03-26,completed,mobile
564,186,2025-06-06,completed,mobile
565,186,2025-03-29,completed,mobile
566,186,2025-05-20,completed,mobile
567,187,2025-02-07,completed,mobile
568,187,2025-04-22,completed,web
569,188,2025-08-04,completed,web
570,188,2025-10-08,completed,web
571,188,2025-10-28,completed,web
572,188,2025-10-15,refunded,marketplace
573,188,2025-02-02,completed,web
574,190,2025-04-29,completed,mobile
575,191,2024-07-08,completed,web
576,191,2024-09-21,completed,web
577,192,2025-05-24,completed,web
578,192,2025-08-26,completed,marketplace
579,192,2025-08-15,cancelled,web
580,192,2025-04-07,completed,web
581,192,2025-07-07,completed,marketplace
582,193,2025-10-04,completed,web
583,193,2025-10-22,completed,mobile
584,194,2025-12-04,cancelled,marketplace
585,194,2025-12-25,completed,mobile
586,194,2025-10-22,completed,web
587,195,2025-09-07,completed,web
588,196,2025-06-21,completed,web
589,197,2024-06-15,cancelled,web
590,198,2025-07-14,completed,web
591,199,2025-12-30,completed,web
592,199,2025-12-31,completed,mobile
593,199,2025-12-29,cancelled,mobile
594,199,2025-12-30,cancelled,mobile
595,199,2025-12-31,refunded,mobile
596,199,2025-12-30,completed,marketplace
597,199,2025-12-28,completed,web
598,199,2025-12-27,completed,mobile
599,200,2024-12-31,completed,mobile
600,201,2025-12-01,completed,web
601,201,2025-08-25,completed,web
602,201,2025-02-11,completed,web
603,202,2025-10-30,cancelled,web
604,202,2025-11-15,completed,mobile
605,203,2025-05-31,completed,mobile
606,203,2025-12-09,completed,mobile
607,204,2025-08-20,completed,mobile
608,204,2025-07-25,completed,marketplace
609,204,2025-08-30,completed,mobile
610,204,2025-09-26,completed,web
611,204,2025-12-17,completed,web
612,205,2024-08-19,completed,mobile
613,205,2024-07-14,pending,web
614,205,2025-03-22,completed,mobile
615,205,2025-08-01,pending,mobile
616,205,2025-05-17,completed,web
617,205,2025-02-17,completed,mobile
618,205,2025-07-14,completed,web
619,205,2025-11-16,cancelled,web
620,206,2025-12-09,completed,web
621,206,2025-06-26,cancelled,web
622,206,2025-10-03,cancelled,mobile
623,207,2025-11-01,pending,web
624,207,2024-11-24,completed,mobile
625,207,2025-02-08,completed,web
626,208,2025-10-20,completed,web
627,208,2025-10-18,refunded,mobile
628,208,2025-12-05,cancelled,web
629,208,2025-12-06,completed,mobile
630,208,2025-10-24,completed,web
631,209,2024-10-30,completed,web
632,209,2025-03-16,completed,mobile
633,210,2024-06-07,completed,web
634,210,2024-06-19,completed,marketplace
635,211,2025-07-04,completed,web
636,211,2025-05-22,completed,web
637,212,2025-09-11,completed,mobile
638,212,2025-11-22,completed,web
639,212,2025-09-26,completed,mobile
640,213,2025-08-15,completed,mobile
641,213,2024-12-01,completed,web
642,214,2025-04-22,completed,mobile
643,214,2025-10-14,completed,mobile
644,214,2025-06-08,completed,mobile
645,214,2025-04-02,completed,mobile
646,214,2025-03-28,cancelled,web
647,214,2025-06-19,completed,web
648,214,2025-06-04,cancelled,web
649,214,2025-08-03,completed,marketplace
650,215,2024-12-30,pending,mobile
651,215,2025-07-07,completed,web
652,216,2025-03-15,refunded,web
653,216,2025-12-08,refunded,mobile
654,217,2025-09-02,completed,web
655,217,2025-12-11,completed,mobile
656,217,2025-08-12,completed,web
657,217,2025-09-10,cancelled,web
658,217,2025-11-20,completed,web
659,217,2025-12-15,completed,marketplace
660,217,2025-09-18,completed,mobile
661,217,2025-07-28,completed,web
662,218,2025-05-19,completed,web
663,219,2025-06-19,completed,marketplace
664,220,2025-09-01,completed,web
665,221,2024-10-02,completed,marketplace
666,221,2024-12-14,completed,web
667,222,2025-04-09,completed,web
668,223,2025-11-16,completed,web
669,223,2025-11-14,completed,web
670,224,2025-11-09,completed,web
671,225,2024-12-03,completed,mobile
672,225,2025-03-31,completed,marketplace
673,225,2024-09-27,completed,mobile
674,225,2024-05-30,completed,web
675,225,2025-11-08,completed,mobile
676,226,2025-12-16,completed,web
677,226,2025-08-03,completed,mobile
678,227,2025-09-21,completed,mobile
679,227,2025-05-16,completed,mobile
680,227,2025-02-04,completed,web
681,227,2025-08-19,completed,web
682,227,2025-02-26,completed,mobile
683,227,2025-11-11,completed,mobile
684,227,2025-08-25,completed,web
685,227,2025-08-17,cancelled,marketplace
686,227,2025-08-06,completed,marketplace
687,227,2025-11-03,completed,mobile
688,227,2025-09-22,completed,web
689,227,2025-01-19,completed,web
690,227,2025-10-17,completed,web
691,227,2025-05-08,completed,web
692,227,2025-08-26,completed,mobile
693,228,2025-09-17,completed,web
694,228,2025-12-03,completed,mobile
695,229,2025-01-01,completed,web
696,229,2024-08-28,completed,web
697,229,2025-05-28,completed,marketplace
698,229,2025-10-03,completed,mobile
699,229,2025-04-07,completed,web
700,230,2025-11-30,completed,web
701,230,2025-07-30,completed,web
702,231,2025-07-05,completed,web
703,231,2025-05-27,cancelled,mobile
704,232,2025-07-23,completed,web
705,233,2025-02-28,completed,mobile
706,234,2025-09-10,completed,web
707,234,2025-03-06,completed,web
708,235,2024-06-20,completed,mobile
709,235,2024-12-26,cancelled,mobile
710,236,2025-05-22,completed,web
711,236,2025-01-06,completed,mobile
712,237,2025-07-18,completed,mobile
713,238,2024-03-27,completed,web
714,238,2024-12-24,completed,web
715,238,2025-11-11,cancelled,mobile
716,238,2025-05-28,completed,mobile
717,238,2025-12-19,completed,web
718,238,2025-03-31,refunded,web
719,238,2025-03-29,completed,web
720,238,2024-05-24,cancelled,mobile
721,239,2025-08-30,completed,mobile
722,239,2024-03-22,completed,web
723,239,2024-10-05,cancelled,web
724,240,2025-11-02,completed,mobile
725,240,2025-05-06,completed,web
726,240,2025-12-12,completed,web
727,241,2025-12-29,completed,web
728,241,2025-12-08,cancelled,mobile
729,241,2025-10-21,completed,marketplace
730,241,2025-11-02,refunded,web
731,241,2025-12-06,completed,web
732,243,2025-12-17,completed,web
733,243,2025-06-04,completed,marketplace
734,243,2025-11-13,completed,mobile
735,245,2025-02-26,completed,web
736,245,2024-07-13,completed,mobile
737,247,2024-07-23,completed,mobile
738,247,2024-05-31,completed,mobile
739,247,2024-11-06,completed,web
740,247,2024-06-08,completed,web
741,247,2025-05-06,completed,web
742,248,2025-04-10,completed,web
743,249,2025-12-18,refunded,mobile
744,249,2025-01-27,refunded,web
745,250,2025-10-24,completed,mobile
746,250,2025-09-01,cancelled,mobile
747,251,2024-11-12,completed,web
748,251,2025-04-22,completed,web
749,251,2025-05-29,completed,web
750,252,2025-08-30,completed,mobile
751,252,2025-11-10,completed,marketplace
752,253,2025-09-23,completed,mobile
753,253,2025-10-06,cancelled,marketplace
754,253,2025-12-26,cancelled,web
755,253,2025-11-13,completed,web
756,253,2025-12-18,completed,web
757,253,2025-11-19,cancelled,web
758,253,2025-09-30,completed,web
759,253,2025-11-09,completed,mobile
760,254,2025-11-13,completed,mobile
761,255,2025-05-09,completed,web
762,255,2025-10-18,completed,mobile
763,255,2025-05-31,completed,marketplace
764,255,2025-11-21,completed,web
765,255,2025-04-16,completed,marketplace
766,255,2025-04-07,completed,web
767,255,2025-12-24,completed,mobile
768,255,2025-05-06,cancelled,marketplace
769,255,2025-05-08,completed,web
770,255,2025-05-06,completed,web
771,255,2025-11-25,completed,web
772,255,2025-06-23,completed,mobile
773,255,2025-12-31,completed,web
774,255,2025-04-25,completed,web
775,255,2025-11-30,completed,web
776,256,2025-08-20,refunded,web
777,257,2025-02-10,completed,web
778,257,2024-10-03,completed,marketplace
779,258,2025-10-01,completed,mobile
780,258,2025-08-17,completed,mobile
781,258,2025-10-13,completed,web
782,259,2025-10-15,refunded,web
783,259,2025-07-04,refunded,web
784,260,2025-01-14,completed,web
785,260,2025-01-11,refunded,web
786,260,2024-10-06,completed,web
787,260,2025-01-15,completed,mobile
788,260,2025-12-03,completed,web
789,261,2025-11-14,completed,mobile
790,262,2024-08-18,completed,mobile
791,262,2025-07-27,completed,marketplace
792,262,2025-02-02,completed,mobile
793,262,2024-07-08,completed,web
794,262,2025-09-16,completed,web
795,264,2025-03-27,completed,marketplace
796,265,2024-11-30,completed,web
797,265,2025-04-30,completed,web
798,266,2025-03-18,completed,web
799,266,2025-11-02,completed,web
800,266,2025-08-29,completed,marketplace
801,266,2025-07-14,pending,mobile
802,266,2025-06-28,completed,mobile
803,267,2025-01-11,completed,web
804,267,2025-07-30,pending,web
805,267,2025-09-28,refunded,web
806,268,2025-11-08,completed,marketplace
807,268,2024-11-07,completed,web
808,268,2025-05-27,completed,mobile
809,269,2025-03-17,completed,marketplace
810,269,2025-03-18,cancelled,mobile
811,270,2025-10-19,completed,web
812,271,2025-03-15,completed,web
813,272,2025-01-26,completed,mobile
814,273,2024-11-09,completed,web
815,273,2024-09-10,completed,web
816,273,2024-10-30,completed,web
817,273,2025-11-20,completed,mobile
818,273,2025-09-08,completed,mobile
819,274,2024-11-12,completed,mobile
820,274,2025-08-08,completed,marketplace
821,274,2025-10-30,completed,web
822,275,2025-10-26,completed,web
823,275,2025-02-28,completed,mobile
824,275,2024-10-17,cancelled,marketplace
825,275,2025-05-12,refunded,web
826,275,2025-08-01,completed,web
827,276,2025-07-09,completed,web
828,276,2025-10-13,completed,web
829,276,2024-11-09,completed,mobile
830,277,2025-06-04,refunded,web
831,277,2025-09-13,cancelled,web
832,278,2025-12-04,completed,web
833,279,2025-06-28,completed,mobile
834,280,2025-11-17,completed,web
835,280,2025-11-27,completed,mobile
836,280,2025-10-31,completed,web
837,280,2025-11-16,completed,web
838,280,2025-12-09,completed,web
839,281,2025-03-14,completed,mobile
840,282,2025-06-28,refunded,web
841,282,2025-08-24,completed,web
842,283,2025-10-28,refunded,web
843,283,2025-02-25,completed,web
844,283,2025-06-23,completed,mobile
845,283,2025-10-29,completed,web
846,283,2024-05-25,completed,mobile
847,284,2025-04-04,completed,web
848,284,2025-07-05,completed,mobile
849,284,2025-09-04,completed,web
850,285,2025-12-30,completed,web
851,285,2025-08-09,completed,mobile
852,286,2025-03-20,completed,web
853,286,2024-06-09,completed,web
854,287,2025-09-08,completed,web
855,287,2025-08-16,completed,web
856,287,2025-08-07,completed,web
857,288,2024-11-25,completed,web
858,289,2025-09-09,completed,web
859,290,2025-12-30,completed,mobile
860,290,2025-11-26,completed,web
861,290,2025-12-07,completed,web
862,291,2025-08-05,completed,mobile
863,291,2025-12-07,cancelled,mobile
864,291,2025-11-29,refunded,web
865,291,2025-09-25,completed,web
866,291,2025-07-27,completed,mobile
867,292,2025-05-16,completed,mobile
868,292,2025-09-15,refunded,marketplace
869,293,2025-05-05,cancelled,mobile
870,293,2025-05-16,completed,mobile
871,294,2025-12-28,completed,mobile
872,294,2025-12-31,cancelled,web
873,296,2025-04-30,completed,mobile
874,296,2025-07-22,completed,marketplace
875,298,2025-08-09,completed,mobile
876,298,2024-12-07,completed,web
877,298,2025-11-24,completed,web
878,299,2025-04-21,completed,web
879,300,2025-08-12,completed,web
880,300,2025-06-26,pending,marketplace
881,300,2025-04-07,completed,web
882,301,2025-10-25,completed,web
883,301,2025-11-18,completed,mobile
884,301,2025-12-30,completed,mobile
885,301,2025-10-25,completed,web
886,301,2025-10-28,completed,web
887,301,2025-09-17,completed,mobile
888,301,2025-10-05,completed,mobile
889,301,2025-12-09,completed,mobile
890,302,2025-09-10,completed,mobile
891,302,2025-09-29,completed,mobile
892,302,2025-11-29,completed,web
893,302,2025-10-08,completed,web
894,302,2025-10-12,completed,web
895,302,2025-09-06,completed,mobile
896,302,2025-09-04,cancelled,mobile
897,302,2025-10-23,completed,marketplace
898,303,2025-06-08,cancelled,web
899,304,2024-09-27,completed,marketplace
900,304,2025-02-25,completed,mobile
901,305,2024-12-07,cancelled,mobile
902,305,2024-11-04,completed,mobile
903,305,2025-01-29,completed,web
904,305,2025-10-26,completed,mobile
905,305,2024-08-04,completed,web
906,305,2024-10-04,cancelled,web
907,305,2025-08-13,completed,web
908,305,2025-03-05,completed,mobile
909,306,2025-12-09,completed,mobile
910,306,2025-12-15,completed,mobile
911,306,2025-12-23,pending,mobile
912,307,2024-10-24,completed,mobile
913,307,2025-04-19,completed,marketplace
914,308,2024-09-22,completed,web
915,308,2024-12-27,completed,web
916,309,2024-12-17,completed,web
917,309,2024-06-04,completed,mobile
918,309,2024-05-21,completed,web
919,309,2025-12-10,completed,web
920,309,2024-10-18,completed,web
921,309,2024-08-11,completed,web
922,309,2025-02-10,completed,mobile
923,309,2025-01-06,completed,web
924,310,2024-07-14,cancelled,mobile
925,311,2025-10-23,completed,web
926,311,2025-11-18,completed,web
927,311,2025-12-23,completed,web
928,311,2025-12-22,completed,mobile
929,311,2025-11-07,cancelled,mobile
930,311,2025-11-17,completed,web
931,311,2025-10-24,cancelled,mobile
932,311,2025-09-25,completed,web
933,311,2025-10-29,completed,web
934,311,2025-11-02,completed,marketplace
935,311,2025-11-10,completed,mobile
936,311,2025-12-23,completed,mobile
937,311,2025-11-27,completed,marketplace
938,311,2025-09-20,completed,web
939,311,2025-11-21,cancelled,mobile
940,312,2025-07-05,completed,web
941,312,2025-07-28,completed,web
942,312,2025-04-20,completed,mobile
943,313,2025-06-01,completed,web
944,313,2025-11-18,completed,web
945,313,2025-05-03,completed,marketplace
946,313,2025-09-18,cancelled,mobile
947,313,2025-06-23,completed,web
948,314,2025-05-04,pending,mobile
949,315,2025-11-10,completed,web
950,315,2025-11-24,completed,web
951,317,2025-08-17,completed,web
952,318,2024-05-10,completed,mobile
953,318,2025-03-19,cancelled,web
954,318,2025-08-12,completed,web
955,319,2025-07-19,completed,web
956,319,2024-12-14,completed,web
957,320,2025-09-27,completed,marketplace
958,321,2025-03-08,completed,web
959,321,2025-11-06,completed,web
960,321,2025-04-23,cancelled,web
961,322,2024-09-01,completed,web
962,323,2025-07-04,completed,web
963,323,2025-10-21,pending,web
964,324,2025-01-18,completed,mobile
965,325,2025-05-29,cancelled,mobile
966,326,2024-12-13,completed,mobile
967,326,2025-04-01,completed,mobile
968,327,2025-07-22,completed,web
969,327,2025-09-15,completed,web
970,327,2025-12-30,completed,mobile
971,327,2025-05-23,completed,web
972,327,2025-08-23,completed,web
973,327,2025-01-31,completed,marketplace
974,327,2025-04-09,completed,web
975,327,2025-04-29,completed,web
976,328,2025-12-19,completed,marketplace
977,328,2025-04-04,completed,mobile
978,328,2025-02-27,refunded,mobile
979,329,2025-09-14,completed,web
980,330,2025-12-27,pending,mobile
981,331,2025-10-17,completed,web
982,332,2025-10-05,completed,web
983,333,2025-12-24,completed,mobile
984,334,2025-04-12,cancelled,web
985,334,2024-09-01,completed,mobile
986,334,2025-06-27,completed,web
987,334,2025-09-10,completed,mobile
988,334,2025-02-06,pending,web
989,335,2025-08-30,completed,marketplace
990,336,2024-07-25,cancelled,marketplace
991,336,2025-06-01,completed,marketplace
992,336,2024-10-14,completed,web
993,336,2025-01-12,completed,web
994,336,2025-11-03,completed,mobile
995,336,2024-06-04,pending,mobile
996,336,2024-07-08,completed,mobile
997,336,2025-07-20,completed,web
998,337,2025-10-18,cancelled,mobile
999,337,2025-09-11,completed,mobile
1000,339,2025-10-23,completed,mobile
1001,341,2025-05-02,cancelled,marketplace
1002,341,2025-01-27,completed,web
1003,341,2025-02-12,completed,web
1004,341,2025-09-15,completed,web
1005,341,2025-12-10,completed,marketplace
1006,341,2025-02-08,pending,web
1007,341,2025-05-26,completed,web
1008,341,2025-12-01,completed,mobile
1009,342,2025-05-01,completed,web
1010,342,2025-06-08,completed,web
1011,342,2025-03-21,completed,mobile
1012,342,2024-12-15,completed,marketplace
1013,342,2025-08-30,completed,web
1014,342,2025-08-25,cancelled,mobile
1015,342,2024-07-31,completed,mobile
1016,342,2025-08-28,completed,mobile
1017,342,2024-06-21,completed,web
1018,342,2024-11-10,completed,web
1019,342,2024-12-19,completed,web
1020,342,2025-03-18,cancelled,web
1021,342,2025-04-07,refunded,mobile
1022,342,2025-11-16,completed,marketplace
1023,342,2024-10-21,completed,web
1024,343,2025-11-29,completed,web
1025,343,2025-11-28,completed,web
1026,344,2025-11-14,completed,mobile
1027,345,2025-07-26,completed,web
1028,346,2025-07-16,completed,web
1029,346,2025-10-29,completed,mobile
1030,346,2025-09-04,completed,web
1031,347,2025-05-19,completed,mobile
1032,347,2025-05-04,completed,web
1033,348,2025-07-14,refunded,web
1034,349,2025-02-03,completed,mobile
1035,349,2025-01-22,completed,web
1036,349,2025-08-06,completed,web
1037,349,2025-11-27,completed,web
1038,349,2025-04-19,completed,marketplace
1039,350,2025-11-16,completed,mobile
1040,350,2025-12-26,completed,mobile
1041,351,2025-07-27,completed,web
1042,351,2025-09-16,refunded,web
1043,351,2024-03-17,completed,mobile
1044,351,2024-02-21,completed,mobile
1045,351,2024-10-09,completed,mobile
1046,351,2025-09-17,completed,mobile
1047,351,2025-09-14,completed,web
1048,351,2025-01-05,cancelled,mobile
1049,352,2025-06-16,completed,mobile
1050,352,2024-08-13,completed,web
1051,352,2025-09-25,completed,marketplace
1052,352,2024-07-02,refunded,web
1053,352,2024-07-28,cancelled,web
1054,353,2025-10-25,completed,web
1055,353,2025-09-02,completed,mobile
1056,353,2025-06-05,completed,marketplace
1057,354,2025-07-13,completed,web
1058,354,2024-12-08,completed,mobile
1059,355,2025-05-17,completed,web
1060,355,2025-06-27,completed,mobile
1061,356,2025-07-24,completed,marketplace
1062,356,2025-06-21,completed,web
1063,356,2025-08-07,completed,marketplace
1064,356,2025-08-16,completed,web
1065,356,2025-08-11,completed,web
1066,356,2025-12-01,completed,mobile
1067,356,2025-09-02,completed,web
1068,356,2025-10-31,completed,web
1069,357,2025-12-06,completed,web
1070,357,2025-07-26,completed,web
1071,357,2025-09-19,completed,web
1072,358,2025-06-10,refunded,web
1073,359,2025-09-25,completed,web
1074,359,2025-09-16,completed,mobile
1075,359,2025-07-30,completed,web
1076,359,2025-07-02,completed,web
1077,359,2025-09-05,completed,web
1078,359,2025-08-14,completed,web
1079,359,2025-09-14,completed,web
1080,359,2025-12-11,completed,web
1081,359,2025-12-28,completed,web
1082,359,2025-09-13,completed,marketplace
1083,359,2025-05-26,completed,mobile
1084,359,2025-07-15,completed,web
1085,359,2025-07-09,completed,web
1086,359,2025-09-16,completed,mobile
1087,359,2025-04-15,pending,web
1088,360,2025-06-02,completed,web
1089,361,2025-10-09,completed,web
1090,362,2025-01-09,cancelled,marketplace
1091,362,2024-09-02,completed,mobile
1092,362,2025-09-25,cancelled,web
1093,362,2025-07-14,completed,web
1094,362,2024-09-20,completed,web
1095,362,2025-01-01,cancelled,mobile
1096,362,2024-09-24,completed,mobile
1097,362,2024-08-13,refunded,mobile
1098,362,2024-12-02,completed,web
1099,362,2024-11-12,completed,web
1100,362,2025-03-23,completed,marketplace
1101,362,2025-10-26,refunded,marketplace
1102,362,2025-11-19,completed,mobile
1103,362,2025-11-30,refunded,mobile
1104,362,2025-10-20,completed,web
1105,363,2025-12-28,completed,web
1106,363,2025-11-26,completed,marketplace
1107,364,2025-11-24,completed,marketplace
1108,364,2025-12-06,completed,web
1109,364,2025-11-14,completed,web
1110,365,2025-05-04,cancelled,web
1111,365,2025-07-09,completed,web
1112,365,2025-05-16,completed,web
1113,365,2025-07-08,completed,web
1114,365,2025-04-02,refunded,marketplace
1115,366,2025-10-24,cancelled,web
1116,366,2024-09-26,refunded,web
1117,366,2024-08-24,completed,marketplace
1118,366,2024-09-30,refunded,web
1119,366,2025-02-15,cancelled,mobile
1120,367,2025-11-12,completed,web
1121,367,2025-12-02,completed,web
1122,367,2025-12-11,completed,mobile
1123,368,2025-02-25,completed,web
1124,368,2025-05-12,completed,web
1125,368,2024-09-14,completed,marketplace
1126,369,2025-11-07,cancelled,web
1127,369,2025-11-12,completed,mobile
1128,370,2025-12-10,completed,marketplace
1129,370,2024-10-17,completed,mobile
1130,370,2025-01-03,completed,web
1131,371,2025-12-27,completed,web
1132,371,2025-10-25,completed,web
1133,371,2025-12-22,pending,web
1134,373,2025-02-21,cancelled,web
1135,373,2024-06-29,completed,web
1136,374,2024-10-25,completed,web
1137,374,2025-01-10,completed,web
1138,375,2025-12-19,completed,mobile
1139,375,2024-09-03,pending,web
1140,376,2025-12-18,completed,web
1141,376,2025-08-23,cancelled,web
1142,376,2025-12-08,completed,marketplace
1143,377,2025-11-11,completed,marketplace
1144,377,2025-12-05,completed,mobile
1145,377,2025-10-15,completed,web
1146,378,2025-07-29,completed,mobile
1147,378,2025-10-09,completed,mobile
1148,378,2025-10-24,completed,mobile
1149,379,2025-10-27,completed,web
1150,379,2025-07-12,completed,marketplace
1151,379,2025-09-02,completed,mobile
1152,381,2025-12-20,cancelled,mobile
1153,382,2024-08-28,completed,mobile
1154,383,2025-10-06,completed,mobile
1155,383,2025-09-12,completed,mobile
1156,383,2025-02-19,completed,web
1157,384,2025-10-08,completed,web
1158,384,2025-11-02,refunded,web
1159,384,2025-09-12,completed,web
1160,384,2025-12-08,cancelled,mobile
1161,384,2025-12-22,completed,web
1162,384,2025-12-27,completed,marketplace
1163,384,2025-12-28,completed,web
1164,384,2025-11-15,completed,web
1165,385,2025-02-25,completed,web
1166,387,2025-10-23,completed,web
1167,388,2025-12-27,completed,web
1168,388,2025-11-27,cancelled,mobile
1169,388,2025-11-09,completed,mobile
1170,390,2025-10-29,refunded,web
1171,390,2025-10-02,cancelled,web
1172,392,2025-05-23,completed,mobile
1173,392,2024-11-17,completed,web
1174,392,2025-09-12,completed,web
1175,392,2025-04-30,completed,mobile
1176,392,2025-09-05,pending,web
1177,392,2025-04-10,completed,web
1178,392,2025-08-09,completed,web
1179,392,2025-11-02,completed,marketplace
1180,392,2025-01-08,completed,mobile
1181,392,2025-02-01,completed,web
1182,392,2025-10-10,completed,web
1183,392,2025-11-20,completed,marketplace
1184,392,2025-03-01,completed,mobile
1185,392,2025-06-12,cancelled,web
1186,392,2025-01-19,completed,web
1187,393,2025-08-15,cancelled,web
1188,393,2025-07-08,pending,mobile
1189,393,2025-04-23,completed,web
1190,394,2024-12-10,completed,web
1191,394,2024-04-28,cancelled,web
1192,394,2025-04-10,completed,mobile
1193,395,2025-10-03,pending,marketplace
1194,395,2025-12-06,completed,mobile
1195,395,2025-11-19,refunded,mobile
1196,396,2025-11-30,completed,web
1197,398,2025-01-12,completed,web
1198,398,2025-07-22,completed,mobile
1199,398,2025-09-07,completed,marketplace
1200,399,2025-11-01,completed,mobile
1201,399,2025-12-15,completed,mobile
1202,400,2025-06-12,completed,web
1203,400,2025-11-13,cancelled,web
1204,401,2024-09-19,completed,web
1205,403,2025-01-20,completed,mobile
1206,403,2024-11-09,cancelled,web
1207,403,2024-10-19,completed,web
1208,403,2025-04-23,completed,mobile
1209,403,2025-02-26,completed,mobile
1210,403,2024-10-18,cancelled,mobile
1211,403,2025-05-30,completed,web
1212,403,2025-05-31,completed,marketplace
1213,404,2025-12-17,completed,web
1214,404,2025-10-28,completed,mobile
1215,405,2025-10-31,completed,web
1216,405,2025-12-04,completed,web
1217,406,2025-09-19,completed,web
1218,407,2025-04-29,completed,mobile
1219,407,2025-02-26,cancelled,mobile
1220,408,2025-10-12,completed,mobile
1221,409,2025-12-17,completed,web
1222,410,2025-12-30,completed,marketplace
1223,410,2025-12-08,completed,web
1224,410,2025-12-06,completed,web
1225,410,2025-12-12,completed,web
1226,410,2025-12-06,completed,mobile
1227,410,2025-12-19,completed,mobile
1228,410,2025-12-13,cancelled,web
1229,410,2025-12-18,completed,web
1230,410,2025-12-08,refunded,web
1231,410,2025-12-13,completed,web
1232,410,2025-12-09,completed,web
1233,410,2025-12-25,completed,web
1234,410,2025-12-10,completed,web
1235,410,2025-12-06,refunded,mobile
1236,410,2025-12-26,completed,web
1237,411,2024-12-27,pending,web
1238,411,2024-09-12,completed,web
1239,411,2025-03-22,pending,web
1240,412,2025-12-16,completed,marketplace
1241,413,2025-10-25,completed,web
1242,414,2025-11-19,completed,web
1243,415,2025-12-25,completed,web
1244,416,2025-04-14,pending,web
1245,417,2025-11-03,refunded,web
1246,418,2025-03-17,refunded,mobile
1247,420,2025-06-13,completed,mobile
1248,421,2025-06-28,completed,web
1249,421,2025-02-11,cancelled,mobile
1250,422,2025-04-13,completed,marketplace
1251,422,2025-10-26,cancelled,marketplace
1252,422,2025-05-04,completed,web
1253,423,2024-11-19,refunded,mobile
1254,425,2025-12-28,pending,web
1255,425,2025-09-13,completed,web
1256,425,2025-12-11,completed,mobile
1257,425,2025-11-12,completed,web
1258,425,2025-11-15,completed,mobile
1259,425,2025-09-07,completed,web
1260,425,2025-12-13,completed,mobile
1261,425,2025-12-02,completed,web
1262,425,2025-10-30,completed,mobile
1263,425,2025-10-11,completed,web
1264,425,2025-10-04,completed,marketplace
1265,425,2025-12-25,completed,web
1266,425,2025-09-29,completed,web
1267,425,2025-11-27,cancelled,web
1268,425,2025-10-02,cancelled,mobile
1269,426,2025-11-25,completed,marketplace
1270,426,2025-03-03,completed,web
1271,426,2025-04-26,completed,web
1272,427,2024-06-26,completed,web
1273,427,2025-04-06,completed,mobile
1274,428,2025-10-20,completed,mobile
1275,428,2025-11-17,cancelled,mobile
1276,429,2025-11-14,completed,web
1277,430,2025-09-12,completed,web
1278,431,2025-08-14,completed,mobile
1279,431,2025-07-03,completed,mobile
1280,431,2025-10-21,completed,web
1281,432,2025-09-22,completed,mobile
1282,433,2025-10-08,completed,web
1283,433,2025-05-03,completed,web
1284,434,2025-03-10,completed,web
1285,434,2025-04-29,completed,mobile
1286,435,2025-05-19,completed,mobile
1287,436,2025-11-29,completed,web
1288,436,2025-06-26,completed,web
1289,437,2025-12-17,completed,web
1290,437,2025-12-16,completed,web
1291,438,2025-10-16,completed,mobile
1292,439,2025-11-25,completed,mobile
1293,439,2025-11-23,completed,web
1294,439,2025-11-25,completed,mobile
1295,439,2025-12-05,completed,mobile
1296,439,2025-11-11,completed,mobile
1297,440,2025-05-13,completed,web
1298,440,2025-10-13,completed,web
1299,441,2025-10-18,refunded,web
1300,442,2025-09-18,completed,marketplace
1301,442,2025-09-30,completed,web
1302,442,2025-11-09,completed,web
1303,443,2025-10-03,completed,mobile
1304,444,2024-09-29,completed,web
1305,444,2025-06-24,completed,web
1306,445,2025-12-26,completed,web
1307,445,2025-12-06,pending,web
1308,445,2025-12-04,refunded,web
1309,445,2025-11-26,completed,mobile
1310,445,2025-12-25,cancelled,web
1311,447,2025-05-27,completed,web
1312,447,2025-10-06,completed,mobile
1313,447,2025-12-28,completed,web
1314,448,2025-11-15,completed,web
1315,449,2025-03-28,completed,web
1316,449,2025-11-17,completed,web
1317,450,2025-05-15,completed,mobile
1318,451,2025-10-26,completed,web
1319,452,2025-08-10,completed,mobile
1320,452,2025-07-01,completed,mobile
1321,453,2025-03-09,completed,mobile
1322,453,2025-06-07,completed,web
1323,454,2025-12-19,completed,marketplace
1324,454,2025-12-08,completed,marketplace
1325,454,2025-12-20,completed,web
1326,454,2025-06-15,completed,web
1327,454,2025-06-27,completed,web
1328,457,2025-12-13,completed,web
1329,457,2025-03-03,completed,web
1330,457,2025-04-02,completed,web
1331,457,2024-11-03,cancelled,marketplace
1332,457,2025-03-07,completed,mobile
1333,458,2025-08-03,completed,web
1334,460,2025-12-13,completed,web
1335,460,2025-12-14,completed,web
1336,460,2025-12-21,completed,mobile
1337,461,2024-12-16,completed,mobile
1338,462,2025-11-24,pending,web
1339,462,2025-07-02,completed,mobile
1340,462,2025-06-29,completed,web
1341,464,2025-10-21,completed,mobile
1342,464,2025-12-15,cancelled,web
1343,465,2024-12-26,pending,mobile
1344,466,2025-11-25,cancelled,marketplace
1345,466,2025-01-18,completed,mobile
1346,466,2025-07-02,completed,web
1347,466,2025-10-21,completed,mobile
1348,466,2025-07-24,completed,mobile
1349,467,2025-10-15,completed,web
1350,467,2025-07-06,completed,web
1351,467,2025-08-22,completed,web
1352,467,2024-11-18,completed,web
1353,467,2025-11-09,completed,web
1354,468,2025-11-02,completed,web
1355,469,2025-11-06,completed,web
1356,470,2025-10-31,cancelled,web
1357,470,2025-11-30,cancelled,web
1358,470,2025-11-19,completed,mobile
1359,471,2025-11-26,completed,web
1360,472,2025-12-28,cancelled,mobile
1361,475,2025-01-17,completed,mobile
1362,475,2025-01-02,completed,web
1363,475,2025-03-15,completed,web
1364,475,2025-02-22,completed,web
1365,475,2025-01-27,completed,mobile
1366,475,2024-09-29,completed,web
1367,475,2025-01-28,completed,web
1368,475,2025-07-20,pending,web
1369,475,2025-02-23,completed,web
1370,475,2024-08-18,completed,web
1371,475,2024-04-18,completed,web
1372,475,2024-10-30,completed,web
1373,475,2025-09-12,completed,web
1374,475,2024-06-02,completed,web
1375,475,2024-12-06,completed,mobile
1376,476,2025-08-26,completed,web
1377,476,2025-11-06,completed,mobile
1378,477,2025-08-07,completed,mobile
1379,477,2025-01-30,completed,web
1380,477,2025-09-20,refunded,web
1381,478,2025-08-29,pending,web
1382,478,2025-09-28,completed,web
1383,478,2025-04-23,completed,web
1384,480,2025-08-20,completed,mobile
1385,481,2025-01-28,cancelled,mobile
1386,482,2024-07-31,completed,mobile
1387,482,2025-08-15,completed,web
1388,482,2024-05-24,completed,mobile
1389,483,2025-12-25,completed,web
1390,483,2025-01-30,completed,mobile
1391,483,2024-11-12,completed,web
1392,483,2025-02-15,completed,mobile
1393,483,2025-08-15,completed,web
1394,483,2025-02-13,completed,mobile
1395,483,2025-05-22,completed,mobile
1396,483,2025-09-11,completed,web
1397,484,2024-09-04,refunded,marketplace
1398,485,2025-10-02,cancelled,web
1399,485,2025-10-07,completed,mobile
1400,486,2025-01-09,completed,web
1401,486,2025-07-12,completed,mobile
1402,487,2025-09-09,refunded,mobile
1403,487,2025-08-02,completed,web
1404,487,2025-11-23,cancelled,mobile
1405,487,2025-06-12,completed,web
1406,487,2025-04-13,cancelled,web
1407,488,2025-02-10,completed,marketplace
1408,488,2025-03-25,pending,mobile
1409,489,2024-05-10,completed,web
1410,489,2025-02-07,completed,web
1411,489,2025-03-31,completed,web
1412,489,2025-09-23,completed,web
1413,489,2025-11-15,completed,web
1414,490,2025-09-01,completed,web
1415,490,2025-09-19,completed,web
1416,490,2025-02-24,cancelled,mobile
1417,490,2025-02-19,completed,mobile
1418,490,2025-01-17,completed,marketplace
1419,491,2025-06-27,completed,web
1420,491,2025-01-26,completed,web
1421,492,2025-10-05,cancelled,mobile
1422,492,2025-07-10,cancelled,mobile
1423,493,2025-10-05,refunded,web
1424,493,2024-07-23,completed,marketplace
1425,493,2024-09-29,completed,web
1426,493,2025-02-06,completed,web
1427,493,2025-11-29,completed,web
1428,494,2025-07-08,completed,mobile
1429,495,2025-12-06,completed,web
1430,495,2025-11-05,completed,web
1431,495,2025-12-31,completed,web
1432,495,2025-12-12,completed,mobile
1433,495,2025-11-05,completed,web
1434,496,2025-09-04,completed,web
1435,497,2025-06-04,completed,mobile
1436,497,2025-09-27,completed,web
1437,497,2025-06-29,completed,web
1438,497,2025-10-06,completed,web
1439,497,2025-10-01,completed,web
1440,498,2025-10-28,completed,marketplace
1441,498,2025-08-15,completed,mobile
1442,498,2025-10-17,completed,web
1443,498,2025-04-02,completed,mobile
1444,498,2025-09-19,completed,mobile
1445,498,2025-03-14,refunded,web
1446,498,2025-10-23,completed,mobile
1447,498,2025-03-11,completed,web
1448,500,2024-12-30,completed,web
1449,500,2025-08-14,completed,mobile
1450,500,2024-12-26,completed,web
1451,501,2025-07-08,completed,web
1452,502,2025-07-29,cancelled,mobile
1453,503,2025-03-09,completed,web
1454,503,2024-08-24,cancelled,web
1455,503,2024-05-28,completed,mobile
1456,503,2024-11-19,completed,web
1457,503,2025-01-19,completed,marketplace
1458,503,2024-12-04,completed,web
1459,503,2024-08-06,completed,web
1460,503,2025-07-03,completed,web
1461,504,2025-12-17,completed,web
1462,505,2025-11-24,completed,web
1463,506,2024-06-27,completed,mobile
1464,507,2025-11-27,cancelled,mobile
1465,507,2025-10-02,completed,marketplace
1466,508,2025-05-25,completed,mobile
1467,509,2024-07-07,completed,web
1468,509,2024-07-28,completed,mobile
1469,510,2025-09-17,completed,marketplace
1470,511,2024-05-04,completed,mobile
1471,511,2025-01-07,completed,web
1472,511,2024-05-25,completed,web
1473,512,2024-04-24,completed,web
1474,512,2025-10-16,completed,web
1475,512,2025-08-27,pending,web
1476,512,2025-01-19,completed,mobile
1477,512,2024-03-28,completed,web
1478,513,2025-09-20,completed,web
1479,513,2025-08-31,completed,web
1480,513,2025-09-18,completed,marketplace
1481,513,2025-08-22,completed,web
1482,513,2025-10-08,completed,web
1483,515,2025-05-09,completed,web
1484,515,2025-06-05,pending,web
1485,516,2025-11-20,completed,mobile
1486,517,2024-12-18,cancelled,web
1487,517,2024-02-16,completed,web
1488,517,2024-05-23,cancelled,web
1489,518,2025-06-25,completed,web
1490,518,2025-11-04,completed,web
1491,518,2025-11-03,completed,marketplace
1492,518,2025-09-23,pending,web
1493,518,2025-01-07,cancelled,marketplace
1494,519,2025-12-25,completed,web
1495,520,2025-12-12,completed,web
1496,520,2024-08-11,completed,web
1497,520,2025-08-21,pending,mobile
1498,520,2024-08-15,completed,web
1499,520,2025-01-18,completed,mobile
1500,521,2024-07-10,cancelled,web
1501,522,2025-10-01,completed,marketplace
1502,522,2025-09-05,completed,web
1503,522,2025-11-01,completed,mobile
1504,522,2025-08-08,refunded,web
1505,522,2025-06-10,completed,mobile
1506,522,2025-08-24,completed,web
1507,522,2025-08-15,refunded,web
1508,522,2025-07-27,completed,mobile
1509,522,2025-09-13,completed,web
1510,522,2025-07-21,completed,mobile
1511,522,2025-06-20,completed,mobile
1512,522,2025-12-27,refunded,web
1513,522,2025-10-30,completed,mobile
1514,522,2025-08-09,cancelled,web
1515,522,2025-10-04,refunded,mobile
1516,523,2025-10-16,cancelled,web
1517,523,2025-05-31,completed,marketplace
1518,523,2025-02-21,completed,mobile
1519,523,2025-03-02,completed,web
1520,523,2025-12-16,completed,mobile
1521,523,2025-03-05,completed,web
1522,523,2025-05-03,completed,marketplace
1523,523,2025-07-06,completed,web
1524,524,2025-12-14,cancelled,web
1525,524,2025-12-22,completed,mobile
1526,524,2025-12-27,completed,web
1527,524,2025-12-20,completed,marketplace
1528,524,2025-12-12,completed,mobile
1529,525,2025-09-25,completed,mobile
1530,525,2025-10-27,refunded,mobile
1531,525,2025-05-24,completed,mobile
1532,525,2025-05-20,completed,web
1533,525,2025-12-27,completed,web
1534,526,2025-09-17,refunded,web
1535,526,2025-05-16,completed,mobile
1536,527,2025-10-02,completed,web
1537,528,2025-11-01,completed,web
1538,528,2025-08-20,completed,marketplace
1539,528,2025-04-17,completed,web
1540,528,2025-07-20,completed,mobile
1541,528,2025-07-15,completed,web
1542,528,2025-02-14,completed,web
1543,528,2025-05-21,completed,web
1544,528,2025-01-08,completed,mobile
1545,530,2025-12-27,cancelled,mobile
1546,532,2025-10-30,completed,mobile
1547,532,2025-11-13,pending,mobile
1548,533,2025-04-09,completed,mobile
1549,533,2025-02-08,completed,mobile
1550,534,2025-01-06,cancelled,mobile
1551,534,2025-01-31,completed,mobile
1552,535,2025-07-18,completed,web
1553,535,2025-08-04,completed,marketplace
1554,535,2025-10-22,completed,mobile
1555,535,2025-09-27,cancelled,marketplace
1556,535,2025-11-01,completed,mobile
1557,536,2025-05-15,completed,web
1558,536,2025-11-13,pending,mobile
1559,536,2024-08-30,cancelled,web
1560,537,2025-10-03,cancelled,marketplace
1561,537,2025-09-30,completed,web
1562,537,2025-11-12,completed,mobile
1563,538,2025-11-13,completed,web
1564,538,2025-11-26,completed,web
1565,538,2025-12-27,completed,mobile
1566,539,2025-03-02,completed,mobile
1567,539,2025-04-15,completed,mobile
1568,540,2025-12-04,refunded,mobile
1569,540,2025-12-24,completed,web
1570,541,2025-12-26,completed,mobile
1571,541,2025-03-02,completed,web
1572,541,2025-10-28,completed,web
1573,541,2024-07-29,completed,web
1574,541,2025-03-19,completed,web
1575,541,2024-12-11,completed,web
1576,541,2024-08-18,refunded,web
1577,541,2024-12-03,refunded,web
1578,542,2025-12-07,completed,web
1579,542,2025-10-01,completed,web
1580,542,2025-12-10,completed,mobile
1581,543,2024-10-27,completed,mobile
1582,543,2024-11-11,completed,web
1583,544,2025-01-01,completed,marketplace
1584,544,2025-11-01,completed,web
1585,544,2025-02-26,refunded,mobile
1586,546,2025-05-28,completed,web
1587,546,2025-01-24,pending,web
1588,547,2025-05-11,completed,mobile
1589,547,2025-05-21,completed,mobile
1590,547,2025-01-17,completed,mobile
1591,547,2025-12-05,completed,web
1592,547,2025-04-02,completed,web
1593,547,2025-04-02,completed,web
1594,547,2025-10-21,completed,mobile
1595,547,2025-03-05,refunded,web
1596,548,2024-08-31,completed,mobile
1597,548,2025-03-04,completed,mobile
1598,548,2025-05-23,completed,web
1599,548,2024-05-10,completed,marketplace
1600,548,2024-11-25,refunded,mobile
1601,549,2024-08-14,completed,web
1602,549,2025-03-04,completed,web
1603,550,2024-09-03,completed,mobile
1604,551,2025-11-02,refunded,web
1605,553,2024-04-09,completed,mobile
1606,553,2024-10-08,completed,web
1607,553,2024-07-24,completed,web
1608,554,2025-12-28,refunded,web
1609,554,2025-10-26,completed,web
1610,555,2025-07-26,completed,web
1611,555,2025-09-10,completed,web
1612,556,2025-12-22,completed,web
1613,556,2025-12-24,cancelled,mobile
1614,556,2025-12-25,completed,web
1615,556,2025-10-14,completed,mobile
1616,556,2025-09-23,refunded,mobile
1617,557,2025-12-03,completed,web
1618,557,2025-09-04,completed,web
1619,557,2024-08-05,refunded,mobile
1620,558,2025-11-14,completed,mobile
1621,559,2025-11-24,completed,mobile
1622,560,2025-07-07,completed,web
1623,561,2025-01-25,completed,marketplace
1624,561,2025-09-22,completed,mobile
1625,563,2025-11-29,completed,web
1626,563,2025-11-18,completed,mobile
1627,564,2025-02-05,completed,web
1628,565,2025-04-13,completed,web
1629,565,2024-05-11,completed,mobile
1630,565,2025-05-12,completed,mobile
1631,566,2024-04-03,cancelled,mobile
1632,566,2024-04-16,cancelled,mobile
1633,566,2024-12-02,completed,mobile
1634,566,2024-11-21,cancelled,mobile
1635,566,2024-10-25,completed,web
1636,567,2025-04-12,completed,web
1637,567,2025-02-22,completed,web
1638,567,2025-04-23,completed,mobile
1639,567,2025-02-12,pending,web
1640,567,2025-12-08,completed,mobile
1641,567,2025-07-26,completed,web
1642,567,2025-12-11,cancelled,mobile
1643,567,2025-12-14,cancelled,mobile
1644,567,2025-07-16,completed,marketplace
1645,567,2025-01-27,completed,web
1646,567,2025-11-21,completed,web
1647,567,2025-06-12,completed,web
1648,567,2025-09-29,completed,mobile
1649,567,2025-12-15,cancelled,web
1650,567,2025-12-07,completed,web
1651,568,2025-10-05,completed,web
1652,568,2025-12-03,completed,mobile
1653,569,2024-03-06,completed,mobile
1654,570,2025-11-14,completed,web
1655,570,2025-05-17,completed,mobile
1656,570,2025-07-19,completed,web
1657,570,2025-11-01,completed,mobile
1658,570,2025-08-13,completed,web
1659,570,2025-06-17,refunded,mobile
1660,570,2025-03-29,pending,mobile
1661,570,2025-10-12,completed,mobile
1662,571,2024-12-22,completed,web
1663,572,2024-06-03,completed,web
1664,573,2025-12-03,cancelled,web
1665,573,2025-12-26,completed,web
1666,574,2025-07-31,completed,web
1667,574,2025-12-16,completed,mobile
1668,574,2025-07-14,completed,mobile
1669,575,2025-01-28,cancelled,mobile
1670,576,2024-08-16,completed,web
1671,576,2025-08-03,completed,web
1672,576,2024-08-07,completed,web
1673,577,2025-11-09,completed,web
1674,578,2024-03-17,completed,web
1675,578,2025-06-02,refunded,mobile
1676,578,2024-04-13,completed,mobile
1677,579,2025-09-12,completed,web
1678,579,2025-10-13,completed,web
1679,579,2025-09-04,completed,web
1680,580,2025-11-06,completed,web
1681,580,2025-06-07,completed,mobile
1682,580,2024-10-31,completed,mobile
1683,581,2025-10-14,completed,web
1684,581,2025-10-16,completed,web
1685,581,2025-12-11,completed,mobile
1686,582,2025-08-04,completed,mobile
1687,583,2024-05-25,completed,mobile
1688,583,2025-02-01,pending,web
1689,583,2025-04-21,completed,web
1690,584,2025-04-04,completed,mobile
1691,584,2025-11-07,completed,web
1692,585,2025-11-20,refunded,web
1693,585,2025-11-10,completed,web
1694,585,2025-11-16,completed,web
1695,587,2025-12-13,cancelled,web
1696,588,2025-12-20,completed,web
1697,589,2024-02-23,refunded,mobile
1698,590,2025-10-26,completed,web
1699,590,2025-09-25,completed,web
1700,590,2025-11-08,completed,web
1701,590,2025-12-11,completed,mobile
1702,590,2025-12-02,completed,marketplace
1703,590,2025-12-14,completed,marketplace
1704,590,2025-09-06,completed,mobile
1705,590,2025-11-09,completed,marketplace
1706,590,2025-11-25,completed,marketplace
1707,590,2025-10-09,completed,mobile
1708,590,2025-09-07,completed,mobile
1709,590,2025-12-15,refunded,web
1710,590,2025-10-24,completed,mobile
1711,590,2025-12-22,completed,mobile
1712,590,2025-10-25,completed,web
1713,591,2024-11-15,completed,web
1714,592,2025-12-19,completed,marketplace
1715,593,2025-12-26,completed,web
1716,593,2025-05-06,completed,web
1717,593,2025-06-02,completed,marketplace
1718,594,2025-11-07,completed,web
1719,594,2025-01-06,completed,mobile
1720,594,2025-06-17,completed,mobile
1721,595,2025-12-16,completed,web
1722,595,2025-10-12,completed,web
1723,596,2025-12-07,refunded,mobile
1724,596,2025-12-08,cancelled,web
1725,596,2025-12-05,completed,web
1726,596,2025-11-25,completed,mobile
1727,596,2025-11-25,cancelled,web
1728,597,2024-12-12,completed,mobile
1729,598,2025-01-13,completed,mobile
1730,598,2024-05-16,completed,web
1731,598,2025-11-03,completed,marketplace
1732,599,2025-11-14,pending,mobile
1733,600,2025-06-05,refunded,web
1734,600,2025-11-24,completed,web
1735,601,2025-11-13,completed,mobile
1736,602,2025-09-06,completed,marketplace
1737,602,2025-12-05,completed,mobile
1738,602,2025-11-15,completed,mobile
1739,604,2025-12-11,completed,web
1740,604,2025-12-04,completed,web
1741,605,2025-07-24,cancelled,mobile
1742,606,2025-11-12,cancelled,web
1743,606,2025-03-26,completed,web
1744,606,2025-04-17,completed,web
1745,606,2024-12-14,completed,web
1746,606,2025-04-25,completed,web
1747,606,2025-05-14,cancelled,web
1748,606,2025-09-30,completed,mobile
1749,606,2025-08-02,completed,web
1750,606,2025-03-28,completed,web
1751,606,2024-10-24,completed,web
1752,606,2025-12-28,pending,mobile
1753,606,2024-11-16,completed,mobile
1754,606,2025-04-27,cancelled,marketplace
1755,606,2025-01-28,completed,mobile
1756,606,2025-09-07,completed,web
1757,607,2025-07-14,cancelled,web
1758,607,2025-02-27,completed,marketplace
1759,607,2025-08-21,cancelled,mobile
1760,607,2025-11-26,completed,web
1761,607,2025-05-29,completed,web
1762,607,2025-03-05,completed,web
1763,607,2025-08-13,completed,mobile
1764,607,2025-04-15,completed,web
1765,608,2024-09-16,completed,mobile
1766,608,2024-07-21,cancelled,mobile
1767,608,2025-09-07,completed,mobile
1768,609,2025-06-21,completed,mobile
1769,609,2025-03-09,completed,mobile
1770,609,2025-04-18,completed,web
1771,609,2025-03-28,completed,web
1772,609,2025-12-30,completed,web
1773,610,2025-11-28,completed,web
1774,610,2025-12-02,completed,web
1775,610,2025-11-02,completed,mobile
1776,611,2025-09-25,completed,web
1777,611,2025-05-21,completed,web
1778,612,2025-11-20,completed,web
1779,612,2025-12-10,completed,web
1780,612,2025-12-17,pending,mobile
1781,612,2025-12-12,cancelled,web
1782,612,2025-12-21,completed,marketplace
1783,613,2024-05-15,completed,web
1784,614,2025-07-28,completed,mobile
1785,615,2025-05-17,completed,web
1786,616,2025-12-30,completed,mobile
1787,617,2025-04-27,completed,web
1788,617,2025-12-16,completed,web
1789,617,2025-09-19,cancelled,mobile
1790,617,2025-09-05,completed,mobile
1791,617,2025-03-28,completed,web
1792,618,2024-12-12,completed,mobile
1793,618,2024-08-30,completed,web
1794,618,2025-01-02,completed,mobile
1795,619,2025-04-01,completed,web
1796,619,2025-08-03,completed,mobile
1797,621,2025-12-30,completed,web
1798,621,2025-12-30,pending,marketplace
1799,621,2025-12-22,completed,web
1800,622,2025-05-11,completed,web
1801,623,2025-04-12,completed,mobile
1802,624,2025-12-30,refunded,web
1803,624,2025-05-26,completed,marketplace
1804,625,2025-12-22,completed,mobile
1805,625,2025-11-14,refunded,mobile
1806,625,2025-12-22,completed,mobile
1807,625,2025-12-13,completed,web
1808,625,2025-12-20,completed,web
1809,626,2025-12-18,completed,web
1810,627,2025-03-17,completed,web
1811,627,2025-08-14,completed,mobile
1812,628,2025-11-27,completed,mobile
1813,629,2025-10-05,completed,mobile
1814,630,2025-03-10,completed,web
1815,630,2025-11-28,completed,web
1816,631,2025-09-10,completed,mobile
1817,631,2025-04-04,completed,web
1818,633,2025-10-23,completed,web
1819,633,2024-12-29,completed,mobile
1820,634,2025-11-06,completed,web
1821,634,2025-11-30,completed,web
1822,634,2025-11-29,completed,web
1823,634,2025-12-08,refunded,web
1824,634,2025-12-14,completed,web
1825,635,2025-02-03,completed,mobile
1826,635,2024-09-29,completed,mobile
1827,635,2024-05-06,completed,web
1828,635,2024-11-15,refunded,web
1829,635,2025-08-20,completed,web
1830,637,2024-12-26,completed,web
1831,637,2024-04-22,completed,mobile
1832,637,2025-07-31,completed,mobile
1833,638,2024-11-12,completed,marketplace
1834,639,2025-04-03,completed,web
1835,640,2025-07-15,completed,web
1836,640,2025-06-11,cancelled,web
1837,640,2025-11-16,completed,web
1838,640,2025-08-02,completed,marketplace
1839,640,2025-06-12,completed,mobile
1840,640,2025-09-14,completed,web
1841,640,2025-07-09,completed,mobile
1842,640,2025-08-11,refunded,mobile
1843,641,2025-02-06,completed,web
1844,641,2024-03-22,completed,web
1845,643,2024-12-19,cancelled,marketplace
1846,643,2024-12-23,refunded,mobile
1847,643,2025-06-02,completed,web
1848,645,2025-11-19,completed,web
1849,646,2025-10-18,completed,web
1850,646,2025-09-25,cancelled,mobile
1851,646,2025-09-14,completed,marketplace
1852,646,2025-10-27,completed,web
1853,646,2025-09-06,refunded,web
1854,646,2025-11-11,refunded,web
1855,646,2025-10-27,completed,web
1856,646,2025-11-21,completed,web
1857,646,2025-09-11,cancelled,web
1858,646,2025-08-29,completed,marketplace
1859,646,2025-12-20,cancelled,mobile
1860,646,2025-12-05,cancelled,mobile
1861,646,2025-12-08,completed,mobile
1862,646,2025-09-17,completed,mobile
1863,646,2025-08-20,completed,marketplace
1864,647,2025-12-12,completed,mobile
1865,647,2025-08-07,refunded,mobile
1866,648,2025-12-30,completed,web
1867,648,2025-12-31,completed,marketplace
1868,649,2025-03-22,refunded,mobile
1869,649,2025-07-10,completed,web
1870,650,2024-11-02,cancelled,web
1871,650,2025-05-07,completed,mobile
1872,651,2024-07-08,cancelled,marketplace
1873,652,2025-04-02,completed,web
1874,653,2025-03-24,completed,web
1875,653,2025-06-02,refunded,web
1876,654,2025-07-19,completed,web
1877,655,2025-12-01,cancelled,web
1878,655,2025-11-10,completed,web
1879,656,2025-08-31,cancelled,web
1880,656,2025-08-21,completed,mobile
1881,657,2025-09-30,completed,web
1882,657,2025-10-20,completed,mobile
1883,657,2025-10-17,cancelled,mobile
1884,657,2025-07-13,completed,web
1885,657,2025-09-07,completed,web
1886,657,2025-09-12,completed,mobile
1887,657,2025-10-18,completed,web
1888,657,2025-07-02,completed,marketplace
1889,658,2025-08-09,cancelled,web
1890,659,2025-10-26,completed,web
1891,659,2025-05-04,completed,web
1892,659,2025-05-30,completed,mobile
1893,660,2025-05-21,completed,web
1894,661,2025-03-28,refunded,web
1895,662,2025-12-12,cancelled,web
1896,662,2025-09-25,pending,mobile
1897,662,2025-09-22,completed,mobile
1898,662,2025-12-23,refunded,web
1899,662,2025-09-29,completed,mobile
1900,662,2025-10-19,completed,web
1901,662,2025-12-26,completed,web
1902,662,2025-11-25,completed,web
1903,663,2025-07-24,completed,web
1904,663,2025-11-15,completed,web
1905,664,2025-02-27,completed,web
1906,664,2024-07-30,completed,web
1907,664,2024-11-07,completed,web
1908,665,2025-11-26,completed,marketplace
1909,666,2025-09-08,refunded,web
1910,666,2025-09-26,completed,mobile
1911,666,2025-05-10,completed,web
1912,666,2025-10-21,refunded,mobile
1913,666,2025-04-27,completed,mobile
1914,666,2025-08-14,completed,web
1915,666,2025-12-21,completed,marketplace
1916,666,2025-05-30,completed,mobile
1917,667,2025-12-06,completed,mobile
1918,668,2025-09-03,completed,web
1919,668,2025-10-16,refunded,mobile
1920,669,2025-12-24,refunded,web
1921,670,2025-05-03,completed,web
1922,670,2025-03-15,completed,web
1923,670,2025-05-26,completed,web
1924,671,2025-11-08,completed,web
1925,672,2025-12-18,cancelled,mobile
1926,673,2024-05-25,completed,web
1927,673,2025-02-09,completed,web
1928,673,2024-07-09,completed,marketplace
1929,673,2025-02-13,completed,mobile
1930,673,2025-04-28,completed,mobile
1931,673,2025-07-30,completed,marketplace
1932,673,2025-04-03,completed,marketplace
1933,673,2025-11-01,completed,mobile
1934,674,2025-06-08,completed,web
1935,674,2025-12-26,completed,marketplace
1936,675,2025-06-03,completed,mobile
1937,675,2025-05-15,completed,mobile
1938,676,2025-10-15,cancelled,marketplace
1939,676,2025-11-18,completed,mobile
1940,676,2025-04-09,completed,web
1941,676,2025-07-02,completed,web
1942,676,2025-11-02,completed,mobile
1943,676,2024-11-27,cancelled,web
1944,676,2025-01-12,completed,mobile
1945,676,2025-12-28,completed,mobile
1946,677,2025-12-13,completed,web
1947,677,2025-11-14,refunded,web
1948,677,2025-12-26,completed,marketplace
1949,677,2025-11-15,completed,web
1950,677,2025-12-21,completed,marketplace
1951,678,2025-08-26,completed,web
1952,678,2025-08-24,pending,web
1953,679,2025-10-08,completed,marketplace
1954,679,2025-12-08,completed,web
1955,679,2025-07-03,completed,web
1956,679,2025-11-16,completed,mobile
1957,679,2024-12-15,refunded,mobile
1958,679,2025-01-16,completed,web
1959,679,2025-04-14,completed,web
1960,679,2025-03-07,completed,mobile
1961,679,2025-01-18,completed,web
1962,679,2025-11-27,completed,web
1963,679,2025-05-18,completed,mobile
1964,679,2025-11-20,completed,marketplace
1965,679,2025-08-31,completed,mobile
1966,679,2024-12-20,completed,web
1967,679,2025-08-15,completed,web
1968,680,2024-09-17,cancelled,marketplace
1969,680,2024-09-27,refunded,web
1970,682,2024-12-01,completed,marketplace
1971,682,2025-04-09,completed,marketplace
1972,682,2025-02-19,pending,web
1973,682,2025-01-15,completed,mobile
1974,682,2025-09-22,completed,marketplace
1975,684,2025-07-02,completed,web
1976,685,2024-09-10,completed,web
1977,685,2025-03-17,cancelled,mobile
1978,685,2025-02-17,completed,mobile
1979,685,2024-07-19,completed,web
1980,685,2024-05-07,refunded,mobile
1981,685,2025-12-24,completed,mobile
1982,685,2025-12-05,completed,marketplace
1983,685,2024-03-04,completed,web
1984,685,2025-01-05,completed,web
1985,685,2024-02-03,completed,web
1986,685,2024-05-25,cancelled,mobile
1987,685,2024-02-27,completed,web
1988,685,2024-03-30,completed,mobile
1989,685,2025-04-30,completed,web
1990,685,2025-11-06,cancelled,web
1991,686,2025-04-15,completed,web
1992,687,2025-08-01,completed,mobile
1993,688,2025-08-07,completed,web
1994,689,2025-10-20,completed,marketplace
1995,689,2025-10-07,completed,web
1996,689,2025-02-23,completed,mobile
1997,690,2025-06-24,completed,mobile
1998,691,2025-01-24,completed,web
1999,691,2025-01-10,completed,web
2000,692,2025-10-28,cancelled,marketplace
2001,693,2025-03-17,completed,web
2002,694,2024-11-30,refunded,mobile
2003,694,2025-05-24,completed,web
2004,695,2025-11-14,completed,mobile
2005,695,2025-11-18,completed,mobile
2006,695,2025-12-31,completed,web
2007,697,2025-09-25,completed,web
2008,697,2025-04-06,refunded,mobile
2009,698,2025-12-07,completed,mobile
2010,698,2025-12-25,completed,web
2011,699,2025-05-19,completed,web
2012,699,2025-05-04,completed,web
2013,700,2025-07-28,completed,mobile
2014,700,2025-10-07,completed,web
2015,701,2025-08-26,refunded,web
2016,701,2025-11-16,completed,mobile
2017,702,2025-12-27,completed,mobile
2018,703,2025-07-13,completed,web
2019,703,2025-09-08,completed,marketplace
2020,703,2025-11-10,completed,web
2021,704,2025-09-23,completed,mobile
2022,704,2025-11-08,completed,web
2023,705,2025-01-05,completed,mobile
2024,705,2025-08-20,pending,web
2025,705,2025-03-29,completed,mobile
2026,705,2025-02-15,completed,mobile
2027,705,2025-02-15,completed,web
2028,705,2025-02-14,completed,web
2029,705,2025-07-21,completed,web
2030,705,2025-07-07,completed,mobile
2031,707,2025-09-25,completed,web
2032,707,2025-05-23,cancelled,mobile
2033,708,2025-04-29,completed,mobile
2034,708,2025-02-04,completed,marketplace
2035,708,2025-08-22,completed,mobile
2036,708,2025-06-29,completed,mobile
2037,708,2025-02-06,completed,web
2038,708,2025-11-03,completed,web
2039,708,2025-03-21,completed,mobile
2040,708,2025-11-01,cancelled,mobile
2041,708,2025-03-10,completed,web
2042,708,2025-04-25,completed,marketplace
2043,708,2025-10-18,completed,web
2044,708,2025-10-15,cancelled,web
2045,708,2025-04-26,completed,web
2046,708,2025-06-28,completed,mobile
2047,708,2025-10-12,cancelled,web
2048,709,2025-12-16,completed,web
2049,710,2025-02-15,completed,web
2050,710,2025-08-21,completed,web
2051,711,2025-07-25,completed,web
2052,711,2025-09-26,completed,web
2053,711,2025-07-25,completed,mobile
2054,711,2025-09-09,completed,web
2055,711,2025-12-26,completed,web
2056,711,2025-09-23,completed,web
2057,711,2025-08-13,completed,mobile
2058,711,2025-09-02,completed,web
2059,712,2025-09-13,completed,web
2060,712,2025-11-09,completed,mobile
2061,713,2025-05-11,completed,mobile
2062,713,2025-08-05,completed,mobile
2063,714,2025-09-25,refunded,web
2064,714,2025-07-11,completed,mobile
2065,714,2025-07-08,completed,marketplace
2066,714,2025-10-01,completed,marketplace
2067,714,2025-09-03,completed,mobile
2068,714,2025-08-13,completed,web
2069,714,2025-07-08,completed,mobile
2070,714,2025-07-08,completed,web
2071,715,2025-11-20,completed,mobile
2072,715,2025-01-09,completed,web
2073,715,2025-10-25,completed,mobile
2074,715,2025-10-15,completed,mobile
2075,715,2025-07-15,refunded,web
2076,715,2025-06-26,pending,web
2077,715,2025-06-03,completed,web
2078,715,2025-06-14,completed,web
2079,715,2025-02-08,completed,web
2080,715,2025-05-07,completed,web
2081,715,2025-06-20,completed,web
2082,715,2025-05-20,completed,mobile
2083,715,2025-01-03,completed,web
2084,715,2025-12-26,completed,web
2085,715,2025-02-24,completed,marketplace
2086,716,2024-12-16,completed,marketplace
2087,716,2025-05-26,cancelled,mobile
2088,717,2024-07-25,pending,mobile
2089,717,2024-07-25,completed,mobile
2090,717,2024-11-03,refunded,web
2091,718,2025-12-09,completed,mobile
2092,720,2025-07-07,pending,mobile
2093,722,2025-10-01,refunded,mobile
2094,723,2025-07-22,completed,marketplace
2095,723,2025-02-19,completed,mobile
2096,723,2025-08-05,completed,web
2097,724,2025-01-06,completed,web
2098,724,2024-10-29,cancelled,web
2099,724,2025-12-25,completed,web
2100,724,2025-02-28,cancelled,mobile
2101,724,2024-09-15,completed,marketplace
2102,724,2024-09-20,completed,marketplace
2103,724,2025-01-06,completed,web
2104,724,2025-03-09,completed,web
2105,724,2025-06-04,completed,mobile
2106,724,2025-10-08,completed,mobile
2107,724,2025-05-26,completed,mobile
2108,724,2025-07-02,completed,mobile
2109,724,2025-11-28,completed,mobile
2110,724,2025-12-17,completed,web
2111,724,2025-03-12,completed,mobile
2112,725,2025-05-20,completed,mobile
2113,725,2025-02-05,refunded,mobile
2114,725,2025-02-18,completed,mobile
2115,725,2024-11-28,completed,mobile
2116,725,2025-07-15,completed,web
2117,725,2025-12-10,completed,web
2118,725,2025-10-30,completed,web
2119,725,2025-04-23,completed,marketplace
2120,726,2024-12-24,pending,web
2121,727,2025-10-29,completed,marketplace
2122,727,2025-11-29,completed,mobile
2123,728,2025-03-20,completed,web
2124,728,2025-01-17,pending,mobile
2125,728,2025-01-06,completed,web
2126,728,2024-10-23,completed,web
2127,728,2025-09-07,refunded,marketplace
2128,728,2025-02-08,completed,marketplace
2129,728,2025-08-07,cancelled,mobile
2130,728,2024-12-13,completed,mobile
2131,728,2025-02-16,completed,mobile
2132,728,2024-08-29,completed,marketplace
2133,728,2025-10-04,completed,web
2134,728,2025-04-30,completed,web
2135,728,2025-11-25,completed,marketplace
2136,728,2024-09-01,completed,mobile
2137,728,2025-11-23,refunded,mobile
2138,729,2025-01-30,completed,marketplace
2139,729,2025-04-16,cancelled,mobile
2140,730,2024-12-08,completed,web
2141,730,2025-12-15,completed,web
2142,731,2025-12-23,refunded,marketplace
2143,732,2025-11-11,pending,marketplace
2144,732,2025-11-25,cancelled,web
2145,732,2025-10-15,completed,mobile
2146,732,2025-10-02,pending,web
2147,732,2025-11-15,completed,web
2148,733,2025-10-01,pending,web
2149,733,2025-11-17,completed,web
2150,733,2025-11-25,completed,web
2151,733,2025-11-17,cancelled,web
2152,733,2025-12-31,cancelled,web
2153,734,2025-07-14,completed,mobile
2154,736,2025-11-27,completed,mobile
2155,736,2025-08-13,completed,mobile
2156,737,2025-08-12,completed,mobile
2157,738,2025-06-26,completed,web
2158,739,2025-12-13,completed,mobile
2159,739,2025-08-30,completed,marketplace
2160,739,2025-09-28,pending,web
2161,739,2025-03-20,completed,mobile
2162,739,2025-05-11,completed,mobile
2163,740,2025-03-09,completed,mobile
2164,740,2024-12-13,cancelled,web
2165,740,2024-06-06,completed,mobile
2166,741,2024-11-06,completed,mobile
2167,741,2025-07-10,cancelled,web
2168,743,2025-09-07,completed,web
2169,743,2025-10-05,completed,marketplace
2170,745,2025-01-26,completed,mobile
2171,745,2025-02-24,completed,mobile
2172,746,2025-12-23,completed,mobile
2173,746,2025-12-31,cancelled,marketplace
2174,748,2025-12-09,cancelled,web
2175,749,2024-04-11,completed,web
2176,749,2024-05-17,pending,web
2177,749,2025-12-11,completed,marketplace
2178,750,2025-08-22,refunded,web
2179,750,2025-11-15,completed,web
2180,750,2025-10-12,completed,mobile
2181,751,2025-10-29,completed,mobile
2182,752,2025-12-16,completed,mobile
2183,753,2025-05-07,completed,web
2184,753,2025-10-11,completed,mobile
2185,754,2025-11-10,completed,mobile
2186,754,2025-09-09,completed,marketplace
2187,754,2025-09-18,completed,web
2188,754,2025-01-11,cancelled,web
2189,754,2025-02-07,completed,web
2190,755,2025-09-06,completed,web
2191,755,2025-07-16,completed,mobile
2192,755,2025-05-09,completed,marketplace
2193,756,2025-03-14,completed,mobile
2194,757,2025-09-06,completed,web
2195,758,2025-12-31,completed,marketplace
2196,758,2025-10-09,cancelled,web
2197,759,2025-02-03,completed,web
2198,760,2025-12-23,cancelled,mobile
2199,760,2025-11-14,completed,mobile
2200,761,2025-08-15,cancelled,marketplace
2201,762,2025-11-06,pending,mobile
2202,762,2025-10-28,completed,web
2203,763,2025-05-19,completed,web
2204,763,2025-08-09,completed,web
2205,763,2025-05-13,completed,mobile
2206,764,2025-12-29,completed,mobile
2207,764,2025-12-26,completed,web
2208,765,2024-12-06,completed,web
2209,765,2025-07-03,completed,mobile
2210,767,2025-05-21,completed,mobile
2211,767,2025-05-27,completed,mobile
2212,767,2025-07-02,completed,web
2213,767,2025-09-24,refunded,web
2214,767,2025-11-07,completed,web
2215,767,2025-08-28,completed,web
2216,767,2025-07-01,completed,marketplace
2217,767,2025-05-15,completed,mobile
2218,768,2025-10-31,completed,web
2219,768,2025-11-25,completed,web
2220,769,2025-09-17,refunded,mobile
2221,769,2025-08-29,completed,mobile
2222,770,2025-11-21,completed,web
2223,771,2025-08-28,completed,mobile
2224,771,2025-07-18,completed,web
2225,771,2025-04-30,completed,marketplace
2226,772,2025-11-03,completed,marketplace
2227,773,2025-11-08,completed,mobile
2228,773,2025-10-19,completed,web
2229,773,2025-12-31,completed,web
2230,774,2025-09-30,completed,mobile
2231,775,2025-06-22,completed,web
2232,775,2025-12-31,completed,mobile
2233,776,2024-11-21,completed,web
2234,776,2025-05-17,pending,mobile
2235,776,2025-04-24,completed,web
2236,776,2025-07-21,pending,web
2237,776,2024-11-07,completed,marketplace
2238,777,2025-05-03,completed,mobile
2239,778,2025-12-12,cancelled,mobile
2240,778,2025-08-07,pending,mobile
2241,779,2025-01-10,completed,web
2242,779,2025-05-11,completed,mobile
2243,780,2025-11-22,completed,web
2244,780,2025-06-07,completed,web
2245,780,2025-03-27,completed,mobile
2246,781,2025-12-30,cancelled,web
2247,782,2025-08-13,completed,web
2248,782,2025-11-23,refunded,mobile
2249,782,2025-11-18,cancelled,mobile
2250,782,2025-12-22,completed,web
2251,782,2025-12-04,completed,mobile
2252,782,2025-11-15,completed,web
2253,782,2025-10-19,completed,web
2254,782,2025-10-04,completed,marketplace
2255,783,2025-12-27,completed,web
2256,785,2025-10-22,completed,mobile
2257,786,2025-05-07,refunded,web
2258,786,2025-05-07,cancelled,web
2259,786,2024-07-21,completed,mobile
2260,787,2025-11-29,completed,mobile
2261,787,2025-09-10,completed,web
2262,787,2025-11-19,completed,web
2263,787,2025-12-07,completed,web
2264,787,2025-12-29,completed,web
2265,788,2024-09-08,completed,web
2266,788,2024-07-25,completed,marketplace
2267,789,2025-11-14,completed,web
2268,789,2025-12-14,completed,web
2269,789,2025-11-04,completed,web
2270,789,2025-12-01,completed,web
2271,789,2025-11-12,completed,web
2272,790,2025-06-04,completed,mobile
2273,791,2024-12-20,completed,web
2274,791,2024-10-01,completed,web
2275,791,2024-12-25,completed,mobile
2276,792,2025-12-09,completed,marketplace
2277,792,2025-11-14,completed,web
2278,793,2025-11-28,completed,mobile
2279,793,2025-12-30,completed,web
2280,793,2025-07-16,completed,web
2281,793,2025-01-30,completed,web
2282,793,2025-03-26,completed,mobile
2283,794,2025-07-13,completed,web
2284,794,2025-07-09,completed,web
2285,794,2025-11-04,completed,web
2286,795,2025-09-01,completed,web
2287,796,2025-02-27,completed,mobile
2288,797,2025-07-26,completed,marketplace
2289,797,2025-07-27,refunded,mobile
2290,797,2025-07-11,completed,web
2291,798,2025-10-12,completed,web
2292,799,2025-09-09,refunded,mobile
2293,799,2025-04-12,cancelled,mobile
2294,799,2024-07-03,completed,web
2295,799,2024-07-22,completed,marketplace
2296,799,2025-04-16,completed,web
2297,799,2024-10-13,cancelled,web
2298,799,2025-08-23,completed,web
2299,799,2025-12-18,completed,web
2300,800,2025-08-10,completed,web
2301,801,2025-08-14,completed,web
2302,801,2025-03-16,completed,web
2303,802,2024-12-25,completed,mobile
2304,803,2025-10-27,completed,web
2305,803,2025-12-06,completed,mobile
2306,803,2025-09-05,completed,web
2307,804,2025-05-10,completed,web
2308,804,2025-01-18,completed,web
2309,804,2024-08-13,completed,mobile
2310,804,2024-08-01,completed,mobile
2311,804,2025-06-30,completed,web
2312,806,2025-09-16,refunded,mobile
2313,806,2025-08-07,refunded,mobile
2314,806,2025-10-01,refunded,mobile
2315,807,2025-04-20,completed,web
2316,808,2025-09-14,completed,web
2317,808,2025-10-26,completed,mobile
2318,809,2025-01-03,cancelled,mobile
2319,809,2025-06-29,completed,mobile
2320,810,2025-11-30,completed,web
2321,811,2024-06-12,completed,web
2322,812,2025-11-14,completed,mobile
2323,812,2025-03-31,completed,web
2324,813,2025-12-28,completed,web
2325,814,2025-10-05,refunded,web
2326,814,2025-03-11,completed,mobile
2327,815,2025-05-14,completed,web
2328,815,2025-01-30,completed,mobile
2329,815,2025-03-16,completed,mobile
2330,816,2025-11-10,completed,marketplace
2331,816,2025-12-21,completed,web
2332,816,2025-07-21,completed,web
2333,816,2025-06-28,completed,web
2334,816,2025-08-19,completed,mobile
2335,816,2025-11-20,completed,web
2336,816,2025-07-26,completed,web
2337,816,2025-12-16,completed,mobile
2338,816,2025-06-25,completed,mobile
2339,816,2025-09-22,completed,web
2340,816,2025-07-12,completed,web
2341,816,2025-08-11,completed,web
2342,816,2025-11-05,completed,mobile
2343,816,2025-09-10,completed,web
2344,816,2025-12-05,completed,web
2345,818,2025-12-09,completed,mobile
2346,818,2025-01-31,completed,web
2347,819,2024-07-28,completed,web
2348,820,2025-12-14,refunded,web
2349,820,2025-12-19,completed,web
2350,820,2025-12-16,completed,web
2351,821,2025-12-15,completed,mobile
2352,821,2025-12-20,completed,mobile
2353,822,2025-12-25,completed,web
2354,822,2025-12-08,completed,web
2355,822,2025-12-07,completed,web
2356,822,2025-12-16,completed,web
2357,822,2025-12-17,cancelled,mobile
2358,822,2025-12-22,completed,web
2359,822,2025-11-18,completed,web
2360,822,2025-12-19,completed,marketplace
2361,823,2025-11-23,completed,mobile
2362,823,2025-12-08,completed,marketplace
2363,823,2025-12-16,completed,mobile
2364,823,2025-11-14,completed,mobile
2365,823,2025-11-16,completed,mobile
2366,823,2025-11-01,completed,mobile
2367,823,2025-11-05,completed,web
2368,823,2025-12-17,completed,web
2369,824,2025-12-05,completed,mobile
2370,824,2025-09-27,completed,web
2371,824,2025-10-05,completed,mobile
2372,824,2025-12-21,completed,web
2373,824,2025-11-28,completed,web
2374,825,2024-02-25,cancelled,web
2375,826,2025-10-14,completed,mobile
2376,827,2025-12-30,completed,web
2377,827,2025-09-05,completed,marketplace
2378,829,2025-01-31,completed,mobile
2379,829,2025-08-28,refunded,web
2380,829,2025-10-16,completed,mobile
2381,829,2025-12-27,completed,mobile
2382,829,2025-03-07,completed,web
2383,830,2025-12-02,cancelled,mobile
2384,830,2025-10-29,completed,web
2385,830,2025-12-19,completed,marketplace
2386,830,2025-12-29,cancelled,marketplace
2387,830,2025-11-28,completed,web
2388,830,2025-10-20,completed,web
2389,830,2025-11-30,completed,marketplace
2390,830,2025-12-01,completed,mobile
2391,831,2025-11-12,completed,mobile
2392,831,2025-08-24,completed,web
2393,831,2025-12-13,completed,mobile
2394,832,2025-07-26,refunded,mobile
2395,833,2025-07-25,pending,web
2396,834,2025-01-09,completed,web
2397,834,2025-01-10,completed,web
2398,834,2025-12-06,completed,web
2399,834,2025-10-14,completed,marketplace
2400,834,2025-07-17,completed,web
2401,835,2025-03-25,refunded,mobile
2402,835,2025-12-13,completed,web
2403,835,2024-11-20,completed,web
2404,836,2025-12-20,completed,web
2405,837,2025-05-26,completed,web
2406,838,2025-12-30,cancelled,web
2407,838,2025-02-09,completed,mobile
2408,838,2025-09-30,completed,web
2409,839,2025-11-09,completed,mobile
2410,839,2025-09-15,completed,web
2411,839,2025-08-15,cancelled,web
2412,840,2025-05-08,cancelled,mobile
2413,840,2025-08-07,cancelled,web
2414,841,2025-01-30,completed,web
2415,841,2024-12-17,completed,web
2416,841,2025-04-09,completed,mobile
2417,841,2025-11-19,cancelled,web
2418,841,2025-06-14,completed,web
2419,841,2024-08-20,completed,web
2420,841,2024-10-03,completed,web
2421,841,2025-03-06,cancelled,web
2422,842,2025-10-05,completed,web
2423,843,2025-04-10,completed,web
2424,843,2025-05-23,refunded,web
2425,843,2025-02-12,completed,web
2426,844,2025-10-21,refunded,mobile
2427,844,2025-12-03,completed,web
2428,844,2025-10-25,completed,marketplace
2429,845,2025-09-27,completed,marketplace
2430,845,2025-05-20,completed,web
2431,845,2025-11-24,completed,mobile
2432,845,2025-12-18,completed,web
2433,845,2025-09-11,completed,web
2434,845,2025-10-09,completed,mobile
2435,845,2025-09-28,cancelled,web
2436,845,2025-08-09,completed,web
2437,845,2025-08-02,completed,web
2438,845,2025-12-18,cancelled,web
2439,845,2025-10-22,completed,mobile
2440,845,2025-12-09,completed,mobile
2441,845,2025-10-16,completed,mobile
2442,845,2025-05-27,completed,web
2443,845,2025-09-15,completed,web
2444,846,2025-07-20,refunded,web
2445,846,2025-07-21,completed,web
2446,846,2025-02-23,completed,marketplace
2447,846,2024-11-07,completed,web
2448,846,2024-07-30,cancelled,mobile
2449,847,2024-05-07,completed,web
2450,847,2025-08-03,completed,mobile
2451,847,2024-09-14,completed,marketplace
2452,848,2025-03-09,completed,web
2453,848,2025-01-30,refunded,mobile
2454,849,2025-11-19,completed,mobile
2455,850,2025-12-24,completed,web
2456,850,2025-12-23,completed,web
2457,850,2025-12-21,completed,web
2458,851,2025-12-19,completed,mobile
2459,851,2024-05-24,cancelled,web
2460,851,2025-07-18,completed,web
2461,852,2025-06-27,pending,web
2462,852,2025-01-07,completed,mobile
2463,852,2025-03-06,refunded,mobile
2464,852,2025-03-26,completed,web
2465,852,2025-07-24,completed,web
2466,853,2025-04-14,refunded,web
2467,854,2024-10-14,completed,web
2468,855,2025-08-19,completed,marketplace
2469,855,2025-11-21,completed,mobile
2470,855,2025-11-17,completed,mobile
2471,855,2025-11-25,cancelled,mobile
2472,855,2025-09-07,completed,web
2473,855,2025-12-04,completed,mobile
2474,855,2025-11-12,cancelled,web
2475,855,2025-12-12,completed,mobile
2476,855,2025-09-25,completed,web
2477,855,2025-10-12,completed,marketplace
2478,855,2025-10-02,completed,web
2479,855,2025-08-09,completed,web
2480,855,2025-09-14,completed,mobile
2481,855,2025-09-23,completed,web
2482,855,2025-10-29,completed,marketplace
2483,856,2025-07-31,completed,mobile
2484,856,2025-02-23,completed,mobile
2485,856,2025-10-23,completed,web
2486,856,2024-11-26,completed,web
2487,856,2025-08-14,completed,web
2488,857,2025-01-18,cancelled,web
2489,857,2025-04-22,refunded,web
2490,857,2024-05-26,completed,web
2491,857,2025-12-21,completed,web
2492,857,2025-05-22,completed,web
2493,857,2025-11-04,completed,web
2494,857,2024-05-16,completed,web
2495,857,2025-11-06,completed,mobile
2496,857,2025-08-08,completed,mobile
2497,857,2025-05-10,refunded,mobile
2498,857,2024-05-20,completed,mobile
2499,857,2025-02-26,refunded,web
2500,857,2025-08-06,completed,marketplace
2501,857,2024-12-05,completed,web
2502,857,2025-12-20,completed,mobile
2503,858,2025-10-12,completed,mobile
2504,858,2024-07-21,completed,mobile
2505,858,2024-10-13,completed,marketplace
2506,858,2024-02-25,cancelled,web
2507,858,2024-06-06,completed,mobile
2508,858,2025-02-10,completed,web
2509,858,2024-01-27,completed,web
2510,858,2025-07-07,completed,mobile
2511,859,2025-02-20,completed,web
2512,859,2025-07-09,completed,mobile
2513,859,2025-10-25,completed,web
2514,860,2025-12-19,completed,mobile
2515,861,2025-02-11,completed,marketplace
2516,861,2025-09-19,completed,web
2517,861,2024-12-09,completed,marketplace
2518,862,2025-05-25,completed,web
2519,863,2025-02-10,completed,web
2520,863,2025-01-18,completed,web
2521,864,2025-09-30,completed,web
2522,864,2025-08-04,refunded,mobile
2523,864,2025-07-27,completed,mobile
2524,865,2024-09-02,pending,web
2525,865,2024-12-04,completed,web
2526,865,2025-07-08,completed,web
2527,865,2024-12-21,completed,web
2528,865,2025-01-09,completed,web
2529,865,2025-12-03,completed,marketplace
2530,865,2025-05-09,completed,web
2531,865,2024-07-23,completed,web
2532,866,2025-12-19,completed,marketplace
2533,867,2025-06-23,completed,web
2534,867,2025-12-29,cancelled,web
2535,867,2025-09-14,completed,web
2536,868,2025-07-20,completed,mobile
2537,868,2025-10-14,completed,mobile
2538,868,2025-05-22,completed,web
2539,869,2025-01-02,completed,mobile
2540,870,2025-09-27,completed,mobile
2541,871,2025-05-30,completed,web
2542,872,2025-11-27,refunded,mobile
2543,872,2025-11-20,completed,web
2544,872,2025-11-16,completed,web
2545,873,2025-12-29,completed,web
2546,874,2025-11-19,refunded,mobile
2547,874,2025-12-18,completed,mobile
2548,874,2025-10-31,completed,marketplace
2549,874,2025-11-27,completed,web
2550,874,2025-09-04,completed,mobile
2551,874,2025-11-12,refunded,web
2552,874,2025-10-06,cancelled,web
2553,874,2025-08-13,completed,web
2554,875,2025-05-31,cancelled,web
2555,875,2024-11-10,completed,mobile
2556,875,2025-11-15,completed,web
2557,875,2024-03-16,completed,marketplace
2558,875,2025-04-28,cancelled,web
2559,875,2025-05-30,completed,web
2560,875,2024-07-04,completed,web
2561,875,2024-04-12,cancelled,web
2562,876,2025-05-17,completed,web
2563,876,2025-02-17,completed,marketplace
2564,876,2025-05-15,completed,mobile
2565,878,2024-07-21,completed,web
2566,878,2025-01-23,completed,mobile
2567,880,2025-12-01,completed,web
2568,880,2025-10-31,completed,web
2569,881,2025-11-19,completed,marketplace
2570,881,2025-12-08,completed,web
2571,881,2025-11-22,completed,marketplace
2572,882,2025-11-28,completed,web
2573,882,2025-11-30,completed,mobile
2574,882,2025-12-22,cancelled,mobile
2575,882,2025-12-06,completed,web
2576,882,2025-11-27,cancelled,web
2577,883,2024-09-19,completed,web
2578,883,2024-11-22,completed,web
2579,883,2025-04-13,completed,web
2580,883,2025-01-03,completed,web
2581,883,2025-03-31,completed,mobile
2582,883,2025-12-21,completed,mobile
2583,883,2025-01-02,completed,web
2584,883,2024-11-27,cancelled,mobile
2585,884,2025-02-13,completed,web
2586,885,2025-07-15,completed,web
2587,885,2025-11-20,completed,web
2588,886,2025-12-05,completed,marketplace
2589,887,2025-08-18,completed,web
2590,887,2024-07-23,completed,web
2591,888,2025-12-12,completed,web
2592,888,2025-12-30,completed,web
2593,889,2024-10-24,completed,web
2594,889,2025-02-22,completed,web
2595,890,2025-12-21,completed,web
2596,890,2025-12-08,completed,web
2597,890,2025-11-24,completed,web
2598,891,2025-01-02,completed,mobile
2599,892,2025-04-15,completed,mobile
2600,892,2024-10-06,completed,web
2601,892,2024-11-07,cancelled,mobile
2602,893,2025-09-15,completed,mobile
2603,893,2025-12-11,pending,mobile
2604,893,2025-10-14,pending,web
2605,893,2025-10-28,completed,marketplace
2606,893,2025-07-04,completed,web
2607,893,2025-07-30,completed,web
2608,893,2025-06-09,completed,mobile
2609,893,2025-11-11,completed,web
2610,893,2025-06-15,completed,web
2611,893,2025-10-06,completed,web
2612,893,2025-07-01,completed,web
2613,893,2025-06-07,completed,marketplace
2614,893,2025-07-01,refunded,web
2615,893,2025-10-19,completed,web
2616,893,2025-11-27,cancelled,marketplace
2617,894,2024-06-11,completed,web
2618,895,2025-11-13,cancelled,web
2619,896,2025-11-13,completed,web
2620,897,2025-03-08,completed,web
2621,897,2024-06-03,pending,web
2622,897,2025-09-07,completed,marketplace
2623,897,2025-01-19,completed,web
2624,897,2024-11-07,completed,web
2625,897,2025-02-27,completed,web
2626,897,2024-12-15,completed,web
2627,897,2025-08-13,completed,web
2628,897,2025-11-13,completed,web
2629,897,2025-08-23,completed,mobile
2630,897,2025-05-04,completed,web
2631,897,2025-09-17,completed,web
2632,897,2025-07-31,completed,web
2633,897,2025-09-15,completed,marketplace
2634,897,2024-12-21,completed,mobile
2635,898,2025-06-25,completed,web
2636,898,2025-08-27,completed,web
2637,899,2025-11-13,completed,mobile
2638,899,2025-07-12,completed,mobile
2639,899,2025-09-17,completed,mobile
2640,900,2025-06-27,completed,web
2641,901,2025-04-21,completed,web
2642,901,2025-09-27,completed,web
2643,901,2025-11-15,cancelled,web
2644,901,2024-09-07,completed,marketplace
2645,901,2025-08-10,completed,web
2646,903,2025-06-27,completed,mobile
2647,904,2024-12-17,completed,marketplace
2648,904,2025-06-21,refunded,marketplace
2649,904,2024-11-16,completed,web
2650,905,2025-12-24,pending,web
2651,905,2025-05-29,pending,web
2652,905,2025-06-27,completed,web
2653,905,2025-12-07,cancelled,web
2654,905,2025-09-16,completed,marketplace
2655,905,2024-06-07,completed,web
2656,905,2025-12-05,pending,web
2657,905,2025-12-28,refunded,web
2658,905,2024-09-04,refunded,marketplace
2659,905,2024-04-15,completed,web
2660,905,2024-12-28,completed,web
2661,905,2025-06-30,cancelled,mobile
2662,905,2024-10-06,completed,mobile
2663,905,2024-10-15,completed,web
2664,905,2024-06-17,completed,mobile
2665,906,2025-12-25,completed,mobile
2666,906,2024-04-29,refunded,marketplace
2667,906,2025-02-18,completed,web
2668,907,2025-05-30,completed,web
2669,907,2025-06-16,completed,mobile
2670,908,2024-12-11,completed,mobile
2671,908,2025-08-28,completed,mobile
2672,908,2024-03-16,cancelled,web
2673,908,2024-06-08,completed,marketplace
2674,908,2024-03-03,completed,mobile
2675,908,2025-01-10,completed,web
2676,908,2025-02-22,completed,mobile
2677,908,2024-09-09,completed,web
2678,909,2025-10-18,completed,mobile
2679,909,2025-01-24,completed,web
2680,910,2025-07-18,completed,mobile
2681,910,2025-10-02,completed,marketplace
2682,911,2025-12-09,completed,mobile
2683,911,2025-11-21,completed,mobile
2684,911,2025-09-17,completed,mobile
2685,912,2025-06-04,completed,mobile
2686,912,2025-08-20,completed,mobile
2687,912,2025-06-21,completed,web
2688,913,2025-12-12,cancelled,web
2689,914,2025-10-20,refunded,web
2690,914,2025-10-25,completed,mobile
2691,914,2025-08-24,completed,web
2692,914,2025-10-24,completed,web
2693,914,2025-09-10,completed,web
2694,914,2025-11-17,completed,mobile
2695,914,2025-12-17,completed,web
2696,914,2025-09-09,completed,web
2697,914,2025-07-20,completed,mobile
2698,914,2025-09-18,completed,web
2699,914,2025-10-14,completed,web
2700,914,2025-12-20,completed,web
2701,914,2025-10-02,completed,marketplace
2702,914,2025-12-26,completed,marketplace
2703,914,2025-10-15,completed,web
2704,915,2025-03-17,completed,web
2705,915,2025-08-24,completed,mobile
2706,916,2025-08-15,completed,web
2707,916,2025-01-29,completed,web
2708,916,2025-09-22,completed,web
2709,916,2025-04-03,cancelled,marketplace
2710,916,2025-03-15,completed,web
2711,917,2024-12-09,completed,mobile
2712,917,2024-07-04,refunded,mobile
2713,919,2025-11-03,refunded,web
2714,920,2024-08-15,completed,mobile
2715,921,2025-04-29,completed,web
2716,921,2025-12-06,refunded,mobile
2717,921,2025-06-25,completed,web
2718,921,2025-10-25,cancelled,web
2719,921,2025-11-06,cancelled,mobile
2720,922,2024-10-24,completed,web
2721,922,2024-10-26,completed,mobile
2722,923,2025-03-10,completed,web
2723,923,2025-07-29,cancelled,web
2724,923,2025-07-08,completed,mobile
2725,923,2025-09-29,completed,web
2726,923,2025-11-10,completed,mobile
2727,924,2025-12-16,completed,web
2728,924,2025-12-12,completed,web
2729,924,2025-10-18,cancelled,web
2730,925,2025-02-04,cancelled,web
2731,925,2025-06-05,completed,web
2732,925,2025-10-20,completed,web
2733,926,2025-07-20,completed,mobile
2734,927,2024-10-15,cancelled,web
2735,928,2024-12-26,cancelled,web
2736,928,2025-02-04,completed,web
2737,929,2025-10-03,refunded,mobile
2738,929,2025-03-11,completed,web
2739,929,2025-01-15,completed,web
2740,930,2025-08-22,completed,mobile
2741,930,2025-08-03,completed,mobile
2742,930,2025-10-05,completed,web
2743,931,2025-12-20,completed,mobile
2744,931,2025-12-19,completed,mobile
2745,931,2025-10-10,completed,web
2746,933,2025-11-25,completed,mobile
2747,933,2025-10-03,completed,web
2748,934,2025-03-28,completed,marketplace
2749,934,2025-04-03,completed,mobile
2750,934,2025-03-27,completed,marketplace
2751,935,2025-09-24,pending,web
2752,935,2025-10-17,completed,mobile
2753,935,2025-12-09,completed,mobile
2754,935,2025-12-27,completed,marketplace
2755,935,2025-11-07,completed,mobile
2756,935,2025-11-07,refunded,marketplace
2757,935,2025-10-21,completed,mobile
2758,935,2025-10-17,pending,web
2759,936,2025-05-02,completed,web
2760,936,2025-11-14,completed,web
2761,937,2025-08-16,completed,mobile
2762,937,2025-03-27,completed,web
2763,939,2025-08-16,completed,mobile
2764,939,2025-09-18,completed,mobile
2765,939,2025-12-27,completed,web
2766,939,2025-07-21,cancelled,mobile
2767,939,2025-09-11,completed,web
2768,939,2025-07-14,completed,mobile
2769,939,2025-08-11,completed,mobile
2770,939,2025-11-24,completed,mobile
2771,939,2025-06-19,completed,mobile
2772,939,2025-07-12,cancelled,mobile
2773,939,2025-08-12,completed,mobile
2774,939,2025-06-25,completed,mobile
2775,939,2025-06-20,completed,web
2776,939,2025-09-12,completed,mobile
2777,939,2025-07-05,completed,web
2778,940,2025-10-22,completed,web
2779,941,2025-01-11,completed,marketplace
2780,941,2025-04-30,refunded,mobile
2781,942,2025-07-09,completed,web
2782,943,2025-02-06,completed,web
2783,943,2024-05-31,completed,web
2784,943,2024-12-02,completed,mobile
2785,943,2025-03-10,completed,web
2786,943,2025-07-05,completed,mobile
2787,943,2024-03-21,completed,web
2788,943,2025-05-14,completed,web
2789,943,2025-06-18,completed,mobile
2790,945,2025-12-17,completed,web
2791,946,2025-12-04,completed,web
2792,946,2025-02-09,completed,web
2793,946,2025-08-24,completed,web
2794,947,2025-01-23,completed,web
2795,948,2024-06-11,completed,web
2796,948,2025-02-13,completed,marketplace
2797,948,2025-05-11,refunded,mobile
2798,950,2025-12-15,completed,mobile
2799,950,2025-12-27,refunded,mobile
2800,950,2025-12-15,refunded,web
2801,950,2025-12-13,completed,marketplace
2802,950,2025-12-13,completed,marketplace
2803,950,2025-12-31,cancelled,web
2804,950,2025-12-29,completed,web
2805,950,2025-12-26,completed,web
2806,952,2025-12-20,completed,mobile
2807,952,2025-12-03,completed,marketplace
2808,953,2025-09-27,completed,web
2809,953,2025-02-25,completed,web
2810,954,2025-12-18,completed,web
2811,954,2025-12-30,completed,web
2812,954,2025-12-10,completed,web
2813,954,2025-12-19,completed,web
2814,954,2025-12-11,completed,web
2815,954,2025-12-14,refunded,web
2816,954,2025-12-09,completed,mobile
2817,954,2025-12-25,completed,mobile
2818,954,2025-12-15,completed,web
2819,954,2025-12-29,completed,web
2820,954,2025-12-19,completed,web
2821,954,2025-12-19,completed,web
2822,954,2025-12-25,completed,web
2823,954,2025-12-24,completed,web
2824,954,2025-12-28,completed,mobile
2825,955,2025-12-19,completed,web
2826,955,2025-12-21,completed,web
2827,955,2025-12-07,completed,mobile
2828,956,2024-07-14,completed,web
2829,956,2024-11-10,completed,mobile
2830,957,2025-02-02,completed,marketplace
2831,957,2025-01-03,completed,mobile
2832,957,2025-11-09,completed,web
2833,958,2025-04-20,completed,web
2834,958,2025-02-09,cancelled,mobile
2835,958,2024-06-16,completed,mobile
2836,959,2025-12-27,completed,web
2837,959,2025-12-09,completed,mobile
2838,959,2025-12-22,completed,web
2839,960,2025-10-30,completed,marketplace
2840,960,2025-04-15,completed,web
2841,961,2025-01-02,completed,mobile
2842,962,2025-10-02,completed,web
2843,962,2025-11-28,completed,mobile
2844,964,2025-10-30,pending,web
2845,964,2025-10-30,completed,web
2846,965,2025-12-21,completed,web
2847,965,2025-08-26,completed,web
2848,965,2025-06-26,completed,web
2849,966,2025-08-25,completed,mobile
2850,967,2024-11-09,completed,mobile
2851,967,2025-09-24,refunded,web
2852,968,2025-10-17,completed,web
2853,968,2025-10-03,completed,mobile
2854,969,2025-08-09,completed,mobile
2855,969,2025-12-12,completed,web
2856,970,2024-11-27,completed,mobile
2857,970,2025-11-02,completed,mobile
2858,971,2025-12-25,completed,web
2859,971,2025-10-25,completed,web
2860,971,2025-10-26,completed,marketplace
2861,972,2025-05-18,completed,mobile
2862,972,2025-05-22,completed,marketplace
2863,972,2025-08-19,completed,mobile
2864,972,2025-07-03,completed,web
2865,972,2025-07-25,cancelled,mobile
2866,972,2025-11-07,cancelled,web
2867,972,2025-06-08,completed,mobile
2868,972,2025-11-22,completed,marketplace
2869,973,2025-12-26,completed,web
2870,974,2024-02-14,completed,mobile
2871,975,2025-04-22,completed,web
2872,975,2025-01-06,completed,web
2873,975,2025-01-07,completed,mobile
2874,975,2025-08-22,completed,mobile
2875,975,2025-12-13,completed,mobile
2876,975,2024-11-04,completed,web
2877,975,2025-10-09,completed,web
2878,975,2025-11-12,completed,mobile
2879,976,2024-10-01,pending,web
2880,976,2024-02-14,completed,mobile
2881,976,2024-06-02,completed,web
2882,977,2025-05-13,refunded,marketplace
2883,978,2024-10-08,completed,web
2884,978,2025-10-27,completed,mobile
2885,978,2025-10-25,refunded,mobile
2886,978,2025-09-03,completed,web
2887,978,2025-11-10,completed,web
2888,978,2025-02-11,completed,mobile
2889,978,2025-03-23,completed,web
2890,978,2025-01-13,completed,web
2891,979,2025-12-04,completed,mobile
2892,980,2025-05-16,completed,mobile
2893,981,2025-09-28,completed,mobile
2894,981,2025-12-12,completed,web
2895,981,2025-08-31,cancelled,web
2896,981,2025-09-16,completed,marketplace
2897,981,2025-09-05,completed,web
2898,982,2025-12-08,completed,web
2899,982,2025-12-22,completed,web
2900,983,2025-11-01,refunded,mobile
2901,984,2025-08-12,completed,web
2902,984,2025-08-09,completed,web
2903,985,2025-03-28,completed,web
2904,985,2025-12-28,completed,web
2905,987,2025-09-13,cancelled,web
2906,987,2025-10-24,completed,web
2907,988,2025-12-09,completed,web
2908,988,2025-12-24,completed,web
2909,989,2025-11-26,completed,mobile
2910,989,2025-08-22,completed,web
2911,990,2025-09-29,cancelled,mobile
2912,990,2024-11-23,pending,mobile
2913,991,2025-06-23,completed,mobile
2914,992,2025-11-23,completed,mobile
2915,992,2025-03-29,cancelled,marketplace
2916,992,2025-04-11,completed,mobile
2917,992,2025-10-29,completed,web
2918,992,2025-11-18,completed,mobile
2919,993,2025-06-11,cancelled,web
2920,993,2025-11-21,completed,web
2921,993,2025-10-27,cancelled,web
2922,994,2025-10-08,pending,mobile
2923,994,2024-02-19,completed,mobile
2924,994,2024-02-05,cancelled,mobile
2925,995,2025-12-13,completed,web
2926,996,2024-06-08,cancelled,mobile
2927,996,2024-03-05,completed,web
2928,997,2025-07-17,completed,marketplace
2929,997,2025-05-05,completed,web
2930,998,2025-02-20,completed,marketplace
2931,998,2025-10-29,completed,marketplace
2932,998,2025-04-13,completed,web
2933,998,2025-09-25,completed,mobile
2934,998,2025-04-18,completed,web
2935,999,2025-05-16,completed,web
2936,999,2024-10-11,completed,web
2937,999,2025-05-02,completed,marketplace
2938,1000,2025-01-20,completed,web
2939,1002,2025-07-22,completed,mobile
2940,1002,2025-07-20,completed,mobile
2941,1003,2025-10-08,completed,web
2942,1003,2025-08-24,completed,web
2943,1004,2024-12-25,pending,mobile
2944,1004,2025-06-01,completed,mobile
2945,1004,2025-05-03,completed,web
2946,1004,2025-05-31,completed,web
2947,1004,2025-12-21,completed,web
2948,1006,2025-03-03,completed,mobile
2949,1007,2025-12-26,completed,web
2950,1007,2025-09-13,completed,web
2951,1007,2025-12-04,completed,web
2952,1007,2025-09-05,completed,web
2953,1007,2025-12-17,refunded,mobile
2954,1008,2025-05-22,completed,mobile
2955,1008,2025-02-01,completed,web
2956,1008,2025-09-22,completed,mobile
2957,1009,2024-10-29,refunded,web
2958,1010,2024-03-14,completed,web
2959,1010,2024-05-29,completed,marketplace
2960,1010,2025-02-09,completed,web
2961,1011,2024-09-26,completed,marketplace
2962,1012,2025-10-26,completed,web
2963,1012,2025-10-28,completed,mobile
2964,1012,2025-10-25,completed,web
2965,1012,2025-11-19,pending,mobile
2966,1012,2025-07-29,completed,mobile
2967,1013,2025-11-01,refunded,mobile
2968,1013,2025-08-23,completed,web
2969,1014,2025-08-19,cancelled,mobile
2970,1014,2025-04-20,completed,web
2971,1015,2024-06-04,cancelled,web
2972,1015,2024-12-16,completed,mobile
2973,1015,2024-07-20,completed,web
2974,1015,2025-01-27,completed,web
2975,1015,2025-08-05,completed,mobile
2976,1016,2025-11-07,completed,mobile
2977,1016,2025-09-03,completed,web
2978,1016,2025-12-28,pending,web
2979,1017,2024-12-25,completed,marketplace
2980,1017,2025-08-20,completed,marketplace
2981,1017,2025-03-12,completed,mobile
2982,1018,2025-09-09,completed,web
2983,1018,2025-12-07,completed,mobile
2984,1019,2024-11-13,completed,web
2985,1019,2025-03-25,completed,web
2986,1020,2025-03-26,completed,mobile
2987,1021,2025-12-24,completed,web
2988,1021,2025-12-30,completed,mobile
2989,1021,2025-12-23,completed,web
2990,1022,2024-04-10,completed,web
2991,1022,2024-06-20,completed,mobile
2992,1023,2025-02-17,completed,web
2993,1024,2025-07-11,completed,web
2994,1025,2024-05-21,cancelled,web
2995,1025,2025-12-09,completed,web
2996,1025,2025-03-10,completed,mobile
2997,1025,2024-04-11,completed,mobile
2998,1025,2025-09-29,completed,web
2999,1025,2024-03-30,cancelled,web
3000,1025,2024-06-08,completed,mobile
3001,1025,2025-07-01,refunded,mobile
3002,1026,2025-11-12,completed,web
3003,1027,2025-11-10,completed,mobile
3004,1028,2025-10-10,cancelled,mobile
3005,1028,2025-08-04,completed,web
3006,1028,2024-12-15,cancelled,web
3007,1029,2025-12-15,completed,mobile
3008,1030,2025-12-02,completed,web
3009,1030,2025-11-06,completed,mobile
3010,1030,2025-12-10,completed,web
3011,1031,2025-02-23,completed,web
3012,1032,2025-09-06,cancelled,web
3013,1033,2025-10-14,completed,web
3014,1034,2025-10-03,completed,mobile
3015,1035,2025-11-16,completed,web
3016,1035,2025-11-21,completed,mobile
3017,1036,2024-10-14,completed,web
3018,1036,2024-07-29,completed,mobile
3019,1036,2025-12-26,completed,web
3020,1037,2025-11-23,completed,mobile
3021,1038,2025-04-28,refunded,mobile
3022,1039,2025-08-16,completed,web
3023,1040,2025-12-03,completed,web
3024,1041,2025-10-13,completed,web
3025,1041,2024-08-01,refunded,web
3026,1041,2024-03-07,cancelled,mobile
3027,1042,2024-10-07,cancelled,mobile
3028,1042,2024-10-28,completed,mobile
3029,1042,2025-09-20,completed,web
3030,1042,2025-02-18,cancelled,mobile
3031,1042,2025-06-25,completed,web
3032,1044,2024-06-26,completed,web
3033,1045,2025-11-23,completed,web
3034,1045,2025-12-15,completed,web
3035,1046,2024-09-20,cancelled,mobile
3036,1046,2025-12-04,completed,web
3037,1047,2025-04-25,pending,web
3038,1047,2025-02-15,completed,web
3039,1048,2025-10-21,completed,mobile
3040,1048,2025-11-28,completed,web
3041,1049,2025-12-03,cancelled,web
3042,1050,2024-11-29,completed,mobile
3043,1050,2025-11-20,completed,web
3044,1050,2025-03-30,completed,web
3045,1050,2025-11-04,cancelled,mobile
3046,1050,2025-12-12,completed,web
3047,1050,2024-12-15,completed,mobile
3048,1050,2025-05-25,completed,marketplace
3049,1050,2025-11-07,refunded,web
3050,1051,2024-12-30,completed,mobile
3051,1051,2025-05-25,refunded,web
3052,1052,2025-08-18,completed,web
3053,1052,2025-06-16,completed,mobile
3054,1052,2025-06-02,pending,web
3055,1053,2025-12-30,completed,mobile
3056,1053,2025-12-31,completed,web
3057,1054,2024-09-08,completed,web
3058,1054,2025-05-11,completed,marketplace
3059,1054,2024-09-18,pending,web
3060,1054,2025-06-22,completed,web
3061,1054,2025-04-18,completed,web
3062,1055,2024-11-21,completed,web
3063,1056,2025-12-31,cancelled,marketplace
3064,1056,2025-12-14,completed,web
3065,1057,2025-07-29,completed,web
3066,1057,2025-07-17,completed,web
3067,1057,2025-12-04,completed,marketplace
3068,1057,2025-10-01,completed,web
3069,1057,2025-05-04,completed,web
3070,1058,2025-07-03,refunded,web
3071,1059,2025-12-08,completed,web
3072,1059,2025-11-30,completed,web
3073,1059,2025-10-30,completed,web
3074,1060,2025-10-15,completed,mobile
3075,1060,2025-12-09,completed,mobile
3076,1062,2025-09-08,completed,mobile
3077,1064,2025-10-04,completed,web
3078,1065,2025-12-25,completed,web
3079,1065,2025-12-27,completed,marketplace
3080,1065,2025-12-21,completed,mobile
3081,1066,2025-09-03,completed,mobile
3082,1066,2025-04-26,completed,mobile
3083,1066,2025-12-27,completed,web
3084,1069,2025-09-05,completed,web
3085,1070,2024-03-22,refunded,mobile
3086,1070,2025-11-01,completed,mobile
3087,1071,2025-02-14,completed,web
3088,1071,2024-12-08,completed,web
3089,1073,2025-12-23,completed,mobile
3090,1074,2025-10-20,completed,mobile
3091,1075,2025-06-14,completed,mobile
3092,1075,2024-08-17,pending,web
3093,1075,2024-10-23,completed,mobile
3094,1076,2025-04-16,completed,web
3095,1077,2025-02-22,completed,mobile
3096,1079,2025-10-27,pending,mobile
3097,1079,2025-09-14,completed,marketplace
3098,1079,2025-02-15,completed,mobile
3099,1079,2025-02-21,completed,web
3100,1079,2025-02-02,completed,web
3101,1080,2025-10-07,completed,web
3102,1080,2025-12-31,completed,web
3103,1080,2025-06-25,completed,mobile
3104,1080,2025-07-16,completed,web
3105,1080,2025-07-18,refunded,web
3106,1081,2025-11-27,completed,marketplace
3107,1081,2025-12-28,refunded,web
3108,1081,2025-12-12,completed,web
3109,1082,2025-07-05,completed,marketplace
3110,1082,2025-02-08,completed,web
3111,1083,2025-12-12,completed,marketplace
3112,1083,2025-09-05,completed,web
3113,1083,2025-08-09,completed,web
3114,1084,2025-09-07,completed,web
3115,1084,2025-11-11,completed,web
3116,1084,2025-01-31,completed,web
3117,1085,2025-12-22,refunded,web
3118,1086,2025-05-24,completed,mobile
3119,1087,2025-09-24,completed,mobile
3120,1087,2025-11-10,completed,marketplace
3121,1087,2025-08-21,completed,web
3122,1087,2025-10-16,completed,web
3123,1087,2025-09-21,cancelled,web
3124,1087,2025-11-10,refunded,web
3125,1087,2025-11-17,completed,web
3126,1087,2025-09-14,completed,web
3127,1087,2025-12-20,completed,mobile
3128,1087,2025-08-29,refunded,mobile
3129,1087,2025-10-25,completed,web
3130,1087,2025-10-01,completed,web
3131,1087,2025-09-19,completed,web
3132,1087,2025-12-23,completed,web
3133,1087,2025-08-23,completed,mobile
3134,1088,2025-06-15,completed,web
3135,1088,2024-11-09,completed,mobile
3136,1089,2025-10-19,completed,web
3137,1092,2025-09-19,refunded,web
3138,1092,2025-11-06,completed,web
3139,1093,2025-11-01,completed,web
3140,1093,2025-11-29,completed,web
3141,1095,2025-11-11,completed,web
3142,1095,2025-12-04,completed,web
3143,1095,2025-11-06,completed,marketplace
3144,1095,2025-10-21,completed,marketplace
3145,1095,2025-11-04,cancelled,mobile
3146,1095,2025-12-20,completed,mobile
3147,1095,2025-10-24,completed,web
3148,1095,2025-12-28,cancelled,web
3149,1097,2025-05-16,completed,mobile
3150,1097,2025-07-28,completed,mobile
3151,1098,2025-11-28,completed,mobile
3152,1099,2025-07-28,completed,web
3153,1099,2025-09-22,completed,web
3154,1101,2025-12-01,completed,web
3155,1101,2025-04-30,completed,web
3156,1103,2024-05-20,completed,mobile
3157,1103,2024-11-23,completed,web
3158,1103,2025-07-20,completed,web
3159,1104,2025-09-21,completed,mobile
3160,1104,2025-12-10,completed,web
3161,1104,2025-05-02,completed,web
3162,1104,2025-11-09,completed,mobile
3163,1104,2025-02-28,cancelled,web
3164,1105,2025-06-24,completed,web
3165,1106,2025-03-31,completed,mobile
3166,1106,2024-12-08,completed,web
3167,1106,2025-02-06,completed,web
3168,1106,2025-04-22,completed,web
3169,1106,2025-09-16,completed,mobile
3170,1107,2025-01-14,completed,web
3171,1107,2024-07-03,completed,web
3172,1107,2024-12-30,refunded,mobile
3173,1108,2025-01-21,completed,web
3174,1108,2025-03-16,completed,mobile
3175,1109,2025-12-29,completed,web
3176,1109,2025-12-25,completed,marketplace
3177,1110,2024-07-24,completed,mobile
3178,1110,2024-01-18,completed,web
3179,1110,2025-04-02,completed,web
3180,1110,2024-11-12,completed,web
3181,1110,2024-03-14,completed,mobile
3182,1110,2024-03-18,completed,web
3183,1110,2025-11-07,completed,web
3184,1110,2025-12-11,completed,web
3185,1110,2025-10-18,completed,web
3186,1110,2024-05-11,completed,mobile
3187,1110,2024-02-09,completed,mobile
3188,1110,2024-06-10,completed,mobile
3189,1110,2024-06-14,completed,web
3190,1110,2024-08-05,completed,web
3191,1110,2025-01-02,completed,web
3192,1111,2025-12-11,cancelled,mobile
3193,1111,2025-12-22,completed,mobile
3194,1111,2025-12-29,completed,mobile
3195,1111,2025-11-22,cancelled,mobile
3196,1111,2025-12-14,completed,web
3197,1111,2025-12-23,refunded,mobile
3198,1111,2025-12-21,completed,mobile
3199,1111,2025-12-01,cancelled,web
3200,1111,2025-11-29,completed,web
3201,1111,2025-12-07,completed,mobile
3202,1111,2025-11-24,completed,mobile
3203,1111,2025-11-22,completed,web
3204,1111,2025-12-20,completed,web
3205,1111,2025-11-20,completed,marketplace
3206,1111,2025-12-15,completed,web
3207,1112,2024-05-10,completed,mobile
3208,1113,2025-11-27,completed,web
3209,1113,2025-12-08,completed,mobile
3210,1113,2025-12-12,completed,mobile
3211,1114,2025-12-07,completed,web
3212,1114,2025-09-27,cancelled,web
3213,1115,2025-02-03,completed,marketplace
3214,1116,2025-11-25,completed,mobile
3215,1116,2025-11-20,completed,web
3216,1116,2025-12-05,completed,web
3217,1118,2025-06-18,completed,web
3218,1119,2025-12-15,cancelled,mobile
3219,1119,2025-12-15,cancelled,mobile
3220,1119,2025-12-22,completed,mobile
3221,1120,2025-12-17,completed,web
3222,1120,2025-01-25,completed,mobile
3223,1121,2025-12-17,completed,mobile
3224,1122,2025-11-11,cancelled,web
3225,1122,2025-12-24,refunded,mobile
3226,1122,2025-11-09,completed,web
3227,1123,2025-11-29,completed,web
3228,1123,2025-09-11,completed,web
3229,1125,2025-09-08,completed,marketplace
3230,1125,2025-04-30,completed,web
3231,1126,2025-08-11,cancelled,mobile
3232,1126,2025-12-02,completed,web
3233,1127,2025-10-06,cancelled,web
3234,1127,2025-09-13,refunded,mobile
3235,1127,2025-10-29,refunded,web
3236,1128,2025-09-15,completed,web
3237,1128,2024-12-27,completed,web
3238,1129,2025-10-06,completed,web
3239,1130,2025-11-20,completed,web
3240,1130,2025-10-27,completed,marketplace
3241,1130,2025-11-30,completed,mobile
3242,1130,2025-10-31,completed,mobile
3243,1130,2025-12-28,completed,web
3244,1130,2025-12-22,completed,marketplace
3245,1130,2025-12-30,completed,marketplace
3246,1130,2025-11-09,completed,mobile
3247,1131,2024-05-25,cancelled,web
3248,1131,2025-09-11,completed,mobile
3249,1131,2025-03-11,completed,web
3250,1132,2025-07-30,completed,web
3251,1132,2025-03-04,completed,mobile
3252,1132,2025-04-29,completed,web
3253,1132,2025-12-02,cancelled,web
3254,1132,2025-10-16,completed,web
3255,1134,2024-11-23,completed,mobile
3256,1135,2025-06-13,completed,web
3257,1135,2025-03-09,completed,web
3258,1136,2024-06-25,completed,mobile
3259,1136,2024-07-05,completed,web
3260,1136,2024-11-04,completed,web
3261,1137,2025-06-27,completed,web
3262,1138,2025-06-17,completed,web
3263,1138,2024-10-21,completed,web
3264,1139,2025-04-14,completed,web
3265,1139,2025-05-22,completed,web
3266,1140,2025-12-08,completed,web
3267,1141,2025-04-18,completed,web
3268,1141,2025-12-01,completed,web
3269,1141,2025-09-25,completed,mobile
3270,1142,2025-12-08,completed,web
3271,1142,2025-12-14,completed,web
3272,1144,2025-10-23,completed,mobile
3273,1144,2025-07-29,completed,mobile
3274,1144,2025-08-03,completed,marketplace
3275,1145,2025-04-23,completed,mobile
3276,1145,2025-08-03,completed,web
3277,1145,2025-09-26,completed,web
3278,1146,2024-06-05,completed,web
3279,1147,2025-05-07,completed,web
3280,1147,2025-08-21,completed,web
3281,1147,2025-08-17,refunded,web
3282,1147,2025-04-21,completed,web
3283,1147,2024-12-22,completed,web
3284,1147,2025-09-01,completed,web
3285,1147,2025-09-22,completed,mobile
3286,1147,2025-10-23,completed,mobile
3287,1148,2025-11-08,completed,web
3288,1149,2025-12-01,cancelled,mobile
3289,1149,2025-01-24,cancelled,web
3290,1149,2025-05-26,completed,web
3291,1149,2025-09-10,completed,web
3292,1149,2025-07-13,completed,mobile
3293,1149,2025-08-17,cancelled,web
3294,1149,2025-06-30,cancelled,web
3295,1149,2025-01-14,cancelled,web
3296,1150,2025-04-27,completed,marketplace
3297,1151,2025-08-28,completed,mobile
3298,1151,2025-07-03,completed,web
3299,1152,2025-08-30,completed,web
3300,1152,2024-11-08,completed,mobile
3301,1153,2025-10-14,completed,marketplace
3302,1153,2025-06-05,completed,web
3303,1153,2025-02-23,completed,web
3304,1154,2024-10-18,completed,mobile
3305,1154,2025-12-29,completed,marketplace
3306,1155,2024-11-01,completed,mobile
3307,1156,2025-07-25,completed,web
3308,1156,2025-08-14,cancelled,mobile
3309,1157,2025-11-14,completed,mobile
3310,1157,2025-07-08,completed,web
3311,1157,2025-12-09,completed,marketplace
3312,1158,2025-12-08,completed,web
3313,1158,2025-12-27,completed,web
3314,1159,2024-07-05,completed,web
3315,1159,2024-04-20,completed,web
3316,1159,2024-09-01,pending,web
3317,1160,2025-11-21,completed,web
3318,1160,2025-10-12,completed,web
3319,1161,2025-10-06,completed,mobile
3320,1161,2025-01-11,refunded,web
3321,1162,2025-11-12,completed,mobile
3322,1162,2025-12-15,refunded,mobile
3323,1162,2025-12-19,completed,mobile
3324,1163,2024-06-22,completed,web
3325,1165,2025-09-25,completed,mobile
3326,1165,2025-09-12,pending,mobile
3327,1166,2025-06-04,completed,mobile
3328,1166,2025-05-03,refunded,mobile
3329,1166,2025-02-15,completed,marketplace
3330,1168,2025-11-19,completed,mobile
3331,1169,2025-03-10,cancelled,mobile
3332,1170,2025-12-07,completed,mobile
3333,1171,2024-09-23,completed,mobile
3334,1172,2025-10-09,completed,mobile
3335,1173,2025-04-02,completed,mobile
3336,1173,2024-11-13,completed,mobile
3337,1174,2024-08-22,completed,mobile
3338,1174,2024-06-24,completed,marketplace
3339,1174,2025-09-30,completed,mobile
3340,1174,2025-12-24,completed,web
3341,1174,2024-07-17,completed,mobile
3342,1175,2025-06-05,completed,web
3343,1175,2025-07-19,completed,web
3344,1176,2025-10-22,completed,mobile
3345,1176,2025-12-04,completed,web
3346,1176,2025-05-09,completed,web
3347,1176,2025-05-02,completed,mobile
3348,1176,2025-08-13,completed,web
3349,1177,2025-09-13,completed,marketplace
3350,1177,2025-09-01,completed,web
3351,1178,2025-03-22,completed,mobile
3352,1178,2025-09-23,completed,web
3353,1179,2024-09-12,cancelled,web
3354,1179,2024-07-01,completed,web
3355,1179,2025-07-07,completed,web
3356,1179,2024-04-25,completed,web
3357,1179,2025-04-19,refunded,web
3358,1179,2025-06-08,cancelled,web
3359,1179,2025-08-09,completed,mobile
3360,1179,2024-10-28,completed,web
3361,1180,2025-06-23,completed,mobile
3362,1180,2025-08-15,completed,mobile
3363,1180,2025-03-30,completed,mobile
3364,1180,2025-02-10,completed,web
3365,1180,2025-08-05,completed,web
3366,1182,2025-03-10,completed,mobile
3367,1182,2025-07-14,completed,web
3368,1183,2024-09-28,completed,web
3369,1183,2024-07-08,completed,mobile
3370,1185,2024-12-10,cancelled,web
3371,1186,2025-07-15,completed,web
3372,1186,2025-12-18,cancelled,web
3373,1186,2025-09-02,refunded,mobile
3374,1186,2024-09-09,completed,marketplace
3375,1186,2024-07-04,completed,web
3376,1188,2025-01-26,completed,mobile
3377,1189,2024-10-06,completed,web
3378,1190,2025-08-24,completed,web
3379,1190,2025-04-11,completed,mobile
3380,1190,2025-07-28,completed,web
3381,1190,2024-08-13,completed,web
3382,1190,2025-07-05,completed,marketplace
3383,1190,2025-05-31,completed,web
3384,1190,2024-06-18,completed,web
3385,1190,2024-07-23,completed,web
3386,1191,2025-12-02,completed,web
3387,1191,2025-12-31,completed,web
3388,1191,2025-12-12,completed,mobile
3389,1191,2025-12-29,completed,marketplace
3390,1191,2025-12-19,completed,mobile
3391,1191,2025-12-21,completed,web
3392,1191,2025-11-24,completed,mobile
3393,1191,2025-12-04,completed,mobile
3394,1192,2024-11-17,completed,web
3395,1192,2024-06-24,completed,marketplace
3396,1192,2025-08-17,completed,mobile
3397,1193,2025-08-25,refunded,mobile
3398,1193,2025-07-19,completed,web
3399,1194,2025-02-12,completed,mobile
3400,1194,2025-02-15,completed,web
3401,1194,2025-01-14,completed,web
3402,1195,2025-10-22,completed,marketplace
3403,1195,2024-09-11,completed,web
3404,1196,2025-10-23,completed,web
3405,1196,2025-07-12,completed,mobile
3406,1196,2025-05-28,completed,web
3407,1198,2025-09-09,completed,mobile
3408,1198,2025-07-01,completed,marketplace
3409,1198,2025-10-17,completed,web
3410,1198,2024-10-09,completed,mobile
3411,1198,2025-02-19,completed,mobile
3412,1199,2025-08-16,completed,mobile
3413,1199,2025-06-30,completed,web
3414,1201,2025-10-24,completed,mobile
3415,1201,2025-12-25,completed,marketplace
3416,1202,2025-11-21,completed,mobile
3417,1202,2025-12-29,completed,mobile
3418,1202,2025-10-30,completed,mobile
3419,1203,2025-09-15,cancelled,web
3420,1203,2025-10-21,refunded,mobile
3421,1203,2025-11-20,completed,web
3422,1204,2025-09-29,completed,mobile
3423,1204,2025-11-28,completed,web
3424,1204,2025-09-19,completed,mobile
3425,1204,2025-12-08,completed,web
3426,1204,2025-12-05,completed,mobile
3427,1204,2025-12-18,completed,web
3428,1204,2025-11-29,completed,web
3429,1204,2025-11-13,completed,mobile
3430,1205,2025-07-08,cancelled,mobile
3431,1205,2025-05-31,refunded,web
3432,1206,2025-12-31,completed,web
3433,1207,2025-10-21,completed,mobile
3434,1209,2025-05-08,refunded,marketplace
3435,1209,2025-03-18,refunded,mobile
3436,1210,2025-01-21,completed,mobile
3437,1210,2024-08-03,completed,mobile
3438,1211,2025-05-16,completed,mobile
3439,1211,2025-03-28,completed,mobile
3440,1211,2025-03-02,completed,mobile
3441,1211,2024-12-25,pending,mobile
3442,1211,2025-05-01,completed,mobile
3443,1211,2024-11-15,completed,web
3444,1211,2024-10-30,completed,mobile
3445,1211,2024-06-03,cancelled,mobile
3446,1212,2025-12-02,completed,web
3447,1214,2024-12-05,completed,mobile
3448,1214,2025-08-18,completed,web
3449,1215,2025-11-11,pending,web
3450,1215,2025-06-30,completed,mobile
3451,1215,2025-03-06,completed,marketplace
3452,1215,2025-08-19,completed,web
3453,1215,2025-06-01,refunded,mobile
3454,1215,2025-12-02,completed,web
3455,1215,2025-12-17,completed,web
3456,1215,2025-09-16,completed,mobile
3457,1216,2025-06-18,completed,web
3458,1216,2025-09-15,completed,mobile
3459,1216,2025-03-20,completed,web
3460,1216,2024-09-07,cancelled,mobile
3461,1216,2025-01-12,completed,mobile
3462,1216,2024-11-20,completed,marketplace
3463,1216,2025-01-25,refunded,web
3464,1216,2025-11-14,completed,mobile
3465,1216,2024-10-08,pending,web
3466,1216,2025-04-21,completed,web
3467,1216,2025-07-15,refunded,mobile
3468,1216,2025-03-12,completed,mobile
3469,1216,2025-01-13,completed,mobile
3470,1216,2025-01-13,completed,web
3471,1216,2025-11-10,completed,mobile
3472,1217,2025-05-07,completed,web
3473,1217,2025-10-17,completed,mobile
3474,1217,2025-07-01,completed,marketplace
3475,1217,2024-12-14,cancelled,web
3476,1217,2025-12-27,completed,mobile
3477,1219,2025-07-14,completed,web
3478,1220,2025-11-13,completed,marketplace
3479,1220,2025-08-10,completed,web
3480,1220,2025-10-17,completed,web
3481,1220,2025-09-15,completed,marketplace
3482,1220,2025-11-19,completed,mobile
3483,1220,2025-12-02,completed,mobile
3484,1220,2025-05-04,completed,web
3485,1220,2025-05-29,completed,mobile
3486,1220,2025-12-09,completed,web
3487,1220,2025-12-30,completed,web
3488,1220,2025-08-05,completed,web
3489,1220,2025-12-24,completed,web
3490,1220,2025-09-30,completed,web
3491,1220,2025-09-23,completed,web
3492,1220,2025-09-03,completed,mobile
3493,1221,2024-08-05,completed,web
3494,1221,2025-10-13,completed,web
3495,1221,2024-07-04,completed,mobile
3496,1222,2024-09-20,cancelled,mobile
3497,1223,2025-12-17,cancelled,web
3498,1223,2025-12-24,completed,mobile
3499,1224,2024-09-13,completed,web
3500,1224,2025-10-18,completed,web
3501,1225,2025-07-11,completed,mobile
3502,1226,2025-08-17,completed,mobile
3503,1226,2025-09-06,completed,web
3504,1226,2025-07-01,completed,mobile
3505,1226,2025-05-06,completed,marketplace
3506,1226,2025-09-13,refunded,mobile
3507,1226,2025-12-24,completed,marketplace
3508,1226,2025-12-31,completed,mobile
3509,1226,2025-07-08,completed,marketplace
3510,1226,2025-12-15,completed,web
3511,1226,2025-07-02,completed,web
3512,1226,2025-07-02,completed,mobile
3513,1226,2025-07-02,completed,web
3514,1226,2025-10-02,completed,web
3515,1226,2025-09-06,completed,mobile
3516,1226,2025-08-20,completed,web
3517,1227,2025-12-14,completed,mobile
3518,1227,2025-03-27,completed,mobile
3519,1227,2025-09-19,completed,marketplace
3520,1228,2025-09-07,completed,web
3521,1229,2025-10-16,completed,web
3522,1229,2025-04-25,cancelled,web
3523,1231,2025-11-10,completed,web
3524,1231,2025-12-15,completed,mobile
3525,1231,2025-12-12,completed,marketplace
3526,1232,2025-08-10,completed,web
3527,1232,2025-10-20,completed,web
3528,1232,2025-10-01,completed,web
3529,1232,2025-11-21,completed,web
3530,1232,2025-04-22,cancelled,web
3531,1233,2025-04-29,completed,web
3532,1233,2025-10-07,completed,web
3533,1234,2024-12-22,completed,web
3534,1234,2025-01-28,completed,web
3535,1235,2025-07-21,completed,web
3536,1235,2025-05-26,cancelled,marketplace
3537,1235,2025-05-14,refunded,web
3538,1235,2025-06-27,completed,web
3539,1235,2025-10-31,completed,marketplace
3540,1235,2025-06-04,completed,web
3541,1235,2025-04-29,refunded,web
3542,1235,2025-09-24,completed,marketplace
3543,1235,2025-07-22,completed,web
3544,1235,2025-07-13,completed,mobile
3545,1235,2025-05-03,completed,mobile
3546,1235,2025-10-15,completed,mobile
3547,1235,2025-11-09,completed,mobile
3548,1235,2025-10-27,completed,web
3549,1235,2025-10-08,completed,web
3550,1236,2025-10-11,completed,mobile
3551,1236,2025-11-11,completed,web
3552,1236,2025-10-03,completed,mobile
3553,1236,2025-10-27,completed,mobile
3554,1236,2025-09-24,completed,mobile
3555,1237,2025-12-21,completed,mobile
3556,1237,2025-10-29,refunded,web
3557,1238,2025-10-07,completed,web
3558,1238,2025-11-17,completed,mobile
3559,1238,2025-11-16,refunded,web
3560,1239,2025-12-27,completed,web
3561,1240,2025-11-05,completed,mobile
3562,1241,2025-12-21,completed,web
3563,1241,2025-04-30,cancelled,web
3564,1241,2025-11-30,completed,mobile
3565,1242,2025-02-28,completed,web
3566,1243,2025-05-31,completed,mobile
3567,1243,2025-03-13,completed,marketplace
3568,1243,2025-07-31,completed,mobile
3569,1244,2025-09-27,completed,web
3570,1244,2025-07-21,cancelled,mobile
3571,1244,2025-08-06,completed,mobile
3572,1245,2025-12-08,completed,web
3573,1245,2025-12-22,completed,mobile
3574,1247,2024-08-18,completed,mobile
3575,1247,2024-05-03,pending,web
3576,1249,2025-06-02,completed,marketplace
3577,1249,2024-05-02,completed,web
3578,1249,2025-01-02,completed,web
3579,1250,2024-09-29,completed,mobile
3580,1251,2025-12-12,completed,marketplace
3581,1251,2025-12-29,completed,web
3582,1251,2025-11-22,completed,mobile
3583,1252,2025-02-26,completed,mobile
3584,1252,2025-04-21,completed,mobile
3585,1252,2025-12-02,completed,marketplace
3586,1252,2025-01-28,completed,marketplace
3587,1252,2025-05-23,refunded,web
3588,1252,2025-09-24,completed,web
3589,1252,2025-11-06,completed,mobile
3590,1252,2025-06-18,completed,web
3591,1253,2025-08-05,cancelled,web
3592,1253,2025-10-19,completed,web
3593,1253,2025-10-21,completed,mobile
3594,1253,2025-08-05,cancelled,web
3595,1253,2025-11-01,completed,web
3596,1254,2024-10-10,completed,mobile
3597,1255,2025-10-02,completed,mobile
3598,1255,2025-11-13,completed,web
3599,1255,2025-12-15,completed,web
3600,1255,2024-11-04,completed,web
3601,1255,2025-01-23,completed,mobile
3602,1256,2025-07-03,completed,web
3603,1257,2025-08-27,completed,mobile
3604,1258,2025-12-25,cancelled,web
3605,1258,2025-12-25,completed,web
3606,1259,2025-02-22,completed,web
3607,1260,2025-09-06,completed,mobile
3608,1260,2025-12-12,refunded,web
3609,1261,2025-09-29,completed,mobile
3610,1262,2025-05-23,completed,web
3611,1262,2025-06-27,completed,web
3612,1263,2025-12-07,completed,marketplace
3613,1263,2024-05-24,completed,mobile
3614,1263,2025-12-05,completed,mobile
3615,1264,2025-07-01,completed,web
3616,1264,2025-04-06,completed,web
3617,1264,2025-04-13,completed,web
3618,1264,2025-06-27,completed,marketplace
3619,1264,2025-05-25,cancelled,web
3620,1264,2025-07-26,completed,marketplace
3621,1264,2025-08-25,refunded,mobile
3622,1264,2025-05-15,completed,web
3623,1265,2025-10-14,completed,mobile
3624,1265,2025-08-23,completed,web
3625,1265,2024-06-25,completed,mobile
3626,1266,2025-10-03,completed,web
3627,1266,2025-08-12,cancelled,marketplace
3628,1267,2025-02-04,completed,mobile
3629,1267,2025-09-16,completed,mobile
3630,1268,2024-12-09,completed,web
3631,1269,2025-11-09,completed,web
3632,1269,2025-10-04,completed,mobile
3633,1269,2025-09-01,cancelled,mobile
3634,1270,2025-11-14,completed,web
3635,1270,2025-06-14,completed,web
3636,1271,2024-06-05,completed,marketplace
3637,1272,2025-09-01,completed,mobile
3638,1273,2025-11-07,completed,mobile
3639,1273,2024-12-16,completed,web
3640,1273,2024-04-27,completed,web
3641,1273,2024-05-25,completed,web
3642,1273,2024-09-24,completed,mobile
3643,1273,2025-12-03,refunded,web
3644,1273,2025-12-31,refunded,marketplace
3645,1273,2025-06-12,completed,web
3646,1274,2025-11-03,completed,web
3647,1274,2025-08-23,completed,marketplace
3648,1274,2024-12-22,completed,marketplace
3649,1274,2025-09-05,completed,web
3650,1274,2024-10-19,completed,mobile
3651,1274,2025-08-28,completed,mobile
3652,1274,2025-01-27,completed,web
3653,1274,2025-06-28,completed,mobile
3654,1275,2025-06-03,refunded,web
3655,1276,2025-11-27,completed,mobile
3656,1276,2025-08-30,completed,web
3657,1276,2025-09-02,completed,web
3658,1277,2025-07-03,completed,mobile
3659,1278,2025-09-02,completed,mobile
3660,1278,2024-11-28,completed,mobile
3661,1279,2025-06-16,completed,web
3662,1279,2025-08-18,refunded,marketplace
3663,1279,2025-11-08,refunded,web
3664,1279,2025-11-16,completed,web
3665,1279,2025-10-07,completed,marketplace
3666,1279,2025-10-13,completed,web
3667,1279,2025-06-20,completed,marketplace
3668,1279,2025-06-11,completed,web
3669,1280,2025-12-20,refunded,web
3670,1280,2025-12-08,completed,mobile
3671,1280,2025-12-19,completed,web
3672,1281,2025-04-19,completed,marketplace
3673,1283,2025-12-03,completed,mobile
3674,1284,2025-11-23,pending,web
3675,1284,2025-12-14,completed,web
3676,1284,2025-10-23,completed,web
3677,1284,2025-10-29,completed,web
3678,1284,2025-12-13,completed,mobile
3679,1285,2025-12-27,completed,mobile
3680,1285,2025-12-05,completed,mobile
3681,1286,2025-08-03,completed,mobile
3682,1286,2025-09-24,completed,mobile
3683,1286,2025-02-23,refunded,mobile
3684,1286,2025-01-04,completed,mobile
3685,1286,2025-04-24,completed,mobile
3686,1287,2025-09-19,completed,web
3687,1287,2025-10-04,completed,marketplace
3688,1287,2025-09-29,completed,web
3689,1288,2025-10-29,completed,mobile
3690,1288,2025-11-21,completed,marketplace
3691,1289,2025-11-22,completed,mobile
3692,1289,2025-08-17,completed,web
3693,1289,2025-11-11,completed,mobile
3694,1290,2024-10-16,completed,web
3695,1290,2025-09-03,completed,web
3696,1290,2024-12-10,completed,web
3697,1290,2025-03-07,completed,mobile
3698,1290,2025-12-26,completed,mobile
3699,1290,2024-12-10,completed,web
3700,1290,2025-07-22,completed,web
3701,1290,2025-05-26,completed,web
3702,1291,2024-11-10,completed,web
3703,1291,2025-03-24,completed,web
3704,1291,2025-01-12,completed,web
3705,1291,2025-06-20,completed,web
3706,1291,2025-06-04,completed,mobile
3707,1292,2025-12-14,completed,web
3708,1292,2025-12-25,completed,mobile
3709,1292,2025-05-12,completed,mobile
3710,1292,2025-05-16,completed,web
3711,1292,2025-12-11,completed,web
3712,1293,2025-12-09,completed,mobile
3713,1293,2025-12-03,completed,web
3714,1293,2025-12-04,completed,mobile
3715,1295,2025-11-19,completed,web
3716,1295,2025-12-14,completed,web
3717,1295,2025-11-20,cancelled,mobile
3718,1295,2025-12-23,completed,web
3719,1295,2025-12-22,completed,web
3720,1296,2025-12-31,completed,mobile
3721,1296,2025-10-25,completed,mobile
3722,1296,2025-11-02,completed,web
3723,1297,2025-05-02,completed,web
3724,1297,2025-01-08,completed,mobile
3725,1298,2025-03-04,cancelled,web
3726,1301,2025-09-04,pending,mobile
3727,1302,2025-12-05,completed,web
3728,1302,2025-12-21,completed,marketplace
3729,1303,2025-10-19,completed,web
3730,1305,2025-04-07,completed,mobile
3731,1306,2024-11-30,completed,mobile
3732,1306,2025-09-02,completed,mobile
3733,1307,2025-01-25,completed,mobile
3734,1307,2025-09-12,completed,web
3735,1307,2025-04-19,completed,mobile
3736,1308,2025-09-02,cancelled,mobile
3737,1308,2025-07-27,refunded,web
3738,1309,2024-09-16,completed,web
3739,1309,2025-08-27,completed,mobile
3740,1309,2025-03-01,refunded,mobile
3741,1310,2024-12-03,completed,mobile
3742,1310,2025-04-15,completed,mobile
3743,1310,2025-09-09,cancelled,mobile
3744,1310,2025-09-18,completed,web
3745,1310,2025-03-24,completed,mobile
3746,1310,2025-05-21,completed,web
3747,1310,2024-12-01,completed,web
3748,1310,2025-03-10,completed,web
3749,1312,2025-12-25,cancelled,web
3750,1312,2024-12-11,completed,mobile
3751,1313,2025-05-17,completed,web
3752,1314,2025-11-23,cancelled,mobile
3753,1314,2025-12-18,cancelled,mobile
3754,1314,2025-11-15,completed,mobile
3755,1315,2025-02-02,completed,web
3756,1315,2025-05-27,cancelled,mobile
3757,1316,2025-02-19,completed,mobile
3758,1317,2025-11-05,completed,web
3759,1317,2025-09-08,completed,web
3760,1318,2024-10-14,completed,mobile
3761,1319,2025-10-24,completed,web
3762,1319,2025-03-13,completed,web
3763,1319,2025-06-03,completed,web
3764,1319,2025-11-06,completed,mobile
3765,1319,2025-11-24,cancelled,mobile
3766,1320,2024-10-17,completed,web
3767,1321,2024-08-19,completed,mobile
3768,1321,2025-05-02,completed,web
3769,1321,2024-09-06,completed,web
3770,1321,2024-11-01,completed,mobile
3771,1321,2025-09-01,completed,web
3772,1321,2024-06-23,completed,marketplace
3773,1321,2025-11-29,completed,web
3774,1321,2024-08-15,pending,mobile
3775,1321,2025-03-08,completed,mobile
3776,1321,2024-06-27,completed,marketplace
3777,1321,2024-09-18,completed,mobile
3778,1321,2025-07-18,completed,mobile
3779,1321,2025-02-18,cancelled,web
3780,1321,2025-10-02,completed,web
3781,1321,2025-10-23,refunded,web
3782,1322,2025-07-05,completed,web
3783,1323,2025-12-31,completed,web
3784,1323,2025-05-14,completed,mobile
3785,1324,2025-02-15,cancelled,marketplace
3786,1324,2025-09-01,completed,mobile
3787,1326,2025-09-27,completed,mobile
3788,1327,2025-12-17,completed,mobile
3789,1327,2025-12-11,completed,web
3790,1328,2025-12-26,completed,marketplace
3791,1329,2024-10-26,completed,web
3792,1329,2024-03-26,completed,web
3793,1329,2024-02-08,completed,web
3794,1329,2024-06-08,completed,mobile
3795,1329,2024-08-04,completed,web
3796,1330,2025-12-19,cancelled,web
3797,1331,2025-08-25,completed,web
3798,1331,2025-08-09,completed,web
3799,1332,2025-12-10,completed,web
3800,1333,2025-12-19,completed,mobile
3801,1333,2025-11-01,completed,mobile
3802,1334,2025-10-06,completed,mobile
3803,1335,2025-02-10,completed,web
3804,1335,2025-09-16,completed,web
3805,1335,2025-12-28,completed,mobile
3806,1335,2025-07-11,completed,mobile
3807,1335,2024-07-09,completed,web
3808,1335,2025-08-01,completed,web
3809,1335,2025-03-23,completed,mobile
3810,1335,2025-10-13,completed,web
3811,1336,2025-04-24,completed,mobile
3812,1336,2025-10-29,completed,web
3813,1336,2025-09-29,completed,web
3814,1337,2024-09-29,completed,web
3815,1338,2024-08-26,cancelled,web
3816,1339,2025-10-31,completed,marketplace
3817,1340,2024-12-13,completed,mobile
3818,1341,2024-08-15,completed,web
3819,1341,2025-09-23,completed,web
3820,1342,2025-08-06,completed,marketplace
3821,1342,2025-08-12,completed,web
3822,1342,2025-11-05,completed,marketplace
3823,1344,2025-12-17,completed,web
3824,1345,2025-10-30,completed,web
3825,1345,2025-10-01,completed,mobile
3826,1345,2025-12-13,cancelled,marketplace
3827,1345,2025-12-25,completed,mobile
3828,1345,2025-10-09,completed,mobile
3829,1346,2024-09-09,completed,mobile
3830,1346,2024-12-05,completed,web
3831,1346,2024-09-01,completed,mobile
3832,1347,2025-01-31,completed,web
3833,1347,2024-09-21,completed,mobile
3834,1347,2025-11-19,completed,web
3835,1347,2024-07-05,completed,web
3836,1347,2025-02-23,completed,mobile
3837,1347,2024-10-26,completed,web
3838,1347,2025-08-18,completed,mobile
3839,1347,2025-08-22,pending,web
3840,1348,2025-12-10,completed,mobile
3841,1348,2025-11-02,completed,mobile
3842,1348,2025-12-29,completed,web
3843,1349,2025-08-28,completed,mobile
3844,1350,2025-12-06,completed,web
3845,1351,2025-07-14,cancelled,marketplace
3846,1351,2025-06-02,completed,marketplace
3847,1351,2025-10-10,completed,web
3848,1352,2025-12-12,completed,web
3849,1352,2025-12-25,completed,mobile
3850,1353,2025-08-15,completed,web
3851,1353,2025-10-06,completed,mobile
3852,1353,2025-09-07,completed,mobile
3853,1354,2025-12-12,cancelled,web
3854,1354,2025-12-27,completed,web
3855,1354,2025-11-11,completed,web
3856,1354,2025-12-02,completed,web
3857,1354,2025-11-30,completed,mobile
3858,1355,2025-12-26,refunded,mobile
3859,1356,2025-09-18,completed,mobile
3860,1356,2025-12-29,completed,mobile
3861,1356,2025-11-23,completed,web
3862,1356,2025-10-16,completed,mobile
3863,1356,2025-07-29,completed,mobile
3864,1356,2025-10-16,completed,mobile
3865,1356,2025-09-06,completed,mobile
3866,1356,2025-11-05,completed,web
3867,1357,2025-10-03,completed,mobile
3868,1357,2025-12-27,completed,web
3869,1357,2025-10-26,completed,mobile
3870,1357,2025-10-26,completed,marketplace
3871,1357,2025-12-04,cancelled,mobile
3872,1357,2025-10-17,completed,mobile
3873,1357,2025-12-16,cancelled,mobile
3874,1357,2025-12-12,completed,web
3875,1357,2025-10-08,completed,web
3876,1357,2025-10-23,completed,mobile
3877,1357,2025-11-04,pending,mobile
3878,1357,2025-10-19,completed,mobile
3879,1357,2025-11-01,completed,web
3880,1357,2025-12-23,completed,web
3881,1357,2025-11-04,refunded,mobile
3882,1359,2025-02-01,completed,web
3883,1359,2025-01-06,completed,web
3884,1359,2025-08-10,completed,web
3885,1361,2025-11-11,completed,mobile
3886,1361,2025-09-01,completed,mobile
3887,1362,2025-12-04,completed,web
3888,1362,2025-10-28,completed,web
3889,1362,2025-12-04,completed,web
3890,1362,2025-12-05,completed,web
3891,1362,2025-11-15,completed,mobile
3892,1362,2025-11-26,refunded,mobile
3893,1362,2025-12-08,completed,web
3894,1362,2025-11-20,completed,mobile
3895,1362,2025-12-12,refunded,mobile
3896,1362,2025-11-29,completed,mobile
3897,1362,2025-11-09,completed,web
3898,1362,2025-10-30,completed,web
3899,1362,2025-11-29,completed,web
3900,1362,2025-12-19,completed,web
3901,1362,2025-11-30,completed,web
3902,1363,2024-11-13,completed,mobile
3903,1363,2025-05-18,cancelled,web
3904,1364,2025-07-22,completed,web
3905,1364,2025-07-21,completed,marketplace
3906,1365,2025-04-20,completed,web
3907,1366,2025-12-20,completed,web
3908,1367,2025-12-02,completed,marketplace
3909,1367,2025-12-03,completed,web
3910,1367,2025-11-27,completed,web
3911,1368,2024-12-08,cancelled,mobile
3912,1368,2025-06-16,completed,mobile
3913,1369,2025-10-04,completed,web
3914,1369,2024-10-25,completed,web
3915,1370,2024-12-24,completed,web
3916,1370,2024-11-28,completed,web
3917,1372,2025-08-16,completed,web
3918,1373,2025-08-12,completed,web
3919,1373,2025-12-26,completed,web
3920,1374,2025-11-14,completed,web
3921,1374,2025-10-19,completed,mobile
3922,1374,2025-12-12,completed,mobile
3923,1375,2025-12-27,completed,mobile
3924,1376,2025-08-15,completed,mobile
3925,1376,2025-08-25,completed,mobile
3926,1376,2025-03-01,completed,web
3927,1376,2025-10-09,completed,web
3928,1376,2025-02-07,completed,mobile
3929,1377,2025-07-31,pending,marketplace
3930,1377,2025-08-05,completed,web
3931,1377,2025-11-09,completed,web
3932,1377,2025-11-11,completed,web
3933,1377,2025-11-14,completed,mobile
3934,1378,2025-06-17,completed,mobile
3935,1378,2025-10-06,cancelled,web
3936,1379,2024-12-24,pending,mobile
3937,1379,2024-12-03,completed,marketplace
3938,1379,2025-02-20,completed,web
3939,1379,2025-11-07,completed,mobile
3940,1379,2025-03-25,completed,web
3941,1380,2025-08-16,completed,web
3942,1380,2025-06-08,completed,mobile
3943,1381,2025-05-30,completed,web
3944,1381,2024-11-03,completed,web
3945,1382,2025-05-25,refunded,web
3946,1382,2025-06-02,cancelled,mobile
3947,1383,2025-11-24,completed,web
3948,1383,2025-12-16,completed,mobile
3949,1383,2025-11-23,completed,mobile
3950,1386,2025-12-04,completed,mobile
3951,1386,2025-04-12,completed,web
3952,1387,2025-11-20,completed,web
3953,1387,2025-05-23,completed,web
3954,1387,2025-03-25,cancelled,mobile
3955,1388,2025-11-26,completed,marketplace
3956,1388,2025-10-10,completed,mobile
3957,1389,2025-11-25,cancelled,web
3958,1389,2025-08-01,completed,web
3959,1390,2025-08-13,completed,web
3960,1390,2025-04-29,completed,marketplace
3961,1390,2025-06-18,completed,mobile
3962,1390,2025-02-07,completed,mobile
3963,1390,2025-05-13,cancelled,web
3964,1390,2025-12-10,completed,mobile
3965,1390,2025-07-01,completed,mobile
3966,1390,2025-08-05,completed,mobile
3967,1391,2025-10-25,completed,web
3968,1391,2025-10-13,completed,mobile
3969,1391,2025-10-14,refunded,web
3970,1392,2025-07-23,completed,web
3971,1394,2024-03-31,completed,web
3972,1394,2025-12-13,pending,mobile
3973,1395,2025-12-07,completed,marketplace
3974,1396,2025-06-14,completed,web
3975,1396,2025-05-03,completed,mobile
3976,1396,2025-06-05,cancelled,marketplace
3977,1397,2025-12-14,completed,web
3978,1397,2024-12-07,completed,web
3979,1397,2024-07-25,cancelled,mobile
3980,1397,2024-08-13,completed,web
3981,1397,2025-11-03,completed,mobile
3982,1398,2025-11-01,cancelled,web
3983,1399,2025-10-20,completed,mobile
3984,1399,2025-12-22,completed,web
3985,1399,2025-08-23,pending,web
3986,1400,2024-04-02,refunded,mobile
3987,1400,2024-08-26,completed,web
3988,1400,2025-10-27,completed,web
3989,1401,2024-07-21,completed,mobile
3990,1401,2024-11-10,completed,web
3991,1402,2025-10-08,refunded,web
3992,1404,2025-11-16,refunded,web
3993,1405,2025-12-06,completed,web
3994,1405,2025-12-24,completed,web
3995,1406,2024-11-01,completed,mobile
3996,1407,2025-10-27,completed,mobile
3997,1407,2025-12-20,completed,web
3998,1408,2024-11-28,cancelled,web
3999,1408,2025-07-11,completed,mobile
4000,1408,2025-10-09,completed,mobile
4001,1409,2025-09-30,completed,web
4002,1409,2025-03-22,refunded,web
4003,1409,2024-12-12,cancelled,web
4004,1409,2025-10-07,completed,web
4005,1409,2025-08-20,completed,web
4006,1409,2025-06-30,completed,marketplace
4007,1409,2025-05-05,completed,marketplace
4008,1409,2024-07-19,cancelled,web
4009,1410,2025-12-19,completed,web
4010,1411,2025-05-07,completed,marketplace
4011,1412,2025-03-06,completed,mobile
4012,1413,2025-10-25,completed,mobile
4013,1413,2025-12-09,completed,web
4014,1413,2025-10-18,completed,web
4015,1413,2025-11-10,completed,web
4016,1413,2025-09-06,completed,mobile
4017,1414,2025-10-09,completed,web
4018,1414,2025-07-27,completed,web
4019,1416,2025-12-02,completed,web
4020,1417,2025-08-22,completed,mobile
4021,1417,2025-01-15,completed,web
4022,1418,2025-12-15,completed,web
4023,1418,2025-12-05,completed,web
4024,1419,2025-04-06,completed,web
4025,1419,2024-12-15,completed,web
4026,1419,2024-08-23,completed,marketplace
4027,1419,2025-04-22,completed,mobile
4028,1419,2025-02-07,completed,mobile
4029,1420,2025-07-03,completed,mobile
4030,1421,2025-04-17,completed,web
4031,1422,2025-06-06,completed,web
4032,1423,2025-10-26,completed,mobile
4033,1424,2025-08-03,completed,marketplace
4034,1424,2025-03-23,completed,marketplace
4035,1425,2025-12-13,completed,web
4036,1425,2025-11-06,completed,web
4037,1426,2025-03-14,completed,web
4038,1426,2025-12-17,refunded,web
4039,1426,2024-09-13,completed,web
4040,1426,2025-09-28,completed,web
4041,1426,2025-11-21,completed,web
4042,1428,2025-11-27,completed,web
4043,1429,2025-08-26,completed,mobile
4044,1430,2025-05-09,completed,mobile
4045,1431,2025-10-14,completed,mobile
4046,1431,2025-09-06,completed,web
4047,1432,2025-07-17,completed,web
4048,1432,2025-11-20,completed,marketplace
4049,1433,2025-12-10,completed,web
4050,1433,2025-12-18,completed,mobile
4051,1433,2025-12-11,completed,web
4052,1433,2025-12-10,cancelled,mobile
4053,1433,2025-12-26,completed,web
4054,1434,2024-10-07,completed,web
4055,1434,2024-11-20,completed,mobile
4056,1435,2025-10-31,refunded,mobile
4057,1436,2025-07-12,completed,mobile
4058,1436,2024-08-17,refunded,mobile
4059,1436,2025-06-19,completed,web
4060,1436,2025-03-09,completed,web
4061,1436,2024-09-14,completed,web
4062,1436,2025-01-19,completed,web
4063,1436,2025-02-10,completed,mobile
4064,1436,2025-04-08,completed,web
4065,1436,2024-09-15,completed,web
4066,1436,2024-12-12,completed,mobile
4067,1436,2025-05-17,completed,web
4068,1436,2025-10-13,completed,web
4069,1436,2025-05-30,completed,mobile
4070,1436,2024-11-13,completed,web
4071,1436,2024-11-02,pending,mobile
4072,1438,2025-12-23,completed,web
4073,1438,2025-11-22,completed,web
4074,1439,2025-02-09,completed,mobile
4075,1439,2025-10-08,completed,marketplace
4076,1440,2025-08-17,completed,mobile
4077,1440,2025-12-01,cancelled,web
4078,1440,2025-12-02,cancelled,web
4079,1441,2025-06-22,completed,mobile
4080,1441,2025-10-05,completed,web
4081,1441,2025-09-23,pending,web
4082,1442,2024-09-08,completed,web
4083,1442,2024-10-16,completed,mobile
4084,1443,2025-10-24,completed,web
4085,1443,2025-03-25,completed,web
4086,1444,2025-09-25,refunded,web
4087,1444,2025-03-25,cancelled,mobile
4088,1445,2025-10-12,completed,web
4089,1447,2024-12-21,completed,web
4090,1448,2025-10-28,completed,web
4091,1449,2024-09-27,completed,mobile
4092,1449,2024-12-30,completed,web
4093,1449,2024-07-03,completed,web
4094,1449,2025-09-07,completed,web
4095,1449,2025-09-28,completed,marketplace
4096,1450,2025-09-30,completed,mobile
4097,1450,2025-01-30,completed,mobile
4098,1451,2025-06-07,completed,mobile
4099,1451,2025-12-06,cancelled,mobile
4100,1452,2025-12-12,refunded,marketplace
4101,1453,2024-07-11,completed,web
4102,1453,2024-05-09,completed,mobile
4103,1455,2025-05-09,refunded,web
4104,1455,2025-04-01,completed,web
4105,1455,2025-12-04,completed,mobile
4106,1456,2025-06-20,completed,web
4107,1457,2025-09-30,completed,web
4108,1457,2025-10-17,completed,web
4109,1458,2025-12-23,completed,web
4110,1458,2025-12-21,completed,web
4111,1458,2025-12-12,completed,web
4112,1458,2025-12-09,completed,web
4113,1458,2025-12-25,completed,mobile
4114,1458,2025-12-22,completed,marketplace
4115,1458,2025-12-19,completed,web
4116,1458,2025-12-31,completed,web
4117,1459,2025-01-25,completed,web
4118,1459,2025-04-22,completed,mobile
4119,1459,2025-01-29,cancelled,marketplace
4120,1459,2024-12-04,completed,web
4121,1459,2024-06-28,completed,web
4122,1460,2025-11-26,completed,mobile
4123,1461,2025-04-30,completed,mobile
4124,1462,2025-09-05,completed,web
4125,1462,2025-11-05,completed,mobile
4126,1462,2025-05-18,pending,web
4127,1462,2025-06-29,completed,web
4128,1462,2025-07-19,completed,marketplace
4129,1463,2025-10-25,completed,web
4130,1464,2025-11-30,completed,marketplace
4131,1464,2025-10-22,cancelled,web
4132,1465,2024-11-27,completed,web
4133,1466,2025-07-19,completed,mobile
4134,1466,2025-03-13,completed,mobile
4135,1467,2025-12-20,completed,web
4136,1467,2025-12-25,completed,mobile
4137,1468,2025-11-07,completed,web
4138,1468,2024-05-27,completed,mobile
4139,1468,2024-09-05,completed,web
4140,1469,2025-12-17,completed,web
4141,1470,2025-07-19,completed,marketplace
4142,1470,2025-11-08,completed,web
4143,1471,2025-09-05,completed,mobile
4144,1472,2025-03-10,completed,web
4145,1472,2024-09-19,completed,web
4146,1472,2024-10-22,completed,marketplace
4147,1472,2024-06-08,completed,marketplace
4148,1472,2025-12-23,completed,web
4149,1473,2025-07-07,completed,mobile
4150,1473,2025-11-12,completed,web
4151,1474,2025-09-09,completed,marketplace
4152,1474,2025-10-15,completed,web
4153,1475,2025-08-18,completed,mobile
4154,1475,2025-01-09,completed,web
4155,1476,2025-06-14,refunded,mobile
4156,1477,2025-06-21,completed,mobile
4157,1477,2025-12-13,completed,web
4158,1477,2025-11-18,completed,mobile
4159,1478,2025-04-23,pending,mobile
4160,1478,2025-09-29,pending,marketplace
4161,1479,2025-08-22,completed,web
4162,1479,2025-01-13,completed,mobile
4163,1479,2025-05-19,completed,web
4164,1480,2025-09-28,refunded,marketplace
4165,1480,2025-08-08,completed,web
4166,1480,2025-08-05,completed,mobile
4167,1481,2025-05-12,completed,mobile
4168,1482,2025-08-30,completed,mobile
4169,1482,2025-09-15,completed,marketplace
4170,1482,2025-09-22,completed,web
4171,1483,2025-11-02,completed,web
4172,1483,2025-12-15,cancelled,mobile
4173,1483,2025-09-08,completed,web
4174,1484,2025-12-06,completed,web
4175,1484,2025-01-31,cancelled,web
4176,1484,2024-10-22,completed,web
4177,1484,2025-08-16,completed,mobile
4178,1484,2025-12-09,completed,marketplace
4179,1485,2025-11-17,completed,web
4180,1485,2025-10-22,cancelled,mobile
4181,1486,2025-11-02,completed,mobile
4182,1486,2025-09-12,completed,marketplace
4183,1487,2025-04-20,completed,mobile
4184,1487,2025-04-18,refunded,web
4185,1488,2025-06-11,completed,web
4186,1489,2025-08-12,completed,web
4187,1489,2025-05-17,completed,mobile
4188,1490,2025-02-07,completed,mobile
4189,1490,2025-10-17,completed,web
4190,1490,2025-01-26,completed,web
4191,1491,2024-12-21,completed,mobile
4192,1492,2025-11-16,completed,marketplace
4193,1492,2024-12-30,completed,web
4194,1493,2025-06-02,completed,mobile
4195,1493,2025-04-29,completed,web
4196,1494,2025-11-03,completed,web
4197,1495,2025-02-09,completed,mobile
4198,1495,2025-02-10,completed,mobile
4199,1495,2025-12-24,completed,web
4200,1495,2024-07-24,completed,web
4201,1495,2025-07-18,completed,web
4202,1496,2025-09-09,cancelled,marketplace
4203,1497,2025-01-03,completed,web
4204,1499,2025-10-26,completed,marketplace
4205,1500,2025-10-15,completed,web
