payment_id,order_id,payment_date,amount,payment_method,status
1,1,2025-10-20,75.89,credit_card,success
2,2,2025-12-17,1414.56,credit_card,success
3,3,2025-09-30,3005.27,credit_card,success
4,5,2025-05-02,278.82,credit_card,success
5,6,2025-12-29,2258.76,credit_card,success
6,7,2025-12-04,772.48,credit_card,success
7,8,2025-12-02,3418.56,credit_card,success
8,9,2025-11-01,897.72,gift_card,success
9,10,2025-11-04,143.06,paypal,success
10,12,2025-11-11,2714.22,credit_card,success
11,13,2025-12-09,4191.12,credit_card,success
12,14,2024-07-25,1166.73,paypal,success
13,16,2024-09-23,110.29,credit_card,success
14,17,2024-06-14,1696.25,paypal,success
15,18,2025-07-20,2852.12,paypal,success
16,19,2025-03-15,310.34,credit_card,refunded
17,20,2025-11-05,2436.92,paypal,success
18,21,2024-08-22,1375.56,paypal,success
19,22,2024-08-17,592.77,credit_card,success
20,23,2025-09-26,842.83,paypal,success
21,24,2025-09-10,2215.26,paypal,success
22,25,2025-06-24,1389.3,credit_card,success
23,26,2025-12-27,1204.9,credit_card,success
24,27,2025-11-16,1376.04,credit_card,success
25,28,2025-12-29,1345.11,credit_card,success
26,30,2025-10-29,2558.0,paypal,success
27,31,2025-12-17,2720.69,credit_card,success
28,32,2025-12-12,1570.5,credit_card,success
29,33,2025-11-06,129.82,credit_card,success
30,34,2025-12-08,1524.06,credit_card,success
31,36,2025-08-07,289.81,credit_card,success
32,37,2025-09-19,1046.07,paypal,success
33,38,2025-03-23,2579.38,credit_card,success
34,39,2025-05-12,2862.03,paypal,success
35,40,2024-07-31,2242.1,paypal,success
36,41,2025-11-13,48.96,credit_card,success
37,42,2025-04-11,1396.95,credit_card,success
38,44,2024-12-30,1544.24,credit_card,success
39,45,2025-07-26,1680.85,paypal,success
40,46,2025-10-10,2488.33,credit_card,success
41,47,2025-08-03,1789.22,paypal,success
42,48,2025-10-04,1289.85,gift_card,success
43,49,2025-07-03,2778.27,credit_card,success
44,50,2025-02-26,2258.62,paypal,success
45,51,2024-04-13,44.48,credit_card,success
46,52,2025-02-14,1211.6,credit_card,success
47,53,2024-05-24,761.22,credit_card,refunded
48,54,2025-08-30,213.94,credit_card,success
49,55,2025-02-08,1420.33,paypal,success
50,56,2026-01-02,3172.78,credit_card,success
51,57,2025-04-29,3730.65,credit_card,success
52,58,2025-12-20,2962.36,gift_card,success
53,59,2025-05-23,3167.82,credit_card,refunded
54,60,2025-10-21,1014.68,credit_card,success
55,61,2025-02-16,1114.6,gift_card,success
56,62,2024-08-24,1318.91,paypal,success
57,63,2025-09-17,2550.66,credit_card,refunded
58,64,2025-04-03,1771.18,paypal,success
59,67,2025-09-29,3897.14,credit_card,success
60,68,2025-05-07,1038.3,credit_card,success
61,69,2025-05-01,269.25,credit_card,success
62,70,2025-05-19,94.07,paypal,success
63,72,2024-12-23,2080.8,paypal,success
64,73,2025-09-27,653.56,credit_card,success
65,74,2025-05-13,315.66,paypal,success
66,75,2025-10-11,2032.77,credit_card,success
67,76,2024-12-27,3592.91,credit_card,success
68,77,2025-10-24,873.49,gift_card,success
69,79,2024-05-20,1258.56,credit_card,success
70,80,2024-09-01,3346.64,credit_card,success
71,81,2024-05-23,269.3,credit_card,success
72,82,2024-10-03,872.8,credit_card,success
73,83,2024-11-13,2872.28,credit_card,refunded
74,84,2025-05-11,1010.41,paypal,success
75,85,2025-08-16,783.38,paypal,success
76,86,2026-01-01,1263.27,paypal,success
77,87,2025-12-31,872.24,credit_card,success
78,88,2025-01-09,939.01,paypal,success
79,89,2025-05-03,2334.29,paypal,success
80,90,2025-07-22,455.51,paypal,success
81,91,2026-01-02,3084.65,credit_card,success
82,92,2025-03-20,2699.98,credit_card,success
83,93,2025-08-23,2749.09,credit_card,success
84,94,2025-09-17,2007.96,credit_card,success
85,95,2025-04-16,4970.7,credit_card,success
86,96,2025-04-03,3490.85,paypal,success
87,97,2024-10-27,2304.84,credit_card,success
88,98,2025-05-17,1720.16,credit_card,success
89,99,2025-02-12,941.22,credit_card,success
90,100,2025-11-09,2144.25,credit_card,success
91,101,2025-12-30,426.63,paypal,success
92,102,2025-10-19,687.15,paypal,success
93,104,2025-09-23,1873.58,credit_card,success
94,105,2025-09-17,1083.4,credit_card,success
95,106,2025-12-09,2751.7,credit_card,refunded
96,107,2025-12-13,1182.84,credit_card,success
97,108,2025-04-26,1188.73,paypal,success
98,109,2025-07-28,2180.96,credit_card,success
99,110,2024-08-19,1631.56,credit_card,success
100,111,2024-09-21,1601.92,paypal,success
101,112,2025-12-17,2270.0,credit_card,success
102,115,2024-12-22,117.28,credit_card,success
103,116,2024-09-12,1553.58,credit_card,success
104,117,2025-12-29,1621.85,credit_card,success
105,118,2025-12-28,2183.89,credit_card,success
106,120,2025-12-25,1651.5,paypal,success
107,122,2025-03-02,1316.71,credit_card,success
108,123,2025-09-22,2813.26,credit_card,success
109,124,2025-12-28,362.82,paypal,success
110,125,2025-08-05,474.76,gift_card,success
111,126,2024-09-05,1371.25,credit_card,success
112,127,2025-12-04,774.61,credit_card,success
113,128,2024-11-08,859.84,gift_card,success
114,129,2025-05-16,356.04,credit_card,refunded
115,130,2024-10-25,1761.3,credit_card,success
116,131,2025-02-02,2499.66,credit_card,success
117,132,2024-09-27,2376.29,credit_card,success
118,133,2025-12-02,1823.28,credit_card,success
119,134,2025-04-02,1937.15,paypal,success
120,135,2025-11-23,2088.11,paypal,success
121,136,2025-10-27,513.1,paypal,success
122,137,2025-09-05,3262.0,credit_card,success
123,138,2024-08-11,566.31,paypal,success
124,139,2025-06-03,1164.3,credit_card,success
125,140,2024-07-12,717.54,credit_card,success
126,141,2025-04-12,2674.78,gift_card,success
127,143,2025-03-24,1378.07,credit_card,refunded
128,144,2025-06-14,2110.48,credit_card,refunded
129,145,2024-10-12,1862.98,paypal,success
130,146,2024-10-26,3144.87,credit_card,refunded
131,147,2025-09-08,1740.32,credit_card,success
132,148,2025-12-06,135.47,paypal,success
133,149,2025-10-13,644.57,credit_card,success
134,150,2024-01-12,3530.06,credit_card,success
135,151,2025-07-29,1570.19,paypal,success
136,152,2025-10-24,1751.65,paypal,success
137,154,2025-05-11,1622.88,credit_card,success
138,155,2025-09-13,254.82,credit_card,success
139,156,2025-08-30,752.41,credit_card,success
140,157,2025-06-10,2249.81,paypal,success
141,158,2025-10-08,810.04,credit_card,success
142,159,2025-11-20,2455.35,credit_card,success
143,160,2025-07-30,1569.14,credit_card,success
144,161,2025-04-15,94.08,credit_card,success
145,163,2025-03-31,931.5,paypal,success
146,164,2024-08-18,2426.6,paypal,success
147,165,2024-11-09,870.11,paypal,success
148,166,2025-12-05,3538.44,credit_card,success
149,167,2024-08-28,1748.14,credit_card,success
150,168,2025-06-11,34.46,paypal,refunded
151,169,2024-10-17,3776.85,gift_card,success
152,170,2024-11-10,2551.97,paypal,success
153,172,2025-04-15,2056.38,credit_card,success
154,173,2025-09-10,3200.06,credit_card,success
155,175,2025-12-02,517.24,paypal,success
156,177,2025-05-11,2702.13,credit_card,success
157,179,2025-04-08,4128.86,credit_card,success
158,180,2025-02-06,1134.64,credit_card,success
159,181,2025-12-01,185.95,paypal,refunded
160,182,2025-08-23,2627.12,credit_card,success
161,183,2025-06-10,3618.83,credit_card,refunded
162,186,2025-04-12,1651.07,credit_card,success
163,187,2024-11-25,416.0,credit_card,success
164,189,2025-01-17,1257.72,paypal,success
165,190,2025-11-02,1644.38,credit_card,refunded
166,191,2025-08-27,424.8,credit_card,success
167,192,2025-11-19,873.61,credit_card,success
168,193,2025-01-21,1510.1,credit_card,success
169,194,2025-11-28,1935.75,credit_card,success
170,195,2024-09-28,335.74,credit_card,success
171,196,2024-09-29,2825.59,paypal,success
172,197,2025-10-19,1335.11,credit_card,success
173,198,2025-12-18,3149.87,paypal,success
174,199,2024-05-12,1106.91,credit_card,success
175,200,2024-03-25,1027.3,paypal,success
176,201,2024-07-10,63.36,credit_card,success
177,202,2024-08-29,93.6,credit_card,success
178,203,2025-05-20,132.48,credit_card,success
179,204,2025-12-27,2121.41,paypal,success
180,205,2025-03-14,20.02,credit_card,success
181,206,2025-11-26,1872.72,credit_card,success
182,207,2025-04-01,2389.35,paypal,success
183,208,2025-11-28,2975.51,credit_card,success
184,209,2025-12-27,1090.88,credit_card,success
185,210,2025-12-18,2012.7,credit_card,success
186,211,2025-12-27,4061.53,credit_card,success
187,213,2024-09-11,425.92,paypal,success
188,214,2024-04-20,1375.35,credit_card,success
189,216,2024-09-20,407.25,credit_card,refunded
190,217,2025-08-14,644.65,paypal,success
191,218,2025-01-28,3385.58,paypal,success
192,219,2025-05-23,1824.68,credit_card,success
193,220,2024-08-01,2474.02,credit_card,refunded
194,222,2025-10-21,1081.56,credit_card,success
195,224,2025-12-14,1797.54,credit_card,success
196,225,2025-09-03,1569.11,credit_card,success
197,226,2024-10-17,555.0,credit_card,success
198,227,2025-10-11,807.75,credit_card,success
199,230,2025-03-16,2269.85,credit_card,success
200,231,2024-09-01,1199.88,credit_card,success
201,232,2025-12-16,1020.16,credit_card,success
202,233,2024-08-10,1814.12,credit_card,success
203,234,2026-01-02,1198.87,paypal,success
204,235,2025-12-26,2099.16,gift_card,success
205,236,2025-12-21,292.94,credit_card,success
206,237,2025-12-13,2222.65,credit_card,success
207,238,2025-11-09,276.51,paypal,refunded
208,239,2025-03-08,2030.47,credit_card,success
209,240,2025-09-11,1173.04,gift_card,success
210,241,2025-10-13,1473.42,credit_card,success
211,242,2025-12-15,6172.92,credit_card,success
212,243,2024-09-16,1643.66,paypal,success
213,244,2025-12-06,533.26,credit_card,success
214,245,2025-07-09,1623.16,gift_card,success
215,246,2025-09-26,3901.87,credit_card,success
216,247,2025-10-10,1089.9,credit_card,success
217,248,2025-12-10,2308.87,credit_card,refunded
218,249,2025-09-11,299.28,credit_card,success
219,250,2025-04-23,1181.76,credit_card,success
220,251,2025-04-25,595.04,credit_card,success
221,252,2025-02-03,2526.6,paypal,success
222,253,2025-03-13,1918.32,credit_card,refunded
223,254,2025-10-01,2313.91,credit_card,success
224,255,2025-10-18,1481.68,paypal,success
225,256,2025-12-04,2137.01,credit_card,success
226,257,2025-01-15,320.56,paypal,success
227,258,2025-09-09,2957.32,credit_card,success
228,259,2025-07-23,2287.42,credit_card,success
229,260,2025-08-16,2479.94,credit_card,success
230,261,2025-07-24,2930.19,paypal,success
231,262,2024-10-16,1197.12,gift_card,success
232,263,2025-06-17,1525.74,credit_card,success
233,265,2024-11-28,1514.25,credit_card,success
234,266,2025-08-31,493.0,credit_card,success
235,267,2024-11-26,2970.95,credit_card,success
236,268,2025-08-25,5012.97,credit_card,success
237,269,2025-12-30,539.09,credit_card,success
238,270,2025-04-20,53.84,credit_card,success
239,271,2024-10-06,610.94,credit_card,success
240,272,2025-08-04,9.45,credit_card,success
241,273,2024-11-17,269.27,credit_card,success
242,274,2025-03-30,377.71,credit_card,success
243,275,2025-06-17,864.89,credit_card,success
244,276,2025-03-09,2456.06,credit_card,success
245,278,2025-12-30,3927.49,credit_card,success
246,281,2025-06-26,1403.33,credit_card,success
247,283,2025-11-16,116.1,credit_card,success
248,286,2025-12-20,1238.91,credit_card,success
249,287,2024-08-23,3831.15,credit_card,success
250,288,2024-10-20,1067.76,gift_card,success
251,289,2024-11-16,369.75,credit_card,success
252,290,2025-11-21,1820.94,credit_card,success
253,291,2025-05-19,990.56,paypal,success
254,292,2025-09-20,641.32,paypal,success
255,293,2025-01-26,1897.78,credit_card,success
256,294,2025-09-03,1848.6,credit_card,success
257,295,2025-11-04,2193.32,credit_card,success
258,297,2025-12-13,2661.34,paypal,refunded
259,298,2025-03-04,4392.5,paypal,success
260,299,2025-04-30,981.41,credit_card,success
261,300,2025-10-07,2692.72,credit_card,refunded
262,301,2025-01-13,3464.19,credit_card,success
263,302,2024-09-07,757.56,credit_card,success
264,303,2025-01-09,2793.53,credit_card,success
265,304,2024-06-28,2342.49,paypal,success
266,305,2025-07-15,2362.35,credit_card,success
267,307,2025-04-24,2594.04,paypal,success
268,308,2025-11-03,2253.45,credit_card,success
269,309,2024-10-19,991.73,credit_card,success
270,310,2025-10-12,44.48,credit_card,refunded
271,311,2025-08-27,49.38,credit_card,success
272,312,2025-08-18,3451.7,credit_card,success
273,313,2025-04-27,1597.92,credit_card,success
274,314,2025-12-24,2243.47,credit_card,success
275,315,2025-07-07,345.54,paypal,refunded
276,317,2025-05-14,2969.69,credit_card,success
277,319,2025-03-17,139.72,paypal,success
278,320,2025-03-14,644.02,credit_card,success
279,321,2025-08-07,808.98,credit_card,success
280,323,2025-07-03,1835.96,credit_card,success
281,324,2025-07-04,953.78,credit_card,success
282,325,2025-10-30,1067.18,credit_card,success
283,326,2025-10-20,805.52,paypal,success
284,327,2025-11-08,3377.13,credit_card,success
285,328,2025-08-15,3496.49,credit_card,success
286,329,2025-11-12,2300.35,paypal,success
287,330,2025-08-25,1661.07,paypal,success
288,331,2025-09-14,1042.56,credit_card,refunded
289,332,2025-12-30,1394.89,credit_card,success
290,333,2025-08-26,723.32,credit_card,success
291,334,2025-08-22,457.36,paypal,success
292,336,2025-12-21,223.61,paypal,success
293,337,2025-08-28,779.46,paypal,success
294,338,2025-12-09,665.93,gift_card,success
295,339,2025-09-12,2442.78,credit_card,success
296,340,2025-10-29,5608.14,credit_card,refunded
297,341,2025-04-10,2078.65,credit_card,success
298,342,2024-11-12,3386.46,paypal,success
299,343,2025-11-20,1551.84,credit_card,success
300,344,2025-01-29,1230.32,credit_card,success
301,345,2025-09-15,2373.88,credit_card,success
302,346,2025-06-11,783.51,credit_card,success
303,347,2025-01-20,1684.23,credit_card,success
304,348,2025-04-26,2533.9,gift_card,success
305,349,2025-11-19,1056.3,credit_card,success
306,350,2024-12-03,2721.44,credit_card,success
307,352,2025-08-25,544.44,paypal,success
308,353,2025-03-09,1775.53,credit_card,success
309,354,2025-12-10,1882.05,paypal,success
310,355,2025-04-24,538.26,credit_card,success
311,356,2025-02-22,3373.19,credit_card,success
312,357,2025-03-20,100.85,paypal,success
313,358,2025-10-18,1846.38,credit_card,success
314,359,2025-02-24,1745.54,credit_card,success
315,360,2025-10-08,196.77,paypal,success
316,361,2025-10-20,3384.89,credit_card,success
317,362,2025-09-09,1304.07,credit_card,success
318,363,2025-09-27,1829.3,credit_card,success
319,364,2025-10-01,1153.66,credit_card,success
320,365,2025-10-25,2171.36,credit_card,success
321,367,2025-09-26,2499.8,credit_card,refunded
322,368,2025-02-05,2490.6,credit_card,success
323,369,2025-04-02,3233.79,credit_card,refunded
324,370,2025-09-04,2997.08,credit_card,success
325,371,2024-09-24,2899.55,credit_card,success
326,373,2025-11-14,2852.15,credit_card,refunded
327,374,2025-12-29,1330.87,credit_card,success
328,375,2025-12-19,2653.24,paypal,success
329,376,2026-01-02,2652.31,paypal,success
330,377,2025-12-30,1789.42,paypal,success
331,379,2025-03-06,2016.11,credit_card,success
332,380,2025-07-14,732.76,credit_card,success
333,381,2025-04-17,1001.16,paypal,success
334,382,2025-09-07,1882.22,credit_card,success
335,383,2025-09-15,2239.22,paypal,success
336,384,2025-08-06,4198.27,credit_card,success
337,385,2025-06-10,2208.96,credit_card,success
338,387,2025-11-02,882.66,credit_card,success
339,388,2024-11-19,516.11,paypal,success
340,389,2025-08-19,1101.29,credit_card,success
341,390,2025-03-06,2278.49,paypal,success
342,391,2025-09-24,2811.32,paypal,success
343,392,2025-03-01,328.08,paypal,success
344,394,2025-03-31,235.49,credit_card,success
345,395,2024-05-19,1719.04,paypal,success
346,396,2025-02-22,85.36,credit_card,success
347,397,2024-03-13,1409.5,paypal,success
348,398,2024-05-31,5325.08,credit_card,success
349,399,2025-11-17,870.72,credit_card,success
350,400,2025-05-04,1969.67,gift_card,success
351,401,2025-04-19,1157.25,credit_card,success
352,402,2024-08-10,2686.9,credit_card,success
353,404,2025-12-26,911.91,gift_card,success
354,405,2025-12-25,1032.66,credit_card,success
355,407,2025-11-18,657.14,paypal,success
356,408,2025-10-21,4200.13,credit_card,success
357,409,2025-09-21,3009.61,gift_card,success
358,411,2025-11-02,1897.28,credit_card,success
359,412,2025-12-20,570.59,paypal,success
360,413,2025-07-10,875.67,credit_card,success
361,414,2024-10-30,1405.78,paypal,refunded
362,415,2025-07-28,2253.09,credit_card,refunded
363,416,2025-01-07,285.08,credit_card,success
364,417,2025-10-19,2033.12,paypal,success
365,418,2025-04-16,739.44,credit_card,success
366,419,2025-12-21,1863.26,credit_card,success
367,420,2025-12-16,1794.91,credit_card,success
368,421,2025-12-08,3031.47,credit_card,success
369,422,2025-12-05,1309.49,credit_card,success
370,423,2025-12-04,118.0,credit_card,success
371,424,2025-07-28,2950.25,credit_card,success
372,425,2025-03-14,4251.95,credit_card,success
373,426,2025-08-30,874.13,paypal,success
374,427,2025-11-23,1676.36,credit_card,success
375,429,2024-05-25,3656.0,paypal,success
376,430,2024-05-13,278.72,credit_card,success
377,431,2025-10-12,1133.48,gift_card,success
378,432,2025-12-19,2297.04,credit_card,success
379,433,2025-11-23,1471.11,paypal,success
380,434,2025-09-19,890.67,credit_card,success
381,435,2025-09-17,1094.76,credit_card,refunded
382,436,2025-09-24,2363.94,credit_card,success
383,438,2025-12-01,4259.0,paypal,success
384,439,2025-10-09,1450.45,paypal,success
385,440,2025-10-23,3307.84,credit_card,refunded
386,441,2025-07-12,945.47,credit_card,success
387,442,2025-09-11,45.61,credit_card,success
388,443,2025-08-15,1723.12,credit_card,success
389,444,2025-08-04,4419.2,credit_card,success
390,445,2025-07-03,2056.59,credit_card,success
391,446,2025-08-07,3198.44,paypal,success
392,447,2025-08-16,1859.94,credit_card,success
393,448,2025-11-26,1486.61,paypal,success
394,449,2025-12-21,435.47,credit_card,success
395,450,2025-12-16,1701.63,paypal,success
396,451,2025-12-26,304.76,paypal,success
397,452,2025-07-06,604.2,paypal,success
398,454,2025-12-07,3865.08,credit_card,success
399,458,2024-12-24,1499.43,credit_card,success
400,459,2025-12-07,1071.81,credit_card,refunded
401,460,2025-06-20,4101.44,credit_card,success
402,461,2025-01-18,2188.39,credit_card,success
403,463,2025-03-13,1044.03,paypal,success
404,464,2025-08-22,1993.74,paypal,success
405,465,2024-09-08,809.29,paypal,success
406,466,2025-08-15,304.26,credit_card,success
407,467,2025-07-09,283.38,credit_card,success
408,468,2024-07-15,1708.82,credit_card,success
409,469,2025-12-30,1354.92,paypal,success
410,470,2025-12-18,1226.79,credit_card,success
411,471,2025-09-28,3662.61,credit_card,success
412,472,2025-09-24,4319.56,credit_card,success
413,473,2025-10-29,1240.76,credit_card,success
414,474,2025-09-06,1135.32,paypal,success
415,475,2025-09-30,2612.13,credit_card,success
416,476,2025-09-26,3316.98,credit_card,success
417,477,2025-02-27,2339.81,credit_card,success
418,479,2025-09-07,829.29,paypal,success
419,480,2025-10-29,919.49,credit_card,refunded
420,481,2024-11-06,1363.34,credit_card,success
421,482,2025-02-17,1923.71,paypal,success
422,484,2025-12-01,1773.34,credit_card,success
423,485,2025-08-01,3111.71,credit_card,success
424,486,2025-10-26,2113.69,credit_card,success
425,487,2025-10-30,493.0,credit_card,success
426,488,2025-11-24,2467.36,credit_card,success
427,489,2025-08-15,1747.19,credit_card,success
428,490,2025-12-26,2318.62,credit_card,success
429,492,2025-11-29,2310.21,credit_card,success
430,493,2025-07-31,3016.88,credit_card,success
431,494,2025-09-08,1027.7,credit_card,success
432,495,2025-09-14,804.35,credit_card,success
433,496,2025-08-15,687.2,gift_card,success
434,497,2025-10-31,2822.08,credit_card,success
435,498,2025-12-28,1422.88,credit_card,success
436,499,2025-12-28,1039.8,credit_card,success
437,500,2025-12-29,3111.42,credit_card,success
438,501,2025-02-11,3694.39,credit_card,success
439,502,2025-11-24,1477.85,credit_card,success
440,503,2025-09-29,103.47,credit_card,success
441,504,2025-10-20,2554.74,credit_card,success
442,505,2025-12-21,670.56,credit_card,success
443,506,2025-09-26,3403.04,credit_card,success
444,507,2025-09-29,325.68,gift_card,success
445,508,2025-08-12,2618.74,credit_card,success
446,509,2025-06-28,137.2,credit_card,success
447,510,2025-11-19,1406.18,paypal,success
448,512,2025-10-20,142.21,gift_card,success
449,514,2025-07-30,1679.26,paypal,refunded
450,515,2025-08-31,2785.52,credit_card,success
451,516,2025-11-05,402.76,credit_card,success
452,517,2025-12-29,1052.13,credit_card,success
453,518,2025-12-01,602.62,credit_card,success
454,519,2025-07-04,1097.52,credit_card,success
455,520,2025-01-07,2789.24,credit_card,success
456,521,2025-09-11,1751.27,credit_card,success
457,522,2025-02-13,1713.92,paypal,success
458,523,2025-02-07,2551.48,credit_card,success
459,524,2025-07-21,2278.69,paypal,success
460,525,2025-04-18,3548.27,credit_card,success
461,526,2025-03-16,425.68,paypal,success
462,527,2026-01-02,132.47,credit_card,success
463,529,2025-06-09,2357.76,credit_card,success
464,530,2025-03-17,2391.84,credit_card,success
465,531,2025-07-30,3049.6,credit_card,success
466,532,2025-05-30,2657.85,credit_card,success
467,533,2025-06-06,985.64,credit_card,success
468,535,2025-04-15,3637.04,credit_card,success
469,536,2025-05-18,861.6,credit_card,success
470,537,2025-08-06,2796.3,paypal,refunded
471,538,2025-08-01,3402.55,credit_card,success
472,539,2025-08-11,1994.72,credit_card,success
473,540,2025-03-10,2936.94,credit_card,success
474,541,2025-08-21,2470.03,credit_card,success
475,543,2025-10-24,175.4,credit_card,success
476,544,2025-09-05,1354.7,credit_card,success
477,545,2025-10-03,27.77,credit_card,success
478,546,2025-11-30,353.64,credit_card,success
479,547,2025-11-16,111.04,credit_card,success
480,549,2025-11-22,540.57,credit_card,success
481,550,2025-11-14,441.56,credit_card,success
482,551,2024-12-13,2591.22,credit_card,success
483,552,2025-01-09,2416.17,gift_card,success
484,553,2025-06-14,3016.98,paypal,success
485,554,2025-11-29,2749.19,credit_card,success
486,555,2025-04-20,167.4,credit_card,success
487,556,2025-04-20,1658.72,gift_card,success
488,557,2025-04-25,3830.92,credit_card,success
489,558,2025-05-22,1445.36,paypal,success
490,559,2025-06-02,3453.7,credit_card,success
491,560,2025-01-14,851.36,credit_card,success
492,561,2024-11-10,3818.41,credit_card,success
493,563,2025-03-28,1867.04,paypal,success
494,564,2025-06-06,573.67,credit_card,success
495,565,2025-03-31,1067.5,credit_card,success
496,566,2025-05-21,3000.33,credit_card,success
497,567,2025-02-08,1737.26,credit_card,success
498,568,2025-04-22,1376.71,paypal,success
499,569,2025-08-04,1466.17,credit_card,success
500,570,2025-10-08,2853.64,credit_card,success
501,571,2025-10-28,444.35,paypal,success
502,572,2025-10-15,1814.7,credit_card,refunded
503,573,2025-02-04,3492.12,credit_card,success
504,574,2025-05-01,1090.46,paypal,success
505,575,2024-07-09,1189.77,credit_card,success
506,576,2024-09-21,1990.03,credit_card,success
507,577,2025-05-26,259.03,paypal,success
508,578,2025-08-27,437.07,credit_card,success
509,580,2025-04-08,1065.04,paypal,success
510,581,2025-07-08,1546.13,credit_card,success
511,582,2025-10-04,624.88,credit_card,success
512,583,2025-10-23,2155.25,credit_card,success
513,585,2025-12-25,643.92,credit_card,success
514,586,2025-10-23,1632.6,paypal,success
515,587,2025-09-08,1885.16,paypal,success
516,588,2025-06-22,360.72,credit_card,success
517,590,2025-07-16,1151.61,credit_card,success
518,591,2025-12-31,2220.88,credit_card,success
519,592,2025-12-31,1278.87,credit_card,success
520,595,2025-12-31,2903.14,credit_card,refunded
521,596,2026-01-01,2887.6,credit_card,success
522,597,2025-12-28,3331.05,credit_card,success
523,598,2025-12-29,3255.02,credit_card,success
524,599,2025-01-01,2833.56,credit_card,success
525,600,2025-12-01,1308.42,credit_card,success
526,601,2025-08-27,576.51,credit_card,success
527,602,2025-02-13,1215.05,gift_card,success
528,604,2025-11-15,1080.76,credit_card,success
529,605,2025-05-31,1250.46,credit_card,success
530,606,2025-12-09,1966.0,credit_card,success
531,607,2025-08-21,2076.64,credit_card,success
532,608,2025-07-25,1657.78,credit_card,success
533,609,2025-08-30,300.9,credit_card,success
534,610,2025-09-28,1206.2,credit_card,success
535,611,2025-12-17,1560.32,credit_card,success
536,612,2024-08-19,96.78,credit_card,success
537,614,2025-03-22,1226.25,paypal,success
538,616,2025-05-18,2321.37,credit_card,success
539,617,2025-02-18,1475.66,gift_card,success
540,618,2025-07-15,2008.33,paypal,success
541,620,2025-12-11,1687.95,credit_card,success
542,624,2024-11-25,605.55,credit_card,success
543,625,2025-02-09,2692.04,credit_card,success
544,626,2025-10-22,2269.06,credit_card,success
545,627,2025-10-18,651.36,credit_card,refunded
546,629,2025-12-07,2268.78,paypal,success
547,630,2025-10-25,3391.71,credit_card,success
548,631,2024-11-01,656.31,paypal,success
549,632,2025-03-17,1516.85,paypal,success
550,633,2024-06-09,1866.69,credit_card,success
551,634,2024-06-19,187.28,credit_card,success
552,635,2025-07-04,3038.2,credit_card,success
553,636,2025-05-22,3489.07,credit_card,success
554,637,2025-09-12,1582.31,credit_card,success
555,638,2025-11-22,221.84,credit_card,success
556,639,2025-09-27,931.94,credit_card,success
557,640,2025-08-15,1335.77,credit_card,success
558,641,2024-12-02,2241.9,gift_card,success
559,642,2025-04-22,3517.16,credit_card,success
560,643,2025-10-15,1719.0,credit_card,success
561,644,2025-06-08,1298.25,credit_card,success
562,645,2025-04-04,605.31,gift_card,success
563,647,2025-06-19,326.64,gift_card,success
564,649,2025-08-05,1601.74,gift_card,success
565,651,2025-07-07,2151.56,credit_card,success
566,652,2025-03-16,3802.29,paypal,refunded
567,653,2025-12-08,1365.08,credit_card,refunded
568,654,2025-09-02,377.54,credit_card,success
569,655,2025-12-13,129.21,credit_card,success
570,656,2025-08-13,2882.74,credit_card,success
571,658,2025-11-21,2108.72,paypal,success
572,659,2025-12-17,1109.4,paypal,success
573,660,2025-09-19,1155.38,credit_card,success
574,661,2025-07-29,1791.75,credit_card,success
575,662,2025-05-19,2679.87,credit_card,success
576,663,2025-06-19,1189.97,credit_card,success
577,664,2025-09-03,2798.82,credit_card,success
578,665,2024-10-04,1278.32,paypal,success
579,666,2024-12-15,2109.46,credit_card,success
580,667,2025-04-11,1051.64,credit_card,success
581,668,2025-11-18,730.05,paypal,success
582,669,2025-11-15,4605.49,credit_card,success
583,670,2025-11-11,1370.17,credit_card,success
584,671,2024-12-03,4024.21,paypal,success
585,672,2025-04-01,1862.88,credit_card,success
586,673,2024-09-28,454.18,credit_card,success
587,674,2024-05-30,661.64,paypal,success
588,675,2025-11-08,2561.67,gift_card,success
589,676,2025-12-16,472.14,credit_card,success
590,677,2025-08-05,1613.01,credit_card,success
591,678,2025-09-22,990.75,credit_card,success
592,679,2025-05-17,4043.32,credit_card,success
593,680,2025-02-05,1572.87,credit_card,success
594,681,2025-08-20,1887.43,paypal,success
595,682,2025-02-28,3267.45,paypal,success
596,683,2025-11-11,1299.13,credit_card,success
597,684,2025-08-27,868.85,credit_card,success
598,686,2025-08-08,1103.85,credit_card,success
599,687,2025-11-05,2206.92,paypal,success
600,688,2025-09-22,2957.6,credit_card,success
601,689,2025-01-19,2600.99,paypal,success
602,690,2025-10-19,1392.53,credit_card,success
603,691,2025-05-09,3782.04,paypal,success
604,692,2025-08-27,987.8,credit_card,success
605,693,2025-09-19,3223.08,credit_card,success
606,694,2025-12-05,3135.22,credit_card,success
607,695,2025-01-02,3105.65,credit_card,success
608,696,2024-08-28,233.7,credit_card,success
609,697,2025-05-29,274.1,paypal,success
610,698,2025-10-03,2172.68,paypal,success
611,699,2025-04-07,654.26,credit_card,success
612,700,2025-11-30,283.93,credit_card,success
613,701,2025-08-01,1630.77,paypal,success
614,702,2025-07-07,2878.28,paypal,success
615,704,2025-07-23,1992.66,credit_card,success
616,705,2025-03-02,270.76,credit_card,success
617,706,2025-09-10,797.78,credit_card,success
618,707,2025-03-08,1066.79,credit_card,success
619,708,2024-06-22,2035.16,credit_card,success
620,710,2025-05-22,2396.48,credit_card,success
621,711,2025-01-06,2397.48,credit_card,success
622,712,2025-07-20,1895.06,gift_card,success
623,713,2024-03-29,1311.26,credit_card,success
624,714,2024-12-25,438.39,credit_card,success
625,716,2025-05-28,1893.16,credit_card,success
626,717,2025-12-20,3495.22,credit_card,success
627,718,2025-03-31,717.47,paypal,refunded
628,719,2025-03-30,1511.1,credit_card,success
629,721,2025-08-30,1915.08,paypal,success
630,722,2024-03-22,2037.76,paypal,success
631,724,2025-11-02,2400.38,credit_card,success
632,725,2025-05-07,759.04,credit_card,success
633,726,2025-12-13,4877.29,credit_card,success
634,727,2025-12-29,1400.08,credit_card,success
635,729,2025-10-21,333.12,credit_card,success
636,730,2025-11-02,3408.24,gift_card,refunded
637,731,2025-12-06,3020.09,credit_card,success
638,732,2025-12-19,1149.96,credit_card,success
639,733,2025-06-05,891.05,credit_card,success
640,734,2025-11-14,2923.95,credit_card,success
641,735,2025-02-26,1020.75,credit_card,success
642,736,2024-07-15,2001.8,credit_card,success
643,737,2024-07-24,1408.4,credit_card,success
644,738,2024-06-01,2361.1,credit_card,success
645,739,2024-11-07,2463.88,paypal,success
646,740,2024-06-08,2202.52,credit_card,success
647,741,2025-05-08,1009.86,paypal,success
648,742,2025-04-12,1479.58,paypal,success
649,743,2025-12-19,1929.4,credit_card,refunded
650,744,2025-01-27,2352.42,paypal,refunded
651,745,2025-10-24,2356.85,credit_card,success
652,747,2024-11-14,527.8,paypal,success
653,748,2025-04-24,186.9,gift_card,success
654,749,2025-05-30,2244.68,credit_card,success
655,750,2025-08-30,2189.56,paypal,success
656,751,2025-11-12,1317.42,credit_card,success
657,752,2025-09-24,3154.53,paypal,success
658,755,2025-11-13,823.01,credit_card,success
659,756,2025-12-18,672.6,credit_card,success
660,758,2025-10-02,3198.92,paypal,success
661,759,2025-11-11,3363.71,paypal,success
662,760,2025-11-14,2625.81,paypal,success
663,761,2025-05-10,1988.15,credit_card,success
664,762,2025-10-20,1552.77,credit_card,success
665,763,2025-06-01,2062.01,credit_card,success
666,764,2025-11-22,845.04,credit_card,success
667,765,2025-04-17,307.41,credit_card,success
668,766,2025-04-08,904.08,credit_card,success
669,767,2025-12-25,1188.06,credit_card,success
670,769,2025-05-09,1423.96,credit_card,success
671,770,2025-05-07,3227.07,credit_card,success
672,771,2025-11-27,862.16,paypal,success
673,772,2025-06-23,1365.76,credit_card,success
674,773,2026-01-02,2277.58,credit_card,success
675,774,2025-04-25,2306.0,credit_card,success
676,775,2025-12-01,1185.75,credit_card,success
677,776,2025-08-20,2355.02,paypal,refunded
678,777,2025-02-11,1962.02,credit_card,success
679,778,2024-10-05,2884.06,gift_card,success
680,779,2025-10-01,2414.1,credit_card,success
681,780,2025-08-18,1252.97,paypal,success
682,781,2025-10-13,1620.82,credit_card,success
683,782,2025-10-17,3249.17,credit_card,refunded
684,783,2025-07-04,350.55,credit_card,refunded
685,784,2025-01-16,2485.1,credit_card,success
686,785,2025-01-12,1332.18,credit_card,refunded
687,786,2024-10-06,904.9,credit_card,success
688,787,2025-01-17,2101.98,credit_card,success
689,788,2025-12-05,2144.57,credit_card,success
690,789,2025-11-14,1208.53,credit_card,success
691,790,2024-08-19,905.55,credit_card,success
692,791,2025-07-28,146.2,credit_card,success
693,792,2025-02-04,2465.94,credit_card,success
694,793,2024-07-08,1238.02,paypal,success
695,794,2025-09-17,1915.57,credit_card,success
696,795,2025-03-29,2745.74,credit_card,success
697,796,2024-11-30,1694.15,credit_card,success
698,797,2025-04-30,1770.9,credit_card,success
699,798,2025-03-19,1409.84,credit_card,success
700,799,2025-11-02,1091.99,credit_card,success
701,800,2025-08-29,1141.18,credit_card,success
702,802,2025-06-30,3597.38,credit_card,success
703,803,2025-01-12,3104.79,paypal,success
704,805,2025-09-30,1919.08,credit_card,refunded
705,806,2025-11-08,832.14,credit_card,success
706,807,2024-11-09,606.84,credit_card,success
707,808,2025-05-28,1822.35,credit_card,success
708,809,2025-03-19,3565.01,credit_card,success
709,811,2025-10-20,1507.91,paypal,success
710,812,2025-03-16,2403.73,credit_card,success
711,813,2025-01-28,816.36,credit_card,success
712,814,2024-11-11,1436.84,paypal,success
713,815,2024-09-11,179.46,paypal,success
714,816,2024-10-31,269.25,paypal,success
715,817,2025-11-21,3604.75,credit_card,success
716,818,2025-09-09,246.16,credit_card,success
717,819,2024-11-13,1978.38,credit_card,success
718,820,2025-08-09,3251.17,credit_card,success
719,821,2025-10-30,222.35,credit_card,success
720,822,2025-10-26,2732.12,credit_card,success
721,823,2025-02-28,882.52,paypal,success
722,825,2025-05-14,1004.09,credit_card,refunded
723,826,2025-08-02,1394.33,paypal,success
724,827,2025-07-09,1488.28,credit_card,success
725,828,2025-10-13,3363.04,paypal,success
726,829,2024-11-10,957.53,credit_card,success
727,830,2025-06-04,2162.12,paypal,refunded
728,832,2025-12-06,2975.78,paypal,success
729,833,2025-06-29,1600.92,credit_card,success
730,834,2025-11-19,1096.38,paypal,success
731,835,2025-11-29,1235.83,credit_card,success
732,836,2025-11-02,655.72,credit_card,success
733,837,2025-11-18,130.63,gift_card,success
734,838,2025-12-09,1911.1,paypal,success
735,839,2025-03-15,62.56,paypal,success
736,840,2025-06-30,1805.63,credit_card,refunded
737,841,2025-08-25,1341.58,credit_card,success
738,842,2025-10-29,1872.44,paypal,refunded
739,843,2025-02-26,730.17,credit_card,success
740,844,2025-06-25,1811.8,paypal,success
741,845,2025-10-30,447.04,gift_card,success
742,846,2024-05-25,1242.5,credit_card,success
743,847,2025-04-05,175.08,credit_card,success
744,848,2025-07-05,1957.77,credit_card,success
745,849,2025-09-05,1626.38,credit_card,success
746,850,2025-12-31,1688.28,credit_card,success
747,851,2025-08-09,1031.06,paypal,success
748,852,2025-03-22,1837.8,credit_card,success
749,853,2024-06-11,1808.47,credit_card,success
750,854,2025-09-09,54.87,credit_card,success
751,855,2025-08-17,3228.38,credit_card,success
752,856,2025-08-09,2089.85,credit_card,success
753,857,2024-11-27,1137.72,paypal,success
754,858,2025-09-11,2676.8,credit_card,success
755,859,2025-12-31,1755.93,credit_card,success
756,860,2025-11-26,2141.81,paypal,success
757,861,2025-12-07,945.12,paypal,success
758,862,2025-08-07,1261.66,credit_card,success
759,864,2025-11-29,350.02,credit_card,refunded
760,865,2025-09-26,1084.69,credit_card,success
761,866,2025-07-28,2380.44,credit_card,success
762,867,2025-05-18,1335.87,paypal,success
763,868,2025-09-15,1672.51,paypal,refunded
764,870,2025-05-16,2054.83,credit_card,success
765,871,2025-12-29,1727.07,paypal,success
766,873,2025-05-02,1105.28,credit_card,success
767,874,2025-07-23,3262.65,credit_card,success
768,875,2025-08-10,3237.06,credit_card,success
769,876,2024-12-08,429.95,paypal,success
770,877,2025-11-25,1527.8,paypal,success
771,878,2025-04-21,4897.36,credit_card,success
772,879,2025-08-12,2445.4,paypal,success
773,881,2025-04-09,3411.02,credit_card,success
774,882,2025-10-27,1370.62,paypal,success
775,883,2025-11-19,1502.3,paypal,success
776,884,2026-01-01,564.92,credit_card,success
777,885,2025-10-26,1590.59,credit_card,success
778,886,2025-10-28,929.11,paypal,success
779,887,2025-09-18,2003.66,paypal,success
780,888,2025-10-07,2242.03,credit_card,success
781,889,2025-12-11,277.2,credit_card,success
782,890,2025-09-11,2862.64,credit_card,success
783,891,2025-09-29,1941.24,paypal,success
784,892,2025-11-29,1367.38,gift_card,success
785,893,2025-10-09,2648.24,credit_card,success
786,894,2025-10-12,2786.87,credit_card,success
787,895,2025-09-06,1373.16,credit_card,success
788,897,2025-10-23,1941.19,gift_card,success
789,899,2024-09-28,685.95,credit_card,success
790,900,2025-02-27,649.06,credit_card,success
791,902,2024-11-06,2403.5,credit_card,success
792,903,2025-01-30,465.72,credit_card,success
793,904,2025-10-28,1079.11,credit_card,success
794,905,2024-08-06,1912.8,paypal,success
795,907,2025-08-13,261.26,gift_card,success
796,908,2025-03-05,799.44,gift_card,success
797,909,2025-12-11,1714.06,credit_card,success
798,910,2025-12-17,757.56,credit_card,success
799,912,2024-10-24,2553.27,credit_card,success
800,913,2025-04-19,3174.25,paypal,success
801,914,2024-09-24,384.34,paypal,success
802,915,2024-12-28,3292.21,credit_card,success
803,916,2024-12-19,1683.24,credit_card,success
804,917,2024-06-05,137.96,credit_card,success
805,918,2024-05-22,260.38,paypal,success
806,919,2025-12-12,1150.19,credit_card,success
807,920,2024-10-20,4437.47,credit_card,success
808,921,2024-08-12,2473.13,gift_card,success
809,922,2025-02-12,883.08,credit_card,success
810,923,2025-01-06,911.97,paypal,success
811,925,2025-10-25,2701.57,paypal,success
812,926,2025-11-20,2071.74,gift_card,success
813,927,2025-12-23,3645.88,paypal,success
814,928,2025-12-24,1344.04,paypal,success
815,930,2025-11-19,1490.62,credit_card,success
816,932,2025-09-26,401.56,credit_card,success
817,933,2025-10-30,381.49,credit_card,success
818,934,2025-11-02,1069.26,paypal,success
819,935,2025-11-12,2242.72,credit_card,success
820,936,2025-12-24,1070.87,credit_card,success
821,937,2025-11-29,1174.08,credit_card,success
822,938,2025-09-20,2502.42,credit_card,success
823,940,2025-07-07,2806.12,credit_card,success
824,941,2025-07-28,430.12,credit_card,success
825,942,2025-04-22,618.18,credit_card,success
826,943,2025-06-03,1868.66,credit_card,success
827,944,2025-11-19,479.3,gift_card,success
828,945,2025-05-04,1388.78,credit_card,success
829,947,2025-06-24,3641.03,credit_card,success
830,949,2025-11-10,1514.36,credit_card,success
831,950,2025-11-26,1719.71,credit_card,success
832,951,2025-08-17,312.0,credit_card,success
833,952,2024-05-11,2654.8,paypal,success
834,954,2025-08-14,410.1,credit_card,success
835,955,2025-07-19,2677.92,gift_card,success
836,956,2024-12-16,3788.97,credit_card,success
837,957,2025-09-28,2800.64,credit_card,success
838,958,2025-03-08,355.99,paypal,success
839,959,2025-11-08,2830.24,credit_card,success
840,961,2024-09-02,2993.16,credit_card,success
841,962,2025-07-05,2303.27,credit_card,success
842,964,2025-01-20,1346.24,credit_card,success
843,966,2024-12-14,2966.13,credit_card,success
844,967,2025-04-03,2352.87,credit_card,success
845,968,2025-07-23,3987.15,credit_card,success
846,969,2025-09-15,1392.42,credit_card,success
847,970,2025-12-31,639.96,paypal,success
848,971,2025-05-24,1026.96,credit_card,success
849,972,2025-08-23,43.0,credit_card,success
850,973,2025-01-31,250.21,credit_card,success
851,974,2025-04-11,136.55,credit_card,success
852,975,2025-05-01,4043.31,paypal,success
853,976,2025-12-21,1359.19,credit_card,success
854,977,2025-04-05,2046.02,credit_card,success
855,978,2025-03-01,650.13,gift_card,refunded
856,979,2025-09-14,875.04,gift_card,success
857,981,2025-10-17,4200.83,paypal,success
858,982,2025-10-06,4639.17,credit_card,success
859,983,2025-12-26,219.26,credit_card,success
860,985,2024-09-02,933.44,credit_card,success
861,986,2025-06-27,1729.0,credit_card,success
862,987,2025-09-10,3449.01,paypal,success
863,989,2025-08-31,1404.2,paypal,success
864,991,2025-06-01,874.78,credit_card,success
865,992,2024-10-14,1658.64,paypal,success
866,993,2025-01-13,1169.02,credit_card,success
867,994,2025-11-04,2113.2,paypal,success
868,996,2024-07-10,1063.83,credit_card,success
869,997,2025-07-20,2919.56,paypal,success
870,999,2025-09-11,1632.89,paypal,success
871,1000,2025-10-24,1987.02,credit_card,success
872,1002,2025-01-29,2191.84,credit_card,success
873,1003,2025-02-14,3532.08,credit_card,success
874,1004,2025-09-16,1828.83,gift_card,success
875,1005,2025-12-11,3521.07,credit_card,success
876,1007,2025-05-28,4279.47,credit_card,success
877,1008,2025-12-01,709.92,credit_card,success
878,1009,2025-05-01,3858.5,credit_card,success
879,1010,2025-06-10,15.84,paypal,success
880,1011,2025-03-21,615.89,credit_card,success
881,1012,2024-12-16,832.14,paypal,success
882,1013,2025-09-01,162.53,paypal,success
883,1015,2024-07-31,188.77,credit_card,success
884,1016,2025-08-29,1797.56,credit_card,success
885,1017,2024-06-22,2914.34,credit_card,success
886,1018,2024-11-12,1170.76,credit_card,success
887,1019,2024-12-19,4106.4,credit_card,success
888,1021,2025-04-07,1103.72,credit_card,refunded
889,1022,2025-11-18,246.5,credit_card,success
890,1023,2024-10-21,540.52,credit_card,success
891,1024,2025-11-29,961.63,paypal,success
892,1025,2025-11-30,2689.4,credit_card,success
893,1026,2025-11-16,336.62,credit_card,success
894,1027,2025-07-27,754.58,credit_card,success
895,1028,2025-07-18,317.38,credit_card,success
896,1029,2025-10-29,904.08,credit_card,success
897,1030,2025-09-06,38.33,credit_card,success
898,1031,2025-05-20,3398.66,credit_card,success
899,1032,2025-05-06,2330.1,credit_card,success
900,1033,2025-07-16,1223.71,credit_card,refunded
901,1034,2025-02-03,2166.97,credit_card,success
902,1035,2025-01-24,1976.93,credit_card,success
903,1036,2025-08-08,967.18,paypal,success
904,1037,2025-11-28,1902.23,credit_card,success
905,1038,2025-04-20,1511.27,credit_card,success
906,1039,2025-11-16,2158.34,credit_card,success
907,1040,2025-12-26,2414.37,credit_card,success
908,1041,2025-07-28,777.08,credit_card,success
909,1042,2025-09-18,2021.16,credit_card,refunded
910,1043,2024-03-19,788.49,credit_card,success
911,1044,2024-02-23,1086.58,credit_card,success
912,1045,2024-10-09,189.55,gift_card,success
913,1046,2025-09-19,1489.62,credit_card,success
914,1047,2025-09-14,1654.6,credit_card,success
915,1049,2025-06-18,5090.14,gift_card,success
916,1050,2024-08-14,1576.09,paypal,success
917,1051,2025-09-27,1799.77,credit_card,success
918,1052,2024-07-02,1940.56,credit_card,refunded
919,1054,2025-10-27,453.99,paypal,success
920,1055,2025-09-02,501.42,credit_card,success
921,1056,2025-06-05,1451.28,paypal,success
922,1057,2025-07-15,1843.28,credit_card,success
923,1058,2024-12-09,257.61,credit_card,success
924,1059,2025-05-18,1793.27,credit_card,success
925,1060,2025-06-28,726.42,credit_card,success
926,1061,2025-07-25,324.98,credit_card,success
927,1062,2025-06-23,2523.8,credit_card,success
928,1063,2025-08-08,1656.49,credit_card,success
929,1064,2025-08-18,2698.46,paypal,success
930,1065,2025-08-11,1743.25,paypal,success
931,1066,2025-12-03,3767.52,credit_card,success
932,1067,2025-09-03,519.32,gift_card,success
933,1068,2025-11-01,717.36,paypal,success
934,1069,2025-12-06,2727.5,paypal,success
935,1070,2025-07-26,447.04,credit_card,success
936,1071,2025-09-19,1573.11,paypal,success
937,1072,2025-06-12,1833.97,credit_card,refunded
938,1073,2025-09-27,585.47,paypal,success
939,1074,2025-09-18,1904.86,credit_card,success
940,1075,2025-07-30,643.92,credit_card,success
941,1076,2025-07-02,2737.16,credit_card,success
942,1077,2025-09-05,3415.75,credit_card,success
943,1078,2025-08-14,4824.02,paypal,success
944,1079,2025-09-16,1289.47,credit_card,success
945,1080,2025-12-12,2210.38,credit_card,success
946,1081,2025-12-28,393.2,credit_card,success
947,1082,2025-09-13,933.37,paypal,success
948,1083,2025-05-27,1671.14,credit_card,success
949,1084,2025-07-15,2582.67,paypal,success
950,1085,2025-07-09,93.19,credit_card,success
951,1086,2025-09-17,1394.94,credit_card,success
952,1088,2025-06-04,1078.59,credit_card,success
953,1089,2025-10-09,2067.18,credit_card,success
954,1091,2024-09-03,2042.62,credit_card,success
955,1093,2025-07-15,1792.44,paypal,success
956,1094,2024-09-21,2468.72,credit_card,success
957,1096,2024-09-24,227.32,gift_card,success
958,1097,2024-08-15,384.27,credit_card,refunded
959,1098,2024-12-04,4830.04,credit_card,success
960,1099,2024-11-12,981.64,credit_card,success
961,1100,2025-03-25,1118.46,credit_card,success
962,1101,2025-10-28,1192.52,credit_card,refunded
963,1102,2025-11-20,307.41,credit_card,success
964,1103,2025-11-30,4296.96,paypal,refunded
965,1104,2025-10-20,1236.87,credit_card,success
966,1105,2025-12-28,1674.61,credit_card,success
967,1106,2025-11-28,1338.27,paypal,success
968,1107,2025-11-24,2050.1,credit_card,success
969,1108,2025-12-06,2029.93,credit_card,success
970,1109,2025-11-16,5555.06,paypal,success
971,1111,2025-07-09,1110.39,credit_card,success
972,1112,2025-05-17,287.08,credit_card,success
973,1113,2025-07-09,2792.49,credit_card,success
974,1114,2025-04-03,1352.16,credit_card,refunded
975,1116,2024-09-26,1460.23,paypal,refunded
976,1117,2024-08-26,3213.26,credit_card,success
977,1118,2024-10-01,2194.54,credit_card,refunded
978,1120,2025-11-14,1247.68,credit_card,success
979,1121,2025-12-04,1513.39,paypal,success
980,1122,2025-12-13,1113.4,credit_card,success
981,1123,2025-02-26,1909.83,paypal,success
982,1124,2025-05-13,3423.66,credit_card,success
983,1125,2024-09-14,906.62,paypal,success
984,1127,2025-11-12,646.71,credit_card,success
985,1128,2025-12-11,1230.21,credit_card,success
986,1129,2024-10-17,1724.73,credit_card,success
987,1130,2025-01-03,298.52,credit_card,success
988,1131,2025-12-27,416.18,credit_card,success
989,1132,2025-10-26,1358.4,credit_card,success
990,1135,2024-06-30,2777.54,credit_card,success
991,1136,2024-10-27,661.25,paypal,success
992,1137,2025-01-10,1637.91,paypal,success
993,1138,2025-12-19,3056.32,credit_card,success
994,1140,2025-12-20,2226.33,paypal,success
995,1142,2025-12-10,738.81,credit_card,success
996,1143,2025-11-11,223.52,credit_card,success
997,1144,2025-12-06,807.9,credit_card,success
998,1145,2025-10-15,118.17,paypal,success
999,1146,2025-07-31,4967.81,paypal,success
1000,1147,2025-10-11,741.87,gift_card,success
1001,1148,2025-10-25,1901.12,gift_card,success
1002,1149,2025-10-27,1050.06,credit_card,success
1003,1150,2025-07-14,1441.82,credit_card,success
1004,1151,2025-09-04,152.44,paypal,success
1005,1153,2024-08-28,1618.85,credit_card,success
1006,1154,2025-10-08,679.54,credit_card,success
1007,1155,2025-09-14,1806.71,credit_card,success
1008,1156,2025-02-20,262.36,credit_card,success
1009,1157,2025-10-08,1760.83,credit_card,success
1010,1158,2025-11-03,1619.87,paypal,refunded
1011,1159,2025-09-13,1781.59,credit_card,success
1012,1161,2025-12-23,1161.16,credit_card,success
1013,1162,2025-12-27,3361.08,credit_card,success
1014,1163,2025-12-30,1585.16,paypal,success
1015,1164,2025-11-17,2598.69,credit_card,success
1016,1165,2025-02-26,2339.96,gift_card,success
1017,1166,2025-10-24,6370.39,paypal,success
1018,1167,2025-12-29,1525.42,credit_card,success
1019,1169,2025-11-10,5654.76,credit_card,success
1020,1170,2025-10-30,438.22,credit_card,refunded
1021,1172,2025-05-23,175.4,credit_card,success
1022,1173,2024-11-18,950.46,credit_card,success
1023,1174,2025-09-13,1577.61,credit_card,success
1024,1175,2025-05-02,430.06,credit_card,success
1025,1177,2025-04-12,4144.54,paypal,success
1026,1178,2025-08-10,1436.31,credit_card,success
1027,1179,2025-11-02,2551.58,gift_card,success
1028,1180,2025-01-08,2362.98,credit_card,success
1029,1181,2025-02-02,282.91,credit_card,success
1030,1182,2025-10-10,1592.05,credit_card,success
1031,1183,2025-11-22,384.27,credit_card,success
1032,1184,2025-03-01,3294.78,credit_card,success
1033,1186,2025-01-20,2662.66,credit_card,success
1034,1189,2025-04-24,3127.72,credit_card,success
1035,1190,2024-12-11,724.02,paypal,success
1036,1192,2025-04-10,3920.49,paypal,success
1037,1194,2025-12-06,1804.64,credit_card,success
1038,1195,2025-11-19,3512.55,credit_card,refunded
1039,1196,2025-12-01,1518.0,credit_card,success
1040,1197,2025-01-12,535.23,paypal,success
1041,1198,2025-07-24,242.14,credit_card,success
1042,1199,2025-09-08,2200.63,credit_card,success
1043,1200,2025-11-02,764.21,paypal,success
1044,1201,2025-12-16,2318.92,credit_card,success
1045,1202,2025-06-13,73.6,credit_card,success
1046,1204,2024-09-20,2290.18,credit_card,success
1047,1205,2025-01-21,2093.12,paypal,success
1048,1207,2024-10-19,1569.84,credit_card,success
1049,1208,2025-04-24,1835.65,paypal,success
1050,1209,2025-02-28,1695.45,paypal,success
1051,1211,2025-05-31,1980.7,paypal,success
1052,1212,2025-06-01,456.09,credit_card,success
1053,1213,2025-12-17,1053.95,credit_card,success
1054,1214,2025-10-29,87.7,paypal,success
1055,1215,2025-10-31,1745.32,credit_card,success
1056,1216,2025-12-05,780.13,credit_card,success
1057,1217,2025-09-21,2819.22,credit_card,success
1058,1218,2025-04-30,422.35,paypal,success
1059,1220,2025-10-14,584.0,paypal,success
1060,1221,2025-12-19,2239.07,credit_card,success
1061,1222,2025-12-31,2261.06,credit_card,success
1062,1223,2025-12-10,1106.56,credit_card,success
1063,1224,2025-12-07,677.79,credit_card,success
1064,1225,2025-12-14,3397.08,credit_card,success
1065,1226,2025-12-08,3190.86,credit_card,success
1066,1227,2025-12-21,3064.47,gift_card,success
1067,1229,2025-12-20,1572.8,credit_card,success
1068,1230,2025-12-10,2641.06,credit_card,refunded
1069,1231,2025-12-14,16.46,paypal,success
1070,1232,2025-12-11,2290.42,paypal,success
1071,1233,2025-12-27,1183.38,credit_card,success
1072,1234,2025-12-10,679.32,credit_card,success
1073,1235,2025-12-08,1912.97,credit_card,refunded
1074,1236,2025-12-27,1077.0,credit_card,success
1075,1238,2024-09-14,1206.36,paypal,success
1076,1240,2025-12-17,681.11,credit_card,success
1077,1241,2025-10-26,1135.03,credit_card,success
1078,1242,2025-11-19,1851.87,credit_card,success
1079,1243,2025-12-25,897.3,credit_card,success
1080,1245,2025-11-04,646.95,paypal,refunded
1081,1246,2025-03-19,2365.66,credit_card,refunded
1082,1247,2025-06-13,61.2,paypal,success
1083,1248,2025-06-28,1634.28,gift_card,success
1084,1250,2025-04-14,2991.81,credit_card,success
1085,1252,2025-05-06,318.28,credit_card,success
1086,1253,2024-11-19,1527.58,credit_card,refunded
1087,1255,2025-09-14,3015.75,credit_card,success
1088,1256,2025-12-12,1670.87,credit_card,success
1089,1257,2025-11-12,1017.16,credit_card,success
1090,1258,2025-11-17,1466.96,credit_card,success
1091,1259,2025-09-09,3582.09,paypal,success
1092,1260,2025-12-14,127.41,gift_card,success
1093,1261,2025-12-02,414.66,credit_card,success
1094,1262,2025-10-31,1008.03,credit_card,success
1095,1263,2025-10-12,1457.43,credit_card,success
1096,1264,2025-10-05,549.36,paypal,success
1097,1265,2025-12-26,4683.5,credit_card,success
1098,1266,2025-09-30,1158.78,credit_card,success
1099,1269,2025-11-27,3357.23,credit_card,success
1100,1270,2025-03-04,1228.56,credit_card,success
1101,1271,2025-04-28,1210.13,credit_card,success
1102,1272,2024-06-27,202.51,credit_card,success
1103,1273,2025-04-06,70.8,paypal,success
1104,1274,2025-10-21,1229.91,credit_card,success
1105,1276,2025-11-15,83.22,credit_card,success
1106,1277,2025-09-14,253.56,paypal,success
1107,1278,2025-08-14,336.3,paypal,success
1108,1279,2025-07-04,2517.04,credit_card,success
1109,1280,2025-10-21,3270.87,credit_card,success
1110,1281,2025-09-24,3390.04,credit_card,success
1111,1282,2025-10-09,2575.09,credit_card,success
1112,1283,2025-05-04,67.45,paypal,success
1113,1284,2025-03-10,373.38,paypal,success
1114,1285,2025-05-01,336.02,credit_card,success
1115,1286,2025-05-21,440.75,paypal,success
1116,1287,2025-11-29,2236.52,credit_card,success
1117,1288,2025-06-27,1835.94,credit_card,success
1118,1289,2025-12-18,1387.67,credit_card,success
1119,1290,2025-12-17,508.02,paypal,success
1120,1291,2025-10-18,1035.8,credit_card,success
1121,1292,2025-11-26,1194.28,credit_card,success
1122,1293,2025-11-24,1439.72,credit_card,success
1123,1294,2025-11-26,1054.82,credit_card,success
1124,1295,2025-12-06,2942.04,credit_card,success
1125,1296,2025-11-12,2005.41,credit_card,success
1126,1297,2025-05-13,2139.11,credit_card,success
1127,1298,2025-10-14,2466.7,credit_card,success
1128,1299,2025-10-18,1271.93,gift_card,refunded
1129,1300,2025-09-20,1197.92,credit_card,success
1130,1301,2025-09-30,1314.32,credit_card,success
1131,1302,2025-11-10,2845.91,credit_card,success
1132,1303,2025-10-03,4871.2,paypal,success
1133,1304,2024-09-30,891.92,paypal,success
1134,1305,2025-06-26,2242.25,credit_card,success
1135,1306,2025-12-27,1240.4,paypal,success
1136,1308,2025-12-06,2275.13,credit_card,refunded
1137,1309,2025-11-28,2843.44,paypal,success
1138,1311,2025-05-29,1256.98,paypal,success
1139,1312,2025-10-06,2371.36,credit_card,success
1140,1313,2025-12-28,1408.48,credit_card,success
1141,1314,2025-11-17,875.04,paypal,success
1142,1315,2025-03-28,2972.59,paypal,success
1143,1316,2025-11-18,3336.67,paypal,success
1144,1317,2025-05-15,1407.84,credit_card,success
1145,1318,2025-10-28,1927.15,gift_card,success
1146,1319,2025-08-12,2370.61,credit_card,success
1147,1320,2025-07-02,2675.93,credit_card,success
1148,1321,2025-03-11,2669.1,paypal,success
1149,1322,2025-06-07,875.74,credit_card,success
1150,1323,2025-12-20,1621.35,credit_card,success
1151,1324,2025-12-10,2322.95,credit_card,success
1152,1325,2025-12-20,3871.8,credit_card,success
1153,1326,2025-06-17,829.52,credit_card,success
1154,1327,2025-06-27,2657.98,credit_card,success
1155,1328,2025-12-13,1805.73,gift_card,success
1156,1329,2025-03-04,1628.34,credit_card,success
1157,1330,2025-04-03,117.57,paypal,success
1158,1332,2025-03-08,2181.14,paypal,success
1159,1333,2025-08-03,2851.64,credit_card,success
1160,1334,2025-12-15,638.5,credit_card,success
1161,1335,2025-12-16,757.46,paypal,success
1162,1336,2025-12-23,3005.28,credit_card,success
1163,1337,2024-12-16,1331.32,paypal,success
1164,1339,2025-07-02,353.64,credit_card,success
1165,1340,2025-06-29,2328.87,credit_card,success
1166,1341,2025-10-23,1334.51,paypal,success
1167,1345,2025-01-18,73.92,paypal,success
1168,1346,2025-07-04,2054.44,paypal,success
1169,1347,2025-10-23,1108.08,credit_card,success
1170,1348,2025-07-26,2950.83,credit_card,success
1171,1349,2025-10-15,166.4,credit_card,success
1172,1350,2025-07-06,2841.28,credit_card,success
1173,1351,2025-08-24,2011.06,credit_card,success
1174,1352,2024-11-19,3608.22,gift_card,success
1175,1353,2025-11-11,2532.23,credit_card,success
1176,1354,2025-11-02,1692.89,credit_card,success
1177,1355,2025-11-07,1639.63,credit_card,success
1178,1358,2025-11-19,1573.28,paypal,success
1179,1359,2025-11-26,1312.56,paypal,success
1180,1361,2025-01-18,646.32,credit_card,success
1181,1362,2025-01-02,898.65,credit_card,success
1182,1363,2025-03-16,1227.4,paypal,success
1183,1364,2025-02-23,1795.35,credit_card,success
1184,1365,2025-01-28,1975.31,credit_card,success
1185,1366,2024-09-29,2174.99,paypal,success
1186,1367,2025-01-30,1311.5,credit_card,success
1187,1369,2025-02-24,1670.16,paypal,success
1188,1370,2024-08-18,465.51,credit_card,success
1189,1371,2024-04-20,1025.12,credit_card,success
1190,1372,2024-11-01,1836.66,credit_card,success
1191,1373,2025-09-13,3583.89,credit_card,success
1192,1374,2024-06-03,2679.24,paypal,success
1193,1375,2024-12-07,136.6,credit_card,success
1194,1376,2025-08-28,1523.02,paypal,success
1195,1377,2025-11-07,2993.64,credit_card,success
1196,1378,2025-08-09,1446.08,credit_card,success
1197,1379,2025-02-01,1155.43,credit_card,success
1198,1380,2025-09-22,2246.84,credit_card,refunded
1199,1382,2025-09-30,1427.37,credit_card,success
1200,1383,2025-04-24,3954.29,credit_card,success
1201,1384,2025-08-21,1035.8,credit_card,success
1202,1386,2024-07-31,3241.24,credit_card,success
1203,1387,2025-08-16,406.84,credit_card,success
1204,1388,2024-05-25,2655.44,credit_card,success
1205,1389,2025-12-25,3405.65,credit_card,success
1206,1390,2025-01-31,1753.47,paypal,success
1207,1391,2024-11-12,488.22,credit_card,success
1208,1392,2025-02-16,1333.2,credit_card,success
1209,1393,2025-08-15,2900.91,credit_card,success
1210,1394,2025-02-13,1286.68,credit_card,success
1211,1395,2025-05-24,424.92,gift_card,success
1212,1396,2025-09-13,2722.93,credit_card,success
1213,1397,2024-09-04,1134.84,credit_card,refunded
1214,1399,2025-10-08,1013.7,credit_card,success
1215,1400,2025-01-10,1946.24,paypal,success
1216,1401,2025-07-14,1909.4,credit_card,success
1217,1402,2025-09-10,228.9,paypal,refunded
1218,1403,2025-08-04,1220.32,credit_card,success
1219,1405,2025-06-12,2586.19,credit_card,success
1220,1407,2025-02-10,1378.36,gift_card,success
1221,1409,2024-05-11,68.92,credit_card,success
1222,1410,2025-02-07,493.0,credit_card,success
1223,1411,2025-04-01,339.78,credit_card,success
1224,1412,2025-09-24,1997.83,credit_card,success
1225,1413,2025-11-15,3014.05,paypal,success
1226,1414,2025-09-01,2074.37,credit_card,success
1227,1415,2025-09-20,732.49,credit_card,success
1228,1417,2025-02-19,545.5,paypal,success
1229,1418,2025-01-17,4051.68,credit_card,success
1230,1419,2025-06-28,1127.22,paypal,success
1231,1420,2025-01-28,2116.57,credit_card,success
1232,1423,2025-10-06,709.71,credit_card,refunded
1233,1424,2024-07-25,514.07,credit_card,success
1234,1425,2024-10-01,937.51,credit_card,success
1235,1426,2025-02-08,453.53,credit_card,success
1236,1427,2025-11-30,2512.96,credit_card,success
1237,1428,2025-07-09,1498.48,credit_card,success
1238,1429,2025-12-08,1296.99,credit_card,success
1239,1430,2025-11-07,2256.43,paypal,success
1240,1431,2025-12-31,1235.64,credit_card,success
1241,1432,2025-12-12,2066.96,credit_card,success
1242,1433,2025-11-06,1827.83,credit_card,success
1243,1434,2025-09-05,1927.77,paypal,success
1244,1435,2025-06-04,1265.31,credit_card,success
1245,1436,2025-09-27,2002.02,credit_card,success
1246,1437,2025-06-29,5941.12,credit_card,success
1247,1438,2025-10-07,551.94,credit_card,success
1248,1439,2025-10-01,1242.0,credit_card,success
1249,1440,2025-10-28,1627.96,credit_card,success
1250,1441,2025-08-17,1610.62,paypal,success
1251,1442,2025-10-19,2260.37,paypal,success
1252,1443,2025-04-02,682.54,paypal,success
1253,1444,2025-09-20,1333.2,credit_card,success
1254,1445,2025-03-16,550.39,credit_card,refunded
1255,1446,2025-10-25,2425.74,paypal,success
1256,1447,2025-03-11,1822.67,credit_card,success
1257,1448,2024-12-30,3649.57,credit_card,success
1258,1449,2025-08-15,736.04,gift_card,success
1259,1450,2024-12-28,1340.8,paypal,success
1260,1451,2025-07-10,1819.05,credit_card,success
1261,1453,2025-03-11,1693.04,credit_card,success
1262,1455,2024-05-29,4218.04,credit_card,success
1263,1456,2024-11-20,189.99,paypal,success
1264,1457,2025-01-20,1017.91,credit_card,success
1265,1458,2024-12-06,498.68,paypal,success
1266,1459,2024-08-08,2125.89,credit_card,success
1267,1460,2025-07-03,983.0,credit_card,success
1268,1461,2025-12-19,179.42,gift_card,success
1269,1462,2025-11-24,1274.14,credit_card,success
1270,1463,2024-06-29,1057.47,paypal,success
1271,1465,2025-10-04,1615.91,paypal,success
1272,1466,2025-05-26,790.62,credit_card,success
1273,1467,2024-07-08,2315.36,paypal,success
1274,1468,2024-07-28,2270.24,credit_card,success
1275,1469,2025-09-17,1230.68,paypal,success
1276,1470,2024-05-05,259.34,gift_card,success
1277,1471,2025-01-08,1651.89,paypal,success
1278,1472,2024-05-26,741.12,paypal,success
1279,1473,2024-04-24,2654.96,credit_card,success
1280,1474,2025-10-18,3706.57,credit_card,success
1281,1476,2025-01-19,1604.45,credit_card,success
1282,1477,2024-03-28,3006.14,credit_card,success
1283,1478,2025-09-22,580.58,credit_card,success
1284,1479,2025-09-01,742.72,credit_card,success
1285,1480,2025-09-20,787.54,credit_card,success
1286,1481,2025-08-24,94.07,paypal,success
1287,1482,2025-10-08,917.15,credit_card,success
1288,1483,2025-05-10,1600.44,paypal,success
1289,1485,2025-11-20,467.4,credit_card,success
1290,1487,2024-02-17,445.04,paypal,success
1291,1489,2025-06-27,562.19,gift_card,success
1292,1490,2025-11-04,3059.63,credit_card,success
1293,1491,2025-11-04,1177.44,credit_card,success
1294,1494,2025-12-27,2788.87,credit_card,success
1295,1495,2025-12-12,205.8,credit_card,success
1296,1496,2024-08-13,555.14,credit_card,success
1297,1498,2024-08-17,1256.24,paypal,success
1298,1499,2025-01-20,3139.63,paypal,success
1299,1501,2025-10-01,189.39,credit_card,success
1300,1502,2025-09-06,2574.69,credit_card,success
1301,1503,2025-11-01,2301.03,paypal,success
1302,1504,2025-08-10,2531.46,credit_card,refunded
1303,1505,2025-06-11,3400.58,gift_card,success
1304,1506,2025-08-25,2291.86,credit_card,success
1305,1507,2025-08-15,1664.28,credit_card,refunded
1306,1508,2025-07-29,1854.06,credit_card,success
1307,1509,2025-09-15,998.22,credit_card,success
1308,1510,2025-07-22,1928.08,paypal,success
1309,1511,2025-06-20,2849.02,credit_card,success
1310,1512,2025-12-29,1098.73,credit_card,refunded
1311,1513,2025-10-30,2341.19,paypal,success
1312,1515,2025-10-05,3085.15,gift_card,refunded
1313,1517,2025-06-02,1841.97,credit_card,success
1314,1518,2025-02-22,3792.28,credit_card,success
1315,1519,2025-03-04,1463.55,credit_card,success
1316,1520,2025-12-17,3893.74,paypal,success
1317,1521,2025-03-07,838.88,credit_card,success
1318,1522,2025-05-03,1099.0,paypal,success
1319,1523,2025-07-06,861.99,credit_card,success
1320,1525,2025-12-22,1636.87,gift_card,success
1321,1526,2025-12-28,4135.44,credit_card,success
1322,1527,2025-12-20,3926.74,credit_card,success
1323,1528,2025-12-13,2000.38,paypal,success
1324,1529,2025-09-25,1326.84,paypal,success
1325,1530,2025-10-29,71.23,credit_card,refunded
1326,1531,2025-05-24,1145.34,credit_card,success
1327,1532,2025-05-22,762.25,credit_card,success
1328,1533,2025-12-28,4416.14,credit_card,success
1329,1534,2025-09-18,1528.33,paypal,refunded
1330,1535,2025-05-18,240.42,gift_card,success
1331,1536,2025-10-02,700.56,paypal,success
1332,1537,2025-11-03,111.73,credit_card,success
1333,1538,2025-08-22,2812.17,credit_card,success
1334,1539,2025-04-17,1260.6,credit_card,success
1335,1540,2025-07-22,3311.23,credit_card,success
1336,1541,2025-07-15,1762.26,paypal,success
1337,1542,2025-02-15,707.66,credit_card,success
1338,1543,2025-05-22,2953.58,credit_card,success
1339,1544,2025-01-08,1753.93,credit_card,success
1340,1546,2025-10-31,1571.12,credit_card,success
1341,1548,2025-04-10,1657.53,credit_card,success
1342,1549,2025-02-09,715.56,paypal,success
1343,1551,2025-01-31,373.41,paypal,success
1344,1552,2025-07-18,4044.87,credit_card,success
1345,1553,2025-08-04,898.18,credit_card,success
1346,1554,2025-10-24,1894.43,credit_card,success
1347,1556,2025-11-02,566.31,credit_card,success
1348,1557,2025-05-15,953.49,paypal,success
1349,1561,2025-10-01,793.17,credit_card,success
1350,1562,2025-11-12,1683.85,paypal,success
1351,1563,2025-11-13,2973.32,paypal,success
1352,1564,2025-11-27,2262.76,paypal,success
1353,1565,2025-12-29,3116.09,paypal,success
1354,1566,2025-03-02,656.04,credit_card,success
1355,1567,2025-04-15,1688.46,credit_card,success
1356,1568,2025-12-05,3650.4,credit_card,refunded
1357,1569,2025-12-25,1670.49,credit_card,success
1358,1570,2025-12-28,2499.45,credit_card,success
1359,1571,2025-03-02,1558.69,credit_card,success
1360,1572,2025-10-29,1073.67,credit_card,success
1361,1573,2024-07-29,1626.97,paypal,success
1362,1574,2025-03-19,543.26,gift_card,success
1363,1575,2024-12-11,1441.82,gift_card,success
1364,1576,2024-08-20,2335.86,paypal,refunded
1365,1577,2024-12-05,231.04,paypal,refunded
1366,1578,2025-12-09,1679.74,credit_card,success
1367,1579,2025-10-01,1091.0,credit_card,success
1368,1580,2025-12-11,1995.66,credit_card,success
1369,1581,2024-10-28,534.02,credit_card,success
1370,1582,2024-11-12,410.1,gift_card,success
1371,1583,2025-01-02,2635.0,credit_card,success
1372,1584,2025-11-01,1077.2,credit_card,success
1373,1585,2025-02-28,2557.68,credit_card,refunded
1374,1586,2025-05-28,2436.83,credit_card,success
1375,1588,2025-05-11,796.87,paypal,success
1376,1589,2025-05-23,415.44,credit_card,success
1377,1590,2025-01-18,3393.38,gift_card,success
1378,1591,2025-12-06,1626.22,gift_card,success
1379,1592,2025-04-03,823.54,credit_card,success
1380,1593,2025-04-02,3011.4,paypal,success
1381,1594,2025-10-23,2046.96,paypal,success
1382,1595,2025-03-07,1747.34,credit_card,refunded
1383,1596,2024-09-01,267.04,paypal,success
1384,1597,2025-03-05,1211.04,paypal,success
1385,1598,2025-05-23,914.2,credit_card,success
1386,1599,2024-05-12,1433.34,credit_card,success
1387,1600,2024-11-26,807.75,credit_card,refunded
1388,1601,2024-08-15,2972.72,credit_card,success
1389,1602,2025-03-05,1624.76,credit_card,success
1390,1603,2024-09-04,1017.87,credit_card,success
1391,1604,2025-11-02,2717.96,credit_card,refunded
1392,1605,2024-04-10,249.46,credit_card,success
1393,1606,2024-10-09,2217.75,gift_card,success
1394,1607,2024-07-26,1485.06,credit_card,success
1395,1608,2025-12-30,2956.82,credit_card,refunded
1396,1609,2025-10-26,399.54,credit_card,success
1397,1610,2025-07-28,2990.73,credit_card,success
1398,1611,2025-09-11,109.65,credit_card,success
1399,1612,2025-12-24,1199.81,credit_card,success
1400,1614,2025-12-27,3862.49,credit_card,success
1401,1615,2025-10-14,650.16,credit_card,success
1402,1616,2025-09-24,2764.24,credit_card,refunded
1403,1617,2025-12-04,1636.14,paypal,success
1404,1618,2025-09-05,1547.2,credit_card,success
1405,1619,2024-08-06,2187.9,credit_card,refunded
1406,1620,2025-11-14,1743.99,credit_card,success
1407,1621,2025-11-25,755.08,paypal,success
1408,1622,2025-07-08,2627.15,credit_card,success
1409,1623,2025-01-27,2827.93,paypal,success
1410,1624,2025-09-23,323.06,credit_card,success
1411,1625,2025-11-29,1398.47,credit_card,success
1412,1626,2025-11-19,1265.11,credit_card,success
1413,1627,2025-02-05,1639.72,credit_card,success
1414,1628,2025-04-14,2109.54,credit_card,success
1415,1629,2024-05-12,3844.42,paypal,success
1416,1630,2025-05-14,3021.25,credit_card,success
1417,1633,2024-12-02,1981.49,gift_card,success
1418,1635,2024-10-26,2323.0,credit_card,success
1419,1636,2025-04-13,1291.3,credit_card,success
1420,1637,2025-02-22,1036.74,paypal,success
1421,1638,2025-04-25,1721.89,credit_card,success
1422,1640,2025-12-08,1884.02,credit_card,success
1423,1641,2025-07-26,691.88,paypal,success
1424,1644,2025-07-17,416.18,credit_card,success
1425,1645,2025-01-27,627.1,credit_card,success
1426,1646,2025-11-23,2135.18,credit_card,success
1427,1647,2025-06-13,3105.27,credit_card,success
1428,1648,2025-10-01,1422.7,gift_card,success
1429,1650,2025-12-08,2914.71,paypal,success
1430,1651,2025-10-07,568.76,credit_card,success
1431,1652,2025-12-04,455.7,credit_card,success
1432,1653,2024-03-06,189.39,credit_card,success
1433,1654,2025-11-16,1354.11,credit_card,success
1434,1655,2025-05-18,2660.32,credit_card,success
1435,1656,2025-07-20,1743.49,paypal,success
1436,1657,2025-11-01,805.77,credit_card,success
1437,1658,2025-08-13,977.93,credit_card,success
1438,1659,2025-06-18,1425.68,paypal,refunded
1439,1661,2025-10-12,2870.86,gift_card,success
1440,1662,2024-12-23,990.72,credit_card,success
1441,1663,2024-06-03,574.98,credit_card,success
1442,1665,2025-12-28,2450.94,credit_card,success
1443,1666,2025-07-31,3672.34,paypal,success
1444,1667,2025-12-18,1145.27,credit_card,success
1445,1668,2025-07-14,2319.61,paypal,success
1446,1670,2024-08-17,716.45,credit_card,success
1447,1671,2025-08-03,85.36,credit_card,success
1448,1672,2024-08-09,1923.5,paypal,success
1449,1673,2025-11-09,2150.96,credit_card,success
1450,1674,2024-03-18,3452.82,paypal,success
1451,1675,2025-06-04,1446.18,paypal,refunded
1452,1676,2024-04-14,1570.82,credit_card,success
1453,1677,2025-09-14,2317.65,paypal,success
1454,1678,2025-10-13,3651.05,paypal,success
1455,1679,2025-09-04,709.04,credit_card,success
1456,1680,2025-11-07,2239.8,credit_card,success
1457,1681,2025-06-08,850.14,paypal,success
1458,1682,2024-11-02,251.36,credit_card,success
1459,1683,2025-10-14,4805.25,credit_card,success
1460,1684,2025-10-16,3073.43,paypal,success
1461,1685,2025-12-11,5216.35,paypal,success
1462,1686,2025-08-04,1483.15,paypal,success
1463,1687,2024-05-26,3277.58,credit_card,success
1464,1689,2025-04-21,337.36,paypal,success
1465,1690,2025-04-06,993.9,paypal,success
1466,1691,2025-11-08,1950.9,credit_card,success
1467,1692,2025-11-21,2449.51,paypal,refunded
1468,1693,2025-11-10,1527.73,credit_card,success
1469,1694,2025-11-18,2540.98,paypal,success
1470,1696,2025-12-21,1679.7,credit_card,success
1471,1697,2024-02-24,1876.24,paypal,refunded
1472,1698,2025-10-26,2872.34,paypal,success
1473,1699,2025-09-25,4284.18,credit_card,success
1474,1700,2025-11-10,2400.92,credit_card,success
1475,1701,2025-12-12,1067.64,credit_card,success
1476,1702,2025-12-03,826.16,credit_card,success
1477,1703,2025-12-16,681.96,paypal,success
1478,1704,2025-09-06,2571.23,paypal,success
1479,1705,2025-11-10,1491.22,credit_card,success
1480,1706,2025-11-26,200.62,paypal,success
1481,1707,2025-10-09,1248.69,credit_card,success
1482,1708,2025-09-07,1067.75,credit_card,success
1483,1709,2025-12-15,1111.02,credit_card,refunded
1484,1710,2025-10-24,1243.19,credit_card,success
1485,1711,2025-12-22,3227.09,gift_card,success
1486,1712,2025-10-26,1587.89,credit_card,success
1487,1713,2024-11-17,1057.56,credit_card,success
1488,1714,2025-12-20,2096.84,credit_card,success
1489,1715,2025-12-27,1783.0,credit_card,success
1490,1716,2025-05-06,2439.15,credit_card,success
1491,1717,2025-06-02,2395.84,credit_card,success
1492,1718,2025-11-07,832.14,credit_card,success
1493,1719,2025-01-06,3338.45,gift_card,success
1494,1720,2025-06-19,2493.39,credit_card,success
1495,1721,2025-12-16,3045.89,gift_card,success
1496,1722,2025-10-14,1056.14,credit_card,success
1497,1723,2025-12-08,3337.5,credit_card,refunded
1498,1725,2025-12-06,110.68,paypal,success
1499,1726,2025-11-25,2435.32,paypal,success
1500,1728,2024-12-14,809.04,credit_card,success
1501,1729,2025-01-14,488.52,credit_card,success
1502,1730,2024-05-17,395.76,credit_card,success
1503,1731,2025-11-03,343.38,credit_card,success
1504,1733,2025-06-05,1053.6,credit_card,refunded
1505,1734,2025-11-25,3494.33,paypal,success
1506,1735,2025-11-15,1920.0,paypal,success
1507,1736,2025-09-06,1171.9,credit_card,success
1508,1737,2025-12-06,3217.95,paypal,success
1509,1738,2025-11-15,2319.8,credit_card,success
1510,1739,2025-12-11,565.98,credit_card,success
1511,1740,2025-12-06,2319.43,paypal,success
1512,1743,2025-03-27,1620.99,credit_card,success
1513,1744,2025-04-19,1694.62,credit_card,success
1514,1745,2024-12-16,924.62,credit_card,success
1515,1746,2025-04-25,504.45,credit_card,success
1516,1748,2025-10-01,2772.25,paypal,success
1517,1749,2025-08-03,3597.79,credit_card,success
1518,1750,2025-03-28,2053.76,credit_card,success
1519,1751,2024-10-25,1899.78,credit_card,success
1520,1753,2024-11-18,1143.22,credit_card,success
1521,1755,2025-01-30,2139.01,paypal,success
1522,1756,2025-09-07,2938.55,credit_card,success
1523,1758,2025-03-01,2247.63,paypal,success
1524,1760,2025-11-26,1847.56,credit_card,success
1525,1761,2025-05-29,1623.56,credit_card,success
1526,1762,2025-03-05,1083.92,paypal,success
1527,1763,2025-08-13,4987.3,paypal,success
1528,1764,2025-04-17,1648.85,paypal,success
1529,1765,2024-09-17,1303.95,credit_card,success
1530,1767,2025-09-08,2644.24,gift_card,success
1531,1768,2025-06-23,1571.01,paypal,success
1532,1769,2025-03-11,4324.08,paypal,success
1533,1770,2025-04-18,2564.1,credit_card,success
1534,1771,2025-03-28,2488.99,credit_card,success
1535,1772,2025-12-30,1746.54,paypal,success
1536,1773,2025-11-28,2056.52,gift_card,success
1537,1774,2025-12-04,892.06,credit_card,success
1538,1775,2025-11-04,707.5,credit_card,success
1539,1776,2025-09-25,3471.58,paypal,success
1540,1777,2025-05-22,2776.96,paypal,success
1541,1778,2025-11-20,1198.67,credit_card,success
1542,1779,2025-12-12,1693.74,credit_card,success
1543,1782,2025-12-21,4032.46,credit_card,success
1544,1783,2024-05-15,3154.92,credit_card,success
1545,1784,2025-07-29,1844.56,credit_card,success
1546,1785,2025-05-17,872.8,credit_card,success
1547,1786,2025-12-30,1461.2,credit_card,success
1548,1787,2025-04-28,3158.26,credit_card,success
1549,1788,2025-12-16,985.06,credit_card,success
1550,1790,2025-09-07,3586.78,credit_card,success
1551,1791,2025-03-28,1910.66,credit_card,success
1552,1792,2024-12-13,258.88,credit_card,success
1553,1793,2024-09-01,1730.17,credit_card,success
1554,1794,2025-01-04,1176.85,gift_card,success
1555,1795,2025-04-03,220.72,paypal,success
1556,1796,2025-08-03,836.16,credit_card,success
1557,1797,2026-01-01,249.66,credit_card,success
1558,1799,2025-12-22,1847.68,credit_card,success
1559,1800,2025-05-11,3221.06,credit_card,success
1560,1801,2025-04-13,2254.9,credit_card,success
1561,1802,2026-01-01,2822.56,credit_card,refunded
1562,1803,2025-05-26,1668.29,credit_card,success
1563,1804,2025-12-23,1924.19,credit_card,success
1564,1805,2025-11-14,1774.78,credit_card,refunded
1565,1806,2025-12-24,1053.6,paypal,success
1566,1807,2025-12-13,2942.35,credit_card,success
1567,1808,2025-12-21,1185.12,credit_card,success
1568,1809,2025-12-18,2371.55,gift_card,success
1569,1810,2025-03-17,2838.93,gift_card,success
1570,1811,2025-08-16,2227.96,gift_card,success
1571,1812,2025-11-27,821.14,credit_card,success
1572,1813,2025-10-05,2621.57,gift_card,success
1573,1814,2025-03-12,3399.37,credit_card,success
1574,1815,2025-11-29,1828.02,credit_card,success
1575,1816,2025-09-12,1675.94,credit_card,success
1576,1817,2025-04-05,1324.09,credit_card,success
1577,1818,2025-10-25,472.14,paypal,success
1578,1819,2024-12-31,551.8,credit_card,success
1579,1820,2025-11-08,752.67,paypal,success
1580,1821,2025-11-30,2594.96,paypal,success
1581,1822,2025-12-01,3414.92,credit_card,success
1582,1823,2025-12-10,1420.15,gift_card,refunded
1583,1824,2025-12-14,690.98,gift_card,success
1584,1825,2025-02-05,999.18,gift_card,success
1585,1826,2024-10-01,3368.57,credit_card,success
1586,1827,2024-05-07,1700.59,credit_card,success
1587,1828,2024-11-15,1558.03,credit_card,refunded
1588,1829,2025-08-20,590.64,paypal,success
1589,1830,2024-12-28,3311.24,credit_card,success
1590,1831,2024-04-24,904.76,credit_card,success
1591,1832,2025-08-02,237.63,paypal,success
1592,1833,2024-11-14,2644.12,credit_card,success
1593,1834,2025-04-05,1393.88,credit_card,success
1594,1835,2025-07-17,2120.04,paypal,success
1595,1837,2025-11-18,2039.62,credit_card,success
1596,1838,2025-08-02,988.66,credit_card,success
1597,1839,2025-06-12,641.8,credit_card,success
1598,1840,2025-09-16,2556.56,paypal,success
1599,1841,2025-07-10,1550.72,credit_card,success
1600,1842,2025-08-12,2380.79,credit_card,refunded
1601,1843,2025-02-06,2408.58,credit_card,success
1602,1844,2024-03-22,1292.1,paypal,success
1603,1846,2024-12-23,1868.86,credit_card,refunded
1604,1847,2025-06-03,1836.28,credit_card,success
1605,1848,2025-11-21,3573.37,credit_card,success
1606,1849,2025-10-19,2166.68,credit_card,success
1607,1851,2025-09-16,1802.34,credit_card,success
1608,1852,2025-10-27,605.19,credit_card,success
1609,1853,2025-09-06,1392.67,credit_card,refunded
1610,1854,2025-11-13,2203.64,credit_card,refunded
1611,1855,2025-10-29,2664.56,paypal,success
1612,1856,2025-11-21,2505.5,credit_card,success
1613,1858,2025-08-29,1161.55,paypal,success
1614,1861,2025-12-08,365.04,credit_card,success
1615,1862,2025-09-17,1214.24,credit_card,success
1616,1863,2025-08-22,445.82,credit_card,success
1617,1864,2025-12-14,1483.61,credit_card,success
1618,1865,2025-08-09,2304.86,credit_card,refunded
1619,1866,2025-12-31,312.84,credit_card,success
1620,1867,2026-01-01,1358.72,gift_card,success
1621,1868,2025-03-23,1859.46,credit_card,refunded
1622,1869,2025-07-10,1347.78,credit_card,success
1623,1871,2025-05-07,74.4,paypal,success
1624,1873,2025-04-03,943.95,paypal,success
1625,1874,2025-03-25,846.13,credit_card,success
1626,1875,2025-06-04,203.86,credit_card,refunded
1627,1876,2025-07-20,256.88,paypal,success
1628,1878,2025-11-11,743.54,credit_card,success
1629,1880,2025-08-22,1081.56,credit_card,success
1630,1881,2025-09-30,792.66,credit_card,success
1631,1882,2025-10-21,1731.54,credit_card,success
1632,1884,2025-07-13,134.52,credit_card,success
1633,1885,2025-09-09,2435.85,credit_card,success
1634,1886,2025-09-12,1793.56,paypal,success
1635,1887,2025-10-19,1361.54,credit_card,success
1636,1888,2025-07-04,2724.52,credit_card,success
1637,1890,2025-10-27,2866.98,paypal,success
1638,1891,2025-05-05,1527.12,credit_card,success
1639,1892,2025-06-01,2775.8,credit_card,success
1640,1893,2025-05-22,5448.76,credit_card,success
1641,1894,2025-03-30,1702.91,credit_card,refunded
1642,1897,2025-09-24,1672.15,paypal,success
1643,1898,2025-12-24,674.99,paypal,refunded
1644,1899,2025-09-30,526.19,credit_card,success
1645,1900,2025-10-21,416.0,paypal,success
1646,1901,2025-12-26,1868.54,credit_card,success
1647,1902,2025-11-26,2899.39,credit_card,success
1648,1903,2025-07-26,438.84,paypal,success
1649,1904,2025-11-16,603.42,paypal,success
1650,1905,2025-02-27,3718.19,paypal,success
1651,1906,2024-08-01,5375.22,paypal,success
1652,1907,2024-11-07,411.84,credit_card,success
1653,1908,2025-11-27,2542.09,credit_card,success
1654,1909,2025-09-09,1018.53,credit_card,refunded
1655,1910,2025-09-26,2817.14,credit_card,success
1656,1911,2025-05-11,1297.45,paypal,success
1657,1912,2025-10-21,2178.65,credit_card,refunded
1658,1913,2025-04-27,2734.22,paypal,success
1659,1914,2025-08-14,506.51,paypal,success
1660,1915,2025-12-22,1876.64,gift_card,success
1661,1916,2025-06-01,151.51,gift_card,success
1662,1917,2025-12-08,3927.07,credit_card,success
1663,1918,2025-09-05,893.21,paypal,success
1664,1919,2025-10-16,2367.97,paypal,refunded
1665,1920,2025-12-25,773.56,paypal,refunded
1666,1921,2025-05-04,1119.57,gift_card,success
1667,1922,2025-03-15,1878.61,credit_card,success
1668,1923,2025-05-26,1077.0,paypal,success
1669,1924,2025-11-10,561.1,credit_card,success
1670,1926,2024-05-27,3778.42,credit_card,success
1671,1927,2025-02-11,1474.5,credit_card,success
1672,1928,2024-07-11,2671.79,paypal,success
1673,1929,2025-02-13,4068.42,credit_card,success
1674,1930,2025-04-28,1763.92,credit_card,success
1675,1931,2025-08-01,1170.39,paypal,success
1676,1932,2025-04-03,1398.34,credit_card,success
1677,1933,2025-11-01,1562.54,paypal,success
1678,1934,2025-06-09,331.48,credit_card,success
1679,1935,2025-12-28,1810.27,credit_card,success
1680,1936,2025-06-04,381.28,gift_card,success
1681,1937,2025-05-17,1642.3,credit_card,success
1682,1939,2025-11-19,2550.17,credit_card,success
1683,1940,2025-04-09,927.36,credit_card,success
1684,1941,2025-07-04,802.7,credit_card,success
1685,1942,2025-11-02,1004.5,credit_card,success
1686,1944,2025-01-13,471.32,credit_card,success
1687,1945,2025-12-28,712.5,credit_card,success
1688,1946,2025-12-15,2692.4,credit_card,success
1689,1947,2025-11-16,2461.03,credit_card,refunded
1690,1948,2025-12-26,678.74,credit_card,success
1691,1949,2025-11-15,1668.1,gift_card,success
1692,1950,2025-12-21,2102.99,credit_card,success
1693,1951,2025-08-28,1499.43,credit_card,success
1694,1953,2025-10-09,161.11,paypal,success
1695,1954,2025-12-10,2292.38,credit_card,success
1696,1955,2025-07-05,2014.88,paypal,success
1697,1956,2025-11-17,269.8,paypal,success
1698,1957,2024-12-16,2817.98,credit_card,refunded
1699,1958,2025-01-16,244.64,credit_card,success
1700,1959,2025-04-14,1078.59,credit_card,success
1701,1960,2025-03-08,983.94,credit_card,success
1702,1961,2025-01-20,2300.85,credit_card,success
1703,1962,2025-11-29,1520.59,credit_card,success
1704,1963,2025-05-20,3155.88,gift_card,success
1705,1964,2025-11-21,3012.48,credit_card,success
1706,1965,2025-09-02,3482.61,credit_card,success
1707,1966,2024-12-20,2412.55,credit_card,success
1708,1967,2025-08-15,2842.76,credit_card,success
1709,1969,2024-09-28,4496.94,gift_card,refunded
1710,1970,2024-12-01,1048.45,credit_card,success
1711,1971,2025-04-10,2202.91,credit_card,success
1712,1973,2025-01-17,2126.53,credit_card,success
1713,1974,2025-09-22,884.58,credit_card,success
1714,1975,2025-07-04,563.4,credit_card,success
1715,1976,2024-09-12,2881.76,credit_card,success
1716,1978,2025-02-17,1521.14,credit_card,success
1717,1979,2024-07-19,142.46,credit_card,success
1718,1980,2024-05-08,2574.54,credit_card,refunded
1719,1981,2025-12-25,864.16,paypal,success
1720,1982,2025-12-07,1051.39,credit_card,success
1721,1983,2024-03-04,1459.08,credit_card,success
1722,1984,2025-01-06,861.38,paypal,success
1723,1985,2024-02-05,768.46,credit_card,success
1724,1987,2024-02-27,2047.8,credit_card,success
1725,1988,2024-03-31,2940.29,credit_card,success
1726,1989,2025-05-01,1801.1,credit_card,success
1727,1991,2025-04-17,328.89,credit_card,success
1728,1992,2025-08-01,369.75,paypal,success
1729,1993,2025-08-08,998.11,credit_card,success
1730,1994,2025-10-21,1424.85,gift_card,success
1731,1995,2025-10-07,1354.09,credit_card,success
1732,1996,2025-02-24,2435.92,credit_card,success
1733,1997,2025-06-26,1559.55,credit_card,success
1734,1998,2025-01-26,751.2,credit_card,success
1735,1999,2025-01-11,1294.2,paypal,success
1736,2001,2025-03-17,2624.61,credit_card,success
1737,2002,2024-11-30,2593.74,credit_card,refunded
1738,2003,2025-05-26,170.45,credit_card,success
1739,2004,2025-11-15,1321.51,credit_card,success
1740,2005,2025-11-18,2825.18,credit_card,success
1741,2006,2026-01-02,787.26,credit_card,success
1742,2007,2025-09-26,2359.03,credit_card,success
1743,2008,2025-04-06,1540.56,credit_card,refunded
1744,2009,2025-12-08,1314.28,credit_card,success
1745,2010,2025-12-25,1977.94,credit_card,success
1746,2011,2025-05-19,1478.92,credit_card,success
1747,2012,2025-05-05,299.19,paypal,success
1748,2013,2025-07-28,2077.23,paypal,success
1749,2014,2025-10-09,425.68,credit_card,success
1750,2015,2025-08-26,2694.89,credit_card,refunded
1751,2016,2025-11-17,86.0,credit_card,success
1752,2017,2025-12-29,1632.09,credit_card,success
1753,2018,2025-07-15,161.96,credit_card,success
1754,2019,2025-09-10,85.92,paypal,success
1755,2020,2025-11-11,316.89,credit_card,success
1756,2021,2025-09-25,521.19,credit_card,success
1757,2022,2025-11-10,5403.42,credit_card,success
1758,2023,2025-01-07,213.32,credit_card,success
1759,2025,2025-03-31,3244.46,paypal,success
1760,2026,2025-02-15,1862.33,paypal,success
1761,2027,2025-02-16,3661.26,credit_card,success
1762,2028,2025-02-16,581.98,credit_card,success
1763,2029,2025-07-22,2172.8,paypal,success
1764,2030,2025-07-08,3202.71,credit_card,success
1765,2031,2025-09-27,2044.64,credit_card,success
1766,2033,2025-05-01,1422.02,credit_card,success
1767,2034,2025-02-05,1270.42,credit_card,success
1768,2035,2025-08-23,1777.08,credit_card,success
1769,2036,2025-06-29,983.35,paypal,success
1770,2037,2025-02-07,134.9,credit_card,success
1771,2038,2025-11-04,2816.99,credit_card,success
1772,2039,2025-03-23,704.2,credit_card,success
1773,2041,2025-03-10,3264.47,credit_card,success
1774,2042,2025-04-25,774.44,credit_card,success
1775,2043,2025-10-18,1264.26,credit_card,success
1776,2045,2025-04-26,376.11,paypal,success
1777,2046,2025-06-30,2037.54,credit_card,success
1778,2048,2025-12-16,384.27,credit_card,success
1779,2049,2025-02-16,2183.06,credit_card,success
1780,2050,2025-08-21,464.8,credit_card,success
1781,2051,2025-07-25,1881.03,credit_card,success
1782,2052,2025-09-28,492.33,credit_card,success
1783,2053,2025-07-26,634.33,credit_card,success
1784,2054,2025-09-11,3083.29,credit_card,success
1785,2055,2025-12-26,1118.15,paypal,success
1786,2056,2025-09-25,1318.34,credit_card,success
1787,2057,2025-08-14,1882.99,credit_card,success
1788,2058,2025-09-04,742.18,credit_card,success
1789,2059,2025-09-14,1583.88,credit_card,success
1790,2060,2025-11-11,2489.07,paypal,success
1791,2061,2025-05-13,1535.16,credit_card,success
1792,2062,2025-08-07,1860.05,credit_card,success
1793,2063,2025-09-25,4372.82,credit_card,refunded
1794,2064,2025-07-12,1799.72,paypal,success
1795,2065,2025-07-09,2092.8,credit_card,success
1796,2066,2025-10-02,1618.11,credit_card,success
1797,2067,2025-09-05,2127.59,credit_card,success
1798,2068,2025-08-15,223.61,credit_card,success
1799,2069,2025-07-08,129.82,paypal,success
1800,2070,2025-07-08,1072.75,paypal,success
1801,2071,2025-11-22,762.56,credit_card,success
1802,2072,2025-01-09,245.47,credit_card,success
1803,2073,2025-10-26,826.36,paypal,success
1804,2074,2025-10-16,1257.87,credit_card,success
1805,2075,2025-07-17,970.17,credit_card,refunded
1806,2077,2025-06-03,4448.09,paypal,success
1807,2078,2025-06-16,743.54,credit_card,success
1808,2079,2025-02-10,491.5,credit_card,success
1809,2080,2025-05-09,1707.07,credit_card,success
1810,2081,2025-06-21,598.38,paypal,success
1811,2082,2025-05-21,32.73,credit_card,success
1812,2083,2025-01-04,2555.88,credit_card,success
1813,2084,2025-12-28,422.08,credit_card,success
1814,2085,2025-02-26,1496.31,credit_card,success
1815,2086,2024-12-17,2289.49,paypal,success
1816,2089,2024-07-26,281.5,paypal,success
1817,2090,2024-11-04,2167.53,paypal,refunded
1818,2091,2025-12-10,2164.29,credit_card,success
1819,2093,2025-10-03,795.22,credit_card,refunded
1820,2094,2025-07-23,2077.96,credit_card,success
1821,2095,2025-02-21,1195.32,paypal,success
1822,2096,2025-08-07,1564.95,paypal,success
1823,2097,2025-01-07,1023.0,credit_card,success
1824,2099,2025-12-25,1496.79,credit_card,success
1825,2101,2024-09-16,1538.46,gift_card,success
1826,2102,2024-09-22,3667.28,credit_card,success
1827,2103,2025-01-06,88.4,credit_card,success
1828,2104,2025-03-09,2398.79,credit_card,success
1829,2105,2025-06-06,1504.9,credit_card,success
1830,2106,2025-10-09,279.57,gift_card,success
1831,2107,2025-05-27,1719.9,credit_card,success
1832,2108,2025-07-03,2161.94,credit_card,success
1833,2109,2025-11-28,2331.6,paypal,success
1834,2110,2025-12-19,1719.27,credit_card,success
1835,2111,2025-03-14,1967.1,credit_card,success
1836,2112,2025-05-22,3293.44,paypal,success
1837,2113,2025-02-07,1151.72,credit_card,refunded
1838,2114,2025-02-20,2236.38,credit_card,success
1839,2115,2024-11-28,2328.25,credit_card,success
1840,2116,2025-07-16,2917.98,credit_card,success
1841,2117,2025-12-11,1779.07,credit_card,success
1842,2118,2025-10-30,572.16,paypal,success
1843,2119,2025-04-24,4321.29,credit_card,success
1844,2121,2025-10-29,449.19,credit_card,success
1845,2122,2025-11-30,2640.69,credit_card,success
1846,2123,2025-03-20,2375.2,paypal,success
1847,2125,2025-01-06,2534.24,credit_card,success
1848,2126,2024-10-24,64.91,credit_card,success
1849,2127,2025-09-07,905.42,credit_card,refunded
1850,2128,2025-02-08,303.56,credit_card,success
1851,2130,2024-12-14,2107.89,credit_card,success
1852,2131,2025-02-16,1592.38,credit_card,success
1853,2132,2024-08-30,2691.35,paypal,success
1854,2133,2025-10-06,1148.36,paypal,success
1855,2134,2025-05-01,1637.28,paypal,success
1856,2135,2025-11-27,300.59,credit_card,success
1857,2136,2024-09-02,2196.22,paypal,success
1858,2137,2025-11-24,1060.92,paypal,refunded
1859,2138,2025-01-31,1512.99,credit_card,success
1860,2140,2024-12-09,32.73,credit_card,success
1861,2141,2025-12-17,1687.86,credit_card,success
1862,2142,2025-12-24,508.98,gift_card,refunded
1863,2145,2025-10-17,976.31,credit_card,success
1864,2147,2025-11-15,1285.16,credit_card,success
1865,2149,2025-11-17,304.56,paypal,success
1866,2150,2025-11-26,1624.07,credit_card,success
1867,2153,2025-07-14,1680.99,credit_card,success
1868,2154,2025-11-27,1663.33,credit_card,success
1869,2155,2025-08-15,1350.92,credit_card,success
1870,2156,2025-08-13,4049.5,paypal,success
1871,2157,2025-06-26,2519.67,credit_card,success
1872,2158,2025-12-15,1941.74,credit_card,success
1873,2159,2025-09-01,2280.02,credit_card,success
1874,2161,2025-03-21,3220.84,credit_card,success
1875,2162,2025-05-12,2093.28,paypal,success
1876,2163,2025-03-11,961.12,credit_card,success
1877,2165,2024-06-07,2719.91,credit_card,success
1878,2166,2024-11-07,996.81,credit_card,success
1879,2168,2025-09-08,2781.92,credit_card,success
1880,2169,2025-10-06,1139.07,paypal,success
1881,2170,2025-01-27,1246.35,credit_card,success
1882,2171,2025-02-25,2039.53,credit_card,success
1883,2172,2025-12-25,2241.17,paypal,success
1884,2175,2024-04-12,2545.08,credit_card,success
1885,2177,2025-12-13,123.25,credit_card,success
1886,2178,2025-08-22,1405.46,credit_card,refunded
1887,2179,2025-11-17,831.06,credit_card,success
1888,2180,2025-10-14,2863.15,credit_card,success
1889,2181,2025-10-29,1297.92,credit_card,success
1890,2182,2025-12-18,2746.17,credit_card,success
1891,2183,2025-05-07,1731.97,paypal,success
1892,2184,2025-10-12,1709.4,credit_card,success
1893,2185,2025-11-12,1985.04,paypal,success
1894,2186,2025-09-09,676.08,gift_card,success
1895,2187,2025-09-20,1719.8,credit_card,success
1896,2189,2025-02-09,882.3,credit_card,success
1897,2190,2025-09-06,1010.66,credit_card,success
1898,2191,2025-07-16,1868.37,credit_card,success
1899,2192,2025-05-11,2061.7,credit_card,success
1900,2193,2025-03-15,1981.27,credit_card,success
1901,2194,2025-09-07,2602.26,credit_card,success
1902,2195,2025-12-31,2073.66,credit_card,success
1903,2197,2025-02-04,499.81,credit_card,success
1904,2199,2025-11-14,807.75,credit_card,success
1905,2202,2025-10-28,2047.26,credit_card,success
1906,2203,2025-05-19,1787.68,credit_card,success
1907,2204,2025-08-10,3000.56,credit_card,success
1908,2205,2025-05-13,4107.89,credit_card,success
1909,2206,2025-12-31,915.6,credit_card,success
1910,2207,2025-12-27,1624.25,credit_card,success
1911,2208,2024-12-06,2458.62,gift_card,success
1912,2209,2025-07-03,3625.04,credit_card,success
1913,2210,2025-05-22,1327.05,credit_card,success
1914,2211,2025-05-29,31.28,credit_card,success
1915,2212,2025-07-04,3037.98,credit_card,success
1916,2213,2025-09-25,769.98,credit_card,refunded
1917,2214,2025-11-08,2615.37,gift_card,success
1918,2215,2025-08-29,638.05,credit_card,success
1919,2216,2025-07-02,325.08,credit_card,success
1920,2217,2025-05-16,3584.27,paypal,success
1921,2218,2025-10-31,10.91,credit_card,success
1922,2219,2025-11-26,517.24,credit_card,success
1923,2220,2025-09-18,2231.5,paypal,refunded
1924,2221,2025-08-31,2894.38,paypal,success
1925,2222,2025-11-21,2241.2,credit_card,success
1926,2223,2025-08-29,2632.88,credit_card,success
1927,2224,2025-07-18,3423.44,paypal,success
1928,2225,2025-05-01,2736.73,credit_card,success
1929,2226,2025-11-03,543.56,paypal,success
1930,2227,2025-11-10,416.65,credit_card,success
1931,2228,2025-10-21,335.74,credit_card,success
1932,2229,2026-01-01,1196.76,credit_card,success
1933,2230,2025-10-01,2579.68,paypal,success
1934,2231,2025-06-22,1077.71,paypal,success
1935,2232,2026-01-01,2435.04,credit_card,success
1936,2233,2024-11-22,1412.16,paypal,success
1937,2235,2025-04-26,1969.83,credit_card,success
1938,2237,2024-11-09,2479.96,credit_card,success
1939,2238,2025-05-05,844.08,paypal,success
1940,2241,2025-01-12,251.36,paypal,success
1941,2242,2025-05-13,2624.66,credit_card,success
1942,2243,2025-11-22,1486.52,credit_card,success
1943,2244,2025-06-08,688.44,paypal,success
1944,2245,2025-03-27,1843.6,credit_card,success
1945,2247,2025-08-13,391.89,gift_card,success
1946,2248,2025-11-24,1445.22,credit_card,refunded
1947,2250,2025-12-23,1160.38,credit_card,success
1948,2251,2025-12-05,2669.34,credit_card,success
1949,2252,2025-11-16,2700.8,credit_card,success
1950,2253,2025-10-19,237.54,credit_card,success
1951,2254,2025-10-05,1454.97,credit_card,success
1952,2255,2025-12-28,2353.82,credit_card,success
1953,2256,2025-10-24,948.06,credit_card,success
1954,2257,2025-05-07,2659.84,credit_card,refunded
1955,2259,2024-07-22,2598.71,credit_card,success
1956,2260,2025-12-01,513.76,credit_card,success
1957,2261,2025-09-12,1115.43,credit_card,success
1958,2262,2025-11-20,470.11,paypal,success
1959,2263,2025-12-08,1582.78,credit_card,success
1960,2264,2025-12-29,2369.06,paypal,success
1961,2265,2024-09-10,3255.18,paypal,success
1962,2266,2024-07-25,1601.42,credit_card,success
1963,2267,2025-11-15,746.25,paypal,success
1964,2268,2025-12-15,2243.77,credit_card,success
1965,2269,2025-11-05,2437.22,credit_card,success
1966,2270,2025-12-02,2773.11,credit_card,success
1967,2271,2025-11-14,1451.67,credit_card,success
1968,2272,2025-06-06,2404.46,credit_card,success
1969,2273,2024-12-21,1692.05,credit_card,success
1970,2274,2024-10-01,2072.65,paypal,success
1971,2275,2024-12-25,1949.04,paypal,success
1972,2276,2025-12-10,2934.17,credit_card,success
1973,2277,2025-11-14,1346.67,paypal,success
1974,2278,2025-11-28,1435.8,paypal,success
1975,2279,2026-01-01,660.56,credit_card,success
1976,2280,2025-07-17,1051.96,credit_card,success
1977,2281,2025-02-01,2606.57,credit_card,success
1978,2282,2025-03-26,781.52,credit_card,success
1979,2283,2025-07-15,2110.7,credit_card,success
1980,2284,2025-07-10,3814.71,credit_card,success
1981,2285,2025-11-05,959.9,paypal,success
1982,2286,2025-09-01,1868.97,credit_card,success
1983,2287,2025-02-27,129.82,credit_card,success
1984,2288,2025-07-27,3541.27,credit_card,success
1985,2289,2025-07-27,1175.83,credit_card,refunded
1986,2290,2025-07-11,994.16,paypal,success
1987,2291,2025-10-13,2580.19,credit_card,success
1988,2292,2025-09-10,808.24,credit_card,refunded
1989,2294,2024-07-05,2515.18,credit_card,success
1990,2295,2024-07-23,774.88,credit_card,success
1991,2296,2025-04-17,1579.61,paypal,success
1992,2298,2025-08-25,1562.5,paypal,success
1993,2299,2025-12-18,2224.72,credit_card,success
1994,2300,2025-08-11,797.98,credit_card,success
1995,2301,2025-08-16,77.34,credit_card,success
1996,2302,2025-03-18,1828.57,credit_card,success
1997,2303,2024-12-27,2231.37,credit_card,success
1998,2304,2025-10-29,4635.93,credit_card,success
1999,2305,2025-12-08,2522.73,gift_card,success
2000,2306,2025-09-07,68.98,credit_card,success
2001,2307,2025-05-10,1310.95,credit_card,success
2002,2308,2025-01-19,1545.45,credit_card,success
2003,2309,2024-08-15,3206.39,credit_card,success
2004,2310,2024-08-03,2094.71,credit_card,success
2005,2311,2025-07-02,947.55,paypal,success
2006,2312,2025-09-18,1815.66,credit_card,refunded
2007,2313,2025-08-08,878.16,credit_card,refunded
2008,2314,2025-10-01,2033.61,credit_card,refunded
2009,2315,2025-04-22,2701.09,credit_card,success
2010,2316,2025-09-16,1229.57,paypal,success
2011,2317,2025-10-27,2037.34,paypal,success
2012,2319,2025-07-01,413.08,credit_card,success
2013,2320,2025-12-01,2001.48,paypal,success
2014,2321,2024-06-14,801.06,credit_card,success
2015,2322,2025-11-15,1059.21,credit_card,success
2016,2323,2025-04-01,1736.44,credit_card,success
2017,2324,2025-12-28,1226.02,credit_card,success
2018,2325,2025-10-05,1384.97,paypal,refunded
2019,2326,2025-03-11,771.68,paypal,success
2020,2327,2025-05-14,103.47,paypal,success
2021,2328,2025-01-31,221.36,credit_card,success
2022,2329,2025-03-18,746.38,credit_card,success
2023,2330,2025-11-12,3589.27,credit_card,success
2024,2331,2025-12-21,1496.31,credit_card,success
2025,2332,2025-07-23,1757.23,credit_card,success
2026,2333,2025-06-28,2046.82,credit_card,success
2027,2334,2025-08-19,1321.24,paypal,success
2028,2335,2025-11-21,461.88,credit_card,success
2029,2336,2025-07-27,3064.19,credit_card,success
2030,2337,2025-12-18,1579.33,credit_card,success
2031,2338,2025-06-27,14.63,paypal,success
2032,2339,2025-09-22,3507.8,gift_card,success
2033,2340,2025-07-13,1546.25,credit_card,success
2034,2341,2025-08-12,2049.55,credit_card,success
2035,2342,2025-11-06,236.0,credit_card,success
2036,2343,2025-09-11,1843.36,credit_card,success
2037,2344,2025-12-05,3107.88,paypal,success
2038,2345,2025-12-09,705.33,paypal,success
2039,2346,2025-02-02,2397.95,credit_card,success
2040,2347,2024-07-30,2500.63,credit_card,success
2041,2348,2025-12-15,1238.13,credit_card,refunded
2042,2349,2025-12-19,599.06,credit_card,success
2043,2350,2025-12-18,632.24,credit_card,success
2044,2351,2025-12-17,1991.59,credit_card,success
2045,2352,2025-12-20,1640.78,paypal,success
2046,2353,2025-12-25,396.0,credit_card,success
2047,2354,2025-12-08,2188.66,credit_card,success
2048,2355,2025-12-07,844.88,credit_card,success
2049,2356,2025-12-17,152.44,credit_card,success
2050,2358,2025-12-23,960.34,credit_card,success
2051,2359,2025-11-19,2409.88,paypal,success
2052,2360,2025-12-19,1021.67,credit_card,success
2053,2361,2025-11-24,2182.65,credit_card,success
2054,2362,2025-12-09,2353.53,credit_card,success
2055,2363,2025-12-18,1349.81,credit_card,success
2056,2364,2025-11-14,856.18,credit_card,success
2057,2365,2025-11-16,2900.49,credit_card,success
2058,2366,2025-11-01,2088.0,credit_card,success
2059,2367,2025-11-06,3422.67,credit_card,success
2060,2368,2025-12-18,1051.04,credit_card,success
2061,2369,2025-12-05,2922.3,credit_card,success
2062,2370,2025-09-28,549.46,credit_card,success
2063,2371,2025-10-07,1749.17,credit_card,success
2064,2372,2025-12-22,3843.08,credit_card,success
2065,2373,2025-11-30,215.8,credit_card,success
2066,2375,2025-10-14,2105.12,gift_card,success
2067,2376,2025-12-30,239.51,credit_card,success
2068,2377,2025-09-05,482.3,paypal,success
2069,2378,2025-02-01,2140.67,credit_card,success
2070,2379,2025-08-30,2179.4,credit_card,refunded
2071,2380,2025-10-18,1542.87,paypal,success
2072,2381,2025-12-29,858.76,paypal,success
2073,2382,2025-03-07,316.84,paypal,success
2074,2384,2025-10-30,525.72,credit_card,success
2075,2385,2025-12-19,1553.35,credit_card,success
2076,2387,2025-11-30,1866.6,credit_card,success
2077,2388,2025-10-20,1944.11,credit_card,success
2078,2389,2025-11-30,2167.48,credit_card,success
2079,2390,2025-12-01,2635.69,credit_card,success
2080,2391,2025-11-13,2168.46,credit_card,success
2081,2392,2025-08-24,2060.81,credit_card,success
2082,2393,2025-12-15,1134.61,paypal,success
2083,2394,2025-07-26,1141.06,paypal,refunded
2084,2396,2025-01-09,1432.99,paypal,success
2085,2397,2025-01-11,1668.06,credit_card,success
2086,2398,2025-12-06,1670.08,credit_card,success
2087,2399,2025-10-15,4735.07,credit_card,success
2088,2400,2025-07-18,1649.57,credit_card,success
2089,2401,2025-03-25,92.4,paypal,refunded
2090,2402,2025-12-15,1592.01,credit_card,success
2091,2403,2024-11-22,1024.82,credit_card,success
2092,2404,2025-12-21,1052.02,credit_card,success
2093,2405,2025-05-28,570.24,credit_card,success
2094,2407,2025-02-10,558.01,paypal,success
2095,2408,2025-10-02,1902.64,paypal,success
2096,2409,2025-11-09,1327.05,paypal,success
2097,2410,2025-09-16,1056.83,credit_card,success
2098,2414,2025-01-31,2206.03,credit_card,success
2099,2415,2024-12-17,2359.02,credit_card,success
2100,2416,2025-04-11,1236.23,credit_card,success
2101,2418,2025-06-15,1075.75,credit_card,success
2102,2419,2024-08-20,1184.65,credit_card,success
2103,2420,2024-10-03,1643.12,paypal,success
2104,2422,2025-10-05,1430.52,paypal,success
2105,2423,2025-04-12,1009.89,credit_card,success
2106,2424,2025-05-25,1750.4,credit_card,refunded
2107,2425,2025-02-13,2637.65,paypal,success
2108,2426,2025-10-22,2626.58,credit_card,refunded
2109,2427,2025-12-05,1652.54,paypal,success
2110,2428,2025-10-27,218.5,paypal,success
2111,2429,2025-09-28,2813.1,credit_card,success
2112,2430,2025-05-21,2589.95,credit_card,success
2113,2431,2025-11-25,1359.68,credit_card,success
2114,2432,2025-12-19,2101.57,credit_card,success
2115,2433,2025-09-11,2015.92,credit_card,success
2116,2434,2025-10-09,2340.35,credit_card,success
2117,2436,2025-08-09,2870.91,credit_card,success
2118,2437,2025-08-03,2339.35,gift_card,success
2119,2439,2025-10-22,482.94,credit_card,success
2120,2440,2025-12-10,646.2,paypal,success
2121,2441,2025-10-17,3755.19,credit_card,success
2122,2442,2025-05-27,996.52,credit_card,success
2123,2443,2025-09-17,1691.71,credit_card,success
2124,2444,2025-07-21,1317.36,paypal,refunded
2125,2445,2025-07-23,209.33,credit_card,success
2126,2446,2025-02-25,2130.24,credit_card,success
2127,2447,2024-11-07,2626.03,paypal,success
2128,2449,2024-05-07,3236.81,paypal,success
2129,2450,2025-08-04,2731.18,credit_card,success
2130,2451,2024-09-15,2226.73,paypal,success
2131,2452,2025-03-11,909.28,gift_card,success
2132,2453,2025-02-01,1440.44,paypal,refunded
2133,2454,2025-11-19,323.06,paypal,success
2134,2455,2025-12-26,527.41,paypal,success
2135,2456,2025-12-24,1159.77,credit_card,success
2136,2457,2025-12-21,1580.24,credit_card,success
2137,2458,2025-12-20,1995.5,credit_card,success
2138,2460,2025-07-20,1660.38,credit_card,success
2139,2462,2025-01-07,66.24,credit_card,success
2140,2463,2025-03-07,901.25,credit_card,refunded
2141,2464,2025-03-28,1544.53,credit_card,success
2142,2465,2025-07-26,807.17,credit_card,success
2143,2466,2025-04-14,2739.32,credit_card,refunded
2144,2467,2024-10-14,2901.03,credit_card,success
2145,2468,2025-08-21,4293.12,credit_card,success
2146,2469,2025-11-21,441.33,credit_card,success
2147,2470,2025-11-19,643.59,credit_card,success
2148,2472,2025-09-07,3296.68,credit_card,success
2149,2473,2025-12-05,2077.9,credit_card,success
2150,2475,2025-12-12,3704.11,paypal,success
2151,2476,2025-09-27,4538.58,credit_card,success
2152,2477,2025-10-14,780.29,credit_card,success
2153,2478,2025-10-02,3108.72,paypal,success
2154,2479,2025-08-11,2838.25,credit_card,success
2155,2480,2025-09-14,178.48,paypal,success
2156,2481,2025-09-25,2743.96,credit_card,success
2157,2482,2025-10-30,1639.44,credit_card,success
2158,2483,2025-07-31,870.24,paypal,success
2159,2484,2025-02-25,3564.4,credit_card,success
2160,2485,2025-10-24,1697.73,credit_card,success
2161,2486,2024-11-27,237.02,credit_card,success
2162,2487,2025-08-14,1835.78,credit_card,success
2163,2489,2025-04-23,1078.43,credit_card,refunded
2164,2490,2024-05-27,792.63,credit_card,success
2165,2491,2025-12-23,2762.3,credit_card,success
2166,2492,2025-05-22,2150.67,credit_card,success
2167,2493,2025-11-04,2184.9,credit_card,success
2168,2494,2024-05-16,805.0,credit_card,success
2169,2495,2025-11-07,1557.48,paypal,success
2170,2496,2025-08-08,369.02,paypal,success
2171,2497,2025-05-10,620.96,credit_card,refunded
2172,2498,2024-05-21,2647.61,paypal,success
2173,2499,2025-02-27,108.84,paypal,refunded
2174,2500,2025-08-08,786.74,credit_card,success
2175,2501,2024-12-06,3284.53,credit_card,success
2176,2502,2025-12-20,2459.11,credit_card,success
2177,2503,2025-10-13,1943.57,credit_card,success
2178,2504,2024-07-23,3135.33,credit_card,success
2179,2505,2024-10-13,1330.27,credit_card,success
2180,2507,2024-06-07,848.48,paypal,success
2181,2508,2025-02-12,169.34,credit_card,success
2182,2509,2024-01-27,3151.68,credit_card,success
2183,2510,2025-07-08,590.64,credit_card,success
2184,2511,2025-02-21,2953.06,credit_card,success
2185,2512,2025-07-10,4689.13,paypal,success
2186,2513,2025-10-25,1263.92,credit_card,success
2187,2514,2025-12-21,519.32,paypal,success
2188,2515,2025-02-13,1964.26,gift_card,success
2189,2516,2025-09-21,1557.51,credit_card,success
2190,2517,2024-12-09,372.76,paypal,success
2191,2518,2025-05-26,2348.39,credit_card,success
2192,2519,2025-02-12,2647.63,gift_card,success
2193,2520,2025-01-19,1863.54,gift_card,success
2194,2521,2025-10-01,1050.11,gift_card,success
2195,2522,2025-08-04,2316.8,credit_card,refunded
2196,2523,2025-07-28,1563.1,credit_card,success
2197,2525,2024-12-04,1212.07,credit_card,success
2198,2526,2025-07-09,1211.4,paypal,success
2199,2527,2024-12-22,251.94,credit_card,success
2200,2528,2025-01-11,372.76,credit_card,success
2201,2529,2025-12-04,103.86,credit_card,success
2202,2530,2025-05-09,941.29,credit_card,success
2203,2531,2024-07-23,1900.4,credit_card,success
2204,2532,2025-12-19,1938.12,paypal,success
2205,2533,2025-06-25,1658.64,credit_card,success
2206,2535,2025-09-15,596.83,credit_card,success
2207,2536,2025-07-20,3832.51,gift_card,success
2208,2537,2025-10-14,1975.32,credit_card,success
2209,2538,2025-05-22,1768.45,credit_card,success
2210,2539,2025-01-02,358.57,paypal,success
2211,2540,2025-09-29,257.13,credit_card,success
2212,2541,2025-06-01,1810.98,credit_card,success
2213,2542,2025-11-27,1867.02,credit_card,refunded
2214,2543,2025-11-20,1298.7,credit_card,success
2215,2544,2025-11-16,557.64,credit_card,success
2216,2545,2025-12-31,1409.48,credit_card,success
2217,2546,2025-11-20,1800.56,credit_card,refunded
2218,2547,2025-12-20,4548.83,credit_card,success
2219,2548,2025-10-31,1307.31,credit_card,success
2220,2549,2025-11-28,2486.41,gift_card,success
2221,2550,2025-09-04,2326.96,paypal,success
2222,2551,2025-11-13,2847.18,credit_card,refunded
2223,2553,2025-08-14,3000.18,credit_card,success
2224,2555,2024-11-12,3064.62,credit_card,success
2225,2556,2025-11-16,2528.8,credit_card,success
2226,2557,2024-03-18,327.47,credit_card,success
2227,2559,2025-05-31,2603.58,credit_card,success
2228,2560,2024-07-06,2490.06,credit_card,success
2229,2562,2025-05-17,519.77,credit_card,success
2230,2563,2025-02-17,1276.34,credit_card,success
2231,2564,2025-05-15,1164.29,credit_card,success
2232,2565,2024-07-21,1975.81,credit_card,success
2233,2566,2025-01-25,281.5,credit_card,success
2234,2567,2025-12-03,1656.89,credit_card,success
2235,2568,2025-11-01,1524.85,paypal,success
2236,2569,2025-11-20,1930.52,paypal,success
2237,2570,2025-12-10,2436.05,credit_card,success
2238,2571,2025-11-22,969.14,credit_card,success
2239,2572,2025-11-29,797.78,credit_card,success
2240,2573,2025-12-01,2615.09,credit_card,success
2241,2575,2025-12-06,843.16,credit_card,success
2242,2577,2024-09-21,3097.84,credit_card,success
2243,2578,2024-11-23,569.69,credit_card,success
2244,2579,2025-04-15,1204.73,credit_card,success
2245,2580,2025-01-03,1686.91,credit_card,success
2246,2581,2025-04-02,1910.96,paypal,success
2247,2582,2025-12-21,4065.19,credit_card,success
2248,2583,2025-01-04,2391.3,credit_card,success
2249,2585,2025-02-13,1755.06,credit_card,success
2250,2586,2025-07-17,755.04,credit_card,success
2251,2587,2025-11-21,1713.81,credit_card,success
2252,2588,2025-12-06,1563.56,credit_card,success
2253,2589,2025-08-18,3191.36,paypal,success
2254,2590,2024-07-24,2393.66,paypal,success
2255,2591,2025-12-13,3228.05,credit_card,success
2256,2592,2025-12-30,1599.84,credit_card,success
2257,2593,2024-10-25,1217.04,credit_card,success
2258,2594,2025-02-22,3196.87,credit_card,success
2259,2595,2025-12-21,2950.92,credit_card,success
2260,2596,2025-12-08,1253.98,gift_card,success
2261,2597,2025-11-25,1615.59,credit_card,success
2262,2598,2025-01-03,3426.2,credit_card,success
2263,2599,2025-04-17,892.75,credit_card,success
2264,2600,2024-10-07,4362.51,credit_card,success
2265,2602,2025-09-15,1895.53,credit_card,success
2266,2605,2025-10-28,2111.23,paypal,success
2267,2606,2025-07-04,60.7,credit_card,success
2268,2607,2025-07-31,3151.83,gift_card,success
2269,2608,2025-06-11,3652.0,credit_card,success
2270,2609,2025-11-11,2570.27,credit_card,success
2271,2610,2025-06-16,1832.59,credit_card,success
2272,2611,2025-10-08,1000.8,paypal,success
2273,2612,2025-07-01,1392.72,gift_card,success
2274,2613,2025-06-07,1557.43,credit_card,success
2275,2614,2025-07-03,1571.79,credit_card,refunded
2276,2615,2025-10-19,123.25,credit_card,success
2277,2617,2024-06-11,1336.31,credit_card,success
2278,2619,2025-11-13,2202.24,credit_card,success
2279,2620,2025-03-09,3812.13,paypal,success
2280,2622,2025-09-08,1160.32,credit_card,success
2281,2623,2025-01-21,218.76,credit_card,success
2282,2624,2024-11-07,1439.98,credit_card,success
2283,2625,2025-02-28,36.58,credit_card,success
2284,2626,2024-12-16,2051.03,paypal,success
2285,2627,2025-08-13,3627.42,paypal,success
2286,2628,2025-11-14,1053.64,credit_card,success
2287,2629,2025-08-23,536.97,credit_card,success
2288,2630,2025-05-04,1220.3,credit_card,success
2289,2631,2025-09-19,1683.15,credit_card,success
2290,2632,2025-08-01,557.44,credit_card,success
2291,2633,2025-09-15,2314.6,credit_card,success
2292,2634,2024-12-21,1983.91,gift_card,success
2293,2635,2025-06-25,77.34,credit_card,success
2294,2636,2025-08-29,911.92,paypal,success
2295,2637,2025-11-14,1735.94,credit_card,success
2296,2638,2025-07-14,2209.91,credit_card,success
2297,2639,2025-09-19,2125.32,credit_card,success
2298,2640,2025-06-27,2651.8,credit_card,success
2299,2641,2025-04-22,334.74,credit_card,success
2300,2642,2025-09-28,2077.76,paypal,success
2301,2644,2024-09-09,181.24,paypal,success
2302,2645,2025-08-12,1081.56,paypal,success
2303,2646,2025-06-28,2631.25,credit_card,success
2304,2647,2024-12-19,656.42,paypal,success
2305,2648,2025-06-22,488.22,credit_card,refunded
2306,2649,2024-11-16,2238.77,paypal,success
2307,2652,2025-06-27,2028.18,paypal,success
2308,2654,2025-09-16,1262.65,credit_card,success
2309,2655,2024-06-09,1254.84,credit_card,success
2310,2657,2025-12-29,3569.27,credit_card,refunded
2311,2658,2024-09-05,315.66,paypal,refunded
2312,2659,2024-04-15,2015.16,credit_card,success
2313,2660,2024-12-30,11.12,credit_card,success
2314,2662,2024-10-06,1474.66,credit_card,success
2315,2663,2024-10-17,1965.9,paypal,success
2316,2664,2024-06-18,640.02,paypal,success
2317,2665,2025-12-26,939.19,credit_card,success
2318,2666,2024-05-01,2179.85,paypal,refunded
2319,2667,2025-02-19,427.68,paypal,success
2320,2668,2025-05-30,1693.17,paypal,success
2321,2669,2025-06-17,2763.18,credit_card,success
2322,2670,2024-12-12,2047.51,credit_card,success
2323,2671,2025-08-29,3492.92,credit_card,success
2324,2673,2024-06-09,2418.9,credit_card,success
2325,2674,2024-03-05,1223.24,credit_card,success
2326,2675,2025-01-12,129.02,credit_card,success
2327,2676,2025-02-22,1976.68,credit_card,success
2328,2677,2024-09-09,995.28,credit_card,success
2329,2678,2025-10-18,2427.08,credit_card,success
2330,2679,2025-01-24,891.64,credit_card,success
2331,2680,2025-07-20,1710.93,gift_card,success
2332,2681,2025-10-02,2898.35,paypal,success
2333,2682,2025-12-10,907.86,credit_card,success
2334,2683,2025-11-21,86.04,credit_card,success
2335,2684,2025-09-18,2590.7,paypal,success
2336,2685,2025-06-05,414.66,paypal,success
2337,2686,2025-08-22,1187.26,credit_card,success
2338,2687,2025-06-21,1531.55,paypal,success
2339,2689,2025-10-21,687.62,paypal,refunded
2340,2690,2025-10-26,970.93,credit_card,success
2341,2691,2025-08-25,997.87,paypal,success
2342,2692,2025-10-24,3464.55,paypal,success
2343,2693,2025-09-10,892.56,credit_card,success
2344,2694,2025-11-19,1127.08,paypal,success
2345,2695,2025-12-19,2327.24,paypal,success
2346,2696,2025-09-10,229.3,paypal,success
2347,2697,2025-07-22,1017.05,credit_card,success
2348,2698,2025-09-20,2483.97,paypal,success
2349,2699,2025-10-16,866.52,credit_card,success
2350,2700,2025-12-20,1944.81,credit_card,success
2351,2701,2025-10-03,68.8,credit_card,success
2352,2702,2025-12-28,3356.85,credit_card,success
2353,2703,2025-10-17,3028.0,credit_card,success
2354,2704,2025-03-17,3480.3,credit_card,success
2355,2705,2025-08-26,2351.6,credit_card,success
2356,2706,2025-08-17,2975.1,credit_card,success
2357,2707,2025-01-31,1971.38,credit_card,success
2358,2708,2025-09-23,2458.61,credit_card,success
2359,2710,2025-03-17,444.99,credit_card,success
2360,2711,2024-12-11,2041.92,credit_card,success
2361,2712,2024-07-04,2972.1,paypal,refunded
2362,2713,2025-11-05,1210.25,credit_card,refunded
2363,2714,2024-08-15,2258.32,credit_card,success
2364,2715,2025-04-30,3607.8,credit_card,success
2365,2716,2025-12-06,431.15,credit_card,refunded
2366,2717,2025-06-27,2728.58,credit_card,success
2367,2720,2024-10-24,317.95,credit_card,success
2368,2721,2024-10-28,1897.96,paypal,success
2369,2722,2025-03-11,991.67,credit_card,success
2370,2724,2025-07-08,1875.18,credit_card,success
2371,2725,2025-09-30,1943.59,paypal,success
2372,2726,2025-11-11,3401.83,credit_card,success
2373,2727,2025-12-16,335.13,credit_card,success
2374,2728,2025-12-14,4453.82,gift_card,success
2375,2731,2025-06-05,4485.33,credit_card,success
2376,2732,2025-10-22,3056.61,credit_card,success
2377,2733,2025-07-22,1883.46,credit_card,success
2378,2736,2025-02-06,2299.13,credit_card,success
2379,2737,2025-10-04,3365.21,credit_card,refunded
2380,2738,2025-03-13,1781.57,credit_card,success
2381,2739,2025-01-16,3291.59,credit_card,success
2382,2740,2025-08-23,538.08,credit_card,success
2383,2741,2025-08-03,2761.87,credit_card,success
2384,2742,2025-10-06,494.62,credit_card,success
2385,2743,2025-12-20,739.58,credit_card,success
2386,2744,2025-12-21,3934.53,credit_card,success
2387,2745,2025-10-10,2757.86,paypal,success
2388,2746,2025-11-26,1728.77,credit_card,success
2389,2747,2025-10-03,580.16,paypal,success
2390,2748,2025-03-29,1683.58,credit_card,success
2391,2749,2025-04-03,474.04,paypal,success
2392,2750,2025-03-28,1604.48,credit_card,success
2393,2752,2025-10-19,2315.84,paypal,success
2394,2753,2025-12-09,3447.12,credit_card,success
2395,2754,2025-12-27,667.56,paypal,success
2396,2755,2025-11-07,380.14,credit_card,success
2397,2756,2025-11-08,2071.22,credit_card,refunded
2398,2757,2025-10-22,763.6,credit_card,success
2399,2759,2025-05-03,1333.2,credit_card,success
2400,2760,2025-11-14,4256.46,credit_card,success
2401,2761,2025-08-17,2178.76,credit_card,success
2402,2762,2025-03-29,357.85,credit_card,success
2403,2763,2025-08-18,2162.58,gift_card,success
2404,2764,2025-09-19,1187.48,credit_card,success
2405,2765,2025-12-29,966.6,paypal,success
2406,2767,2025-09-11,1001.54,credit_card,success
2407,2768,2025-07-16,905.49,credit_card,success
2408,2769,2025-08-12,557.96,credit_card,success
2409,2770,2025-11-24,1074.36,credit_card,success
2410,2771,2025-06-21,1334.25,credit_card,success
2411,2773,2025-08-12,807.81,credit_card,success
2412,2774,2025-06-25,717.68,credit_card,success
2413,2775,2025-06-22,1002.75,paypal,success
2414,2776,2025-09-12,2175.19,credit_card,success
2415,2777,2025-07-07,700.04,credit_card,success
2416,2778,2025-10-23,890.81,paypal,success
2417,2779,2025-01-13,2767.48,credit_card,success
2418,2780,2025-04-30,1962.18,credit_card,refunded
2419,2781,2025-07-11,2274.14,paypal,success
2420,2782,2025-02-06,3093.43,credit_card,success
2421,2783,2024-05-31,2913.23,paypal,success
2422,2784,2024-12-03,2599.99,credit_card,success
2423,2785,2025-03-11,1203.65,credit_card,success
2424,2786,2025-07-05,1766.36,credit_card,success
2425,2787,2024-03-21,1810.56,credit_card,success
2426,2788,2025-05-14,3141.39,credit_card,success
2427,2789,2025-06-20,1719.8,credit_card,success
2428,2790,2025-12-19,178.84,paypal,success
2429,2791,2025-12-05,3526.84,paypal,success
2430,2792,2025-02-10,1676.98,credit_card,success
2431,2793,2025-08-26,2091.47,credit_card,success
2432,2794,2025-01-25,3120.02,paypal,success
2433,2795,2024-06-13,424.49,credit_card,success
2434,2796,2025-02-15,2279.93,credit_card,success
2435,2797,2025-05-13,1552.32,paypal,refunded
2436,2798,2025-12-16,538.64,credit_card,success
2437,2799,2025-12-29,986.68,credit_card,refunded
2438,2800,2025-12-15,3111.14,paypal,refunded
2439,2801,2025-12-14,1133.18,credit_card,success
2440,2802,2025-12-13,1415.85,credit_card,success
2441,2804,2025-12-29,1308.6,credit_card,success
2442,2805,2025-12-28,2791.76,credit_card,success
2443,2806,2025-12-20,3201.86,paypal,success
2444,2807,2025-12-05,165.51,credit_card,success
2445,2808,2025-09-27,796.74,gift_card,success
2446,2809,2025-02-25,1554.3,paypal,success
2447,2810,2025-12-18,117.28,gift_card,success
2448,2811,2026-01-01,2652.2,paypal,success
2449,2812,2025-12-12,2576.6,credit_card,success
2450,2813,2025-12-19,151.71,credit_card,success
2451,2814,2025-12-13,696.15,credit_card,success
2452,2815,2025-12-14,1637.51,credit_card,refunded
2453,2816,2025-12-11,3024.21,credit_card,success
2454,2817,2025-12-25,768.28,credit_card,success
2455,2818,2025-12-15,1597.61,paypal,success
2456,2819,2025-12-30,2339.25,credit_card,success
2457,2820,2025-12-19,2551.16,gift_card,success
2458,2821,2025-12-21,841.16,credit_card,success
2459,2822,2025-12-26,557.64,credit_card,success
2460,2823,2025-12-25,538.64,paypal,success
2461,2824,2025-12-30,2702.02,credit_card,success
2462,2825,2025-12-19,1045.41,credit_card,success
2463,2826,2025-12-22,322.01,gift_card,success
2464,2827,2025-12-08,1635.16,credit_card,success
2465,2828,2024-07-15,1639.31,credit_card,success
2466,2829,2024-11-12,1404.48,paypal,success
2467,2830,2025-02-02,432.69,paypal,success
2468,2831,2025-01-03,570.21,gift_card,success
2469,2832,2025-11-09,853.14,credit_card,success
2470,2833,2025-04-21,1356.84,gift_card,success
2471,2835,2024-06-17,1506.71,paypal,success
2472,2836,2025-12-27,1105.2,credit_card,success
2473,2837,2025-12-11,1785.06,gift_card,success
2474,2838,2025-12-24,2705.73,credit_card,success
2475,2839,2025-10-30,2550.7,credit_card,success
2476,2840,2025-04-17,341.27,credit_card,success
2477,2841,2025-01-02,729.14,credit_card,success
2478,2842,2025-10-03,2039.09,credit_card,success
2479,2843,2025-11-28,2935.41,credit_card,success
2480,2845,2025-10-31,1343.04,credit_card,success
2481,2846,2025-12-23,178.82,credit_card,success
2482,2847,2025-08-28,3358.23,credit_card,success
2483,2848,2025-06-28,1069.27,paypal,success
2484,2849,2025-08-26,681.08,credit_card,success
2485,2850,2024-11-09,2482.62,credit_card,success
2486,2851,2025-09-26,2161.58,credit_card,refunded
2487,2852,2025-10-17,3293.52,credit_card,success
2488,2853,2025-10-04,1995.08,credit_card,success
2489,2854,2025-08-09,328.02,credit_card,success
2490,2855,2025-12-12,1630.51,paypal,success
2491,2856,2024-11-28,2089.67,paypal,success
2492,2857,2025-11-02,1748.54,credit_card,success
2493,2858,2025-12-25,1433.61,paypal,success
2494,2859,2025-10-26,3700.85,paypal,success
2495,2860,2025-10-28,2264.9,credit_card,success
2496,2861,2025-05-19,665.66,credit_card,success
2497,2862,2025-05-24,904.68,credit_card,success
2498,2863,2025-08-19,2307.43,credit_card,success
2499,2864,2025-07-03,1543.4,credit_card,success
2500,2867,2025-06-09,2828.63,credit_card,success
2501,2868,2025-11-22,368.39,credit_card,success
2502,2869,2025-12-27,543.72,credit_card,success
2503,2870,2024-02-15,1384.8,credit_card,success
2504,2871,2025-04-24,2071.02,credit_card,success
2505,2872,2025-01-07,2936.38,paypal,success
2506,2873,2025-01-07,1507.83,credit_card,success
2507,2874,2025-08-23,1083.69,paypal,success
2508,2875,2025-12-13,4699.19,paypal,success
2509,2876,2024-11-06,950.08,credit_card,success
2510,2877,2025-10-09,1622.2,credit_card,success
2511,2878,2025-11-13,430.12,credit_card,success
2512,2880,2024-02-16,1933.44,credit_card,success
2513,2881,2024-06-02,472.78,credit_card,success
2514,2882,2025-05-13,2966.27,credit_card,refunded
2515,2883,2024-10-10,725.64,credit_card,success
2516,2884,2025-10-28,1564.28,credit_card,success
2517,2885,2025-10-26,2616.89,credit_card,refunded
2518,2886,2025-09-03,2757.28,paypal,success
2519,2887,2025-11-11,3086.52,gift_card,success
2520,2888,2025-02-11,2935.69,paypal,success
2521,2889,2025-03-24,4449.31,paypal,success
2522,2890,2025-01-14,2450.33,credit_card,success
2523,2891,2025-12-05,1607.69,credit_card,success
2524,2892,2025-05-18,377.63,credit_card,success
2525,2893,2025-09-29,1584.08,credit_card,success
2526,2894,2025-12-13,1090.89,credit_card,success
2527,2896,2025-09-16,1752.82,credit_card,success
2528,2897,2025-09-05,1212.19,credit_card,success
2529,2898,2025-12-08,3617.11,credit_card,success
2530,2899,2025-12-24,3581.56,credit_card,success
2531,2900,2025-11-01,1431.31,credit_card,refunded
2532,2901,2025-08-12,1588.01,credit_card,success
2533,2902,2025-08-10,2944.24,paypal,success
2534,2903,2025-03-29,1244.45,credit_card,success
2535,2904,2025-12-29,3348.43,credit_card,success
2536,2906,2025-10-26,1353.0,credit_card,success
2537,2907,2025-12-11,982.42,credit_card,success
2538,2908,2025-12-26,1909.1,credit_card,success
2539,2909,2025-11-27,876.79,credit_card,success
2540,2910,2025-08-24,3614.2,credit_card,success
2541,2913,2025-06-23,416.0,credit_card,success
2542,2914,2025-11-23,505.16,credit_card,success
2543,2916,2025-04-11,323.02,paypal,success
2544,2917,2025-10-30,2456.38,credit_card,success
2545,2918,2025-11-18,2257.15,credit_card,success
2546,2920,2025-11-22,325.78,credit_card,success
2547,2923,2024-02-20,1370.1,gift_card,success
2548,2925,2025-12-14,2140.3,credit_card,success
2549,2927,2024-03-05,1124.62,credit_card,success
2550,2928,2025-07-18,2137.46,credit_card,success
2551,2929,2025-05-07,2236.46,credit_card,success
2552,2930,2025-02-20,2199.98,credit_card,success
2553,2931,2025-10-31,538.5,credit_card,success
2554,2932,2025-04-13,1158.1,gift_card,success
2555,2933,2025-09-26,1522.3,credit_card,success
2556,2934,2025-04-18,1367.06,credit_card,success
2557,2935,2025-05-17,2978.47,paypal,success
2558,2936,2024-10-11,1219.49,credit_card,success
2559,2937,2025-05-03,971.0,credit_card,success
2560,2938,2025-01-22,3353.81,credit_card,success
2561,2939,2025-07-24,1513.17,credit_card,success
2562,2940,2025-07-20,1499.66,paypal,success
2563,2941,2025-10-09,2049.04,credit_card,success
2564,2942,2025-08-25,1015.84,credit_card,success
2565,2944,2025-06-03,2153.2,paypal,success
2566,2945,2025-05-04,1902.9,credit_card,success
2567,2946,2025-05-31,1327.46,credit_card,success
2568,2947,2025-12-23,1719.62,credit_card,success
2569,2948,2025-03-05,351.22,credit_card,success
2570,2949,2025-12-26,1433.8,credit_card,success
2571,2950,2025-09-15,439.53,paypal,success
2572,2951,2025-12-06,1383.98,gift_card,success
2573,2952,2025-09-06,2206.55,credit_card,success
2574,2953,2025-12-19,297.25,credit_card,refunded
2575,2954,2025-05-24,4118.61,credit_card,success
2576,2955,2025-02-03,242.78,credit_card,success
2577,2956,2025-09-22,2392.3,credit_card,success
2578,2957,2024-10-30,1999.61,credit_card,refunded
2579,2958,2024-03-16,1918.45,credit_card,success
2580,2959,2024-05-30,3255.58,paypal,success
2581,2960,2025-02-10,1188.06,credit_card,success
2582,2961,2024-09-28,652.25,credit_card,success
2583,2962,2025-10-28,4726.38,credit_card,success
2584,2963,2025-10-29,632.78,credit_card,success
2585,2964,2025-10-27,1604.22,paypal,success
2586,2966,2025-07-30,548.56,credit_card,success
2587,2967,2025-11-02,539.6,credit_card,refunded
2588,2968,2025-08-25,482.94,paypal,success
2589,2970,2025-04-20,820.11,credit_card,success
2590,2972,2024-12-18,916.03,paypal,success
2591,2973,2024-07-22,880.75,credit_card,success
2592,2974,2025-01-28,1566.56,paypal,success
2593,2975,2025-08-07,1958.08,credit_card,success
2594,2976,2025-11-09,3561.54,credit_card,success
2595,2977,2025-09-04,286.15,credit_card,success
2596,2979,2024-12-27,1083.04,credit_card,success
2597,2980,2025-08-20,3353.23,credit_card,success
2598,2981,2025-03-12,335.81,credit_card,success
2599,2982,2025-09-10,382.94,credit_card,success
2600,2983,2025-12-09,378.78,credit_card,success
2601,2984,2024-11-15,724.9,paypal,success
2602,2985,2025-03-26,3933.16,credit_card,success
2603,2986,2025-03-27,4125.55,paypal,success
2604,2987,2025-12-24,3193.76,paypal,success
2605,2988,2025-12-30,728.48,credit_card,success
2606,2989,2025-12-25,358.84,credit_card,success
2607,2990,2024-04-11,2063.25,credit_card,success
2608,2991,2024-06-20,2183.62,credit_card,success
2609,2992,2025-02-18,3340.34,credit_card,success
2610,2993,2025-07-12,1134.21,paypal,success
2611,2995,2025-12-09,788.34,credit_card,success
2612,2996,2025-03-11,1998.16,credit_card,success
2613,2997,2024-04-12,968.42,credit_card,success
2614,2998,2025-09-30,1218.9,credit_card,success
2615,3000,2024-06-08,2866.43,credit_card,success
2616,3001,2025-07-01,1598.5,credit_card,refunded
2617,3002,2025-11-13,1020.16,credit_card,success
2618,3003,2025-11-11,2863.88,paypal,success
2619,3005,2025-08-05,2423.56,credit_card,success
2620,3007,2025-12-15,434.45,credit_card,success
2621,3008,2025-12-02,1047.78,paypal,success
2622,3009,2025-11-06,764.8,paypal,success
2623,3010,2025-12-10,3351.34,credit_card,success
2624,3011,2025-02-23,859.9,credit_card,success
2625,3013,2025-10-15,2573.63,credit_card,success
2626,3014,2025-10-04,3071.91,credit_card,success
2627,3015,2025-11-18,1301.16,credit_card,success
2628,3016,2025-11-23,1575.48,credit_card,success
2629,3017,2024-10-16,958.13,paypal,success
2630,3018,2024-07-31,557.44,credit_card,success
2631,3019,2025-12-28,2627.4,credit_card,success
2632,3020,2025-11-23,2824.6,paypal,success
2633,3021,2025-04-29,394.56,credit_card,refunded
2634,3022,2025-08-16,1676.68,paypal,success
2635,3023,2025-12-05,1663.08,credit_card,success
2636,3024,2025-10-14,658.56,paypal,success
2637,3025,2024-08-01,1112.71,credit_card,refunded
2638,3028,2024-10-28,2102.79,gift_card,success
2639,3029,2025-09-20,1507.87,credit_card,success
2640,3031,2025-06-25,591.66,credit_card,success
2641,3032,2024-06-26,724.4,credit_card,success
2642,3033,2025-11-23,660.97,paypal,success
2643,3034,2025-12-17,1487.05,credit_card,success
2644,3036,2025-12-05,706.42,credit_card,success
2645,3038,2025-02-17,2905.02,credit_card,success
2646,3039,2025-10-21,4167.15,credit_card,success
2647,3040,2025-11-30,1016.02,gift_card,success
2648,3042,2024-12-01,2612.35,credit_card,success
2649,3043,2025-11-21,484.76,credit_card,success
2650,3044,2025-03-31,1430.28,credit_card,success
2651,3046,2025-12-14,2955.46,credit_card,success
2652,3047,2024-12-17,822.3,credit_card,success
2653,3048,2025-05-25,457.66,credit_card,success
2654,3049,2025-11-09,248.51,paypal,refunded
2655,3050,2025-01-01,2140.2,credit_card,success
2656,3051,2025-05-27,1108.98,paypal,refunded
2657,3052,2025-08-19,570.12,credit_card,success
2658,3053,2025-06-16,617.54,credit_card,success
2659,3055,2025-12-30,2994.85,paypal,success
2660,3056,2025-12-31,1627.8,credit_card,success
2661,3057,2024-09-10,1602.22,paypal,success
2662,3058,2025-05-13,2362.44,credit_card,success
2663,3060,2025-06-24,941.88,gift_card,success
2664,3061,2025-04-19,1279.37,paypal,success
2665,3062,2024-11-22,606.04,credit_card,success
2666,3064,2025-12-16,607.32,credit_card,success
2667,3065,2025-07-31,2646.53,credit_card,success
2668,3066,2025-07-19,3114.72,credit_card,success
2669,3067,2025-12-06,2520.25,gift_card,success
2670,3068,2025-10-01,1857.41,credit_card,success
2671,3069,2025-05-06,970.47,credit_card,success
2672,3070,2025-07-03,2166.81,credit_card,refunded
2673,3071,2025-12-09,3177.24,gift_card,success
2674,3072,2025-12-02,2251.81,paypal,success
2675,3073,2025-11-01,1287.68,paypal,success
2676,3074,2025-10-17,1860.69,credit_card,success
2677,3075,2025-12-11,764.68,credit_card,success
2678,3076,2025-09-09,2043.27,credit_card,success
2679,3077,2025-10-04,1396.25,paypal,success
2680,3078,2025-12-26,186.0,paypal,success
2681,3079,2025-12-27,937.85,credit_card,success
2682,3080,2025-12-22,155.24,credit_card,success
2683,3081,2025-09-04,2306.57,credit_card,success
2684,3082,2025-04-26,723.9,paypal,success
2685,3083,2025-12-29,1627.56,paypal,success
2686,3084,2025-09-07,362.9,credit_card,success
2687,3085,2024-03-23,2448.07,credit_card,refunded
2688,3086,2025-11-02,553.4,credit_card,success
2689,3087,2025-02-14,1094.84,credit_card,success
2690,3088,2024-12-09,2555.94,credit_card,success
2691,3089,2025-12-25,1020.54,credit_card,success
2692,3090,2025-10-22,571.12,credit_card,success
2693,3091,2025-06-14,2386.35,credit_card,success
2694,3093,2024-10-23,2845.4,paypal,success
2695,3094,2025-04-16,2791.77,credit_card,success
2696,3095,2025-02-22,2463.73,credit_card,success
2697,3097,2025-09-16,201.38,credit_card,success
2698,3098,2025-02-17,2378.71,paypal,success
2699,3099,2025-02-22,3293.19,credit_card,success
2700,3100,2025-02-03,2621.98,paypal,success
2701,3101,2025-10-09,4716.02,paypal,success
2702,3102,2026-01-02,923.75,paypal,success
2703,3103,2025-06-27,1123.5,credit_card,success
2704,3104,2025-07-16,1899.97,credit_card,success
2705,3105,2025-07-20,1466.28,paypal,refunded
2706,3106,2025-11-27,1148.55,credit_card,success
2707,3107,2025-12-29,1269.54,credit_card,refunded
2708,3108,2025-12-14,651.09,credit_card,success
2709,3109,2025-07-05,898.47,paypal,success
2710,3110,2025-02-08,659.25,credit_card,success
2711,3111,2025-12-14,190.43,credit_card,success
2712,3112,2025-09-07,3790.81,paypal,success
2713,3113,2025-08-11,1508.33,credit_card,success
2714,3114,2025-09-08,821.31,credit_card,success
2715,3115,2025-11-11,2613.1,credit_card,success
2716,3116,2025-02-01,1809.78,paypal,success
2717,3117,2025-12-23,493.68,credit_card,refunded
2718,3118,2025-05-25,2244.76,credit_card,success
2719,3119,2025-09-24,566.21,credit_card,success
2720,3120,2025-11-11,3149.12,paypal,success
2721,3121,2025-08-21,1115.8,credit_card,success
2722,3122,2025-10-16,626.82,paypal,success
2723,3124,2025-11-12,1232.24,paypal,refunded
2724,3125,2025-11-17,2594.07,credit_card,success
2725,3126,2025-09-15,4311.62,paypal,success
2726,3127,2025-12-20,505.16,paypal,success
2727,3128,2025-08-31,2592.05,credit_card,refunded
2728,3129,2025-10-27,178.48,paypal,success
2729,3130,2025-10-02,465.28,credit_card,success
2730,3131,2025-09-19,696.81,gift_card,success
2731,3132,2025-12-24,945.5,credit_card,success
2732,3133,2025-08-23,2235.7,credit_card,success
2733,3134,2025-06-15,93.12,credit_card,success
2734,3135,2024-11-11,1262.4,credit_card,success
2735,3136,2025-10-19,2181.16,credit_card,success
2736,3137,2025-09-20,2147.99,credit_card,refunded
2737,3138,2025-11-08,2419.2,paypal,success
2738,3139,2025-11-02,821.49,gift_card,success
2739,3140,2025-12-01,372.76,credit_card,success
2740,3141,2025-11-13,1860.47,credit_card,success
2741,3142,2025-12-05,983.64,credit_card,success
2742,3143,2025-11-08,1819.39,credit_card,success
2743,3144,2025-10-21,1628.02,credit_card,success
2744,3146,2025-12-20,451.68,credit_card,success
2745,3147,2025-10-24,2965.88,credit_card,success
2746,3149,2025-05-18,953.26,credit_card,success
2747,3150,2025-07-28,3604.1,credit_card,success
2748,3151,2025-11-30,619.91,credit_card,success
2749,3152,2025-07-30,2540.9,credit_card,success
2750,3153,2025-09-22,1920.09,credit_card,success
2751,3154,2025-12-01,944.28,credit_card,success
2752,3155,2025-05-02,577.98,credit_card,success
2753,3156,2024-05-22,666.12,credit_card,success
2754,3157,2024-11-25,215.06,paypal,success
2755,3158,2025-07-22,2456.16,gift_card,success
2756,3159,2025-09-23,2913.69,credit_card,success
2757,3160,2025-12-12,1088.49,credit_card,success
2758,3161,2025-05-04,875.3,credit_card,success
2759,3162,2025-11-11,1435.0,credit_card,success
2760,3164,2025-06-24,822.84,credit_card,success
2761,3165,2025-04-01,1695.09,credit_card,success
2762,3166,2024-12-09,591.81,paypal,success
2763,3167,2025-02-08,5017.23,gift_card,success
2764,3168,2025-04-22,803.73,credit_card,success
2765,3169,2025-09-18,730.52,paypal,success
2766,3170,2025-01-15,990.84,credit_card,success
2767,3171,2024-07-05,511.35,gift_card,success
2768,3172,2024-12-31,3499.45,paypal,refunded
2769,3173,2025-01-22,1834.0,paypal,success
2770,3174,2025-03-18,1881.36,paypal,success
2771,3175,2025-12-29,922.85,credit_card,success
2772,3176,2025-12-26,1705.66,credit_card,success
2773,3177,2024-07-26,2080.29,paypal,success
2774,3178,2024-01-20,334.93,credit_card,success
2775,3179,2025-04-03,490.66,credit_card,success
2776,3180,2024-11-13,270.94,credit_card,success
2777,3181,2024-03-16,1393.52,credit_card,success
2778,3182,2024-03-20,3195.36,credit_card,success
2779,3183,2025-11-08,3788.68,credit_card,success
2780,3184,2025-12-12,4125.72,credit_card,success
2781,3185,2025-10-18,507.11,paypal,success
2782,3186,2024-05-11,3303.39,paypal,success
2783,3187,2024-02-11,2323.34,gift_card,success
2784,3188,2024-06-12,2032.67,credit_card,success
2785,3189,2024-06-14,3582.36,credit_card,success
2786,3190,2024-08-05,2062.11,paypal,success
2787,3191,2025-01-02,814.26,credit_card,success
2788,3193,2025-12-23,1961.23,credit_card,success
2789,3194,2025-12-29,1814.04,credit_card,success
2790,3196,2025-12-16,1261.4,gift_card,success
2791,3197,2025-12-25,1839.92,gift_card,refunded
2792,3198,2025-12-21,2216.99,paypal,success
2793,3200,2025-12-01,1977.16,credit_card,success
2794,3201,2025-12-07,1930.16,credit_card,success
2795,3202,2025-11-24,2657.04,credit_card,success
2796,3203,2025-11-22,2156.23,paypal,success
2797,3204,2025-12-20,486.4,paypal,success
2798,3205,2025-11-22,350.02,credit_card,success
2799,3206,2025-12-17,1091.16,credit_card,success
2800,3207,2024-05-12,3374.14,paypal,success
2801,3208,2025-11-27,1732.12,credit_card,success
2802,3209,2025-12-09,2090.67,gift_card,success
2803,3210,2025-12-13,181.91,paypal,success
2804,3211,2025-12-07,98.67,credit_card,success
2805,3213,2025-02-03,1894.92,gift_card,success
2806,3214,2025-11-27,631.4,credit_card,success
2807,3215,2025-11-21,932.7,paypal,success
2808,3216,2025-12-06,1596.33,credit_card,success
2809,3217,2025-06-18,1147.14,credit_card,success
2810,3220,2025-12-22,1715.0,credit_card,success
2811,3221,2025-12-19,1804.78,credit_card,success
2812,3222,2025-01-26,5096.53,credit_card,success
2813,3223,2025-12-17,530.64,credit_card,success
2814,3225,2025-12-26,2803.45,credit_card,refunded
2815,3226,2025-11-09,818.61,credit_card,success
2816,3227,2025-11-30,1747.36,credit_card,success
2817,3228,2025-09-11,68.28,credit_card,success
2818,3229,2025-09-08,182.26,paypal,success
2819,3230,2025-05-02,486.16,paypal,success
2820,3232,2025-12-02,295.8,paypal,success
2821,3234,2025-09-15,1008.44,credit_card,refunded
2822,3235,2025-10-29,4877.71,credit_card,refunded
2823,3236,2025-09-17,2093.95,credit_card,success
2824,3237,2024-12-27,1090.23,credit_card,success
2825,3238,2025-10-08,1685.0,credit_card,success
2826,3239,2025-11-20,1970.01,credit_card,success
2827,3240,2025-10-28,2112.79,credit_card,success
2828,3241,2025-12-01,2320.72,paypal,success
2829,3242,2025-10-31,3433.89,credit_card,success
2830,3243,2025-12-28,890.08,credit_card,success
2831,3244,2025-12-22,650.98,paypal,success
2832,3245,2025-12-30,2826.83,paypal,success
2833,3246,2025-11-09,3557.09,paypal,success
2834,3248,2025-09-12,778.92,credit_card,success
2835,3249,2025-03-13,3456.67,credit_card,success
2836,3250,2025-08-01,3045.96,paypal,success
2837,3251,2025-03-05,2883.04,paypal,success
2838,3252,2025-04-29,1008.03,credit_card,success
2839,3254,2025-10-16,2211.28,credit_card,success
2840,3255,2024-11-25,401.14,paypal,success
2841,3256,2025-06-14,1051.69,credit_card,success
2842,3257,2025-03-10,839.24,paypal,success
2843,3258,2024-06-25,1304.7,credit_card,success
2844,3259,2024-07-05,3089.08,credit_card,success
2845,3260,2024-11-04,1069.26,credit_card,success
2846,3261,2025-06-29,1356.71,credit_card,success
2847,3262,2025-06-19,2241.22,credit_card,success
2848,3263,2024-10-21,394.31,credit_card,success
2849,3264,2025-04-15,1727.54,credit_card,success
2850,3265,2025-05-22,1335.05,credit_card,success
2851,3266,2025-12-09,2795.66,credit_card,success
2852,3267,2025-04-19,729.09,credit_card,success
2853,3268,2025-12-01,2896.5,paypal,success
2854,3269,2025-09-25,1695.8,credit_card,success
2855,3270,2025-12-09,3504.1,paypal,success
2856,3271,2025-12-16,938.56,credit_card,success
2857,3272,2025-10-25,2209.86,gift_card,success
2858,3273,2025-07-30,663.46,paypal,success
2859,3274,2025-08-04,2222.95,credit_card,success
2860,3275,2025-04-25,3874.42,credit_card,success
2861,3276,2025-08-03,668.14,credit_card,success
2862,3277,2025-09-28,701.4,gift_card,success
2863,3278,2024-06-06,2603.52,credit_card,success
2864,3279,2025-05-08,1818.25,gift_card,success
2865,3280,2025-08-22,354.16,paypal,success
2866,3281,2025-08-17,103.12,credit_card,refunded
2867,3282,2025-04-21,2609.76,credit_card,success
2868,3283,2024-12-23,437.52,credit_card,success
2869,3284,2025-09-03,2197.02,credit_card,success
2870,3285,2025-09-22,2783.07,credit_card,success
2871,3286,2025-10-23,1294.14,credit_card,success
2872,3287,2025-11-08,1289.85,credit_card,success
2873,3290,2025-05-27,1326.92,credit_card,success
2874,3291,2025-09-12,891.7,paypal,success
2875,3292,2025-07-13,323.36,credit_card,success
2876,3296,2025-04-28,2006.21,credit_card,success
2877,3297,2025-08-28,1950.28,credit_card,success
2878,3298,2025-07-03,157.56,credit_card,success
2879,3299,2025-08-30,3039.7,credit_card,success
2880,3300,2024-11-08,1932.16,credit_card,success
2881,3301,2025-10-14,1365.08,credit_card,success
2882,3302,2025-06-05,3255.47,paypal,success
2883,3303,2025-02-24,1864.37,paypal,success
2884,3304,2024-10-18,1114.88,credit_card,success
2885,3305,2025-12-31,169.3,credit_card,success
2886,3306,2024-11-01,1582.81,gift_card,success
2887,3307,2025-07-27,1699.28,credit_card,success
2888,3309,2025-11-15,3533.68,paypal,success
2889,3310,2025-07-08,1543.92,paypal,success
2890,3311,2025-12-10,1309.23,gift_card,success
2891,3312,2025-12-09,519.32,credit_card,success
2892,3313,2025-12-27,2681.08,paypal,success
2893,3314,2024-07-06,1850.24,credit_card,success
2894,3315,2024-04-20,1943.57,credit_card,success
2895,3317,2025-11-23,1892.3,credit_card,success
2896,3318,2025-10-12,3791.72,paypal,success
2897,3319,2025-10-06,727.11,credit_card,success
2898,3320,2025-01-12,1225.77,credit_card,refunded
2899,3321,2025-11-12,607.53,credit_card,success
2900,3322,2025-12-16,2240.7,credit_card,refunded
2901,3323,2025-12-21,2387.27,credit_card,success
2902,3324,2024-06-23,1805.12,credit_card,success
2903,3325,2025-09-26,2482.72,credit_card,success
2904,3327,2025-06-05,2316.2,paypal,success
2905,3328,2025-05-03,2607.07,credit_card,refunded
2906,3329,2025-02-15,3616.2,paypal,success
2907,3330,2025-11-19,3286.88,paypal,success
2908,3332,2025-12-09,2546.37,credit_card,success
2909,3333,2024-09-23,812.28,paypal,success
2910,3334,2025-10-11,1194.08,credit_card,success
2911,3335,2025-04-03,943.98,gift_card,success
2912,3336,2024-11-14,1522.59,paypal,success
2913,3337,2024-08-22,1842.99,credit_card,success
2914,3338,2024-06-25,1976.06,credit_card,success
2915,3339,2025-10-01,1174.92,credit_card,success
2916,3340,2025-12-24,2294.5,credit_card,success
2917,3341,2024-07-17,2297.39,credit_card,success
2918,3342,2025-06-07,729.82,credit_card,success
2919,3343,2025-07-20,2075.56,paypal,success
2920,3344,2025-10-23,953.85,credit_card,success
2921,3345,2025-12-05,1397.98,credit_card,success
2922,3346,2025-05-10,2835.92,credit_card,success
2923,3347,2025-05-02,3080.11,gift_card,success
2924,3348,2025-08-15,1554.72,gift_card,success
2925,3349,2025-09-15,783.87,credit_card,success
2926,3350,2025-09-01,3463.46,paypal,success
2927,3351,2025-03-22,1272.75,credit_card,success
2928,3352,2025-09-25,3889.53,credit_card,success
2929,3354,2024-07-02,719.08,paypal,success
2930,3355,2025-07-07,2308.94,credit_card,success
2931,3356,2024-04-27,2272.94,paypal,success
2932,3357,2025-04-20,1697.78,credit_card,refunded
2933,3359,2025-08-09,3110.49,credit_card,success
2934,3360,2024-10-28,362.9,gift_card,success
2935,3361,2025-06-23,588.32,credit_card,success
2936,3362,2025-08-16,900.56,paypal,success
2937,3363,2025-03-31,2688.04,credit_card,success
2938,3364,2025-02-10,854.85,credit_card,success
2939,3365,2025-08-05,4177.23,credit_card,success
2940,3366,2025-03-11,1368.11,credit_card,success
2941,3367,2025-07-16,1141.52,paypal,success
2942,3368,2024-09-28,331.18,credit_card,success
2943,3369,2024-07-08,2328.66,paypal,success
2944,3371,2025-07-15,874.0,credit_card,success
2945,3373,2025-09-04,208.09,credit_card,refunded
2946,3374,2024-09-11,1256.96,credit_card,success
2947,3375,2024-07-04,1294.31,credit_card,success
2948,3376,2025-01-26,1628.67,credit_card,success
2949,3377,2024-10-08,1490.52,credit_card,success
2950,3378,2025-08-25,2122.63,credit_card,success
2951,3379,2025-04-11,3161.4,credit_card,success
2952,3380,2025-07-28,464.28,credit_card,success
2953,3381,2024-08-14,3141.06,credit_card,success
2954,3382,2025-07-06,2652.94,credit_card,success
2955,3383,2025-06-01,805.94,credit_card,success
2956,3384,2024-06-20,904.81,credit_card,success
2957,3385,2024-07-23,2535.93,paypal,success
2958,3386,2025-12-04,766.62,credit_card,success
2959,3387,2026-01-01,2408.94,paypal,success
2960,3388,2025-12-14,1248.21,paypal,success
2961,3389,2025-12-30,3665.08,credit_card,success
2962,3390,2025-12-20,1030.76,paypal,success
2963,3391,2025-12-23,2785.5,paypal,success
2964,3392,2025-11-26,1383.21,credit_card,success
2965,3393,2025-12-05,1830.56,credit_card,success
2966,3394,2024-11-18,1625.41,credit_card,success
2967,3395,2024-06-24,2694.43,credit_card,success
2968,3396,2025-08-19,2150.78,paypal,success
2969,3397,2025-08-27,2516.51,credit_card,refunded
2970,3398,2025-07-21,4063.44,credit_card,success
2971,3399,2025-02-12,1786.7,credit_card,success
2972,3400,2025-02-17,4092.91,credit_card,success
2973,3401,2025-01-16,2201.9,credit_card,success
2974,3402,2025-10-23,28.64,paypal,success
2975,3403,2024-09-13,997.54,credit_card,success
2976,3404,2025-10-25,2652.25,credit_card,success
2977,3405,2025-07-13,1701.1,credit_card,success
2978,3406,2025-05-28,3615.09,credit_card,success
2979,3407,2025-09-09,895.56,paypal,success
2980,3408,2025-07-02,2863.0,paypal,success
2981,3409,2025-10-18,1721.43,paypal,success
2982,3410,2024-10-11,633.64,paypal,success
2983,3411,2025-02-19,3146.49,paypal,success
2984,3412,2025-08-18,1777.6,credit_card,success
2985,3413,2025-06-30,899.66,credit_card,success
2986,3414,2025-10-25,312.0,credit_card,success
2987,3415,2025-12-27,1413.02,paypal,success
2988,3416,2025-11-21,248.38,credit_card,success
2989,3417,2025-12-30,1254.77,credit_card,success
2990,3418,2025-11-01,2914.47,credit_card,success
2991,3420,2025-10-22,159.3,credit_card,refunded
2992,3421,2025-11-22,2753.71,credit_card,success
2993,3422,2025-09-30,1406.35,credit_card,success
2994,3423,2025-11-30,73.16,paypal,success
2995,3424,2025-09-20,1402.68,paypal,success
2996,3425,2025-12-09,1910.7,gift_card,success
2997,3426,2025-12-05,1499.05,credit_card,success
2998,3427,2025-12-18,2411.43,credit_card,success
2999,3428,2025-12-01,2074.21,credit_card,success
3000,3429,2025-11-14,1237.7,paypal,success
3001,3431,2025-06-01,568.24,credit_card,refunded
3002,3432,2026-01-02,1676.61,credit_card,success
3003,3433,2025-10-21,1917.7,credit_card,success
3004,3434,2025-05-09,3201.54,credit_card,refunded
3005,3435,2025-03-20,1577.72,credit_card,refunded
3006,3436,2025-01-22,4413.04,credit_card,success
3007,3437,2024-08-05,742.68,credit_card,success
3008,3438,2025-05-16,1493.55,credit_card,success
3009,3439,2025-03-30,2283.27,credit_card,success
3010,3440,2025-03-04,1034.88,credit_card,success
3011,3442,2025-05-01,1040.45,credit_card,success
3012,3443,2024-11-15,1667.4,paypal,success
3013,3444,2024-11-01,567.42,credit_card,success
3014,3446,2025-12-02,2452.78,credit_card,success
3015,3447,2024-12-07,894.44,credit_card,success
3016,3448,2025-08-19,4730.91,paypal,success
3017,3450,2025-07-01,1689.94,paypal,success
3018,3451,2025-03-06,1867.99,paypal,success
3019,3452,2025-08-19,2710.98,gift_card,success
3020,3453,2025-06-01,243.92,credit_card,refunded
3021,3454,2025-12-02,854.86,credit_card,success
3022,3455,2025-12-19,2700.7,paypal,success
3023,3456,2025-09-16,1249.56,credit_card,success
3024,3457,2025-06-19,792.82,credit_card,success
3025,3458,2025-09-17,1692.92,credit_card,success
3026,3459,2025-03-22,1174.4,credit_card,success
3027,3461,2025-01-12,2116.77,gift_card,success
3028,3462,2024-11-20,3593.42,paypal,success
3029,3463,2025-01-25,835.58,paypal,refunded
3030,3464,2025-11-15,1455.24,paypal,success
3031,3466,2025-04-23,526.12,credit_card,success
3032,3467,2025-07-17,158.42,credit_card,refunded
3033,3468,2025-03-14,1325.05,credit_card,success
3034,3469,2025-01-14,2689.35,credit_card,success
3035,3470,2025-01-14,729.44,gift_card,success
3036,3471,2025-11-12,535.7,credit_card,success
3037,3472,2025-05-07,766.22,credit_card,success
3038,3473,2025-10-17,1492.87,credit_card,success
3039,3474,2025-07-01,2337.82,credit_card,success
3040,3476,2025-12-29,1711.13,credit_card,success
3041,3477,2025-07-14,1995.08,credit_card,success
3042,3478,2025-11-14,2033.49,credit_card,success
3043,3479,2025-08-11,2455.33,credit_card,success
3044,3480,2025-10-19,1133.22,credit_card,success
3045,3481,2025-09-15,1097.14,paypal,success
3046,3482,2025-11-21,1893.68,credit_card,success
3047,3483,2025-12-02,1706.8,credit_card,success
3048,3484,2025-05-04,312.87,credit_card,success
3049,3485,2025-05-30,3509.51,credit_card,success
3050,3486,2025-12-09,1248.96,credit_card,success
3051,3487,2026-01-01,1757.09,paypal,success
3052,3488,2025-08-05,832.84,paypal,success
3053,3489,2025-12-24,1967.99,paypal,success
3054,3490,2025-09-30,1281.58,credit_card,success
3055,3491,2025-09-25,1229.91,paypal,success
3056,3492,2025-09-03,2074.57,credit_card,success
3057,3493,2024-08-06,2121.23,credit_card,success
3058,3494,2025-10-13,76.48,credit_card,success
3059,3495,2024-07-04,785.51,paypal,success
3060,3498,2025-12-25,863.42,paypal,success
3061,3499,2024-09-14,1018.41,credit_card,success
3062,3500,2025-10-19,1768.06,credit_card,success
3063,3501,2025-07-13,1938.82,credit_card,success
3064,3502,2025-08-19,799.92,paypal,success
3065,3503,2025-09-06,3803.78,paypal,success
3066,3504,2025-07-01,1378.5,credit_card,success
3067,3505,2025-05-07,830.68,credit_card,success
3068,3506,2025-09-13,1299.0,credit_card,refunded
3069,3507,2025-12-26,2400.74,paypal,success
3070,3508,2026-01-02,1300.36,gift_card,success
3071,3509,2025-07-10,1661.02,credit_card,success
3072,3510,2025-12-15,215.44,credit_card,success
3073,3511,2025-07-03,1803.46,paypal,success
3074,3512,2025-07-03,1196.76,credit_card,success
3075,3513,2025-07-02,2246.94,paypal,success
3076,3514,2025-10-02,3569.22,paypal,success
3077,3515,2025-09-07,161.88,credit_card,success
3078,3516,2025-08-22,1673.56,credit_card,success
3079,3517,2025-12-14,642.61,credit_card,success
3080,3518,2025-03-27,238.82,credit_card,success
3081,3519,2025-09-19,624.27,paypal,success
3082,3520,2025-09-08,1979.04,credit_card,success
3083,3521,2025-10-18,461.24,paypal,success
3084,3523,2025-11-11,542.32,credit_card,success
3085,3524,2025-12-15,2884.9,credit_card,success
3086,3525,2025-12-12,1570.34,paypal,success
3087,3526,2025-08-12,227.2,paypal,success
3088,3527,2025-10-20,1716.52,credit_card,success
3089,3528,2025-10-02,73.6,credit_card,success
3090,3529,2025-11-21,1067.98,credit_card,success
3091,3531,2025-04-29,2606.96,credit_card,success
3092,3532,2025-10-08,1905.21,paypal,success
3093,3533,2024-12-22,4661.33,credit_card,success
3094,3534,2025-01-28,1949.16,credit_card,success
3095,3535,2025-07-22,3502.19,credit_card,success
3096,3537,2025-05-14,2134.61,credit_card,refunded
3097,3538,2025-06-27,2037.49,credit_card,success
3098,3539,2025-10-31,1975.9,credit_card,success
3099,3540,2025-06-04,575.48,credit_card,success
3100,3541,2025-04-30,2963.01,credit_card,refunded
3101,3542,2025-09-26,441.33,credit_card,success
3102,3543,2025-07-23,2106.72,credit_card,success
3103,3544,2025-07-15,1512.05,credit_card,success
3104,3545,2025-05-05,2058.55,credit_card,success
3105,3546,2025-10-15,1728.18,paypal,success
3106,3547,2025-11-09,1124.69,paypal,success
3107,3548,2025-10-27,1414.68,credit_card,success
3108,3549,2025-10-08,2586.87,gift_card,success
3109,3550,2025-10-13,4580.01,paypal,success
3110,3551,2025-11-12,681.4,credit_card,success
3111,3552,2025-10-03,1132.13,credit_card,success
3112,3553,2025-10-29,2618.56,gift_card,success
3113,3554,2025-09-24,2481.78,credit_card,success
3114,3555,2025-12-21,1668.66,credit_card,success
3115,3556,2025-10-29,38.54,gift_card,refunded
3116,3557,2025-10-07,1680.27,paypal,success
3117,3558,2025-11-19,2048.75,credit_card,success
3118,3559,2025-11-16,1770.18,paypal,refunded
3119,3560,2025-12-27,1632.08,credit_card,success
3120,3561,2025-11-07,3840.21,credit_card,success
3121,3562,2025-12-22,335.8,credit_card,success
3122,3564,2025-11-30,1092.71,credit_card,success
3123,3565,2025-02-28,604.08,paypal,success
3124,3566,2025-06-01,1506.93,credit_card,success
3125,3567,2025-03-15,1310.19,credit_card,success
3126,3568,2025-08-02,840.44,credit_card,success
3127,3569,2025-09-29,1608.96,credit_card,success
3128,3571,2025-08-08,1520.94,credit_card,success
3129,3572,2025-12-08,983.0,credit_card,success
3130,3573,2025-12-23,723.45,paypal,success
3131,3574,2024-08-18,2443.43,credit_card,success
3132,3576,2025-06-03,2006.44,credit_card,success
3133,3577,2024-05-03,2243.09,paypal,success
3134,3578,2025-01-04,54.87,paypal,success
3135,3579,2024-09-29,2819.9,paypal,success
3136,3580,2025-12-14,137.96,gift_card,success
3137,3581,2025-12-31,1794.85,credit_card,success
3138,3582,2025-11-22,608.52,paypal,success
3139,3583,2025-02-28,1336.83,credit_card,success
3140,3584,2025-04-23,969.48,paypal,success
3141,3585,2025-12-03,329.92,credit_card,success
3142,3586,2025-01-29,363.81,credit_card,success
3143,3587,2025-05-23,2699.27,credit_card,refunded
3144,3588,2025-09-24,2614.4,gift_card,success
3145,3589,2025-11-06,2596.92,credit_card,success
3146,3590,2025-06-20,3198.38,paypal,success
3147,3592,2025-10-21,2448.55,paypal,success
3148,3593,2025-10-22,2129.13,credit_card,success
3149,3595,2025-11-01,4645.66,credit_card,success
3150,3596,2024-10-12,3499.66,credit_card,success
3151,3597,2025-10-02,315.25,credit_card,success
3152,3598,2025-11-13,677.36,credit_card,success
3153,3599,2025-12-17,2238.07,credit_card,success
3154,3600,2024-11-05,3282.52,paypal,success
3155,3601,2025-01-25,1084.76,credit_card,success
3156,3602,2025-07-04,1699.85,credit_card,success
3157,3603,2025-08-27,2139.38,credit_card,success
3158,3605,2025-12-27,461.12,paypal,success
3159,3606,2025-02-24,2261.7,credit_card,success
3160,3607,2025-09-06,1880.71,credit_card,success
3161,3608,2025-12-12,2443.31,paypal,refunded
3162,3609,2025-10-01,1148.59,credit_card,success
3163,3610,2025-05-25,1782.32,credit_card,success
3164,3611,2025-06-28,2094.64,paypal,success
3165,3612,2025-12-09,1094.76,credit_card,success
3166,3613,2024-05-25,350.8,credit_card,success
3167,3614,2025-12-07,1751.82,paypal,success
3168,3615,2025-07-01,1194.08,credit_card,success
3169,3616,2025-04-06,571.92,credit_card,success
3170,3617,2025-04-14,1464.52,credit_card,success
3171,3618,2025-06-27,3688.24,credit_card,success
3172,3620,2025-07-27,2022.04,gift_card,success
3173,3621,2025-08-26,3188.39,gift_card,refunded
3174,3622,2025-05-15,1135.41,credit_card,success
3175,3623,2025-10-14,1275.35,credit_card,success
3176,3624,2025-08-25,642.2,credit_card,success
3177,3625,2024-06-25,1760.87,credit_card,success
3178,3626,2025-10-05,1209.64,credit_card,success
3179,3628,2025-02-06,1843.57,paypal,success
3180,3629,2025-09-16,379.24,credit_card,success
3181,3630,2024-12-10,2859.83,credit_card,success
3182,3631,2025-11-10,3631.38,paypal,success
3183,3632,2025-10-05,413.08,gift_card,success
3184,3634,2025-11-16,110.4,credit_card,success
3185,3635,2025-06-16,1484.88,credit_card,success
3186,3636,2024-06-07,1797.93,gift_card,success
3187,3637,2025-09-01,4233.03,credit_card,success
3188,3638,2025-11-07,3161.02,credit_card,success
3189,3639,2024-12-16,2282.98,credit_card,success
3190,3640,2024-04-27,1070.59,credit_card,success
3191,3641,2024-05-26,1541.58,paypal,success
3192,3642,2024-09-25,714.88,credit_card,success
3193,3643,2025-12-05,1110.12,gift_card,refunded
3194,3644,2025-12-31,1572.39,paypal,refunded
3195,3645,2025-06-13,204.94,paypal,success
3196,3646,2025-11-04,2529.8,credit_card,success
3197,3647,2025-08-23,2659.3,credit_card,success
3198,3648,2024-12-24,1262.62,credit_card,success
3199,3649,2025-09-06,3101.55,credit_card,success
3200,3650,2024-10-19,1314.4,credit_card,success
3201,3651,2025-08-29,158.42,credit_card,success
3202,3652,2025-01-27,760.36,paypal,success
3203,3653,2025-06-29,992.28,paypal,success
3204,3654,2025-06-05,2159.3,credit_card,refunded
3205,3655,2025-11-27,3851.7,credit_card,success
3206,3656,2025-08-30,2684.23,credit_card,success
3207,3657,2025-09-04,1400.08,credit_card,success
3208,3658,2025-07-04,1745.99,credit_card,success
3209,3659,2025-09-02,2443.45,paypal,success
3210,3660,2024-11-30,3540.46,paypal,success
3211,3661,2025-06-17,1378.24,paypal,success
3212,3662,2025-08-20,2560.58,credit_card,refunded
3213,3663,2025-11-08,2233.02,credit_card,refunded
3214,3664,2025-11-17,780.27,credit_card,success
3215,3665,2025-10-07,1827.48,credit_card,success
3216,3666,2025-10-15,656.85,credit_card,success
3217,3667,2025-06-20,2096.54,paypal,success
3218,3668,2025-06-13,1253.59,paypal,success
3219,3669,2025-12-22,1205.93,credit_card,refunded
3220,3670,2025-12-08,139.64,paypal,success
3221,3671,2025-12-20,61.5,credit_card,success
3222,3672,2025-04-21,2530.62,credit_card,success
3223,3673,2025-12-05,975.06,paypal,success
3224,3675,2025-12-15,2404.26,credit_card,success
3225,3676,2025-10-23,1883.29,paypal,success
3226,3677,2025-10-31,1399.76,credit_card,success
3227,3678,2025-12-13,766.26,credit_card,success
3228,3679,2025-12-28,2918.4,credit_card,success
3229,3680,2025-12-05,641.4,gift_card,success
3230,3681,2025-08-04,1436.62,credit_card,success
3231,3682,2025-09-25,1975.91,credit_card,success
3232,3683,2025-02-25,71.23,paypal,refunded
3233,3684,2025-01-04,1400.08,credit_card,success
3234,3685,2025-04-24,2104.14,paypal,success
3235,3686,2025-09-20,2515.97,credit_card,success
3236,3687,2025-10-06,1303.7,credit_card,success
3237,3688,2025-10-01,1091.0,paypal,success
3238,3689,2025-10-31,3228.38,credit_card,success
3239,3690,2025-11-23,885.64,credit_card,success
3240,3691,2025-11-23,1008.03,credit_card,success
3241,3692,2025-08-17,1543.68,credit_card,success
3242,3693,2025-11-11,1146.64,paypal,success
3243,3694,2024-10-17,1656.44,credit_card,success
3244,3695,2025-09-05,1023.51,credit_card,success
3245,3696,2024-12-11,1280.46,credit_card,success
3246,3697,2025-03-07,866.22,credit_card,success
3247,3698,2025-12-28,1041.26,credit_card,success
3248,3699,2024-12-10,563.4,gift_card,success
3249,3700,2025-07-23,2669.61,paypal,success
3250,3701,2025-05-28,655.84,credit_card,success
3251,3702,2024-11-12,1908.02,credit_card,success
3252,3703,2025-03-26,1897.32,credit_card,success
3253,3704,2025-01-13,457.95,paypal,success
3254,3705,2025-06-22,2821.58,paypal,success
3255,3706,2025-06-05,1159.49,credit_card,success
3256,3707,2025-12-16,1579.62,credit_card,success
3257,3708,2025-12-27,713.92,credit_card,success
3258,3709,2025-05-13,1664.8,paypal,success
3259,3710,2025-05-16,12.67,paypal,success
3260,3711,2025-12-13,3193.53,credit_card,success
3261,3712,2025-12-09,114.66,credit_card,success
3262,3713,2025-12-05,686.7,credit_card,success
3263,3714,2025-12-05,3042.11,credit_card,success
3264,3715,2025-11-19,72.56,paypal,success
3265,3716,2025-12-16,2061.9,credit_card,success
3266,3718,2025-12-23,4037.53,paypal,success
3267,3719,2025-12-23,920.13,credit_card,success
3268,3720,2025-12-31,2116.43,paypal,success
3269,3721,2025-10-26,1721.93,paypal,success
3270,3722,2025-11-02,278.72,credit_card,success
3271,3723,2025-05-02,2135.41,credit_card,success
3272,3724,2025-01-09,755.04,credit_card,success
3273,3727,2025-12-07,1668.28,paypal,success
3274,3728,2025-12-22,1047.65,credit_card,success
3275,3729,2025-10-19,4696.91,credit_card,success
3276,3730,2025-04-07,2148.08,paypal,success
3277,3731,2024-12-01,1006.92,credit_card,success
3278,3732,2025-09-02,1539.42,credit_card,success
3279,3733,2025-01-26,1617.89,credit_card,success
3280,3734,2025-09-12,2208.46,paypal,success
3281,3735,2025-04-20,1143.55,credit_card,success
3282,3737,2025-07-27,3797.11,paypal,refunded
3283,3738,2024-09-18,2399.88,credit_card,success
3284,3739,2025-08-27,1077.2,credit_card,success
3285,3740,2025-03-01,1273.04,credit_card,refunded
3286,3741,2024-12-04,4715.29,paypal,success
3287,3742,2025-04-16,2563.89,credit_card,success
3288,3744,2025-09-20,3516.82,credit_card,success
3289,3745,2025-03-24,2928.4,credit_card,success
3290,3746,2025-05-22,1267.87,paypal,success
3291,3747,2024-12-03,712.08,paypal,success
3292,3748,2025-03-10,866.2,credit_card,success
3293,3750,2024-12-11,220.68,gift_card,success
3294,3751,2025-05-19,1468.66,credit_card,success
3295,3754,2025-11-17,1161.96,paypal,success
3296,3755,2025-02-02,634.74,credit_card,success
3297,3757,2025-02-19,566.76,paypal,success
3298,3758,2025-11-06,1085.09,gift_card,success
3299,3759,2025-09-10,1191.69,paypal,success
3300,3760,2024-10-14,1084.12,credit_card,success
3301,3761,2025-10-25,611.8,paypal,success
3302,3762,2025-03-15,2903.67,paypal,success
3303,3763,2025-06-05,1695.84,credit_card,success
3304,3764,2025-11-06,2094.17,credit_card,success
3305,3766,2024-10-19,304.26,paypal,success
3306,3767,2024-08-21,983.0,credit_card,success
3307,3768,2025-05-04,1660.22,credit_card,success
3308,3769,2024-09-06,1470.47,gift_card,success
3309,3770,2024-11-01,38.76,credit_card,success
3310,3771,2025-09-02,3349.89,credit_card,success
3311,3772,2024-06-23,2284.55,credit_card,success
3312,3773,2025-11-30,2695.05,credit_card,success
3313,3775,2025-03-09,279.57,credit_card,success
3314,3776,2024-06-28,774.45,paypal,success
3315,3777,2024-09-19,1374.84,credit_card,success
3316,3778,2025-07-18,1845.11,paypal,success
3317,3780,2025-10-03,1146.78,credit_card,success
3318,3781,2025-10-24,142.93,paypal,refunded
3319,3782,2025-07-05,815.16,credit_card,success
3320,3783,2026-01-01,991.06,credit_card,success
3321,3784,2025-05-14,866.1,credit_card,success
3322,3786,2025-09-03,1655.72,credit_card,success
3323,3787,2025-09-27,1098.26,credit_card,success
3324,3788,2025-12-18,2330.72,credit_card,success
3325,3789,2025-12-13,2288.08,credit_card,success
3326,3790,2025-12-28,1149.52,gift_card,success
3327,3791,2024-10-27,1472.08,credit_card,success
3328,3792,2024-03-28,1877.12,credit_card,success
3329,3793,2024-02-09,3019.37,credit_card,success
3330,3794,2024-06-10,1939.89,credit_card,success
3331,3795,2024-08-05,2850.62,credit_card,success
3332,3797,2025-08-26,1151.24,paypal,success
3333,3798,2025-08-11,1412.67,paypal,success
3334,3799,2025-12-10,152.44,paypal,success
3335,3800,2025-12-21,2833.31,credit_card,success
3336,3801,2025-11-02,545.5,credit_card,success
3337,3802,2025-10-08,1868.04,paypal,success
3338,3803,2025-02-10,2869.64,credit_card,success
3339,3804,2025-09-18,4714.98,credit_card,success
3340,3805,2025-12-30,1937.69,credit_card,success
3341,3806,2025-07-11,155.24,paypal,success
3342,3807,2024-07-11,1023.44,credit_card,success
3343,3808,2025-08-03,2344.01,credit_card,success
3344,3809,2025-03-25,2546.52,credit_card,success
3345,3810,2025-10-15,2066.64,credit_card,success
3346,3811,2025-04-25,796.4,paypal,success
3347,3812,2025-10-29,799.14,credit_card,success
3348,3813,2025-09-29,1337.8,credit_card,success
3349,3814,2024-09-29,968.49,paypal,success
3350,3816,2025-11-01,2737.13,credit_card,success
3351,3817,2024-12-13,2040.39,paypal,success
3352,3818,2024-08-16,2663.02,credit_card,success
3353,3819,2025-09-23,904.08,credit_card,success
3354,3820,2025-08-08,3184.36,credit_card,success
3355,3821,2025-08-13,2327.47,paypal,success
3356,3822,2025-11-05,1805.82,gift_card,success
3357,3823,2025-12-17,233.8,credit_card,success
3358,3824,2025-10-31,4095.92,paypal,success
3359,3825,2025-10-03,1486.84,credit_card,success
3360,3827,2025-12-26,842.68,credit_card,success
3361,3828,2025-10-10,351.2,credit_card,success
3362,3829,2024-09-10,64.51,paypal,success
3363,3830,2024-12-06,2967.37,credit_card,success
3364,3831,2024-09-02,110.4,credit_card,success
3365,3832,2025-02-01,811.99,credit_card,success
3366,3833,2024-09-22,601.98,paypal,success
3367,3834,2025-11-19,2213.71,credit_card,success
3368,3835,2024-07-07,717.68,paypal,success
3369,3836,2025-02-25,1117.9,credit_card,success
3370,3837,2024-10-26,2101.35,paypal,success
3371,3838,2025-08-19,2156.07,credit_card,success
3372,3840,2025-12-11,939.0,credit_card,success
3373,3841,2025-11-04,2449.13,credit_card,success
3374,3842,2025-12-30,1789.37,credit_card,success
3375,3843,2025-08-29,1883.08,credit_card,success
3376,3844,2025-12-07,270.3,gift_card,success
3377,3846,2025-06-04,945.81,credit_card,success
3378,3847,2025-10-11,2432.81,paypal,success
3379,3848,2025-12-14,151.02,credit_card,success
3380,3849,2025-12-27,222.52,credit_card,success
3381,3850,2025-08-17,1011.68,credit_card,success
3382,3851,2025-10-06,287.49,paypal,success
3383,3852,2025-09-07,1620.02,credit_card,success
3384,3854,2025-12-29,1784.64,credit_card,success
3385,3855,2025-11-11,175.26,credit_card,success
3386,3856,2025-12-02,947.41,paypal,success
3387,3857,2025-11-30,168.24,credit_card,success
3388,3858,2025-12-27,285.86,paypal,refunded
3389,3859,2025-09-20,2059.53,credit_card,success
3390,3860,2025-12-30,848.73,credit_card,success
3391,3861,2025-11-25,3485.2,credit_card,success
3392,3862,2025-10-18,3484.43,credit_card,success
3393,3863,2025-07-30,952.87,credit_card,success
3394,3864,2025-10-18,4266.97,credit_card,success
3395,3865,2025-09-06,540.78,paypal,success
3396,3866,2025-11-05,794.49,credit_card,success
3397,3867,2025-10-04,772.83,credit_card,success
3398,3868,2025-12-27,4218.15,credit_card,success
3399,3869,2025-10-26,3504.6,credit_card,success
3400,3870,2025-10-26,2364.03,paypal,success
3401,3872,2025-10-17,2212.6,paypal,success
3402,3874,2025-12-14,3464.17,paypal,success
3403,3875,2025-10-08,3841.55,credit_card,success
3404,3876,2025-10-25,3177.58,credit_card,success
3405,3878,2025-10-19,3677.7,credit_card,success
3406,3879,2025-11-03,1239.24,credit_card,success
3407,3880,2025-12-23,1374.26,paypal,success
3408,3881,2025-11-05,2273.88,credit_card,refunded
3409,3882,2025-02-03,1915.08,credit_card,success
3410,3883,2025-01-06,837.32,paypal,success
3411,3884,2025-08-10,1980.52,credit_card,success
3412,3885,2025-11-12,120.88,paypal,success
3413,3886,2025-09-02,2630.96,credit_card,success
3414,3887,2025-12-04,2168.84,credit_card,success
3415,3888,2025-10-28,2503.76,credit_card,success
3416,3889,2025-12-06,1329.08,credit_card,success
3417,3890,2025-12-07,1018.68,paypal,success
3418,3891,2025-11-16,5789.28,credit_card,success
3419,3892,2025-11-26,5567.43,credit_card,refunded
3420,3893,2025-12-10,2899.4,credit_card,success
3421,3894,2025-11-20,2692.04,credit_card,success
3422,3895,2025-12-12,38.01,gift_card,refunded
3423,3896,2025-11-30,2285.38,paypal,success
3424,3897,2025-11-09,5664.75,credit_card,success
3425,3898,2025-10-30,2516.14,paypal,success
3426,3899,2025-12-01,415.34,paypal,success
3427,3900,2025-12-21,1391.38,paypal,success
3428,3901,2025-12-02,2262.74,credit_card,success
3429,3902,2024-11-13,1228.76,credit_card,success
3430,3904,2025-07-22,3062.43,gift_card,success
3431,3905,2025-07-21,75.89,paypal,success
3432,3906,2025-04-21,970.97,credit_card,success
3433,3907,2025-12-21,187.8,credit_card,success
3434,3908,2025-12-02,1932.5,credit_card,success
3435,3909,2025-12-04,2470.41,paypal,success
3436,3910,2025-11-27,2040.44,credit_card,success
3437,3912,2025-06-16,1765.32,credit_card,success
3438,3913,2025-10-06,3111.53,credit_card,success
3439,3914,2024-10-27,2258.05,credit_card,success
3440,3915,2024-12-25,2431.15,credit_card,success
3441,3916,2024-11-29,172.04,paypal,success
3442,3917,2025-08-18,629.06,paypal,success
3443,3918,2025-08-14,322.84,credit_card,success
3444,3919,2025-12-27,2419.18,gift_card,success
3445,3920,2025-11-16,1525.86,credit_card,success
3446,3921,2025-10-19,202.35,credit_card,success
3447,3922,2025-12-12,1170.21,credit_card,success
3448,3923,2025-12-28,82.77,credit_card,success
3449,3924,2025-08-16,3009.55,paypal,success
3450,3925,2025-08-27,1789.03,paypal,success
3451,3926,2025-03-02,348.6,paypal,success
3452,3927,2025-10-09,2013.6,credit_card,success
3453,3928,2025-02-08,1768.88,paypal,success
3454,3930,2025-08-06,630.83,credit_card,success
3455,3931,2025-11-10,1082.59,credit_card,success
3456,3932,2025-11-13,2392.08,credit_card,success
3457,3933,2025-11-14,1560.48,credit_card,success
3458,3934,2025-06-19,1120.65,credit_card,success
3459,3937,2024-12-04,749.65,credit_card,success
3460,3938,2025-02-22,4258.5,gift_card,success
3461,3939,2025-11-09,2540.18,paypal,success
3462,3940,2025-03-26,1428.72,credit_card,success
3463,3941,2025-08-18,2415.76,credit_card,success
3464,3942,2025-06-10,3035.43,credit_card,success
3465,3943,2025-06-01,421.89,paypal,success
3466,3944,2024-11-03,1310.46,credit_card,success
3467,3945,2025-05-26,1674.27,credit_card,refunded
3468,3947,2025-11-24,2626.38,credit_card,success
3469,3948,2025-12-16,2117.91,credit_card,success
3470,3949,2025-11-23,564.42,paypal,success
3471,3950,2025-12-06,3298.85,paypal,success
3472,3951,2025-04-12,2352.6,credit_card,success
3473,3952,2025-11-20,2407.73,gift_card,success
3474,3953,2025-05-25,742.97,credit_card,success
3475,3955,2025-11-26,1153.33,credit_card,success
3476,3956,2025-10-12,1658.89,credit_card,success
3477,3958,2025-08-02,4849.64,credit_card,success
3478,3959,2025-08-13,1660.05,paypal,success
3479,3960,2025-05-01,3628.15,paypal,success
3480,3961,2025-06-20,1529.12,credit_card,success
3481,3962,2025-02-09,423.95,credit_card,success
3482,3964,2025-12-12,1133.08,credit_card,success
3483,3965,2025-07-03,201.38,credit_card,success
3484,3966,2025-08-06,2838.46,credit_card,success
3485,3967,2025-10-26,537.62,paypal,success
3486,3968,2025-10-13,670.09,credit_card,success
3487,3969,2025-10-16,1198.2,paypal,refunded
3488,3970,2025-07-25,1068.99,paypal,success
3489,3971,2024-03-31,1532.97,credit_card,success
3490,3973,2025-12-07,4242.11,gift_card,success
3491,3974,2025-06-15,2403.86,credit_card,success
3492,3975,2025-05-03,21.82,credit_card,success
3493,3977,2025-12-16,402.04,credit_card,success
3494,3978,2024-12-08,55.54,credit_card,success
3495,3980,2024-08-15,2124.51,credit_card,success
3496,3981,2025-11-04,1226.73,credit_card,success
3497,3983,2025-10-22,2754.58,credit_card,success
3498,3984,2025-12-23,1027.18,credit_card,success
3499,3986,2024-04-02,1418.12,credit_card,refunded
3500,3987,2024-08-27,659.93,credit_card,success
3501,3988,2025-10-28,1444.26,gift_card,success
3502,3989,2024-07-22,2960.18,credit_card,success
3503,3990,2024-11-10,1115.54,credit_card,success
3504,3991,2025-10-10,2096.57,credit_card,refunded
3505,3992,2025-11-16,1362.53,credit_card,refunded
3506,3993,2025-12-08,782.47,paypal,success
3507,3994,2025-12-25,972.61,credit_card,success
3508,3995,2024-11-03,1312.79,credit_card,success
3509,3996,2025-10-29,1490.58,credit_card,success
3510,3997,2025-12-22,1075.24,paypal,success
3511,3999,2025-07-11,2197.28,paypal,success
3512,4000,2025-10-09,1527.02,credit_card,success
3513,4001,2025-09-30,798.04,credit_card,success
3514,4002,2025-03-24,1126.09,credit_card,refunded
3515,4004,2025-10-09,257.61,paypal,success
3516,4005,2025-08-21,1444.76,credit_card,success
3517,4006,2025-07-01,762.93,paypal,success
3518,4007,2025-05-07,2016.92,gift_card,success
3519,4009,2025-12-21,565.82,paypal,success
3520,4010,2025-05-07,694.77,credit_card,success
3521,4011,2025-03-07,820.33,paypal,success
3522,4012,2025-10-26,2954.69,paypal,success
3523,4013,2025-12-10,2997.51,paypal,success
3524,4014,2025-10-18,3871.2,credit_card,success
3525,4015,2025-11-12,505.16,credit_card,success
3526,4016,2025-09-08,426.63,credit_card,success
3527,4017,2025-10-09,429.76,credit_card,success
3528,4018,2025-07-28,1993.34,credit_card,success
3529,4019,2025-12-03,1022.16,credit_card,success
3530,4020,2025-08-23,3803.18,credit_card,success
3531,4021,2025-01-15,1327.98,credit_card,success
3532,4022,2025-12-16,3420.73,credit_card,success
3533,4023,2025-12-07,3065.51,credit_card,success
3534,4024,2025-04-06,1763.69,credit_card,success
3535,4025,2024-12-17,1972.4,credit_card,success
3536,4026,2024-08-23,2417.05,credit_card,success
3537,4027,2025-04-22,316.82,paypal,success
3538,4028,2025-02-09,381.78,credit_card,success
3539,4029,2025-07-05,3658.69,credit_card,success
3540,4030,2025-04-19,429.44,credit_card,success
3541,4031,2025-06-06,2669.64,paypal,success
3542,4032,2025-10-26,867.7,paypal,success
3543,4033,2025-08-03,515.57,credit_card,success
3544,4034,2025-03-23,109.88,paypal,success
3545,4035,2025-12-13,1002.64,paypal,success
3546,4036,2025-11-07,963.3,credit_card,success
3547,4037,2025-03-16,851.9,credit_card,success
3548,4038,2025-12-18,2708.18,paypal,refunded
3549,4039,2024-09-13,1544.47,gift_card,success
3550,4040,2025-09-28,1209.98,credit_card,success
3551,4041,2025-11-21,878.38,credit_card,success
3552,4042,2025-11-29,1074.68,credit_card,success
3553,4043,2025-08-28,941.92,credit_card,success
3554,4044,2025-05-09,1381.33,credit_card,success
3555,4045,2025-10-15,147.84,credit_card,success
3556,4046,2025-09-06,1389.24,credit_card,success
3557,4047,2025-07-17,3179.1,credit_card,success
3558,4048,2025-11-22,1441.1,credit_card,success
3559,4049,2025-12-11,690.75,paypal,success
3560,4050,2025-12-20,1625.07,credit_card,success
3561,4051,2025-12-13,4408.25,credit_card,success
3562,4053,2025-12-27,2576.13,credit_card,success
3563,4054,2024-10-08,3726.1,paypal,success
3564,4055,2024-11-20,1653.65,credit_card,success
3565,4056,2025-10-31,1408.4,credit_card,refunded
3566,4057,2025-07-14,393.2,credit_card,success
3567,4058,2024-08-19,557.71,paypal,refunded
3568,4059,2025-06-21,2643.06,credit_card,success
3569,4060,2025-03-10,1966.54,credit_card,success
3570,4061,2024-09-16,309.31,credit_card,success
3571,4062,2025-01-20,251.36,credit_card,success
3572,4063,2025-02-12,2276.23,paypal,success
3573,4064,2025-04-09,2225.99,paypal,success
3574,4065,2024-09-16,2037.64,credit_card,success
3575,4066,2024-12-12,53.96,paypal,success
3576,4067,2025-05-19,806.92,credit_card,success
3577,4068,2025-10-15,1893.34,credit_card,success
3578,4069,2025-05-31,1660.3,credit_card,success
3579,4070,2024-11-14,3757.88,paypal,success
3580,4072,2025-12-24,854.86,credit_card,success
3581,4073,2025-11-24,646.2,paypal,success
3582,4074,2025-02-11,531.18,credit_card,success
3583,4075,2025-10-09,1361.17,credit_card,success
3584,4076,2025-08-18,839.79,paypal,success
3585,4079,2025-06-22,3616.2,paypal,success
3586,4080,2025-10-06,861.81,paypal,success
3587,4082,2024-09-08,194.73,paypal,success
3588,4083,2024-10-18,3409.27,credit_card,success
3589,4084,2025-10-25,398.4,credit_card,success
3590,4085,2025-03-26,1538.57,credit_card,success
3591,4086,2025-09-26,485.75,paypal,refunded
3592,4088,2025-10-14,2691.76,credit_card,success
3593,4089,2024-12-21,2713.8,credit_card,success
3594,4090,2025-10-29,357.78,credit_card,success
3595,4091,2024-09-27,3132.45,paypal,success
3596,4092,2024-12-30,749.36,credit_card,success
3597,4093,2024-07-05,2542.11,credit_card,success
3598,4094,2025-09-07,3470.19,gift_card,success
3599,4095,2025-09-28,819.48,paypal,success
3600,4096,2025-09-30,2782.71,credit_card,success
3601,4097,2025-01-31,4762.28,paypal,success
3602,4098,2025-06-07,2640.62,credit_card,success
3603,4100,2025-12-14,2052.44,credit_card,refunded
3604,4101,2024-07-13,714.51,credit_card,success
3605,4102,2024-05-10,2200.66,credit_card,success
3606,4103,2025-05-11,1056.3,credit_card,refunded
3607,4104,2025-04-01,3253.47,paypal,success
3608,4105,2025-12-05,3104.73,paypal,success
3609,4106,2025-06-22,1532.92,credit_card,success
3610,4107,2025-10-02,1382.37,credit_card,success
3611,4108,2025-10-19,1187.29,credit_card,success
3612,4109,2025-12-24,1891.69,paypal,success
3613,4110,2025-12-21,422.25,credit_card,success
3614,4111,2025-12-12,1362.33,paypal,success
3615,4112,2025-12-11,1382.21,credit_card,success
3616,4113,2025-12-27,1612.93,credit_card,success
3617,4114,2025-12-23,663.46,credit_card,success
3618,4115,2025-12-19,1063.68,credit_card,success
3619,4116,2026-01-02,137.96,paypal,success
3620,4117,2025-01-27,2965.95,credit_card,success
3621,4118,2025-04-22,268.14,paypal,success
3622,4120,2024-12-05,262.42,credit_card,success
3623,4121,2024-06-28,1821.41,credit_card,success
3624,4122,2025-11-28,3705.2,gift_card,success
3625,4123,2025-05-02,1047.61,paypal,success
3626,4124,2025-09-06,2730.09,paypal,success
3627,4125,2025-11-07,3005.89,credit_card,success
3628,4127,2025-07-01,1686.78,paypal,success
3629,4128,2025-07-19,1438.01,paypal,success
3630,4129,2025-10-27,1061.26,credit_card,success
3631,4130,2025-12-02,1883.65,credit_card,success
3632,4132,2024-11-29,2762.76,paypal,success
3633,4133,2025-07-20,1350.64,paypal,success
3634,4134,2025-03-13,1854.47,credit_card,success
3635,4135,2025-12-21,259.16,credit_card,success
3636,4136,2025-12-26,2291.19,paypal,success
3637,4137,2025-11-07,1661.68,credit_card,success
3638,4138,2024-05-28,1408.1,paypal,success
3639,4139,2024-09-05,2353.53,credit_card,success
3640,4140,2025-12-18,682.54,paypal,success
3641,4141,2025-07-21,3187.34,credit_card,success
3642,4142,2025-11-08,347.58,paypal,success
3643,4143,2025-09-05,497.02,credit_card,success
3644,4144,2025-03-10,1598.73,credit_card,success
3645,4145,2024-09-21,1915.08,gift_card,success
3646,4146,2024-10-23,670.83,gift_card,success
3647,4147,2024-06-10,1974.34,credit_card,success
3648,4148,2025-12-24,328.02,credit_card,success
3649,4149,2025-07-09,2626.88,credit_card,success
3650,4150,2025-11-13,975.42,credit_card,success
3651,4151,2025-09-09,1751.88,credit_card,success
3652,4152,2025-10-15,1617.89,credit_card,success
3653,4153,2025-08-20,1764.29,credit_card,success
3654,4154,2025-01-11,316.08,paypal,success
3655,4155,2025-06-16,98.97,paypal,refunded
3656,4156,2025-06-21,678.7,paypal,success
3657,4157,2025-12-14,1318.65,credit_card,success
3658,4158,2025-11-20,1194.03,paypal,success
3659,4161,2025-08-22,3179.01,paypal,success
3660,4162,2025-01-15,1312.14,credit_card,success
3661,4163,2025-05-19,498.77,credit_card,success
3662,4164,2025-09-30,887.08,credit_card,refunded
3663,4165,2025-08-10,3106.16,credit_card,success
3664,4166,2025-08-07,498.77,credit_card,success
3665,4167,2025-05-13,772.83,credit_card,success
3666,4168,2025-08-30,2111.29,credit_card,success
3667,4169,2025-09-17,2984.36,credit_card,success
3668,4170,2025-09-22,787.26,credit_card,success
3669,4171,2025-11-02,4079.22,credit_card,success
3670,4173,2025-09-10,1788.39,paypal,success
3671,4174,2025-12-07,2337.95,credit_card,success
3672,4176,2024-10-22,2776.37,paypal,success
3673,4177,2025-08-18,1773.52,paypal,success
3674,4178,2025-12-09,3269.17,gift_card,success
3675,4179,2025-11-18,1025.74,credit_card,success
3676,4181,2025-11-03,252.58,credit_card,success
3677,4182,2025-09-12,74.4,credit_card,success
3678,4183,2025-04-21,1913.95,credit_card,success
3679,4184,2025-04-19,2333.68,credit_card,refunded
3680,4185,2025-06-13,3254.82,credit_card,success
3681,4186,2025-08-13,331.34,credit_card,success
3682,4187,2025-05-17,1743.51,credit_card,success
3683,4188,2025-02-09,913.21,credit_card,success
3684,4189,2025-10-17,2363.15,credit_card,success
3685,4190,2025-01-27,1692.04,credit_card,success
3686,4191,2024-12-21,3738.14,paypal,success
3687,4192,2025-11-16,1385.96,credit_card,success
3688,4193,2024-12-31,2032.57,credit_card,success
3689,4194,2025-06-03,829.96,credit_card,success
3690,4195,2025-04-29,4571.04,paypal,success
3691,4196,2025-11-03,65.59,credit_card,success
3692,4197,2025-02-10,568.84,gift_card,success
3693,4198,2025-02-12,3308.01,gift_card,success
3694,4199,2025-12-24,1287.69,credit_card,success
3695,4200,2024-07-25,1211.52,paypal,success
3696,4201,2025-07-20,2211.09,credit_card,success
3697,4203,2025-01-03,19.36,credit_card,success
3698,4204,2025-10-28,809.67,credit_card,success
3699,4205,2025-10-15,1489.91,paypal,success
