session_id,customer_id,session_start,session_end,device,landing_page,marketing_campaign_id,converted
1,1011,2024-06-24 04:16:52,2024-06-24 04:57:52,mobile,/blog,,False
2,196,2025-09-14 14:38:45,2025-09-14 15:08:45,tablet,/category/electronics,,False
3,,2025-10-31 15:34:19,2025-10-31 16:04:19,desktop,/category/apparel,1,False
4,,2024-10-27 18:03:35,2024-10-27 18:32:35,mobile,/blog,7,False
5,1192,2025-07-21 14:28:36,2025-07-21 14:37:36,mobile,/home,,False
6,775,2025-08-10 03:18:39,2025-08-10 03:25:39,mobile,/deals,,False
7,,2025-01-28 15:46:38,2025-01-28 16:06:38,mobile,/blog,,False
8,1282,2025-09-27 11:16:20,2025-09-27 11:20:20,mobile,/category/electronics,,True
9,,2025-04-12 21:08:39,2025-04-12 21:32:39,mobile,/blog,2,False
10,1424,2025-12-11 11:39:41,2025-12-11 12:08:41,mobile,/category/apparel,,True
11,485,2025-11-26 06:31:26,2025-11-26 07:03:26,mobile,/blog,,False
12,,2025-04-12 20:25:20,2025-04-12 21:09:20,mobile,/home,1,False
13,,2024-05-05 02:13:05,2024-05-05 02:34:05,tablet,/blog,,False
14,527,2025-11-12 13:01:46,2025-11-12 13:37:46,mobile,/home,15,False
15,683,2024-11-22 13:48:52,2024-11-22 14:09:52,desktop,/deals,,False
16,,2025-09-07 04:16:08,2025-09-07 04:27:08,tablet,/blog,6,False
17,,2025-09-02 05:18:55,2025-09-02 05:51:55,desktop,/product-search,12,False
18,,2024-12-17 08:26:54,2024-12-17 09:00:54,desktop,/category/apparel,11,False
19,264,2025-04-22 03:04:58,2025-04-22 03:22:58,mobile,/blog,,True
20,,2024-03-30 10:30:46,2024-03-30 10:53:46,tablet,/category/electronics,,False
21,1393,2025-09-27 05:10:02,2025-09-27 05:43:02,mobile,/home,,False
22,1429,2025-07-24 09:19:58,2025-07-24 09:24:58,mobile,/product-search,,True
23,,2025-02-28 22:56:24,2025-02-28 23:05:24,mobile,/blog,5,False
24,,2025-07-29 13:30:04,2025-07-29 13:44:04,tablet,/blog,,False
25,,2024-11-20 06:43:37,2024-11-20 07:20:37,mobile,/product-search,5,False
26,,2024-01-31 07:54:05,2024-01-31 07:55:05,desktop,/deals,,False
27,882,2025-11-16 10:51:15,2025-11-16 11:09:15,mobile,/category/electronics,5,False
28,,2024-04-15 06:10:37,2024-04-15 06:50:37,tablet,/home,12,False
29,1287,2025-04-14 18:02:20,2025-04-14 18:34:20,tablet,/home,2,False
30,800,2025-09-21 16:47:49,2025-09-21 17:03:49,mobile,/deals,,True
31,,2025-09-01 01:15:16,2025-09-01 01:59:16,tablet,/home,10,False
32,927,2025-07-18 04:35:41,2025-07-18 05:08:41,tablet,/category/apparel,14,False
33,732,2025-12-27 21:29:12,2025-12-27 21:47:12,mobile,/deals,3,False
34,781,2025-12-30 06:12:01,2025-12-30 06:51:01,desktop,/category/apparel,14,False
35,593,2025-09-26 12:44:00,2025-09-26 12:52:00,mobile,/product-search,10,False
36,491,2025-11-03 14:30:05,2025-11-03 14:49:05,desktop,/category/apparel,,False
37,459,2025-07-05 11:36:04,2025-07-05 12:02:04,mobile,/category/apparel,1,False
38,280,2025-11-17 12:36:36,2025-11-17 12:52:36,desktop,/home,14,False
39,1119,2025-12-15 09:42:03,2025-12-15 09:47:03,desktop,/home,,True
40,1078,2025-11-27 20:37:33,2025-11-27 21:04:33,tablet,/deals,,False
41,85,2025-12-26 03:37:40,2025-12-26 03:39:40,tablet,/deals,2,False
42,660,2024-12-26 20:07:07,2024-12-26 20:36:07,mobile,/product-search,,False
43,,2024-04-10 14:48:34,2024-04-10 15:05:34,tablet,/deals,1,False
44,1476,2024-12-14 05:45:09,2024-12-14 06:07:09,desktop,/blog,,False
45,1077,2025-01-30 11:24:10,2025-01-30 11:31:10,mobile,/home,,False
46,504,2025-07-27 01:04:35,2025-07-27 01:15:35,desktop,/category/electronics,,False
47,1497,2025-04-14 03:40:17,2025-04-14 03:48:17,mobile,/category/electronics,13,False
48,1409,2024-07-17 03:01:30,2024-07-17 03:05:30,mobile,/blog,,False
49,,2025-01-25 13:28:53,2025-01-25 13:35:53,mobile,/blog,,False
50,,2024-11-19 13:05:21,2024-11-19 13:32:21,mobile,/deals,,True
51,,2025-08-04 17:14:45,2025-08-04 17:51:45,mobile,/category/electronics,,False
52,69,2025-03-07 23:40:29,2025-03-07 23:47:29,mobile,/blog,,False
53,674,2025-08-08 04:06:14,2025-08-08 04:49:14,mobile,/product-search,15,True
54,549,2024-10-14 16:58:18,2024-10-14 17:26:18,tablet,/product-search,,False
55,1407,2025-11-16 21:43:39,2025-11-16 21:55:39,desktop,/home,13,False
56,1383,2025-11-22 02:40:24,2025-11-22 03:16:24,mobile,/home,,True
57,1467,2025-12-25 18:33:24,2025-12-25 18:44:24,tablet,/home,,False
58,268,2025-08-24 13:20:23,2025-08-24 13:46:23,tablet,/category/electronics,,True
59,1254,2025-08-27 11:50:45,2025-08-27 12:02:45,mobile,/category/electronics,5,True
60,803,2025-09-18 12:43:58,2025-09-18 12:51:58,tablet,/deals,,True
61,,2024-10-18 21:06:33,2024-10-18 21:36:33,tablet,/product-search,,False
62,,2025-11-19 06:30:16,2025-11-19 07:10:16,desktop,/deals,,False
63,595,2025-10-06 09:11:28,2025-10-06 09:55:28,tablet,/deals,,False
64,438,2025-10-14 19:19:33,2025-10-14 19:24:33,tablet,/home,,False
65,177,2025-08-28 20:33:55,2025-08-28 21:07:55,tablet,/home,,False
66,321,2025-05-14 14:31:30,2025-05-14 15:08:30,desktop,/deals,,False
67,,2025-07-27 16:04:49,2025-07-27 16:32:49,mobile,/category/apparel,14,False
68,423,2025-06-21 22:12:09,2025-06-21 22:44:09,desktop,/deals,,False
69,,2024-12-26 09:53:21,2024-12-26 10:38:21,tablet,/blog,,True
70,367,2025-12-26 06:26:25,2025-12-26 06:28:25,mobile,/blog,,False
71,1016,2025-10-18 00:32:15,2025-10-18 00:45:15,desktop,/category/apparel,,False
72,57,2025-08-14 02:28:37,2025-08-14 02:32:37,tablet,/home,,True
73,1296,2025-12-13 07:32:39,2025-12-13 07:33:39,mobile,/product-search,,False
74,,2024-03-01 07:34:42,2024-03-01 08:19:42,tablet,/blog,,False
75,,2024-12-01 14:44:30,2024-12-01 14:51:30,desktop,/product-search,,False
76,1078,2025-08-17 15:49:30,2025-08-17 16:21:30,desktop,/product-search,,False
77,1033,2025-07-01 05:30:05,2025-07-01 05:33:05,mobile,/deals,12,False
78,,2025-12-01 19:05:20,2025-12-01 19:38:20,mobile,/blog,,False
79,,2024-07-04 00:14:43,2024-07-04 00:15:43,tablet,/category/apparel,15,False
80,,2025-07-16 02:40:28,2025-07-16 02:53:28,desktop,/home,11,False
81,139,2025-12-12 13:06:12,2025-12-12 13:48:12,desktop,/product-search,12,False
82,,2025-08-05 03:02:06,2025-08-05 03:43:06,tablet,/category/electronics,9,False
83,739,2025-05-12 23:11:12,2025-05-12 23:41:12,mobile,/home,,False
84,,2024-01-21 18:11:10,2024-01-21 18:25:10,mobile,/deals,,False
85,386,2025-03-01 08:19:59,2025-03-01 08:37:59,desktop,/deals,10,False
86,137,2025-08-01 06:06:16,2025-08-01 06:24:16,mobile,/product-search,,False
87,337,2025-08-12 12:06:47,2025-08-12 12:37:47,mobile,/home,10,False
88,,2025-12-19 09:52:33,2025-12-19 10:11:33,desktop,/category/apparel,,False
89,1052,2025-10-20 19:22:56,2025-10-20 20:03:56,mobile,/home,5,True
90,948,2025-06-02 13:04:34,2025-06-02 13:09:34,desktop,/category/electronics,,True
91,1305,2025-05-16 00:21:59,2025-05-16 00:55:59,tablet,/deals,,False
92,1138,2024-08-12 08:59:02,2024-08-12 09:27:02,tablet,/blog,,False
93,,2024-06-28 18:06:27,2024-06-28 18:09:27,desktop,/category/electronics,,False
94,,2024-04-15 07:26:44,2024-04-15 08:11:44,desktop,/category/electronics,4,False
95,,2024-02-26 10:08:09,2024-02-26 10:38:09,mobile,/category/apparel,,False
96,,2024-06-29 23:37:35,2024-06-29 23:53:35,tablet,/category/apparel,6,False
97,95,2025-09-28 00:16:48,2025-09-28 00:56:48,mobile,/deals,,True
98,,2025-02-15 07:58:51,2025-02-15 08:15:51,tablet,/blog,2,False
99,352,2025-03-05 02:16:26,2025-03-05 02:53:26,tablet,/category/electronics,,False
100,1257,2025-10-09 16:58:55,2025-10-09 17:02:55,tablet,/deals,,False
101,22,2025-01-15 12:12:17,2025-01-15 12:54:17,tablet,/category/electronics,,False
102,1445,2025-09-13 07:48:33,2025-09-13 08:03:33,tablet,/category/electronics,14,False
103,351,2025-08-17 18:42:32,2025-08-17 18:44:32,tablet,/category/electronics,9,False
104,127,2025-12-16 12:41:55,2025-12-16 13:01:55,desktop,/category/apparel,12,False
105,795,2024-12-04 11:04:44,2024-12-04 11:44:44,mobile,/deals,8,False
106,,2025-01-04 18:06:44,2025-01-04 18:30:44,tablet,/category/apparel,,False
107,567,2025-02-20 12:55:05,2025-02-20 13:13:05,tablet,/home,,False
108,,2024-06-23 08:47:00,2024-06-23 08:48:00,desktop,/category/apparel,13,False
109,448,2025-12-02 08:25:23,2025-12-02 09:07:23,tablet,/product-search,,False
110,492,2025-09-20 05:14:02,2025-09-20 05:30:02,tablet,/blog,8,False
111,,2025-02-06 23:47:37,2025-02-06 23:52:37,desktop,/deals,,False
112,734,2025-12-21 09:30:28,2025-12-21 09:34:28,tablet,/deals,,False
113,,2025-11-14 09:08:53,2025-11-14 09:26:53,desktop,/home,,False
114,1147,2025-11-07 18:28:56,2025-11-07 19:07:56,desktop,/category/electronics,,False
115,,2025-08-08 14:57:21,2025-08-08 15:23:21,mobile,/blog,14,False
116,,2024-12-16 10:39:00,2024-12-16 11:01:00,desktop,/blog,,False
117,39,2024-09-12 15:39:16,2024-09-12 16:22:16,mobile,/blog,,False
118,,2024-10-01 23:16:48,2024-10-01 23:22:48,desktop,/category/electronics,13,False
119,1244,2025-11-08 20:54:50,2025-11-08 21:27:50,desktop,/home,11,False
120,535,2025-07-20 19:58:55,2025-07-20 20:41:55,tablet,/category/electronics,,False
121,947,2024-03-25 00:14:46,2024-03-25 00:52:46,desktop,/deals,,False
122,22,2024-12-13 16:55:50,2024-12-13 17:14:50,tablet,/category/apparel,6,False
123,664,2025-05-29 02:54:00,2025-05-29 03:10:00,mobile,/product-search,,False
124,1088,2025-12-21 04:51:30,2025-12-21 05:05:30,tablet,/deals,,False
125,,2024-02-22 03:02:22,2024-02-22 03:43:22,tablet,/category/apparel,,False
126,,2024-12-24 17:06:31,2024-12-24 17:33:31,mobile,/product-search,9,False
127,644,2024-08-02 19:16:34,2024-08-02 19:55:34,desktop,/home,,False
128,103,2025-11-17 01:57:32,2025-11-17 02:02:32,desktop,/blog,7,True
129,1216,2025-01-06 23:38:35,2025-01-06 23:58:35,desktop,/blog,,True
130,1333,2025-12-20 08:15:26,2025-12-20 08:26:26,desktop,/category/electronics,6,False
131,,2024-11-28 01:56:47,2024-11-28 02:41:47,desktop,/category/apparel,,False
132,,2025-07-15 13:52:10,2025-07-15 14:12:10,desktop,/home,,False
133,988,2025-08-01 20:10:35,2025-08-01 20:38:35,desktop,/category/apparel,14,False
134,885,2025-01-30 03:47:53,2025-01-30 04:01:53,mobile,/deals,,False
135,957,2025-06-26 07:09:41,2025-06-26 07:49:41,tablet,/deals,,False
136,1459,2025-03-02 17:24:23,2025-03-02 17:39:23,desktop,/product-search,12,False
137,,2025-05-08 22:21:39,2025-05-08 22:48:39,mobile,/product-search,13,False
138,,2024-06-02 02:59:25,2024-06-02 03:14:25,mobile,/home,,False
139,,2024-07-07 07:30:42,2024-07-07 08:07:42,tablet,/category/apparel,2,False
140,,2025-12-31 10:33:48,2025-12-31 10:56:48,mobile,/home,,False
141,515,2025-01-13 14:43:10,2025-01-13 15:15:10,tablet,/product-search,3,False
142,615,2025-07-22 07:09:52,2025-07-22 07:23:52,mobile,/category/electronics,2,False
143,,2025-12-27 10:20:44,2025-12-27 10:41:44,tablet,/blog,,False
144,,2025-01-19 19:44:08,2025-01-19 19:46:08,desktop,/blog,,False
145,,2025-08-26 21:38:31,2025-08-26 21:46:31,tablet,/category/apparel,3,False
146,214,2025-08-06 09:29:56,2025-08-06 10:04:56,mobile,/deals,7,False
147,,2025-12-24 14:14:12,2025-12-24 14:41:12,mobile,/blog,,False
148,,2024-08-06 23:50:30,2024-08-07 00:34:30,tablet,/product-search,,False
149,300,2025-02-15 03:56:56,2025-02-15 04:25:56,tablet,/category/electronics,,False
150,846,2024-06-12 14:59:04,2024-06-12 15:35:04,tablet,/blog,,False
151,357,2025-11-29 17:45:06,2025-11-29 18:18:06,desktop,/deals,,True
152,,2025-08-15 21:22:25,2025-08-15 21:42:25,tablet,/home,,False
153,454,2025-09-29 23:46:56,2025-09-30 00:25:56,tablet,/category/apparel,,True
154,,2025-02-18 18:01:53,2025-02-18 18:39:53,tablet,/home,1,False
155,,2025-04-24 16:33:10,2025-04-24 16:55:10,mobile,/category/electronics,5,False
156,1273,2025-09-27 06:15:08,2025-09-27 07:00:08,mobile,/deals,10,False
157,1284,2025-12-10 14:19:52,2025-12-10 14:31:52,desktop,/deals,10,False
158,,2024-12-21 01:48:55,2024-12-21 02:25:55,desktop,/category/apparel,,False
159,,2024-03-05 13:28:14,2024-03-05 13:29:14,desktop,/category/apparel,,False
160,867,2025-05-17 05:58:02,2025-05-17 06:04:02,mobile,/blog,7,True
161,,2024-05-30 02:02:51,2024-05-30 02:20:51,tablet,/home,,False
162,,2025-05-31 14:27:20,2025-05-31 14:58:20,desktop,/product-search,,False
163,697,2024-12-26 11:47:57,2024-12-26 12:17:57,mobile,/product-search,,False
164,,2025-08-29 10:32:55,2025-08-29 11:05:55,mobile,/deals,6,False
165,252,2025-11-24 00:11:23,2025-11-24 00:48:23,tablet,/category/electronics,,False
166,879,2024-05-18 03:19:01,2024-05-18 04:04:01,desktop,/product-search,,True
167,452,2025-04-10 09:32:35,2025-04-10 10:11:35,mobile,/category/apparel,,False
168,,2024-11-12 01:44:49,2024-11-12 02:02:49,mobile,/product-search,3,False
169,,2025-10-07 19:29:11,2025-10-07 19:35:11,tablet,/home,,False
170,,2025-07-19 09:51:24,2025-07-19 10:14:24,desktop,/blog,,False
171,,2024-10-17 18:45:47,2024-10-17 18:51:47,desktop,/category/electronics,12,False
172,,2024-05-02 04:46:50,2024-05-02 04:48:50,desktop,/deals,8,False
173,587,2025-10-05 22:40:52,2025-10-05 23:18:52,mobile,/category/electronics,9,False
174,,2024-12-23 21:52:19,2024-12-23 22:21:19,mobile,/category/electronics,,False
175,773,2025-12-08 04:00:32,2025-12-08 04:08:32,tablet,/category/apparel,,False
176,1019,2025-04-14 08:41:19,2025-04-14 09:22:19,desktop,/blog,7,True
177,606,2025-10-23 03:34:33,2025-10-23 04:01:33,tablet,/deals,,False
178,551,2025-12-27 09:38:53,2025-12-27 09:39:53,desktop,/home,,True
179,,2024-08-01 19:59:49,2024-08-01 20:02:49,desktop,/home,,False
180,1495,2024-07-03 20:59:04,2024-07-03 21:35:04,mobile,/home,,True
181,1438,2025-05-15 08:28:57,2025-05-15 08:37:57,tablet,/category/electronics,,False
182,,2024-05-01 20:41:42,2024-05-01 20:57:42,mobile,/deals,,False
183,954,2025-12-11 01:07:28,2025-12-11 01:50:28,mobile,/blog,,False
184,,2025-04-14 20:41:03,2025-04-14 21:13:03,desktop,/category/electronics,,False
185,725,2025-06-21 11:24:14,2025-06-21 11:29:14,mobile,/home,,False
186,22,2024-10-02 04:16:35,2024-10-02 04:43:35,desktop,/blog,3,False
187,366,2025-12-21 00:58:28,2025-12-21 01:18:28,desktop,/category/apparel,,False
188,1196,2025-08-11 14:05:55,2025-08-11 14:30:55,mobile,/blog,12,False
189,,2025-03-11 20:35:41,2025-03-11 21:06:41,tablet,/category/electronics,,False
190,77,2025-10-06 20:39:36,2025-10-06 21:08:36,desktop,/blog,6,True
191,1021,2025-12-18 06:10:23,2025-12-18 06:21:23,mobile,/blog,,False
192,1468,2025-02-05 08:36:16,2025-02-05 09:13:16,desktop,/blog,,False
193,1194,2025-08-16 16:16:37,2025-08-16 16:24:37,tablet,/category/electronics,,False
194,325,2025-01-09 17:00:21,2025-01-09 17:15:21,mobile,/deals,,False
195,794,2025-12-17 21:15:25,2025-12-17 21:30:25,mobile,/deals,,False
196,736,2025-07-18 08:37:31,2025-07-18 08:55:31,mobile,/blog,6,False
197,760,2025-12-27 16:30:22,2025-12-27 16:35:22,desktop,/category/apparel,1,False
198,860,2025-09-04 12:59:53,2025-09-04 13:03:53,desktop,/product-search,2,True
199,15,2025-08-24 03:05:28,2025-08-24 03:26:28,mobile,/category/apparel,15,False
200,,2025-08-21 08:20:05,2025-08-21 09:05:05,tablet,/category/electronics,1,False
201,289,2025-12-29 05:57:38,2025-12-29 06:18:38,tablet,/category/electronics,,False
202,1065,2025-12-25 09:31:52,2025-12-25 10:02:52,mobile,/category/electronics,,False
203,1245,2025-05-22 12:14:19,2025-05-22 12:35:19,tablet,/category/apparel,,False
204,885,2025-02-25 21:45:05,2025-02-25 22:30:05,mobile,/category/apparel,,False
205,827,2025-01-29 05:01:41,2025-01-29 05:16:41,desktop,/deals,,True
206,,2024-02-14 01:57:13,2024-02-14 02:04:13,mobile,/product-search,4,False
207,635,2025-08-14 19:59:24,2025-08-14 20:04:24,mobile,/category/apparel,,False
208,,2024-05-20 07:20:19,2024-05-20 08:01:19,mobile,/category/apparel,,False
209,,2025-02-16 22:12:08,2025-02-16 22:44:08,mobile,/product-search,,False
210,16,2025-05-13 03:03:59,2025-05-13 03:16:59,mobile,/category/apparel,,False
211,1192,2025-06-15 12:51:33,2025-06-15 12:53:33,desktop,/category/apparel,,True
212,1026,2025-10-30 01:14:26,2025-10-30 01:21:26,mobile,/category/apparel,,True
213,725,2025-07-08 00:50:39,2025-07-08 01:06:39,tablet,/category/apparel,,False
214,335,2025-11-04 10:34:49,2025-11-04 10:41:49,tablet,/blog,11,False
215,999,2025-07-06 20:19:30,2025-07-06 21:00:30,desktop,/category/apparel,10,True
216,1031,2025-05-19 18:26:43,2025-05-19 18:28:43,tablet,/product-search,,False
217,178,2025-03-25 22:05:03,2025-03-25 22:25:03,desktop,/category/electronics,8,True
218,992,2025-08-03 19:52:12,2025-08-03 20:09:12,tablet,/category/electronics,,True
219,966,2025-11-23 01:27:17,2025-11-23 01:55:17,tablet,/deals,14,False
220,,2024-08-06 03:01:59,2024-08-06 03:44:59,desktop,/category/electronics,,False
221,1379,2024-08-16 11:52:08,2024-08-16 12:23:08,desktop,/product-search,,False
222,244,2025-09-09 10:33:24,2025-09-09 10:39:24,tablet,/category/apparel,7,False
223,,2024-05-12 21:59:52,2024-05-12 22:40:52,desktop,/category/electronics,,False
224,,2025-10-08 06:07:08,2025-10-08 06:44:08,desktop,/product-search,,False
225,,2024-09-17 13:27:34,2024-09-17 13:35:34,mobile,/deals,,False
226,624,2025-06-30 12:36:57,2025-06-30 12:57:57,tablet,/product-search,8,True
227,,2024-02-28 11:19:56,2024-02-28 11:30:56,mobile,/blog,3,False
228,,2024-05-14 08:05:41,2024-05-14 08:49:41,tablet,/blog,,False
229,271,2024-10-21 16:26:19,2024-10-21 16:41:19,tablet,/home,14,False
230,,2025-07-17 07:12:02,2025-07-17 07:46:02,tablet,/product-search,,False
231,592,2025-12-27 02:49:51,2025-12-27 03:33:51,desktop,/home,,False
232,493,2025-01-31 02:08:10,2025-01-31 02:34:10,mobile,/deals,,True
233,180,2025-09-28 06:24:15,2025-09-28 06:25:15,tablet,/deals,,False
234,197,2024-08-17 11:56:26,2024-08-17 12:08:26,desktop,/product-search,3,False
235,,2025-02-15 06:55:57,2025-02-15 07:39:57,desktop,/product-search,,False
236,,2025-01-09 12:46:38,2025-01-09 13:18:38,mobile,/product-search,3,False
237,958,2025-03-02 12:02:32,2025-03-02 12:18:32,tablet,/home,10,False
238,1481,2025-06-25 17:40:04,2025-06-25 17:56:04,desktop,/category/apparel,,False
239,299,2025-01-25 18:22:27,2025-01-25 18:42:27,mobile,/home,14,False
240,,2024-01-21 07:53:48,2024-01-21 08:35:48,mobile,/deals,,False
241,148,2024-06-12 14:53:29,2024-06-12 14:57:29,desktop,/blog,,False
242,,2025-04-30 20:14:14,2025-04-30 20:21:14,tablet,/category/electronics,14,False
243,,2025-06-01 02:21:20,2025-06-01 03:05:20,mobile,/category/apparel,13,False
244,,2024-11-18 14:31:34,2024-11-18 14:56:34,mobile,/category/apparel,,False
245,,2025-02-26 07:59:05,2025-02-26 08:30:05,desktop,/category/electronics,,False
246,420,2025-05-04 22:54:29,2025-05-04 23:37:29,mobile,/deals,1,True
247,913,2025-12-10 12:37:05,2025-12-10 13:08:05,tablet,/blog,7,False
248,,2024-10-18 16:59:08,2024-10-18 17:22:08,mobile,/category/electronics,13,False
249,298,2025-10-19 03:51:30,2025-10-19 04:20:30,mobile,/deals,,False
250,567,2025-09-20 02:04:29,2025-09-20 02:33:29,mobile,/product-search,2,False
251,,2025-09-29 21:41:14,2025-09-29 22:03:14,mobile,/category/apparel,11,False
252,731,2025-10-20 00:59:04,2025-10-20 01:06:04,tablet,/blog,3,False
253,1014,2025-09-09 18:10:47,2025-09-09 18:25:47,mobile,/category/apparel,6,False
254,330,2025-11-16 11:50:47,2025-11-16 12:16:47,desktop,/deals,,False
255,,2024-12-01 10:50:15,2024-12-01 11:01:15,desktop,/product-search,1,False
256,,2025-01-12 23:57:30,2025-01-13 00:36:30,tablet,/product-search,9,False
257,258,2025-12-27 16:18:40,2025-12-27 16:34:40,mobile,/product-search,6,True
258,1015,2025-12-11 06:42:08,2025-12-11 07:06:08,mobile,/category/electronics,14,True
259,1170,2025-12-19 07:04:47,2025-12-19 07:43:47,desktop,/blog,,False
260,1328,2025-12-15 00:57:05,2025-12-15 01:41:05,tablet,/category/apparel,,False
261,427,2024-06-05 00:50:17,2024-06-05 01:10:17,tablet,/category/electronics,1,False
262,,2024-12-02 08:03:07,2024-12-02 08:15:07,desktop,/blog,,False
263,805,2024-08-30 18:39:24,2024-08-30 19:00:24,desktop,/category/apparel,,True
264,902,2025-08-01 11:04:25,2025-08-01 11:21:25,tablet,/category/electronics,,False
265,,2025-04-22 16:36:30,2025-04-22 16:49:30,desktop,/home,,False
266,508,2025-12-11 11:58:48,2025-12-11 12:30:48,mobile,/product-search,,True
267,358,2025-07-21 04:26:17,2025-07-21 04:40:17,desktop,/blog,,False
268,982,2025-12-06 06:57:21,2025-12-06 07:17:21,mobile,/deals,,False
269,,2024-05-12 06:35:59,2024-05-12 06:56:59,tablet,/product-search,4,False
270,,2024-08-07 02:10:50,2024-08-07 02:28:50,mobile,/category/apparel,,False
271,,2024-11-11 21:32:53,2024-11-11 21:48:53,mobile,/deals,12,False
272,893,2025-09-19 21:58:23,2025-09-19 22:36:23,tablet,/blog,,True
273,,2025-10-28 21:37:51,2025-10-28 21:59:51,tablet,/home,8,False
274,742,2025-11-26 06:37:07,2025-11-26 06:52:07,desktop,/deals,11,False
275,1215,2025-09-10 06:40:59,2025-09-10 07:13:59,desktop,/category/electronics,8,False
276,618,2025-10-19 04:49:46,2025-10-19 05:34:46,desktop,/category/apparel,,False
277,,2025-09-17 06:01:46,2025-09-17 06:45:46,desktop,/deals,14,False
278,,2024-11-23 14:04:59,2024-11-23 14:10:59,tablet,/blog,7,False
279,209,2024-07-12 16:14:08,2024-07-12 16:58:08,desktop,/home,,False
280,100,2025-07-04 18:50:40,2025-07-04 18:56:40,desktop,/product-search,15,False
281,156,2024-07-11 09:46:10,2024-07-11 10:05:10,mobile,/home,,False
282,,2025-04-24 22:22:52,2025-04-24 22:28:52,desktop,/blog,4,False
283,850,2025-12-26 00:04:08,2025-12-26 00:29:08,tablet,/deals,13,False
284,881,2025-11-03 12:11:32,2025-11-03 12:44:32,mobile,/product-search,,False
285,179,2025-12-14 08:17:07,2025-12-14 08:51:07,tablet,/deals,,False
286,,2024-07-03 17:36:45,2024-07-03 17:38:45,mobile,/home,,False
287,1186,2025-05-18 06:22:46,2025-05-18 07:00:46,mobile,/home,9,False
288,,2024-01-14 00:37:04,2024-01-14 01:04:04,tablet,/home,9,False
289,1000,2025-09-01 23:49:11,2025-09-02 00:09:11,desktop,/home,12,True
290,701,2024-10-28 06:22:25,2024-10-28 06:35:25,mobile,/blog,2,False
291,,2024-09-14 20:51:51,2024-09-14 20:56:51,desktop,/deals,7,False
292,,2025-02-01 02:51:24,2025-02-01 03:24:24,tablet,/category/apparel,,False
293,109,2025-12-17 14:01:50,2025-12-17 14:43:50,desktop,/blog,4,False
294,412,2025-10-21 15:13:14,2025-10-21 15:52:14,tablet,/blog,,False
295,1127,2025-08-02 08:52:55,2025-08-02 09:16:55,tablet,/category/electronics,,True
296,1482,2025-06-23 15:44:28,2025-06-23 16:05:28,desktop,/category/apparel,,False
297,890,2025-12-07 18:18:32,2025-12-07 18:57:32,desktop,/deals,,False
298,,2024-10-19 14:36:30,2024-10-19 14:41:30,mobile,/category/electronics,,False
299,1375,2025-12-26 08:41:29,2025-12-26 09:26:29,tablet,/product-search,,False
300,,2025-11-12 23:30:04,2025-11-12 23:59:04,mobile,/blog,,False
301,,2025-10-29 13:09:22,2025-10-29 13:47:22,tablet,/home,8,False
302,1184,2025-06-03 09:36:31,2025-06-03 10:16:31,desktop,/product-search,1,False
303,58,2025-05-08 06:08:14,2025-05-08 06:44:14,desktop,/product-search,10,False
304,1227,2025-05-08 08:55:06,2025-05-08 09:20:06,tablet,/home,,False
305,,2025-04-14 21:56:35,2025-04-14 22:35:35,tablet,/blog,12,False
306,1247,2024-03-19 10:04:05,2024-03-19 10:31:05,mobile,/product-search,,True
307,1018,2025-12-22 08:46:16,2025-12-22 08:51:16,desktop,/category/apparel,,False
308,,2024-12-02 10:23:19,2024-12-02 11:05:19,mobile,/blog,1,False
309,,2024-07-12 02:01:23,2024-07-12 02:10:23,mobile,/deals,13,False
310,,2025-06-04 00:19:07,2025-06-04 00:43:07,mobile,/category/electronics,,False
311,268,2024-10-27 02:45:27,2024-10-27 02:51:27,mobile,/product-search,,True
312,150,2025-02-26 16:36:31,2025-02-26 17:12:31,desktop,/category/apparel,,False
313,,2024-09-10 06:21:33,2024-09-10 06:54:33,mobile,/deals,3,True
314,1029,2025-11-09 03:34:00,2025-11-09 04:03:00,mobile,/home,,False
315,229,2024-12-14 06:03:08,2024-12-14 06:40:08,tablet,/blog,11,False
316,677,2025-11-11 05:44:33,2025-11-11 05:58:33,mobile,/category/electronics,3,False
317,,2024-09-09 22:59:56,2024-09-09 23:32:56,tablet,/blog,,False
318,439,2025-11-13 07:07:24,2025-11-13 07:32:24,tablet,/deals,3,False
319,910,2025-08-16 20:15:04,2025-08-16 20:17:04,mobile,/blog,,False
320,,2025-04-24 04:08:17,2025-04-24 04:31:17,tablet,/deals,,False
321,,2024-08-17 12:31:33,2024-08-17 12:50:33,tablet,/category/electronics,15,True
322,238,2025-11-25 20:03:58,2025-11-25 20:05:58,mobile,/category/apparel,,True
323,,2024-11-21 14:59:37,2024-11-21 15:17:37,tablet,/product-search,,False
324,,2024-07-11 16:48:55,2024-07-11 17:26:55,mobile,/product-search,4,False
325,231,2025-01-13 21:58:01,2025-01-13 22:01:01,tablet,/category/electronics,,False
326,378,2025-09-14 21:45:03,2025-09-14 22:30:03,mobile,/category/electronics,,False
327,,2024-05-09 05:50:43,2024-05-09 05:56:43,tablet,/home,8,False
328,,2025-06-06 10:37:36,2025-06-06 11:19:36,mobile,/product-search,,False
329,1118,2025-03-07 08:45:24,2025-03-07 09:16:24,tablet,/blog,,False
330,1321,2024-05-20 06:16:58,2024-05-20 06:26:58,desktop,/category/apparel,1,False
331,,2025-03-26 16:14:50,2025-03-26 16:49:50,tablet,/product-search,,False
332,640,2025-08-15 16:06:00,2025-08-15 16:17:00,mobile,/blog,,False
333,977,2024-11-23 16:51:04,2024-11-23 17:23:04,mobile,/deals,,False
334,1435,2025-10-10 16:45:31,2025-10-10 17:15:31,tablet,/category/apparel,,False
335,108,2025-09-09 18:14:57,2025-09-09 18:50:57,desktop,/category/electronics,,False
336,78,2025-02-10 14:54:45,2025-02-10 15:31:45,mobile,/deals,11,True
337,,2024-02-06 07:31:47,2024-02-06 07:56:47,desktop,/blog,3,False
338,457,2025-06-03 10:22:37,2025-06-03 10:34:37,tablet,/home,,True
339,541,2025-06-10 21:45:17,2025-06-10 21:47:17,mobile,/blog,6,False
340,,2025-08-29 12:28:47,2025-08-29 12:57:47,desktop,/category/electronics,,False
341,521,2024-06-28 23:28:17,2024-06-28 23:59:17,tablet,/category/electronics,,True
342,1499,2025-03-06 10:19:46,2025-03-06 11:01:46,mobile,/product-search,,False
343,180,2025-10-19 14:58:52,2025-10-19 15:19:52,tablet,/product-search,10,False
344,331,2025-10-05 14:41:02,2025-10-05 15:22:02,tablet,/blog,,False
345,1369,2025-04-07 12:14:11,2025-04-07 12:49:11,mobile,/category/electronics,,True
346,1326,2025-10-28 03:29:08,2025-10-28 03:52:08,desktop,/blog,,False
347,864,2025-12-21 18:03:21,2025-12-21 18:28:21,desktop,/product-search,13,False
348,102,2025-07-19 23:08:41,2025-07-19 23:19:41,desktop,/deals,,False
349,1459,2025-06-24 09:22:52,2025-06-24 09:54:52,desktop,/home,13,False
350,729,2025-08-20 18:20:10,2025-08-20 18:31:10,desktop,/category/apparel,,False
351,,2024-05-02 04:00:41,2024-05-02 04:25:41,tablet,/product-search,,False
352,,2025-05-08 10:03:55,2025-05-08 10:26:55,mobile,/home,1,False
353,1458,2025-12-23 22:16:12,2025-12-23 22:22:12,desktop,/blog,4,False
354,672,2025-06-07 09:48:35,2025-06-07 10:13:35,desktop,/category/apparel,14,False
355,,2024-04-10 05:45:26,2024-04-10 05:48:26,desktop,/product-search,13,False
356,766,2024-07-17 21:19:08,2024-07-17 21:48:08,desktop,/home,,False
357,1361,2025-08-15 18:22:18,2025-08-15 18:42:18,tablet,/category/electronics,4,False
358,661,2025-02-10 15:14:32,2025-02-10 15:54:32,mobile,/deals,,False
359,293,2025-05-12 11:24:37,2025-05-12 12:01:37,tablet,/home,11,True
360,1225,2025-04-20 14:05:41,2025-04-20 14:17:41,tablet,/blog,,True
361,708,2025-04-14 17:50:42,2025-04-14 18:21:42,mobile,/product-search,10,False
362,434,2024-11-04 06:04:34,2024-11-04 06:05:34,mobile,/product-search,,False
363,,2025-10-26 13:35:21,2025-10-26 13:36:21,tablet,/category/apparel,,False
364,1427,2025-02-20 02:15:48,2025-02-20 02:32:48,desktop,/product-search,,False
365,1374,2025-10-21 14:15:44,2025-10-21 14:46:44,tablet,/home,14,False
366,,2025-06-05 13:49:01,2025-06-05 14:01:01,mobile,/product-search,8,False
367,623,2025-08-15 13:17:13,2025-08-15 14:00:13,desktop,/category/electronics,,False
368,266,2025-11-30 06:52:58,2025-11-30 06:53:58,tablet,/category/electronics,,False
369,327,2025-02-28 17:13:07,2025-02-28 17:49:07,desktop,/blog,2,False
370,597,2025-11-09 16:41:08,2025-11-09 16:51:08,tablet,/product-search,,True
371,1266,2025-10-30 04:37:16,2025-10-30 04:52:16,tablet,/blog,12,False
372,1052,2025-10-26 21:17:38,2025-10-26 21:31:38,mobile,/category/electronics,,False
373,336,2025-12-27 06:18:47,2025-12-27 06:56:47,tablet,/product-search,15,False
374,,2025-02-06 04:54:42,2025-02-06 05:25:42,mobile,/category/electronics,,False
375,,2025-02-13 10:01:30,2025-02-13 10:08:30,mobile,/category/apparel,,False
376,1121,2025-09-21 17:10:13,2025-09-21 17:39:13,desktop,/blog,,False
377,781,2025-12-28 10:06:25,2025-12-28 10:21:25,mobile,/category/apparel,14,False
378,,2025-10-02 08:07:38,2025-10-02 08:39:38,mobile,/home,,False
379,820,2025-12-19 09:24:50,2025-12-19 09:49:50,tablet,/deals,3,True
380,1150,2025-03-11 06:27:14,2025-03-11 06:56:14,desktop,/category/apparel,,False
381,268,2025-11-05 02:20:16,2025-11-05 02:56:16,mobile,/category/electronics,,False
382,265,2024-11-03 20:26:15,2024-11-03 20:44:15,desktop,/home,5,True
383,1085,2025-08-19 08:55:14,2025-08-19 09:01:14,desktop,/blog,6,False
384,,2025-01-28 03:27:38,2025-01-28 03:47:38,desktop,/category/apparel,,False
385,,2024-07-15 03:51:16,2024-07-15 04:21:16,mobile,/deals,,False
386,,2025-01-14 07:05:19,2025-01-14 07:38:19,tablet,/category/apparel,12,False
387,1094,2025-09-13 00:58:01,2025-09-13 01:09:01,mobile,/deals,12,False
388,,2025-03-13 09:45:49,2025-03-13 10:08:49,tablet,/home,,False
389,,2025-10-08 02:56:53,2025-10-08 03:33:53,mobile,/home,,False
390,172,2025-08-29 18:46:31,2025-08-29 19:14:31,desktop,/home,,True
391,1378,2025-07-08 04:01:33,2025-07-08 04:05:33,desktop,/blog,,False
392,,2024-03-30 08:23:43,2024-03-30 08:39:43,mobile,/home,,False
393,,2025-05-22 09:00:02,2025-05-22 09:04:02,desktop,/blog,3,False
394,1485,2025-11-01 19:50:54,2025-11-01 20:23:54,desktop,/deals,1,True
395,,2024-04-14 20:17:42,2024-04-14 20:22:42,desktop,/blog,,False
396,,2025-02-25 10:52:40,2025-02-25 11:37:40,desktop,/deals,,False
397,190,2025-07-29 16:05:35,2025-07-29 16:18:35,tablet,/product-search,,False
398,,2024-08-12 00:52:08,2024-08-12 01:26:08,desktop,/category/electronics,,False
399,542,2025-09-19 01:57:21,2025-09-19 02:05:21,mobile,/deals,,False
400,554,2025-12-11 07:12:48,2025-12-11 07:41:48,tablet,/category/electronics,8,False
401,834,2024-12-11 09:06:39,2024-12-11 09:42:39,mobile,/category/apparel,,False
402,870,2025-06-27 08:19:57,2025-06-27 08:36:57,mobile,/home,,False
403,677,2025-11-17 16:35:56,2025-11-17 17:06:56,desktop,/blog,10,False
404,,2024-09-09 19:19:44,2024-09-09 19:29:44,mobile,/product-search,,False
405,,2024-01-26 21:48:00,2024-01-26 22:03:00,mobile,/category/apparel,7,False
406,1252,2025-07-09 14:14:31,2025-07-09 14:30:31,desktop,/blog,,True
407,774,2024-10-29 23:49:24,2024-10-29 23:54:24,mobile,/category/electronics,11,False
408,735,2025-03-13 12:47:38,2025-03-13 13:13:38,desktop,/category/electronics,7,False
409,109,2025-12-19 10:54:53,2025-12-19 11:16:53,mobile,/blog,11,False
410,,2024-03-03 13:08:38,2024-03-03 13:35:38,tablet,/product-search,,False
411,638,2025-12-07 10:14:55,2025-12-07 10:16:55,desktop,/home,12,False
412,863,2024-12-19 07:31:20,2024-12-19 08:02:20,desktop,/category/electronics,10,False
413,239,2025-11-04 15:02:17,2025-11-04 15:15:17,desktop,/deals,,False
414,645,2024-10-10 06:00:27,2024-10-10 06:33:27,tablet,/deals,,False
415,1268,2024-10-30 09:06:34,2024-10-30 09:14:34,mobile,/blog,,False
416,706,2025-10-18 09:25:57,2025-10-18 10:02:57,tablet,/category/apparel,,True
417,443,2025-01-22 23:01:30,2025-01-22 23:18:30,mobile,/deals,7,False
418,,2024-10-09 20:23:50,2024-10-09 20:59:50,desktop,/blog,4,False
419,234,2024-12-26 15:02:35,2024-12-26 15:21:35,tablet,/deals,,False
420,,2025-09-11 08:25:29,2025-09-11 08:40:29,tablet,/home,,False
421,,2024-03-22 00:05:29,2024-03-22 00:27:29,tablet,/deals,,False
422,218,2025-06-02 16:09:29,2025-06-02 16:34:29,mobile,/blog,2,False
423,1496,2025-10-27 12:45:36,2025-10-27 12:48:36,mobile,/category/electronics,15,True
424,,2024-06-30 04:11:08,2024-06-30 04:56:08,desktop,/category/electronics,,False
425,294,2025-12-29 03:54:28,2025-12-29 04:27:28,mobile,/blog,,False
426,1427,2025-10-28 23:41:24,2025-10-29 00:09:24,desktop,/deals,,False
427,,2025-04-15 02:04:29,2025-04-15 02:30:29,mobile,/product-search,,False
428,887,2025-02-27 02:21:33,2025-02-27 02:43:33,desktop,/category/electronics,9,False
429,173,2025-08-03 17:35:00,2025-08-03 18:04:00,tablet,/home,5,False
430,1119,2025-12-15 04:12:48,2025-12-15 04:16:48,mobile,/home,,False
431,1002,2025-07-13 10:38:01,2025-07-13 11:11:01,tablet,/blog,12,True
432,,2025-03-24 03:30:27,2025-03-24 03:36:27,desktop,/category/electronics,5,False
433,459,2025-08-14 17:11:42,2025-08-14 17:17:42,mobile,/deals,,True
434,1376,2025-02-13 23:55:43,2025-02-14 00:11:43,tablet,/category/electronics,,True
435,1258,2024-02-26 20:44:32,2024-02-26 21:05:32,tablet,/home,13,False
436,1082,2025-01-13 13:56:37,2025-01-13 14:07:37,tablet,/category/apparel,,False
437,728,2024-08-28 07:02:18,2024-08-28 07:19:18,desktop,/product-search,5,True
438,,2024-06-04 09:32:53,2024-06-04 10:01:53,desktop,/blog,,False
439,,2025-01-09 19:42:52,2025-01-09 19:55:52,desktop,/home,,False
440,543,2025-01-10 18:06:56,2025-01-10 18:44:56,mobile,/deals,11,False
441,597,2024-08-31 01:21:55,2024-08-31 01:45:55,tablet,/category/electronics,,False
442,,2025-01-14 06:02:39,2025-01-14 06:08:39,tablet,/blog,,False
443,,2025-02-23 17:14:00,2025-02-23 17:40:00,tablet,/product-search,,False
444,938,2024-05-27 22:18:12,2024-05-27 22:44:12,mobile,/category/apparel,,False
445,157,2024-11-11 09:09:21,2024-11-11 09:12:21,mobile,/category/electronics,,False
446,514,2025-11-14 21:36:32,2025-11-14 22:08:32,mobile,/product-search,,False
447,,2024-02-24 18:56:29,2024-02-24 19:02:29,tablet,/product-search,8,False
448,1243,2025-12-19 05:27:15,2025-12-19 05:56:15,desktop,/blog,2,True
449,1111,2025-12-04 16:37:54,2025-12-04 16:39:54,mobile,/blog,9,False
450,669,2025-12-08 18:07:42,2025-12-08 18:09:42,mobile,/deals,,False
451,,2024-08-11 05:33:00,2024-08-11 05:58:00,desktop,/category/electronics,,False
452,,2025-03-11 10:40:06,2025-03-11 11:15:06,mobile,/blog,,False
453,,2025-12-11 07:19:11,2025-12-11 07:57:11,mobile,/home,3,False
454,1426,2025-01-14 15:22:07,2025-01-14 15:49:07,mobile,/blog,9,False
455,1132,2024-11-28 19:37:39,2024-11-28 20:18:39,desktop,/home,,False
456,1361,2025-01-13 12:34:19,2025-01-13 12:43:19,desktop,/product-search,2,False
457,,2024-07-08 06:19:02,2024-07-08 06:33:02,mobile,/home,14,False
458,544,2025-01-02 09:25:04,2025-01-02 09:54:04,mobile,/home,,False
459,,2025-07-05 20:11:22,2025-07-05 20:38:22,desktop,/category/apparel,6,False
460,,2024-06-06 23:03:33,2024-06-06 23:27:33,desktop,/category/apparel,,False
461,1445,2025-04-26 21:24:38,2025-04-26 22:01:38,desktop,/deals,10,False
462,819,2024-08-12 02:31:34,2024-08-12 02:49:34,desktop,/blog,,True
463,581,2025-10-28 10:14:19,2025-10-28 10:32:19,tablet,/category/apparel,,False
464,,2025-02-18 15:15:59,2025-02-18 15:45:59,mobile,/deals,13,False
465,,2025-04-05 17:46:54,2025-04-05 18:15:54,desktop,/blog,,False
466,,2025-09-22 09:05:45,2025-09-22 09:47:45,tablet,/deals,,False
467,1441,2025-09-22 00:52:31,2025-09-22 01:12:31,tablet,/deals,1,True
468,665,2025-11-24 21:42:06,2025-11-24 22:02:06,mobile,/deals,3,True
469,799,2025-01-20 02:47:05,2025-01-20 02:54:05,tablet,/category/apparel,2,False
470,,2025-06-17 04:58:23,2025-06-17 05:40:23,tablet,/home,5,False
471,1218,2025-11-06 12:53:11,2025-11-06 13:15:11,desktop,/category/electronics,4,True
472,,2024-11-16 06:01:15,2024-11-16 06:39:15,desktop,/deals,,False
473,996,2025-07-08 00:09:25,2025-07-08 00:21:25,desktop,/home,15,False
474,535,2025-08-02 00:34:25,2025-08-02 00:45:25,tablet,/deals,,False
475,,2024-07-25 01:53:57,2024-07-25 02:35:57,desktop,/product-search,1,False
476,816,2025-10-30 15:12:07,2025-10-30 15:56:07,mobile,/home,,True
477,1439,2025-03-09 09:10:24,2025-03-09 09:38:24,desktop,/deals,,False
478,,2025-12-29 16:40:54,2025-12-29 16:52:54,desktop,/home,11,False
479,,2025-03-26 23:42:58,2025-03-26 23:50:58,tablet,/category/electronics,,False
480,1358,2025-04-23 07:36:23,2025-04-23 08:08:23,desktop,/category/electronics,7,False
481,879,2025-01-02 20:10:28,2025-01-02 20:26:28,desktop,/blog,,False
482,,2025-12-13 22:56:07,2025-12-13 23:35:07,tablet,/deals,,False
483,1400,2025-04-10 05:13:04,2025-04-10 05:17:04,mobile,/home,14,False
484,,2024-01-12 15:01:08,2024-01-12 15:27:08,mobile,/blog,2,False
485,,2025-12-17 22:12:12,2025-12-17 22:57:12,mobile,/category/apparel,,False
486,,2024-01-21 14:19:21,2024-01-21 14:59:21,desktop,/category/apparel,9,False
487,,2025-01-26 23:02:08,2025-01-26 23:16:08,desktop,/deals,,False
488,979,2025-11-05 22:59:34,2025-11-05 23:10:34,desktop,/category/apparel,,False
489,1465,2024-08-09 22:34:32,2024-08-09 23:03:32,tablet,/home,,True
490,,2025-05-22 19:22:55,2025-05-22 19:46:55,desktop,/category/apparel,,False
491,,2024-01-14 00:42:40,2024-01-14 01:18:40,mobile,/category/electronics,13,True
492,,2025-09-09 01:23:34,2025-09-09 01:54:34,desktop,/deals,2,True
493,14,2025-12-03 17:05:32,2025-12-03 17:11:32,mobile,/category/apparel,7,False
494,138,2025-06-30 10:06:44,2025-06-30 10:30:44,desktop,/blog,7,False
495,58,2025-03-18 23:37:11,2025-03-19 00:21:11,desktop,/product-search,,False
496,710,2025-10-22 11:28:18,2025-10-22 11:50:18,desktop,/home,,False
497,600,2025-05-23 05:09:16,2025-05-23 05:35:16,tablet,/category/electronics,,False
498,1194,2025-05-30 07:11:58,2025-05-30 07:14:58,tablet,/category/apparel,,False
499,544,2025-04-04 23:35:41,2025-04-04 23:37:41,mobile,/category/electronics,10,False
500,522,2025-09-12 17:20:13,2025-09-12 17:56:13,desktop,/category/electronics,,False
501,1285,2025-12-18 19:58:21,2025-12-18 20:08:21,mobile,/category/apparel,,False
502,29,2024-09-04 22:05:32,2024-09-04 22:07:32,tablet,/product-search,,False
503,,2024-06-27 22:13:58,2024-06-27 22:30:58,tablet,/product-search,,False
504,261,2025-11-24 03:19:13,2025-11-24 03:31:13,mobile,/category/apparel,12,True
505,1403,2025-05-17 04:20:10,2025-05-17 04:21:10,tablet,/product-search,,False
506,15,2025-10-05 04:10:16,2025-10-05 04:21:16,desktop,/category/electronics,,False
507,,2024-04-06 03:34:14,2024-04-06 03:56:14,mobile,/category/electronics,,False
508,,2024-04-08 17:54:32,2024-04-08 18:28:32,tablet,/category/electronics,,False
509,1355,2025-10-21 06:43:51,2025-10-21 06:58:51,mobile,/category/electronics,11,False
510,955,2025-12-31 22:46:23,2025-12-31 23:21:23,desktop,/category/electronics,,False
511,,2025-05-12 04:22:25,2025-05-12 05:01:25,mobile,/product-search,,False
512,1090,2025-04-18 09:21:52,2025-04-18 09:59:52,tablet,/category/electronics,,False
513,,2025-05-02 21:22:23,2025-05-02 22:04:23,desktop,/home,,False
514,,2025-11-07 12:09:51,2025-11-07 12:27:51,mobile,/category/apparel,,False
515,1426,2024-05-16 06:32:24,2024-05-16 07:03:24,mobile,/category/apparel,8,True
516,,2024-01-16 23:21:34,2024-01-16 23:28:34,desktop,/home,7,False
517,406,2025-10-01 23:15:04,2025-10-01 23:55:04,desktop,/product-search,7,False
518,882,2025-11-21 01:44:29,2025-11-21 02:25:29,desktop,/blog,15,False
519,902,2025-04-07 20:30:33,2025-04-07 21:10:33,tablet,/blog,1,False
520,287,2025-11-22 03:36:33,2025-11-22 04:19:33,mobile,/home,,False
521,,2024-12-18 02:57:58,2024-12-18 03:10:58,desktop,/category/electronics,,True
522,1081,2025-12-25 03:07:22,2025-12-25 03:30:22,tablet,/category/electronics,12,False
523,,2025-05-25 01:02:23,2025-05-25 01:45:23,desktop,/deals,,False
524,1379,2025-06-25 03:06:48,2025-06-25 03:34:48,mobile,/category/apparel,11,False
525,1499,2024-10-26 03:21:54,2024-10-26 04:06:54,tablet,/product-search,10,False
526,,2024-04-04 04:37:39,2024-04-04 04:41:39,desktop,/deals,,False
527,621,2025-12-18 16:57:33,2025-12-18 17:10:33,mobile,/blog,,False
528,676,2025-09-07 03:16:15,2025-09-07 03:26:15,desktop,/blog,,False
529,,2024-04-24 07:33:27,2024-04-24 08:18:27,desktop,/blog,,False
530,,2024-02-20 20:58:48,2024-02-20 21:25:48,tablet,/home,13,False
531,1199,2025-12-28 02:38:31,2025-12-28 03:00:31,desktop,/category/apparel,8,False
532,1040,2024-11-29 04:27:46,2024-11-29 05:09:46,mobile,/blog,,False
533,147,2025-02-14 10:32:06,2025-02-14 11:01:06,tablet,/deals,7,True
534,,2024-06-16 06:21:13,2024-06-16 07:06:13,tablet,/blog,10,False
535,1368,2025-01-28 09:55:54,2025-01-28 10:23:54,mobile,/deals,3,False
536,461,2025-11-10 03:50:02,2025-11-10 04:07:02,tablet,/blog,9,False
537,1399,2025-11-04 04:06:53,2025-11-04 04:19:53,mobile,/category/apparel,,False
538,,2025-05-25 01:48:10,2025-05-25 01:57:10,tablet,/blog,,True
539,818,2025-07-28 10:25:08,2025-07-28 10:27:08,mobile,/deals,1,False
540,,2024-12-24 14:06:41,2024-12-24 14:41:41,desktop,/blog,,False
541,183,2025-08-27 23:44:42,2025-08-28 00:00:42,desktop,/home,,True
542,1425,2024-08-06 21:45:15,2024-08-06 22:23:15,tablet,/category/apparel,,False
543,,2024-11-19 04:12:24,2024-11-19 04:34:24,desktop,/category/apparel,,False
544,1409,2025-10-04 02:01:47,2025-10-04 02:18:47,tablet,/home,5,False
545,1011,2025-07-07 05:24:28,2025-07-07 05:44:28,mobile,/home,,False
546,1144,2025-06-06 02:58:41,2025-06-06 03:06:41,desktop,/blog,10,False
547,110,2024-12-20 04:55:33,2024-12-20 05:16:33,desktop,/product-search,2,False
548,506,2025-04-14 10:50:16,2025-04-14 11:21:16,tablet,/category/electronics,4,False
549,,2025-10-06 10:38:01,2025-10-06 11:04:01,mobile,/product-search,12,False
550,505,2024-08-20 13:19:42,2024-08-20 13:41:42,mobile,/blog,,False
551,878,2025-11-12 08:14:48,2025-11-12 08:46:48,tablet,/home,,False
552,1368,2025-02-27 05:27:34,2025-02-27 05:42:34,mobile,/home,9,False
553,127,2025-09-24 05:25:04,2025-09-24 05:39:04,mobile,/category/electronics,,True
554,160,2025-01-22 17:58:51,2025-01-22 18:26:51,desktop,/home,1,False
555,794,2025-05-16 22:52:56,2025-05-16 23:35:56,mobile,/deals,,True
556,626,2025-05-21 21:21:19,2025-05-21 21:49:19,desktop,/category/electronics,8,False
557,257,2024-05-07 09:03:39,2024-05-07 09:40:39,desktop,/product-search,,False
558,540,2025-11-01 04:47:36,2025-11-01 05:00:36,desktop,/blog,,False
559,1493,2025-05-30 07:33:27,2025-05-30 08:03:27,mobile,/deals,,False
560,759,2025-02-26 14:08:22,2025-02-26 14:45:22,desktop,/category/apparel,3,False
561,,2024-08-17 23:21:26,2024-08-18 00:05:26,tablet,/category/apparel,,False
562,1304,2025-11-11 22:06:23,2025-11-11 22:32:23,desktop,/blog,,True
563,1406,2024-11-22 02:14:45,2024-11-22 02:28:45,tablet,/product-search,,False
564,121,2025-09-10 21:20:19,2025-09-10 21:55:19,mobile,/home,6,False
565,,2025-11-07 14:44:44,2025-11-07 15:05:44,tablet,/category/apparel,9,False
566,,2025-11-05 03:52:10,2025-11-05 04:26:10,desktop,/category/electronics,,False
567,,2025-09-22 14:09:22,2025-09-22 14:45:22,tablet,/home,,False
568,1114,2025-08-04 02:23:15,2025-08-04 02:48:15,tablet,/blog,3,False
569,596,2025-12-12 23:53:03,2025-12-13 00:29:03,desktop,/blog,9,False
570,1382,2025-09-02 11:40:20,2025-09-02 12:22:20,desktop,/home,,True
571,1102,2025-11-30 19:23:02,2025-11-30 19:33:02,desktop,/deals,6,True
572,34,2025-02-14 10:28:07,2025-02-14 10:32:07,tablet,/home,12,True
573,230,2025-07-04 10:27:40,2025-07-04 10:57:40,desktop,/blog,,False
574,1328,2025-11-25 05:29:46,2025-11-25 05:35:46,desktop,/blog,,False
575,477,2025-02-05 15:48:39,2025-02-05 16:00:39,desktop,/blog,,False
576,1048,2025-09-22 18:08:50,2025-09-22 18:17:50,mobile,/category/electronics,,False
577,711,2025-07-29 17:14:02,2025-07-29 17:55:02,mobile,/product-search,,True
578,247,2024-06-07 05:29:06,2024-06-07 05:36:06,tablet,/home,6,False
579,,2025-02-20 13:46:33,2025-02-20 14:25:33,tablet,/category/apparel,,False
580,741,2025-09-02 21:07:26,2025-09-02 21:29:26,mobile,/deals,,False
581,,2024-08-08 00:54:58,2024-08-08 01:00:58,tablet,/deals,,False
582,,2025-01-14 15:44:42,2025-01-14 15:52:42,desktop,/category/electronics,,False
583,617,2025-03-23 19:11:02,2025-03-23 19:27:02,tablet,/category/apparel,,False
584,,2025-07-28 21:58:59,2025-07-28 22:10:59,tablet,/deals,7,False
585,1410,2025-06-02 11:56:15,2025-06-02 12:30:15,desktop,/deals,,False
586,,2025-12-14 00:15:50,2025-12-14 00:36:50,mobile,/home,,False
587,,2025-07-06 18:32:46,2025-07-06 18:40:46,desktop,/blog,,False
588,163,2025-08-30 16:17:12,2025-08-30 16:25:12,mobile,/deals,15,False
589,,2024-08-24 09:55:01,2024-08-24 10:06:01,desktop,/category/electronics,,False
590,,2024-06-11 22:50:55,2024-06-11 23:03:55,desktop,/blog,,False
591,189,2025-05-15 02:15:11,2025-05-15 02:51:11,mobile,/deals,,False
592,69,2024-06-30 13:20:53,2024-06-30 13:24:53,tablet,/deals,,True
593,1483,2025-11-20 14:46:57,2025-11-20 14:59:57,desktop,/home,,True
594,,2024-02-01 17:56:25,2024-02-01 18:11:25,mobile,/home,,False
595,1179,2025-10-15 16:50:44,2025-10-15 17:05:44,mobile,/category/apparel,,False
596,386,2025-02-15 13:52:19,2025-02-15 14:21:19,desktop,/blog,,False
597,158,2025-12-12 06:23:21,2025-12-12 06:39:21,mobile,/product-search,,False
598,952,2025-12-07 23:29:07,2025-12-07 23:47:07,mobile,/category/apparel,,False
599,701,2024-06-26 15:27:40,2024-06-26 16:01:40,mobile,/product-search,,False
600,,2024-11-21 19:00:23,2024-11-21 19:26:23,tablet,/blog,,False
601,1427,2024-05-17 13:55:10,2024-05-17 14:35:10,tablet,/blog,15,False
602,,2024-06-25 17:58:04,2024-06-25 18:35:04,mobile,/home,,False
603,,2024-11-24 22:48:10,2024-11-24 23:14:10,tablet,/deals,10,False
604,1454,2025-02-04 15:18:30,2025-02-04 15:31:30,tablet,/product-search,,False
605,520,2024-12-27 22:23:25,2024-12-27 22:49:25,mobile,/deals,12,False
606,961,2025-01-22 15:40:23,2025-01-22 16:20:23,mobile,/deals,6,False
607,,2025-05-15 08:05:12,2025-05-15 08:21:12,tablet,/category/electronics,,False
608,63,2025-12-18 12:42:45,2025-12-18 13:17:45,tablet,/category/electronics,,True
609,,2025-06-23 05:32:39,2025-06-23 06:17:39,desktop,/blog,7,False
610,,2024-01-23 03:50:32,2024-01-23 03:59:32,mobile,/home,,False
611,1241,2025-12-19 18:52:22,2025-12-19 18:58:22,desktop,/deals,,False
612,,2024-09-20 13:49:13,2024-09-20 14:07:13,desktop,/product-search,6,False
613,,2024-10-23 17:10:00,2024-10-23 17:43:00,tablet,/category/apparel,,False
614,1411,2025-06-06 17:26:43,2025-06-06 17:48:43,desktop,/blog,,False
615,1245,2025-06-26 13:26:42,2025-06-26 13:45:42,tablet,/home,,False
616,903,2025-12-21 00:27:25,2025-12-21 00:58:25,mobile,/category/electronics,1,False
617,536,2025-05-31 01:46:58,2025-05-31 01:54:58,mobile,/category/electronics,,False
618,884,2025-12-04 14:44:34,2025-12-04 14:55:34,desktop,/product-search,12,False
619,1144,2025-10-29 04:35:58,2025-10-29 05:20:58,tablet,/blog,9,False
620,,2025-07-13 23:18:15,2025-07-13 23:47:15,tablet,/blog,,False
621,554,2025-06-21 00:59:58,2025-06-21 01:37:58,tablet,/blog,,False
622,398,2025-05-31 23:21:43,2025-05-31 23:36:43,mobile,/blog,15,True
623,449,2025-01-16 23:28:27,2025-01-16 23:54:27,mobile,/deals,,False
624,1409,2024-07-11 10:50:55,2024-07-11 10:51:55,desktop,/blog,,False
625,207,2024-12-03 00:19:22,2024-12-03 00:39:22,mobile,/blog,6,False
626,466,2025-12-07 23:31:19,2025-12-07 23:34:19,desktop,/home,6,False
627,1401,2024-04-17 16:32:56,2024-04-17 16:47:56,mobile,/home,,False
628,1182,2025-03-26 21:56:56,2025-03-26 22:35:56,desktop,/category/electronics,,False
629,249,2025-02-05 06:41:48,2025-02-05 07:05:48,desktop,/blog,,True
630,364,2025-11-19 07:23:01,2025-11-19 07:26:01,desktop,/home,,True
631,,2024-03-12 00:24:36,2024-03-12 00:45:36,tablet,/blog,12,False
632,,2025-02-20 15:11:43,2025-02-20 15:33:43,tablet,/deals,14,False
633,826,2025-05-07 21:14:03,2025-05-07 21:29:03,tablet,/product-search,,False
634,273,2025-05-29 02:24:26,2025-05-29 02:27:26,mobile,/deals,9,False
635,,2024-12-07 12:01:41,2024-12-07 12:42:41,tablet,/blog,,False
636,530,2025-12-29 16:22:16,2025-12-29 17:07:16,tablet,/product-search,10,False
637,717,2025-06-29 12:35:45,2025-06-29 13:10:45,desktop,/blog,,True
638,160,2024-06-20 12:35:41,2024-06-20 12:58:41,mobile,/home,4,False
639,383,2025-11-04 19:25:11,2025-11-04 19:29:11,desktop,/product-search,6,True
640,,2025-06-03 06:08:59,2025-06-03 06:17:59,tablet,/blog,,False
641,42,2025-12-26 19:26:01,2025-12-26 20:10:01,mobile,/blog,,False
642,941,2025-11-04 17:19:57,2025-11-04 17:24:57,desktop,/deals,5,False
643,1176,2025-10-14 18:51:32,2025-10-14 19:27:32,tablet,/blog,,True
644,1251,2025-12-09 11:20:53,2025-12-09 11:56:53,tablet,/home,,False
645,,2025-08-06 14:48:08,2025-08-06 15:02:08,tablet,/deals,,False
646,975,2025-09-22 06:45:21,2025-09-22 07:20:21,tablet,/blog,6,False
647,1228,2025-05-22 15:17:09,2025-05-22 15:52:09,tablet,/category/electronics,6,False
648,74,2025-09-20 05:02:24,2025-09-20 05:35:24,tablet,/blog,,True
649,190,2024-12-01 01:00:50,2024-12-01 01:12:50,desktop,/blog,,False
650,240,2025-05-23 17:38:39,2025-05-23 17:58:39,desktop,/home,,False
651,226,2025-10-11 23:05:16,2025-10-11 23:23:16,tablet,/category/electronics,,False
652,197,2024-11-27 07:35:49,2024-11-27 07:52:49,desktop,/home,,False
653,934,2025-08-30 00:54:56,2025-08-30 01:07:56,desktop,/deals,,False
654,495,2025-12-30 18:35:22,2025-12-30 19:01:22,tablet,/category/electronics,,False
655,,2025-09-25 19:53:03,2025-09-25 20:21:03,desktop,/deals,,False
656,300,2025-12-09 17:13:45,2025-12-09 17:34:45,desktop,/category/electronics,,False
657,,2025-03-05 22:10:04,2025-03-05 22:23:04,mobile,/deals,5,False
658,,2024-02-22 22:49:26,2024-02-22 23:28:26,desktop,/product-search,,False
659,,2024-07-16 00:43:53,2024-07-16 00:50:53,desktop,/product-search,3,False
660,,2024-11-03 20:15:12,2024-11-03 20:33:12,desktop,/category/apparel,7,False
661,1292,2025-11-12 12:57:05,2025-11-12 13:21:05,desktop,/deals,4,False
662,452,2025-02-28 15:06:48,2025-02-28 15:20:48,tablet,/blog,,False
663,1378,2025-12-19 08:03:27,2025-12-19 08:10:27,tablet,/product-search,,False
664,,2025-05-07 16:38:33,2025-05-07 17:00:33,desktop,/blog,,False
665,,2024-11-18 16:13:14,2024-11-18 16:23:14,desktop,/home,,False
666,373,2025-10-23 03:52:31,2025-10-23 03:58:31,desktop,/blog,13,False
667,,2024-08-15 12:00:55,2024-08-15 12:12:55,tablet,/product-search,,False
668,,2025-10-16 18:24:28,2025-10-16 18:27:28,tablet,/blog,,False
669,,2025-09-17 16:21:40,2025-09-17 16:59:40,mobile,/category/electronics,,False
670,86,2025-12-04 05:48:31,2025-12-04 05:58:31,desktop,/category/electronics,6,False
671,113,2025-05-25 00:10:29,2025-05-25 00:26:29,mobile,/product-search,,False
672,189,2024-07-17 20:54:49,2024-07-17 21:14:49,desktop,/deals,,True
673,,2024-07-12 20:21:15,2024-07-12 20:42:15,tablet,/blog,,False
674,,2025-09-10 17:27:54,2025-09-10 17:40:54,mobile,/blog,1,False
675,,2025-06-25 14:31:31,2025-06-25 14:49:31,desktop,/category/electronics,,False
676,,2025-10-25 23:36:11,2025-10-26 00:14:11,desktop,/product-search,,False
677,973,2025-08-10 12:01:58,2025-08-10 12:08:58,desktop,/home,,False
678,,2024-09-07 13:55:05,2024-09-07 14:36:05,tablet,/category/electronics,3,False
679,1290,2025-09-01 19:16:57,2025-09-01 19:45:57,mobile,/category/electronics,,True
680,,2024-02-03 16:27:50,2024-02-03 16:37:50,tablet,/category/apparel,,False
681,569,2024-03-03 19:29:03,2024-03-03 19:37:03,mobile,/category/apparel,,True
682,,2025-07-04 23:04:35,2025-07-04 23:48:35,desktop,/category/electronics,5,False
683,475,2024-05-23 22:34:10,2024-05-23 23:15:10,tablet,/home,14,False
684,,2024-07-05 02:47:49,2024-07-05 03:07:49,tablet,/product-search,,False
685,,2024-11-04 18:58:33,2024-11-04 19:33:33,desktop,/deals,,False
686,92,2025-10-24 02:54:07,2025-10-24 03:37:07,desktop,/product-search,,False
687,,2024-09-03 05:48:35,2024-09-03 05:56:35,mobile,/blog,6,False
688,48,2025-08-15 09:01:32,2025-08-15 09:21:32,tablet,/product-search,9,True
689,,2024-08-28 01:35:10,2024-08-28 01:54:10,desktop,/product-search,,False
690,,2024-03-07 15:31:24,2024-03-07 15:47:24,mobile,/category/electronics,,False
691,778,2025-07-30 01:22:21,2025-07-30 02:07:21,desktop,/category/apparel,13,True
692,,2025-08-14 01:53:00,2025-08-14 02:18:00,desktop,/deals,1,False
693,,2024-09-08 04:53:46,2024-09-08 04:54:46,tablet,/category/electronics,,False
694,867,2025-08-24 17:18:15,2025-08-24 17:57:15,mobile,/product-search,10,False
695,,2025-04-04 15:00:19,2025-04-04 15:13:19,desktop,/product-search,4,False
696,240,2025-11-07 18:54:02,2025-11-07 19:15:02,mobile,/category/apparel,2,False
697,,2025-06-11 10:41:11,2025-06-11 10:43:11,desktop,/blog,2,False
698,1169,2025-02-27 12:02:38,2025-02-27 12:44:38,tablet,/deals,,False
699,276,2024-04-28 07:20:15,2024-04-28 07:54:15,tablet,/category/electronics,,False
700,,2024-10-07 07:42:13,2024-10-07 08:22:13,tablet,/category/apparel,,False
701,49,2025-02-19 13:50:38,2025-02-19 14:08:38,tablet,/blog,,False
702,1038,2025-07-28 11:22:10,2025-07-28 11:24:10,tablet,/category/electronics,8,False
703,,2025-02-19 02:04:57,2025-02-19 02:23:57,tablet,/product-search,,False
704,383,2025-10-29 07:14:23,2025-10-29 07:29:23,mobile,/product-search,,False
705,1002,2025-03-28 03:29:38,2025-03-28 03:30:38,mobile,/home,,False
706,1466,2025-03-25 20:27:14,2025-03-25 20:47:14,mobile,/category/apparel,,True
707,426,2025-09-01 06:12:36,2025-09-01 06:28:36,tablet,/category/electronics,,False
708,514,2025-12-29 11:01:25,2025-12-29 11:19:25,mobile,/category/apparel,,False
709,,2025-02-09 22:13:09,2025-02-09 22:18:09,desktop,/category/apparel,,False
710,1068,2025-12-02 00:13:17,2025-12-02 00:51:17,mobile,/product-search,9,False
711,,2025-06-16 06:46:30,2025-06-16 07:09:30,mobile,/home,9,False
712,409,2025-12-25 11:12:42,2025-12-25 11:27:42,desktop,/category/apparel,8,True
713,887,2025-10-15 00:44:26,2025-10-15 01:10:26,mobile,/deals,,False
714,541,2025-05-27 02:44:16,2025-05-27 02:52:16,tablet,/home,1,False
715,,2024-04-18 15:09:00,2024-04-18 15:20:00,tablet,/category/apparel,1,False
716,165,2025-12-28 19:51:54,2025-12-28 20:18:54,desktop,/home,12,False
717,,2024-01-20 13:34:26,2024-01-20 14:03:26,mobile,/category/apparel,,False
718,,2024-01-07 01:54:16,2024-01-07 02:05:16,desktop,/category/electronics,12,False
719,1089,2025-07-31 06:37:28,2025-07-31 06:42:28,mobile,/product-search,,False
720,,2025-10-22 08:27:58,2025-10-22 09:08:58,desktop,/category/electronics,13,False
721,,2025-04-04 16:22:38,2025-04-04 16:41:38,tablet,/blog,,False
722,1165,2025-05-23 09:27:19,2025-05-23 10:04:19,desktop,/home,13,False
723,,2025-02-13 20:07:16,2025-02-13 20:28:16,desktop,/blog,,False
724,1214,2025-04-12 14:45:14,2025-04-12 15:19:14,desktop,/category/apparel,,False
725,,2024-05-28 18:41:35,2024-05-28 19:00:35,mobile,/category/apparel,10,False
726,1172,2025-09-05 03:17:50,2025-09-05 03:28:50,tablet,/deals,14,False
727,1060,2025-12-16 10:06:18,2025-12-16 10:48:18,tablet,/category/apparel,,True
728,,2024-04-23 18:04:24,2024-04-23 18:12:24,desktop,/deals,9,False
729,665,2025-09-21 11:08:42,2025-09-21 11:43:42,mobile,/home,,False
730,1141,2025-07-04 05:36:15,2025-07-04 06:08:15,desktop,/product-search,,False
731,47,2025-02-06 17:25:30,2025-02-06 18:05:30,desktop,/category/electronics,,False
732,1049,2025-12-19 00:44:56,2025-12-19 01:19:56,tablet,/category/electronics,2,False
733,200,2024-08-09 05:29:26,2024-08-09 05:46:26,tablet,/category/apparel,,True
734,672,2025-10-21 05:51:42,2025-10-21 06:00:42,mobile,/home,,False
735,1100,2025-08-29 11:19:18,2025-08-29 11:28:18,desktop,/blog,,False
736,1433,2025-12-12 11:38:54,2025-12-12 11:50:54,mobile,/home,,False
737,146,2025-12-24 18:32:41,2025-12-24 19:04:41,desktop,/category/electronics,,False
738,251,2025-02-23 16:33:31,2025-02-23 16:51:31,tablet,/category/electronics,,False
739,824,2025-09-24 07:08:03,2025-09-24 07:18:03,desktop,/category/electronics,,False
740,1426,2024-11-20 01:38:42,2024-11-20 02:03:42,mobile,/category/electronics,8,False
741,271,2025-10-11 12:57:07,2025-10-11 13:26:07,desktop,/category/electronics,,False
742,860,2025-05-01 13:41:35,2025-05-01 14:00:35,mobile,/product-search,,False
743,543,2025-01-13 17:14:32,2025-01-13 17:58:32,tablet,/category/electronics,,False
744,,2025-08-28 14:23:27,2025-08-28 14:47:27,desktop,/category/electronics,,False
745,1047,2025-05-28 14:19:48,2025-05-28 14:23:48,desktop,/category/apparel,,False
746,35,2025-12-10 22:40:41,2025-12-10 23:15:41,mobile,/blog,11,False
747,268,2024-12-29 23:13:45,2024-12-29 23:56:45,tablet,/product-search,9,False
748,,2025-10-23 10:49:50,2025-10-23 11:09:50,desktop,/home,,False
749,,2025-11-06 11:21:12,2025-11-06 11:51:12,tablet,/blog,2,False
750,639,2025-10-15 15:44:41,2025-10-15 16:15:41,desktop,/deals,12,False
751,308,2024-06-07 04:29:21,2024-06-07 04:40:21,mobile,/blog,,False
752,,2024-02-19 15:31:27,2024-02-19 15:49:27,tablet,/category/electronics,,False
753,921,2025-02-06 23:31:55,2025-02-07 00:04:55,desktop,/blog,6,False
754,701,2025-09-01 16:43:46,2025-09-01 16:52:46,desktop,/blog,10,False
755,,2024-05-02 08:37:16,2024-05-02 09:17:16,mobile,/home,,False
756,,2024-03-24 13:32:23,2024-03-24 14:14:23,tablet,/product-search,,False
757,,2025-06-12 06:16:36,2025-06-12 06:25:36,tablet,/home,,False
758,,2024-05-10 16:35:32,2024-05-10 17:02:32,tablet,/home,,False
759,963,2025-09-07 21:13:16,2025-09-07 21:39:16,mobile,/blog,10,False
760,,2025-01-21 12:12:33,2025-01-21 12:47:33,tablet,/deals,13,False
761,703,2025-12-29 13:13:33,2025-12-29 13:36:33,mobile,/deals,4,False
762,464,2025-09-16 03:10:39,2025-09-16 03:12:39,tablet,/deals,2,True
763,820,2025-12-18 02:36:33,2025-12-18 02:44:33,tablet,/category/apparel,,False
764,,2024-06-07 23:56:40,2024-06-08 00:08:40,desktop,/blog,,False
765,1091,2025-09-12 17:13:17,2025-09-12 17:35:17,tablet,/deals,,False
766,367,2025-11-10 06:54:48,2025-11-10 07:12:48,mobile,/product-search,11,False
767,205,2024-08-01 03:48:11,2024-08-01 04:10:11,mobile,/category/apparel,6,True
768,1040,2025-07-11 04:00:48,2025-07-11 04:44:48,desktop,/blog,7,False
769,331,2025-09-21 05:02:03,2025-09-21 05:41:03,tablet,/home,,False
770,,2025-01-25 13:08:50,2025-01-25 13:23:50,tablet,/category/apparel,,False
771,518,2025-07-18 11:11:14,2025-07-18 11:49:14,tablet,/blog,3,False
772,1077,2025-04-09 21:57:52,2025-04-09 22:07:52,desktop,/deals,,False
773,1329,2025-02-04 19:31:46,2025-02-04 19:48:46,mobile,/category/electronics,,False
774,261,2025-11-21 08:24:08,2025-11-21 09:06:08,mobile,/category/electronics,,False
775,,2024-02-10 21:10:26,2024-02-10 21:21:26,tablet,/category/apparel,4,False
776,,2024-12-11 21:19:42,2024-12-11 21:46:42,tablet,/deals,,False
777,,2024-08-16 17:54:43,2024-08-16 18:11:43,tablet,/deals,,False
778,234,2024-11-20 17:26:54,2024-11-20 17:36:54,desktop,/blog,4,True
779,147,2024-11-24 10:53:56,2024-11-24 11:28:56,desktop,/product-search,11,False
780,,2024-05-21 19:02:30,2024-05-21 19:35:30,desktop,/category/apparel,,False
781,727,2025-11-22 00:47:22,2025-11-22 01:31:22,mobile,/blog,,False
782,835,2024-12-29 19:15:19,2024-12-29 19:38:19,desktop,/blog,,False
783,,2024-07-06 07:53:42,2024-07-06 08:36:42,tablet,/category/electronics,3,False
784,,2025-05-25 09:06:37,2025-05-25 09:25:37,desktop,/deals,12,False
785,349,2024-11-21 06:06:12,2024-11-21 06:29:12,tablet,/deals,,False
786,,2025-03-31 00:27:04,2025-03-31 01:12:04,desktop,/deals,,False
787,611,2025-09-25 02:00:16,2025-09-25 02:27:16,desktop,/category/apparel,13,False
788,1266,2025-11-16 14:51:20,2025-11-16 15:14:20,desktop,/blog,,False
789,374,2024-11-20 10:33:11,2024-11-20 10:43:11,mobile,/blog,13,False
790,303,2025-07-05 23:20:24,2025-07-05 23:28:24,tablet,/deals,1,False
791,800,2025-10-30 13:53:45,2025-10-30 14:33:45,mobile,/home,,False
792,1223,2025-12-18 22:39:36,2025-12-18 23:16:36,tablet,/deals,6,False
793,,2025-01-13 18:09:31,2025-01-13 18:41:31,mobile,/deals,,False
794,,2025-07-16 10:20:26,2025-07-16 10:31:26,tablet,/product-search,,False
795,512,2024-11-03 11:21:15,2024-11-03 11:50:15,tablet,/home,,False
796,,2025-04-20 11:50:47,2025-04-20 12:33:47,tablet,/category/electronics,,False
797,557,2025-02-26 00:12:26,2025-02-26 00:24:26,mobile,/category/apparel,6,False
798,1235,2025-06-15 17:14:13,2025-06-15 17:40:13,mobile,/deals,,True
799,,2025-05-11 05:41:32,2025-05-11 05:50:32,mobile,/category/electronics,,False
800,996,2024-09-14 23:30:59,2024-09-15 00:12:59,mobile,/category/electronics,5,False
801,1248,2025-02-16 02:34:54,2025-02-16 02:58:54,mobile,/blog,3,False
802,794,2025-04-04 16:18:35,2025-04-04 17:03:35,desktop,/home,11,False
803,,2024-02-14 02:32:36,2024-02-14 03:13:36,desktop,/deals,,False
804,1203,2025-12-14 05:39:29,2025-12-14 06:01:29,tablet,/blog,,False
805,,2024-11-23 01:53:07,2024-11-23 01:54:07,mobile,/product-search,,False
806,1238,2025-10-01 07:37:41,2025-10-01 07:48:41,desktop,/deals,,False
807,423,2025-10-28 04:17:34,2025-10-28 04:37:34,tablet,/category/electronics,4,False
808,160,2025-06-05 18:24:44,2025-06-05 18:35:44,tablet,/category/electronics,,False
809,310,2025-07-13 21:37:08,2025-07-13 21:46:08,desktop,/deals,11,True
810,473,2025-12-11 03:45:31,2025-12-11 03:57:31,mobile,/home,,False
811,851,2025-05-24 01:45:38,2025-05-24 01:50:38,tablet,/category/apparel,,False
812,,2024-01-04 23:21:10,2024-01-04 23:37:10,tablet,/category/electronics,7,False
813,633,2025-11-27 21:18:26,2025-11-27 21:25:26,desktop,/category/apparel,,False
814,614,2025-11-29 12:09:15,2025-11-29 12:31:15,tablet,/deals,14,False
815,459,2025-09-19 08:34:23,2025-09-19 08:49:23,tablet,/deals,11,False
816,,2024-08-27 03:34:04,2024-08-27 03:59:04,desktop,/home,,False
817,1420,2025-10-25 03:09:42,2025-10-25 03:46:42,tablet,/category/electronics,8,False
818,327,2025-02-15 14:57:13,2025-02-15 15:07:13,tablet,/home,,False
819,1164,2025-11-27 12:32:49,2025-11-27 12:51:49,tablet,/product-search,10,False
820,743,2025-09-26 10:36:07,2025-09-26 11:10:07,tablet,/category/electronics,,True
821,,2024-08-20 07:33:33,2024-08-20 08:08:33,mobile,/category/electronics,,False
822,851,2024-07-22 10:57:05,2024-07-22 11:06:05,tablet,/product-search,,True
823,34,2025-08-30 23:05:44,2025-08-30 23:39:44,tablet,/deals,,False
824,,2024-07-15 17:57:07,2024-07-15 18:32:07,mobile,/blog,,False
825,173,2025-09-13 17:02:20,2025-09-13 17:14:20,desktop,/home,13,False
826,,2025-10-13 17:08:31,2025-10-13 17:44:31,tablet,/product-search,,False
827,,2025-07-07 12:28:21,2025-07-07 12:46:21,mobile,/home,12,False
828,567,2025-07-01 18:22:46,2025-07-01 18:40:46,tablet,/category/apparel,6,True
829,300,2025-03-09 19:34:38,2025-03-09 20:19:38,mobile,/product-search,6,False
830,,2025-05-12 04:58:07,2025-05-12 05:34:07,mobile,/product-search,,False
831,,2024-01-27 03:22:23,2024-01-27 04:04:23,desktop,/category/apparel,,False
832,1193,2025-11-16 20:33:51,2025-11-16 20:40:51,tablet,/blog,,False
833,491,2025-03-21 05:47:54,2025-03-21 06:17:54,mobile,/product-search,,False
834,,2024-11-18 08:10:59,2024-11-18 08:50:59,desktop,/home,,False
835,781,2025-12-28 07:11:12,2025-12-28 07:13:12,tablet,/category/apparel,,False
836,,2024-03-01 22:08:19,2024-03-01 22:21:19,mobile,/deals,14,False
837,943,2024-11-15 19:44:18,2024-11-15 20:06:18,tablet,/home,6,False
838,1163,2025-07-13 23:32:44,2025-07-13 23:52:44,tablet,/category/electronics,9,False
839,,2025-12-13 16:30:07,2025-12-13 17:11:07,tablet,/product-search,,False
840,884,2024-06-15 21:43:50,2024-06-15 22:17:50,desktop,/category/apparel,14,True
841,11,2025-12-19 19:03:17,2025-12-19 19:42:17,tablet,/product-search,3,True
842,558,2025-12-02 19:58:16,2025-12-02 20:14:16,tablet,/blog,,False
843,616,2025-10-22 04:42:07,2025-10-22 04:53:07,tablet,/category/electronics,9,False
844,,2025-11-25 21:17:54,2025-11-25 21:18:54,desktop,/category/apparel,,False
845,,2025-03-30 09:53:43,2025-03-30 10:37:43,desktop,/category/electronics,1,False
846,,2025-04-13 22:25:25,2025-04-13 22:41:25,mobile,/blog,,False
847,817,2025-11-04 00:36:52,2025-11-04 01:01:52,mobile,/product-search,8,False
848,,2024-07-20 17:27:33,2024-07-20 17:43:33,mobile,/category/apparel,,False
849,675,2025-06-18 05:38:39,2025-06-18 05:42:39,mobile,/blog,,False
850,,2024-12-24 20:06:25,2024-12-24 20:17:25,mobile,/product-search,10,False
851,1172,2025-09-01 00:19:27,2025-09-01 01:01:27,desktop,/blog,5,True
852,138,2025-12-02 07:01:40,2025-12-02 07:05:40,desktop,/product-search,,False
853,,2025-12-13 03:04:45,2025-12-13 03:38:45,mobile,/product-search,4,False
854,553,2024-10-07 02:18:43,2024-10-07 02:28:43,tablet,/blog,,False
855,,2025-05-09 02:26:55,2025-05-09 03:08:55,mobile,/deals,2,False
856,905,2024-09-23 14:54:01,2024-09-23 15:33:01,desktop,/deals,,False
857,344,2025-11-04 17:43:17,2025-11-04 17:54:17,desktop,/category/electronics,11,False
858,,2024-01-28 18:39:46,2024-01-28 18:52:46,mobile,/category/apparel,5,False
859,,2025-05-10 07:35:52,2025-05-10 07:50:52,desktop,/product-search,10,False
860,330,2025-08-16 05:08:40,2025-08-16 05:28:40,mobile,/category/electronics,,False
861,1382,2025-11-16 12:33:13,2025-11-16 12:35:13,mobile,/home,10,True
862,1422,2025-03-17 15:17:58,2025-03-17 15:51:58,tablet,/blog,3,False
863,847,2025-05-19 23:05:05,2025-05-19 23:13:05,tablet,/deals,,False
864,,2025-09-03 08:38:45,2025-09-03 08:47:45,desktop,/category/apparel,,False
865,,2025-03-02 11:25:08,2025-03-02 12:08:08,tablet,/product-search,,False
866,,2024-02-17 16:31:54,2024-02-17 16:34:54,mobile,/home,,False
867,1215,2025-08-16 14:45:24,2025-08-16 15:19:24,desktop,/home,11,True
868,,2025-04-23 01:29:03,2025-04-23 01:55:03,tablet,/blog,3,False
869,,2025-07-21 19:38:42,2025-07-21 19:53:42,tablet,/category/apparel,,False
870,778,2025-12-15 11:21:22,2025-12-15 11:22:22,mobile,/home,7,False
871,1030,2025-09-11 14:11:50,2025-09-11 14:29:50,mobile,/home,12,True
872,,2025-04-09 13:01:29,2025-04-09 13:44:29,mobile,/category/apparel,,False
873,441,2025-08-31 03:18:37,2025-08-31 03:44:37,desktop,/home,,False
874,1268,2024-12-02 16:02:22,2024-12-02 16:08:22,tablet,/deals,,True
875,,2024-02-03 05:56:11,2024-02-03 06:26:11,mobile,/blog,,False
876,1487,2025-11-09 09:41:53,2025-11-09 10:14:53,mobile,/deals,10,False
877,621,2025-12-27 15:49:17,2025-12-27 16:12:17,desktop,/category/apparel,15,False
878,931,2025-10-02 08:59:17,2025-10-02 09:02:17,desktop,/category/electronics,14,False
879,357,2025-11-29 04:11:56,2025-11-29 04:49:56,desktop,/home,,False
880,950,2025-12-22 10:28:21,2025-12-22 10:46:21,mobile,/product-search,,True
881,1370,2025-06-02 18:47:34,2025-06-02 19:10:34,desktop,/category/electronics,4,True
882,210,2025-07-24 03:20:41,2025-07-24 03:53:41,mobile,/product-search,,False
883,,2024-07-15 21:42:06,2024-07-15 22:06:06,desktop,/home,11,False
884,65,2025-12-10 03:19:29,2025-12-10 03:39:29,desktop,/deals,13,False
885,685,2024-02-29 04:33:43,2024-02-29 05:10:43,desktop,/product-search,,False
886,85,2025-08-19 23:19:24,2025-08-19 23:34:24,desktop,/category/electronics,14,True
887,1040,2025-05-18 15:30:22,2025-05-18 16:15:22,desktop,/category/electronics,,True
888,,2025-02-21 10:05:10,2025-02-21 10:33:10,desktop,/category/apparel,15,False
889,,2024-03-18 07:36:19,2024-03-18 08:02:19,mobile,/category/apparel,,True
890,,2024-12-05 09:43:20,2024-12-05 10:03:20,mobile,/deals,,False
891,,2025-09-15 14:01:40,2025-09-15 14:33:40,tablet,/category/apparel,,True
892,634,2025-11-01 17:18:49,2025-11-01 17:38:49,desktop,/category/electronics,,False
893,566,2025-05-19 12:38:56,2025-05-19 12:45:56,mobile,/blog,6,False
894,1370,2025-07-15 23:56:35,2025-07-16 00:09:35,mobile,/blog,,False
895,1411,2025-06-13 17:41:24,2025-06-13 17:49:24,tablet,/category/electronics,,False
896,,2025-01-30 23:16:52,2025-01-30 23:22:52,mobile,/product-search,,False
897,,2024-09-04 22:22:53,2024-09-04 22:46:53,tablet,/category/electronics,,False
898,34,2024-09-28 01:35:48,2024-09-28 01:46:48,desktop,/product-search,10,False
899,1007,2025-12-23 05:31:14,2025-12-23 05:53:14,desktop,/product-search,,False
900,,2025-09-21 00:48:15,2025-09-21 01:18:15,tablet,/home,14,False
901,,2024-12-12 03:51:48,2024-12-12 04:04:48,desktop,/product-search,5,False
902,,2024-12-16 23:36:57,2024-12-16 23:57:57,tablet,/category/electronics,,False
903,,2025-02-19 09:37:13,2025-02-19 09:42:13,desktop,/product-search,,False
904,,2025-03-30 10:14:46,2025-03-30 10:47:46,tablet,/product-search,,False
905,,2024-06-05 14:06:43,2024-06-05 14:22:43,tablet,/home,,False
906,1004,2025-05-07 21:11:22,2025-05-07 21:53:22,tablet,/category/apparel,7,True
907,1339,2025-11-28 08:39:35,2025-11-28 09:16:35,tablet,/deals,,False
908,,2025-06-06 23:09:33,2025-06-06 23:23:33,tablet,/category/apparel,,False
909,1360,2025-12-17 08:17:20,2025-12-17 08:45:20,desktop,/category/electronics,,False
910,,2025-11-14 20:00:39,2025-11-14 20:39:39,tablet,/product-search,,False
911,1375,2025-12-26 17:55:05,2025-12-26 18:22:05,mobile,/product-search,15,False
912,277,2024-02-29 22:56:06,2024-02-29 23:17:06,mobile,/category/electronics,2,True
913,285,2025-08-27 19:43:54,2025-08-27 20:11:54,tablet,/blog,,False
914,1321,2025-03-14 02:37:23,2025-03-14 02:39:23,tablet,/blog,,False
915,,2025-04-28 03:21:24,2025-04-28 03:58:24,desktop,/home,,False
916,,2024-06-14 15:13:39,2024-06-14 15:26:39,mobile,/product-search,,False
917,1384,2024-04-06 10:57:01,2024-04-06 11:12:01,mobile,/product-search,,False
918,,2025-02-19 20:03:46,2025-02-19 20:07:46,mobile,/deals,2,False
919,456,2025-12-10 00:50:08,2025-12-10 01:25:08,desktop,/product-search,15,False
920,350,2025-12-12 21:37:21,2025-12-12 22:12:21,desktop,/blog,,False
921,1450,2024-04-20 03:00:04,2024-04-20 03:38:04,desktop,/home,,True
922,,2025-10-04 00:23:33,2025-10-04 00:28:33,mobile,/category/apparel,7,False
923,830,2025-11-01 04:05:18,2025-11-01 04:09:18,tablet,/category/electronics,,False
924,1469,2025-10-05 18:57:16,2025-10-05 19:30:16,desktop,/category/electronics,10,True
925,,2025-05-11 00:13:41,2025-05-11 00:15:41,mobile,/category/apparel,15,False
926,,2024-01-17 03:52:19,2024-01-17 04:23:19,tablet,/category/apparel,,False
927,1021,2025-12-22 16:57:44,2025-12-22 17:30:44,mobile,/category/apparel,4,False
928,582,2025-10-19 12:54:16,2025-10-19 13:34:16,mobile,/category/apparel,,True
929,18,2025-07-15 03:06:02,2025-07-15 03:21:02,desktop,/blog,,False
930,,2025-09-15 09:45:38,2025-09-15 10:18:38,mobile,/category/electronics,2,False
931,1146,2024-05-02 12:28:18,2024-05-02 13:09:18,desktop,/home,,False
932,,2024-03-01 22:46:04,2024-03-01 23:01:04,desktop,/deals,14,True
933,882,2025-11-21 19:58:36,2025-11-21 20:11:36,tablet,/home,,False
934,669,2025-11-22 03:27:41,2025-11-22 03:32:41,desktop,/deals,2,False
935,,2024-10-21 14:13:23,2024-10-21 14:36:23,mobile,/home,,False
936,1485,2025-12-02 01:52:41,2025-12-02 02:26:41,tablet,/home,14,False
937,1194,2025-12-11 15:05:06,2025-12-11 15:23:06,mobile,/category/electronics,,False
938,,2025-03-27 06:24:31,2025-03-27 06:44:31,tablet,/home,14,False
939,,2024-08-26 01:13:51,2024-08-26 01:49:51,desktop,/deals,8,False
940,,2025-05-28 09:13:59,2025-05-28 09:53:59,mobile,/category/electronics,,False
941,,2024-12-01 20:43:57,2024-12-01 21:23:57,tablet,/deals,,False
942,808,2025-10-21 01:36:52,2025-10-21 01:56:52,mobile,/category/apparel,,False
943,,2024-03-12 16:21:33,2024-03-12 16:52:33,tablet,/product-search,13,False
944,1166,2025-09-18 06:03:30,2025-09-18 06:45:30,mobile,/product-search,7,True
945,,2025-10-08 04:52:26,2025-10-08 05:27:26,mobile,/blog,,False
946,,2024-03-08 16:13:32,2024-03-08 16:37:32,mobile,/deals,,False
947,1096,2025-11-13 19:10:08,2025-11-13 19:44:08,mobile,/deals,,False
948,,2024-08-21 01:52:48,2024-08-21 02:00:48,desktop,/category/electronics,,False
949,79,2024-07-26 12:12:32,2024-07-26 12:15:32,mobile,/product-search,,True
950,,2024-07-17 00:45:20,2024-07-17 01:09:20,tablet,/blog,,False
951,879,2025-01-26 02:51:07,2025-01-26 03:17:07,mobile,/deals,,False
952,833,2025-11-30 15:25:39,2025-11-30 16:07:39,mobile,/category/electronics,10,False
953,,2024-10-02 14:22:24,2024-10-02 14:53:24,desktop,/home,2,False
954,,2025-03-12 15:41:09,2025-03-12 16:25:09,desktop,/blog,,False
955,806,2025-08-19 11:58:03,2025-08-19 12:41:03,desktop,/home,,False
956,954,2025-12-11 14:25:50,2025-12-11 15:09:50,tablet,/product-search,13,False
957,74,2025-10-16 17:53:40,2025-10-16 18:27:40,tablet,/blog,15,True
958,,2024-01-18 11:15:51,2024-01-18 11:33:51,desktop,/blog,15,False
959,818,2024-03-25 16:02:00,2024-03-25 16:11:00,desktop,/deals,7,False
960,704,2024-11-09 04:49:00,2024-11-09 04:52:00,tablet,/category/apparel,,False
961,1094,2025-04-17 02:47:05,2025-04-17 02:53:05,mobile,/category/electronics,15,True
962,,2025-12-06 02:25:34,2025-12-06 02:44:34,desktop,/category/apparel,,False
963,1329,2024-09-06 09:38:35,2024-09-06 10:16:35,mobile,/category/apparel,15,False
964,456,2025-11-19 08:58:39,2025-11-19 09:35:39,tablet,/home,7,False
965,69,2024-10-29 15:54:10,2024-10-29 16:26:10,tablet,/category/electronics,,False
966,,2025-11-26 08:45:26,2025-11-26 09:01:26,tablet,/deals,,True
967,,2025-10-22 00:40:57,2025-10-22 01:17:57,tablet,/home,7,False
968,,2024-08-25 22:18:37,2024-08-25 23:03:37,desktop,/home,,False
969,962,2025-10-20 17:03:02,2025-10-20 17:22:02,mobile,/product-search,4,False
970,,2024-08-30 15:41:42,2024-08-30 16:15:42,mobile,/blog,3,False
971,,2025-12-01 08:08:05,2025-12-01 08:39:05,mobile,/category/apparel,,False
972,1251,2025-11-22 14:13:41,2025-11-22 14:31:41,desktop,/blog,,False
973,,2025-05-04 18:29:15,2025-05-04 18:48:15,desktop,/product-search,,False
974,,2025-05-22 05:45:29,2025-05-22 06:19:29,mobile,/product-search,,False
975,,2024-02-16 23:21:24,2024-02-16 23:23:24,mobile,/home,1,False
976,561,2025-10-12 00:21:31,2025-10-12 01:01:31,desktop,/deals,,True
977,,2024-12-03 06:54:57,2024-12-03 07:35:57,tablet,/product-search,,False
978,,2024-09-18 14:11:32,2024-09-18 14:16:32,mobile,/blog,,False
979,617,2025-05-08 23:12:39,2025-05-08 23:38:39,desktop,/blog,,False
980,67,2024-08-03 20:05:50,2024-08-03 20:11:50,mobile,/category/apparel,7,False
981,245,2025-09-20 07:39:49,2025-09-20 07:48:49,mobile,/blog,,False
982,1223,2025-12-07 22:40:49,2025-12-07 22:55:49,tablet,/product-search,14,False
983,674,2025-09-05 22:04:12,2025-09-05 22:42:12,desktop,/deals,,True
984,,2025-03-12 02:42:48,2025-03-12 03:20:48,mobile,/blog,15,False
985,88,2025-04-08 23:21:41,2025-04-08 23:42:41,tablet,/deals,,False
986,,2025-11-19 22:42:21,2025-11-19 22:51:21,tablet,/blog,13,False
987,919,2025-04-28 08:33:04,2025-04-28 08:38:04,desktop,/product-search,,False
988,505,2025-09-19 13:42:39,2025-09-19 14:23:39,mobile,/home,,True
989,679,2024-12-20 12:52:29,2024-12-20 12:55:29,desktop,/product-search,,True
990,181,2025-05-09 07:01:55,2025-05-09 07:11:55,desktop,/blog,,False
991,,2025-07-03 17:07:02,2025-07-03 17:49:02,tablet,/category/electronics,,False
992,,2025-07-08 16:12:05,2025-07-08 16:31:05,desktop,/category/apparel,,False
993,1009,2025-06-10 19:51:23,2025-06-10 20:20:23,desktop,/blog,,False
994,,2024-09-06 03:08:18,2024-09-06 03:17:18,mobile,/blog,7,False
995,156,2025-11-24 09:21:37,2025-11-24 09:24:37,mobile,/category/apparel,,True
996,,2024-09-05 04:02:36,2024-09-05 04:14:36,mobile,/product-search,15,False
997,1265,2025-09-09 11:21:53,2025-09-09 11:55:53,tablet,/product-search,,False
998,197,2025-08-14 15:40:44,2025-08-14 16:11:44,tablet,/blog,13,False
999,,2024-11-04 11:54:14,2024-11-04 12:36:14,tablet,/blog,,False
1000,,2024-10-01 01:40:39,2024-10-01 01:47:39,desktop,/home,,True
1001,950,2025-12-27 13:04:19,2025-12-27 13:16:19,desktop,/product-search,,False
1002,,2024-01-19 00:14:49,2024-01-19 00:21:49,mobile,/category/electronics,1,False
1003,562,2025-11-30 13:38:19,2025-11-30 14:22:19,tablet,/category/electronics,,True
1004,636,2025-04-16 07:54:32,2025-04-16 08:12:32,mobile,/product-search,,False
1005,,2024-06-22 15:37:26,2024-06-22 15:45:26,mobile,/category/apparel,,False
1006,,2025-05-10 20:29:06,2025-05-10 20:48:06,desktop,/product-search,,False
1007,,2024-01-20 10:22:02,2024-01-20 11:07:02,tablet,/home,,False
1008,191,2024-10-31 16:27:02,2024-10-31 16:57:02,desktop,/category/apparel,10,False
1009,195,2025-09-02 05:31:37,2025-09-02 06:03:37,desktop,/home,,False
1010,,2025-02-28 20:15:44,2025-02-28 20:45:44,tablet,/home,,False
1011,742,2025-09-18 05:33:24,2025-09-18 06:01:24,mobile,/blog,11,False
1012,1104,2025-12-05 00:23:43,2025-12-05 00:34:43,tablet,/product-search,,False
1013,,2024-06-14 10:42:04,2024-06-14 11:01:04,tablet,/blog,,False
1014,,2024-09-18 15:31:58,2024-09-18 15:59:58,mobile,/blog,,False
1015,775,2025-06-25 01:20:43,2025-06-25 01:31:43,mobile,/home,,False
1016,1442,2025-06-16 06:54:47,2025-06-16 07:20:47,desktop,/category/apparel,3,False
1017,85,2025-11-16 14:13:31,2025-11-16 14:26:31,tablet,/product-search,,False
1018,792,2025-11-15 03:34:51,2025-11-15 03:46:51,mobile,/category/electronics,2,False
1019,1101,2025-06-13 14:41:20,2025-06-13 15:15:20,desktop,/blog,,True
1020,,2025-09-20 04:31:52,2025-09-20 04:43:52,mobile,/category/electronics,14,False
1021,,2024-05-15 17:12:03,2024-05-15 17:49:03,mobile,/product-search,,False
1022,,2025-04-16 16:52:23,2025-04-16 16:56:23,mobile,/home,,False
1023,,2024-06-08 08:03:33,2024-06-08 08:34:33,tablet,/category/apparel,8,False
1024,1419,2024-07-14 13:35:17,2024-07-14 13:43:17,desktop,/blog,15,True
1025,464,2025-09-20 01:56:46,2025-09-20 02:05:46,mobile,/category/apparel,12,False
1026,505,2025-01-18 12:22:20,2025-01-18 12:37:20,mobile,/deals,15,True
1027,106,2024-11-06 23:05:28,2024-11-06 23:48:28,tablet,/deals,,False
1028,1170,2025-12-28 18:39:28,2025-12-28 19:16:28,desktop,/deals,15,True
1029,,2025-10-04 11:05:43,2025-10-04 11:21:43,mobile,/category/electronics,,False
1030,1465,2024-09-04 18:32:20,2024-09-04 19:15:20,mobile,/deals,,False
1031,546,2025-05-18 21:54:57,2025-05-18 22:36:57,tablet,/deals,,True
1032,,2024-05-15 06:20:14,2024-05-15 06:29:14,desktop,/category/electronics,,False
1033,,2024-06-25 15:33:33,2024-06-25 15:48:33,tablet,/category/apparel,,False
1034,,2024-05-30 02:03:03,2024-05-30 02:12:03,mobile,/deals,3,False
1035,532,2025-07-04 06:03:17,2025-07-04 06:25:17,desktop,/product-search,1,True
1036,,2025-03-23 14:15:09,2025-03-23 14:57:09,desktop,/category/apparel,3,False
1037,660,2025-11-11 03:02:39,2025-11-11 03:27:39,tablet,/deals,,True
1038,,2025-08-29 15:45:21,2025-08-29 15:51:21,mobile,/product-search,,False
1039,,2024-11-13 13:37:44,2024-11-13 13:47:44,desktop,/category/electronics,,False
1040,,2024-08-17 11:00:28,2024-08-17 11:16:28,tablet,/category/apparel,12,False
1041,,2025-04-27 10:04:51,2025-04-27 10:18:51,mobile,/home,13,False
1042,353,2025-08-14 15:23:11,2025-08-14 15:24:11,tablet,/category/apparel,14,False
1043,1308,2025-08-09 02:18:28,2025-08-09 03:00:28,desktop,/category/apparel,,True
1044,,2024-10-15 09:06:44,2024-10-15 09:36:44,tablet,/blog,7,False
1045,,2024-09-15 16:53:19,2024-09-15 16:55:19,desktop,/category/electronics,7,False
1046,1132,2025-04-20 23:20:54,2025-04-21 00:04:54,desktop,/blog,4,False
1047,1203,2025-08-04 21:00:12,2025-08-04 21:02:12,tablet,/category/apparel,,False
1048,,2025-07-08 22:18:39,2025-07-08 22:20:39,tablet,/category/apparel,,False
1049,39,2025-02-22 19:17:36,2025-02-22 19:39:36,mobile,/product-search,2,True
1050,519,2025-08-27 09:55:27,2025-08-27 09:56:27,desktop,/product-search,4,False
1051,838,2025-09-12 18:31:13,2025-09-12 18:40:13,tablet,/deals,,False
1052,,2024-11-24 05:35:34,2024-11-24 05:43:34,mobile,/product-search,,False
1053,640,2025-08-12 01:57:04,2025-08-12 02:00:04,mobile,/home,,True
1054,,2024-02-29 21:24:10,2024-02-29 21:56:10,mobile,/home,,False
1055,,2024-03-02 22:05:27,2024-03-02 22:09:27,desktop,/category/electronics,,False
1056,,2025-05-01 10:39:33,2025-05-01 10:49:33,tablet,/blog,5,False
1057,56,2025-09-04 21:51:30,2025-09-04 21:58:30,desktop,/category/apparel,,False
1058,,2025-07-23 18:47:29,2025-07-23 18:58:29,mobile,/product-search,,False
1059,954,2025-12-28 04:04:45,2025-12-28 04:13:45,mobile,/blog,,False
1060,1129,2024-11-11 07:32:54,2024-11-11 07:54:54,desktop,/category/electronics,,False
1061,1097,2025-01-04 07:34:54,2025-01-04 07:35:54,mobile,/category/apparel,,False
1062,,2025-05-27 18:33:43,2025-05-27 18:49:43,tablet,/home,,False
1063,477,2025-11-11 22:53:36,2025-11-11 23:13:36,mobile,/deals,9,False
1064,837,2024-12-06 01:08:46,2024-12-06 01:28:46,tablet,/product-search,,False
1065,,2025-08-09 02:29:44,2025-08-09 02:55:44,tablet,/deals,12,False
1066,1305,2025-10-17 06:56:32,2025-10-17 07:01:32,desktop,/product-search,,False
1067,,2024-05-28 04:11:20,2024-05-28 04:29:20,mobile,/home,6,False
1068,524,2025-12-29 21:56:02,2025-12-29 22:30:02,mobile,/deals,,False
1069,,2025-02-24 02:38:31,2025-02-24 03:05:31,tablet,/category/apparel,,False
1070,385,2024-04-30 07:17:44,2024-04-30 07:59:44,mobile,/category/apparel,,False
1071,197,2025-05-01 10:54:33,2025-05-01 11:19:33,tablet,/product-search,,False
1072,667,2025-11-22 16:34:08,2025-11-22 17:06:08,tablet,/blog,,False
1073,,2024-11-03 04:15:37,2024-11-03 04:40:37,mobile,/category/apparel,,False
1074,481,2025-06-06 16:16:18,2025-06-06 16:44:18,desktop,/product-search,1,False
1075,,2025-12-25 16:38:19,2025-12-25 16:44:19,tablet,/deals,,False
1076,757,2025-07-22 10:37:18,2025-07-22 11:04:18,desktop,/category/apparel,,False
1077,,2024-12-16 19:41:00,2024-12-16 19:42:00,tablet,/category/apparel,11,False
1078,1330,2025-12-18 07:28:23,2025-12-18 07:39:23,mobile,/deals,14,False
1079,487,2025-03-24 02:37:21,2025-03-24 03:17:21,mobile,/category/electronics,,False
1080,,2025-09-09 17:50:59,2025-09-09 18:07:59,mobile,/category/apparel,,False
1081,1087,2025-10-26 14:33:17,2025-10-26 14:56:17,desktop,/category/apparel,6,False
1082,287,2025-11-21 12:01:19,2025-11-21 12:31:19,mobile,/category/apparel,5,False
1083,1483,2025-06-28 11:29:23,2025-06-28 11:31:23,tablet,/deals,4,True
1084,731,2025-11-20 23:53:00,2025-11-21 00:18:00,mobile,/product-search,,False
1085,1410,2025-06-11 19:21:48,2025-06-11 19:37:48,tablet,/category/apparel,9,False
1086,1333,2025-10-04 12:28:32,2025-10-04 12:35:32,mobile,/blog,1,False
1087,,2025-12-07 15:01:14,2025-12-07 15:07:14,desktop,/product-search,,False
1088,408,2025-12-19 18:28:40,2025-12-19 18:46:40,mobile,/home,7,False
1089,1210,2024-09-08 07:50:21,2024-09-08 08:06:21,mobile,/product-search,,False
1090,198,2025-05-14 21:16:35,2025-05-14 21:56:35,desktop,/category/electronics,5,False
1091,1159,2024-11-02 01:11:17,2024-11-02 01:27:17,tablet,/deals,,False
1092,1173,2025-12-30 05:14:52,2025-12-30 05:46:52,mobile,/product-search,,False
1093,1037,2025-12-13 05:36:56,2025-12-13 06:09:56,tablet,/category/apparel,,False
1094,469,2025-04-10 21:08:59,2025-04-10 21:46:59,mobile,/blog,,False
1095,218,2025-06-12 00:43:05,2025-06-12 01:23:05,mobile,/blog,12,True
1096,1316,2025-01-22 17:23:50,2025-01-22 18:04:50,desktop,/home,,False
1097,,2025-11-17 13:09:06,2025-11-17 13:54:06,mobile,/deals,9,False
1098,,2025-09-12 20:37:03,2025-09-12 21:07:03,mobile,/deals,,False
1099,,2024-04-01 15:33:14,2024-04-01 15:53:14,desktop,/deals,,False
1100,612,2025-11-17 07:45:07,2025-11-17 08:20:07,tablet,/blog,,False
1101,771,2025-12-06 17:11:38,2025-12-06 17:19:38,desktop,/home,,False
1102,1344,2025-10-17 12:12:35,2025-10-17 12:36:35,mobile,/category/apparel,,True
1103,919,2025-04-13 01:41:03,2025-04-13 02:08:03,desktop,/blog,13,False
1104,1160,2025-11-05 19:19:06,2025-11-05 19:38:06,desktop,/category/apparel,,False
1105,1490,2025-11-06 21:49:24,2025-11-06 22:18:24,desktop,/home,3,False
1106,,2024-04-17 13:35:09,2024-04-17 14:06:09,mobile,/product-search,11,False
1107,596,2025-11-28 18:29:42,2025-11-28 18:41:42,tablet,/deals,11,False
1108,1010,2025-12-07 06:07:56,2025-12-07 06:38:56,mobile,/home,,False
1109,1065,2025-12-31 06:23:40,2025-12-31 06:48:40,desktop,/category/electronics,14,False
1110,,2024-12-26 14:16:33,2024-12-26 14:30:33,mobile,/deals,,False
1111,,2025-07-07 18:40:49,2025-07-07 18:42:49,desktop,/product-search,1,False
1112,1169,2025-04-29 17:38:22,2025-04-29 18:01:22,desktop,/category/apparel,,True
1113,1320,2025-10-14 04:35:09,2025-10-14 04:54:09,tablet,/category/electronics,,False
1114,,2024-08-02 08:00:45,2024-08-02 08:33:45,tablet,/category/electronics,12,False
1115,1468,2024-10-13 20:46:12,2024-10-13 21:01:12,tablet,/home,,False
1116,771,2025-05-18 16:03:26,2025-05-18 16:06:26,tablet,/home,,False
1117,,2025-07-07 10:50:38,2025-07-07 10:54:38,mobile,/product-search,,False
1118,1306,2024-12-04 13:59:48,2024-12-04 14:20:48,tablet,/category/electronics,,True
1119,,2025-07-19 03:13:17,2025-07-19 03:22:17,tablet,/product-search,,False
1120,246,2025-05-11 19:36:08,2025-05-11 20:10:08,tablet,/blog,,False
1121,,2025-10-30 05:21:31,2025-10-30 06:05:31,mobile,/category/apparel,,False
1122,185,2024-11-17 08:56:18,2024-11-17 09:32:18,mobile,/deals,11,False
1123,555,2025-12-12 15:49:03,2025-12-12 16:14:03,tablet,/product-search,12,False
1124,1131,2024-05-19 08:08:39,2024-05-19 08:20:39,mobile,/category/apparel,8,True
1125,1420,2025-11-27 01:56:54,2025-11-27 02:29:54,tablet,/home,,False
1126,,2025-07-31 15:25:28,2025-07-31 15:50:28,mobile,/category/apparel,,False
1127,483,2025-03-30 04:36:11,2025-03-30 05:05:11,tablet,/blog,,False
1128,802,2025-05-18 07:04:35,2025-05-18 07:20:35,desktop,/category/electronics,,False
1129,1057,2025-05-22 07:03:37,2025-05-22 07:36:37,desktop,/deals,9,True
1130,636,2025-08-12 13:08:23,2025-08-12 13:48:23,tablet,/category/electronics,12,False
1131,,2024-12-26 00:16:46,2024-12-26 00:49:46,tablet,/deals,3,False
1132,208,2025-11-25 18:12:42,2025-11-25 18:26:42,mobile,/deals,,False
1133,827,2025-10-19 16:42:37,2025-10-19 16:44:37,mobile,/product-search,5,False
1134,,2025-03-23 08:59:56,2025-03-23 09:32:56,desktop,/category/apparel,,False
1135,40,2024-02-10 17:23:49,2024-02-10 18:01:49,mobile,/home,2,False
1136,1350,2025-10-08 20:27:58,2025-10-08 20:53:58,mobile,/blog,,False
1137,,2025-11-17 04:12:49,2025-11-17 04:17:49,tablet,/product-search,,False
1138,380,2024-07-07 17:05:22,2024-07-07 17:11:22,mobile,/blog,,False
1139,1049,2025-07-30 14:54:28,2025-07-30 14:56:28,tablet,/home,,False
1140,,2025-05-01 05:38:41,2025-05-01 05:50:41,desktop,/home,,False
1141,1261,2025-06-18 05:01:33,2025-06-18 05:09:33,mobile,/product-search,11,False
1142,332,2025-12-25 18:56:10,2025-12-25 19:26:10,desktop,/home,12,False
1143,869,2024-04-26 01:36:39,2024-04-26 01:46:39,desktop,/category/electronics,,False
1144,464,2025-08-30 16:38:17,2025-08-30 16:47:17,tablet,/product-search,12,False
1145,1428,2025-04-03 11:04:36,2025-04-03 11:26:36,tablet,/home,5,False
1146,,2025-12-12 18:20:21,2025-12-12 18:27:21,tablet,/category/apparel,,False
1147,,2024-07-05 21:14:31,2024-07-05 21:27:31,tablet,/deals,,False
1148,968,2025-12-31 15:03:42,2025-12-31 15:44:42,desktop,/category/electronics,,True
1149,,2024-11-06 20:21:35,2024-11-06 21:06:35,tablet,/category/apparel,15,False
1150,158,2025-12-03 07:14:42,2025-12-03 07:29:42,mobile,/category/apparel,,False
1151,,2024-12-13 16:06:14,2024-12-13 16:50:14,desktop,/deals,,False
1152,181,2025-10-23 01:07:07,2025-10-23 01:16:07,mobile,/category/electronics,5,False
1153,453,2025-09-03 15:06:16,2025-09-03 15:22:16,mobile,/blog,,True
1154,1181,2025-07-22 11:02:30,2025-07-22 11:15:30,desktop,/category/electronics,,False
1155,678,2025-10-11 22:24:22,2025-10-11 22:26:22,tablet,/home,6,False
1156,598,2025-12-08 11:28:27,2025-12-08 12:08:27,tablet,/deals,7,False
1157,1314,2025-11-17 09:04:13,2025-11-17 09:26:13,desktop,/category/electronics,,False
1158,1414,2025-10-18 23:09:59,2025-10-18 23:12:59,tablet,/product-search,4,False
1159,1059,2025-11-16 18:54:52,2025-11-16 19:27:52,desktop,/category/apparel,,False
1160,400,2025-07-24 13:43:33,2025-07-24 13:50:33,tablet,/home,12,True
1161,284,2025-08-25 20:58:33,2025-08-25 21:31:33,tablet,/home,6,False
1162,1094,2025-11-16 13:47:27,2025-11-16 14:06:27,tablet,/product-search,,False
1163,920,2024-09-05 02:10:31,2024-09-05 02:23:31,mobile,/category/electronics,14,False
1164,1101,2025-02-18 05:39:57,2025-02-18 05:52:57,tablet,/blog,9,False
1165,,2025-02-26 08:28:04,2025-02-26 08:40:04,desktop,/blog,,False
1166,752,2025-12-23 02:29:06,2025-12-23 02:41:06,tablet,/deals,,True
1167,,2024-07-02 19:03:26,2024-07-02 19:16:26,tablet,/product-search,,False
1168,414,2025-11-01 09:12:02,2025-11-01 09:16:02,mobile,/blog,,False
1169,,2024-01-30 08:29:12,2024-01-30 08:44:12,desktop,/blog,,False
1170,214,2025-11-19 13:59:37,2025-11-19 14:23:37,tablet,/category/apparel,,False
1171,163,2025-07-27 18:56:56,2025-07-27 19:04:56,tablet,/home,3,False
1172,1181,2025-01-22 01:26:19,2025-01-22 01:28:19,mobile,/home,15,False
1173,842,2024-11-04 21:15:11,2024-11-04 21:30:11,mobile,/deals,7,False
1174,1234,2024-05-29 20:31:59,2024-05-29 20:44:59,tablet,/category/electronics,,False
1175,,2025-07-13 03:44:53,2025-07-13 04:11:53,mobile,/deals,,False
1176,1066,2025-09-01 11:16:37,2025-09-01 11:32:37,desktop,/product-search,,False
1177,1103,2025-02-12 13:43:42,2025-02-12 13:53:42,tablet,/category/electronics,,True
1178,1165,2025-06-02 08:17:46,2025-06-02 08:27:46,tablet,/deals,,False
1179,17,2025-11-23 08:18:20,2025-11-23 08:45:20,mobile,/product-search,1,False
1180,924,2025-12-11 22:25:19,2025-12-11 23:02:19,tablet,/category/electronics,6,True
1181,398,2025-03-22 22:50:25,2025-03-22 23:26:25,tablet,/category/apparel,12,False
1182,286,2025-11-15 09:36:28,2025-11-15 10:14:28,mobile,/deals,,True
1183,1301,2025-11-09 19:41:34,2025-11-09 20:10:34,mobile,/category/apparel,,False
1184,859,2025-12-19 16:30:08,2025-12-19 16:45:08,mobile,/home,13,False
1185,968,2025-12-16 16:24:00,2025-12-16 16:35:00,mobile,/blog,12,True
1186,11,2025-10-16 01:06:22,2025-10-16 01:23:22,tablet,/blog,,False
1187,1101,2025-09-12 17:27:43,2025-09-12 18:09:43,desktop,/deals,,True
1188,,2024-04-22 15:44:02,2024-04-22 16:07:02,desktop,/deals,,False
1189,1336,2025-07-02 04:40:47,2025-07-02 04:52:47,mobile,/category/electronics,1,False
1190,1231,2025-11-03 00:25:50,2025-11-03 00:45:50,desktop,/home,,False
1191,1357,2025-10-19 16:48:31,2025-10-19 17:08:31,tablet,/home,,False
1192,703,2025-09-10 12:43:31,2025-09-10 13:11:31,tablet,/deals,5,False
1193,164,2025-09-29 03:46:55,2025-09-29 04:20:55,desktop,/product-search,,False
1194,647,2025-11-23 05:55:08,2025-11-23 06:15:08,tablet,/home,8,False
1195,890,2025-12-16 00:51:29,2025-12-16 01:35:29,tablet,/home,10,False
1196,403,2025-10-20 11:22:40,2025-10-20 11:59:40,desktop,/category/apparel,,False
1197,,2024-06-28 02:41:26,2024-06-28 03:20:26,mobile,/blog,7,False
1198,1139,2025-08-20 15:41:11,2025-08-20 16:18:11,mobile,/home,10,False
1199,1418,2025-11-09 03:12:30,2025-11-09 03:24:30,mobile,/blog,2,False
1200,,2025-11-10 01:19:16,2025-11-10 01:26:16,tablet,/home,,False
1201,279,2025-07-29 03:44:10,2025-07-29 04:01:10,mobile,/category/electronics,4,False
1202,,2025-11-09 19:48:35,2025-11-09 19:50:35,desktop,/deals,10,False
1203,,2025-11-13 13:01:46,2025-11-13 13:34:46,mobile,/deals,,False
1204,1392,2025-05-18 23:38:58,2025-05-19 00:01:58,mobile,/category/apparel,15,False
1205,1380,2025-09-13 22:04:35,2025-09-13 22:08:35,tablet,/home,8,False
1206,1049,2025-11-08 16:34:18,2025-11-08 16:55:18,mobile,/product-search,,True
1207,741,2025-08-29 04:55:55,2025-08-29 05:09:55,mobile,/blog,,False
1208,1094,2025-08-18 06:00:37,2025-08-18 06:37:37,tablet,/home,,True
1209,1411,2024-09-22 01:02:15,2024-09-22 01:30:15,tablet,/category/apparel,,False
1210,409,2025-12-19 08:19:13,2025-12-19 08:27:13,desktop,/category/apparel,,False
1211,432,2025-07-14 22:58:17,2025-07-14 23:04:17,tablet,/home,5,False
1212,,2024-06-03 11:26:47,2024-06-03 11:39:47,tablet,/product-search,,False
1213,1027,2025-10-20 14:37:44,2025-10-20 14:42:44,desktop,/blog,,False
1214,,2025-07-02 04:56:46,2025-07-02 05:36:46,desktop,/category/apparel,,False
1215,,2025-11-02 21:09:19,2025-11-02 21:18:19,desktop,/product-search,1,False
1216,865,2024-08-23 17:48:26,2024-08-23 18:33:26,desktop,/category/apparel,14,False
1217,292,2025-06-29 21:16:07,2025-06-29 21:27:07,desktop,/category/apparel,,True
1218,881,2025-10-02 02:00:30,2025-10-02 02:03:30,tablet,/category/apparel,2,False
1219,,2024-04-13 04:32:18,2024-04-13 04:47:18,desktop,/category/electronics,10,False
1220,843,2024-12-05 17:05:51,2024-12-05 17:24:51,tablet,/deals,,False
1221,595,2025-12-14 04:37:03,2025-12-14 05:03:03,desktop,/home,11,False
1222,41,2025-12-25 12:04:07,2025-12-25 12:20:07,tablet,/home,,True
1223,,2024-03-23 02:48:01,2024-03-23 03:16:01,tablet,/category/apparel,,False
1224,,2025-09-02 20:11:36,2025-09-02 20:35:36,mobile,/category/electronics,,False
1225,854,2025-06-27 05:19:29,2025-06-27 05:36:29,desktop,/category/apparel,,True
1226,1062,2025-03-11 06:18:11,2025-03-11 06:20:11,tablet,/product-search,5,False
1227,463,2025-06-19 15:21:41,2025-06-19 15:35:41,tablet,/category/apparel,,False
1228,1367,2025-09-27 23:11:05,2025-09-27 23:38:05,desktop,/home,3,False
1229,605,2025-06-04 22:40:36,2025-06-04 23:02:36,desktop,/product-search,,False
1230,,2024-11-18 00:51:22,2024-11-18 00:59:22,desktop,/category/electronics,2,False
1231,337,2025-11-02 05:58:34,2025-11-02 06:31:34,mobile,/product-search,1,False
1232,,2025-04-16 18:41:37,2025-04-16 19:11:37,desktop,/blog,,False
1233,263,2025-03-24 13:57:31,2025-03-24 14:42:31,tablet,/product-search,3,False
1234,,2025-02-22 01:12:15,2025-02-22 01:53:15,mobile,/category/electronics,12,False
1235,1397,2025-07-11 10:33:24,2025-07-11 11:10:24,desktop,/category/electronics,15,True
1236,923,2024-05-26 20:21:34,2024-05-26 20:47:34,mobile,/category/apparel,3,False
1237,1493,2025-10-08 18:28:52,2025-10-08 18:53:52,mobile,/product-search,,False
1238,515,2024-06-09 17:23:33,2024-06-09 17:40:33,tablet,/blog,,False
1239,470,2025-10-30 01:38:35,2025-10-30 02:02:35,desktop,/deals,,True
1240,,2024-11-01 02:28:30,2024-11-01 03:05:30,desktop,/blog,,False
1241,602,2025-11-28 23:58:21,2025-11-29 00:13:21,mobile,/deals,,False
1242,,2024-12-12 17:39:16,2024-12-12 17:56:16,tablet,/category/apparel,,False
1243,1444,2025-07-03 11:33:13,2025-07-03 11:52:13,desktop,/blog,,False
1244,798,2025-12-16 10:29:19,2025-12-16 10:36:19,mobile,/blog,,False
1245,1237,2025-09-29 22:49:20,2025-09-29 23:05:20,tablet,/deals,,True
1246,390,2025-09-23 18:59:57,2025-09-23 19:42:57,mobile,/product-search,,False
1247,599,2025-10-26 22:10:07,2025-10-26 22:21:07,tablet,/deals,,True
1248,,2025-04-25 16:47:56,2025-04-25 17:23:56,tablet,/category/apparel,,False
1249,,2024-08-11 08:48:54,2024-08-11 09:05:54,desktop,/deals,,False
1250,682,2025-12-19 22:50:32,2025-12-19 23:34:32,tablet,/deals,11,False
1251,,2024-04-16 04:38:46,2024-04-16 05:02:46,tablet,/category/apparel,6,False
1252,507,2025-02-21 16:49:41,2025-02-21 17:13:41,desktop,/home,12,False
1253,1391,2025-12-06 13:37:24,2025-12-06 13:57:24,desktop,/home,,False
1254,,2025-03-16 01:47:04,2025-03-16 02:32:04,mobile,/home,,False
1255,95,2025-06-05 02:03:57,2025-06-05 02:47:57,tablet,/home,,False
1256,805,2025-01-25 17:21:46,2025-01-25 18:04:46,tablet,/product-search,,False
1257,,2024-08-05 02:50:36,2024-08-05 02:51:36,desktop,/category/electronics,,False
1258,642,2025-09-16 15:14:10,2025-09-16 15:33:10,desktop,/category/apparel,,False
1259,,2024-11-15 13:03:52,2024-11-15 13:29:52,mobile,/deals,,False
1260,67,2025-03-16 11:27:12,2025-03-16 11:55:12,desktop,/blog,9,False
1261,140,2025-04-21 14:21:13,2025-04-21 14:38:13,tablet,/blog,,False
1262,,2025-02-01 07:24:51,2025-02-01 07:40:51,mobile,/category/apparel,,False
1263,,2025-07-22 08:41:41,2025-07-22 09:24:41,mobile,/blog,,False
1264,479,2025-06-28 04:40:11,2025-06-28 05:08:11,tablet,/product-search,,False
1265,585,2025-11-13 18:06:43,2025-11-13 18:46:43,desktop,/blog,,False
1266,1498,2025-04-07 23:40:19,2025-04-07 23:48:19,mobile,/category/electronics,10,False
1267,1241,2025-05-28 10:10:53,2025-05-28 10:34:53,tablet,/category/electronics,10,True
1268,1387,2025-08-11 21:36:48,2025-08-11 22:21:48,tablet,/category/electronics,8,False
1269,438,2024-06-05 04:16:57,2024-06-05 04:41:57,tablet,/category/electronics,2,False
1270,86,2025-07-07 02:31:26,2025-07-07 03:01:26,tablet,/blog,6,False
1271,661,2025-08-25 17:18:04,2025-08-25 17:35:04,tablet,/blog,,False
1272,239,2024-09-19 22:38:49,2024-09-19 23:12:49,mobile,/blog,,False
1273,748,2025-04-27 23:58:51,2025-04-28 00:17:51,desktop,/product-search,14,False
1274,448,2025-04-22 06:04:00,2025-04-22 06:05:00,desktop,/category/electronics,3,False
1275,33,2025-07-09 09:19:58,2025-07-09 10:00:58,mobile,/category/electronics,3,False
1276,574,2024-10-15 19:00:23,2024-10-15 19:39:23,desktop,/blog,,False
1277,1261,2025-12-13 03:45:29,2025-12-13 04:01:29,mobile,/blog,,True
1278,174,2024-11-20 23:36:48,2024-11-21 00:06:48,mobile,/home,,True
1279,,2024-01-25 04:30:23,2024-01-25 04:37:23,tablet,/deals,,False
1280,1373,2025-12-18 16:48:59,2025-12-18 17:31:59,tablet,/deals,9,True
1281,,2024-12-18 02:33:16,2024-12-18 02:45:16,desktop,/deals,,True
1282,538,2025-12-27 21:47:58,2025-12-27 22:32:58,desktop,/category/apparel,14,False
1283,302,2025-10-12 07:03:04,2025-10-12 07:48:04,mobile,/category/electronics,,False
1284,,2024-10-28 08:30:40,2024-10-28 09:11:40,desktop,/category/apparel,,False
1285,,2025-10-25 13:28:09,2025-10-25 13:49:09,desktop,/home,8,False
1286,1090,2025-05-20 14:12:27,2025-05-20 14:28:27,tablet,/category/apparel,,False
1287,499,2025-03-06 18:40:32,2025-03-06 18:55:32,tablet,/deals,8,False
1288,1272,2025-09-28 23:10:58,2025-09-28 23:24:58,tablet,/category/apparel,,False
1289,,2024-03-01 20:15:10,2024-03-01 20:49:10,desktop,/blog,,False
1290,998,2025-11-10 13:23:19,2025-11-10 14:05:19,mobile,/product-search,4,False
1291,,2025-03-15 03:02:43,2025-03-15 03:24:43,mobile,/category/apparel,,False
1292,414,2025-08-17 18:23:18,2025-08-17 19:03:18,tablet,/deals,13,False
1293,1196,2025-11-20 01:28:43,2025-11-20 01:31:43,tablet,/deals,,False
1294,101,2025-12-15 21:06:48,2025-12-15 21:50:48,desktop,/home,,False
1295,,2024-12-19 05:48:08,2024-12-19 06:16:08,desktop,/category/apparel,12,False
1296,,2024-05-23 21:10:15,2024-05-23 21:52:15,tablet,/category/apparel,,False
1297,1450,2025-06-29 11:08:04,2025-06-29 11:18:04,desktop,/product-search,,True
1298,419,2024-08-12 16:44:44,2024-08-12 16:47:44,mobile,/category/apparel,5,False
1299,1036,2024-09-07 12:13:11,2024-09-07 12:26:11,desktop,/product-search,,False
1300,47,2025-12-23 11:01:38,2025-12-23 11:44:38,mobile,/blog,3,True
1301,1362,2025-12-06 07:48:48,2025-12-06 07:50:48,desktop,/home,9,False
1302,65,2025-04-25 17:42:32,2025-04-25 18:27:32,tablet,/blog,15,False
1303,,2025-08-28 20:03:24,2025-08-28 20:04:24,mobile,/blog,14,False
1304,954,2025-12-13 08:53:22,2025-12-13 09:10:22,tablet,/category/electronics,,False
1305,702,2025-12-28 16:48:38,2025-12-28 17:30:38,desktop,/product-search,6,False
1306,,2025-07-11 08:48:47,2025-07-11 09:32:47,mobile,/deals,,False
1307,611,2025-02-14 11:27:21,2025-02-14 12:10:21,mobile,/product-search,,False
1308,646,2025-09-17 22:12:31,2025-09-17 22:48:31,mobile,/category/apparel,,True
1309,654,2025-10-19 11:22:29,2025-10-19 11:30:29,tablet,/category/electronics,,False
1310,581,2025-11-10 06:02:48,2025-11-10 06:26:48,desktop,/home,,True
1311,,2024-08-21 01:55:18,2024-08-21 02:32:18,mobile,/product-search,,False
1312,489,2024-04-22 23:02:10,2024-04-22 23:31:10,desktop,/category/apparel,,False
1313,152,2025-07-30 20:28:59,2025-07-30 20:43:59,tablet,/deals,6,False
1314,,2024-05-02 09:14:01,2024-05-02 09:25:01,desktop,/blog,13,False
1315,,2025-02-22 17:07:14,2025-02-22 17:09:14,tablet,/deals,,False
1316,146,2025-12-16 20:38:41,2025-12-16 20:58:41,desktop,/home,6,False
1317,,2025-03-07 17:26:26,2025-03-07 17:28:26,mobile,/product-search,,False
1318,812,2024-09-24 05:29:57,2024-09-24 06:08:57,mobile,/category/electronics,15,False
1319,1299,2025-06-14 02:43:08,2025-06-14 03:21:08,mobile,/category/apparel,,True
1320,616,2025-07-20 14:59:35,2025-07-20 15:01:35,tablet,/category/electronics,,False
1321,1067,2025-12-06 17:14:46,2025-12-06 17:34:46,desktop,/home,15,False
1322,493,2025-06-11 09:54:10,2025-06-11 10:15:10,tablet,/blog,,True
1323,,2025-08-03 17:39:27,2025-08-03 18:16:27,mobile,/deals,,False
1324,1482,2025-11-14 00:07:48,2025-11-14 00:08:48,desktop,/deals,,False
1325,85,2025-10-20 20:15:14,2025-10-20 20:57:14,tablet,/home,14,False
1326,353,2025-12-30 16:17:35,2025-12-30 16:42:35,tablet,/category/electronics,,False
1327,,2025-03-29 02:07:08,2025-03-29 02:24:08,tablet,/category/electronics,,False
1328,,2024-10-21 20:45:29,2024-10-21 20:47:29,desktop,/category/apparel,10,False
1329,453,2024-04-14 15:21:27,2024-04-14 15:22:27,desktop,/home,,True
1330,388,2025-12-30 10:07:21,2025-12-30 10:26:21,mobile,/category/electronics,12,False
1331,,2024-06-27 13:29:58,2024-06-27 13:33:58,desktop,/home,8,False
1332,1491,2025-02-19 07:20:56,2025-02-19 07:51:56,tablet,/category/apparel,6,False
1333,498,2025-06-28 00:03:42,2025-06-28 00:24:42,mobile,/product-search,11,True
1334,,2025-07-20 12:29:59,2025-07-20 13:14:59,tablet,/category/apparel,14,False
1335,566,2024-06-21 15:29:16,2024-06-21 15:49:16,desktop,/blog,,False
1336,733,2025-12-09 16:51:04,2025-12-09 17:21:04,tablet,/category/apparel,,False
1337,730,2025-01-14 02:10:49,2025-01-14 02:21:49,desktop,/deals,10,False
1338,,2024-02-15 09:42:18,2024-02-15 09:59:18,desktop,/category/electronics,,False
1339,,2024-10-17 05:49:05,2024-10-17 06:18:05,tablet,/product-search,1,False
1340,853,2025-05-20 15:36:41,2025-05-20 15:46:41,mobile,/deals,14,False
1341,,2024-10-31 07:43:16,2024-10-31 08:19:16,mobile,/category/electronics,4,False
1342,1488,2024-10-04 12:49:42,2024-10-04 13:25:42,mobile,/deals,2,False
1343,,2024-03-27 09:23:47,2024-03-27 10:00:47,tablet,/category/electronics,,False
1344,152,2025-02-02 03:13:23,2025-02-02 03:16:23,tablet,/product-search,4,False
1345,626,2025-07-02 07:34:35,2025-07-02 07:46:35,mobile,/category/apparel,,False
1346,,2024-07-09 06:34:27,2024-07-09 06:54:27,desktop,/category/apparel,7,False
1347,,2024-06-13 07:38:48,2024-06-13 08:16:48,mobile,/home,,False
1348,,2025-05-27 17:48:47,2025-05-27 18:24:47,desktop,/product-search,9,False
1349,1038,2025-10-17 05:51:40,2025-10-17 06:31:40,mobile,/category/electronics,,False
1350,1250,2025-01-05 11:51:14,2025-01-05 11:57:14,tablet,/category/electronics,,False
1351,,2024-01-22 16:32:26,2024-01-22 16:40:26,desktop,/home,,False
1352,,2025-06-30 17:58:48,2025-06-30 18:16:48,desktop,/category/apparel,,False
1353,,2024-03-24 04:25:48,2024-03-24 04:31:48,tablet,/category/electronics,,False
1354,,2024-11-22 08:05:52,2024-11-22 08:26:52,desktop,/home,8,False
1355,1379,2024-11-21 08:57:04,2024-11-21 09:27:04,mobile,/category/electronics,,True
1356,749,2024-12-19 13:19:57,2024-12-19 13:28:57,desktop,/home,,False
1357,441,2025-10-04 20:15:29,2025-10-04 20:19:29,mobile,/product-search,,False
1358,27,2025-08-27 02:50:03,2025-08-27 03:14:03,desktop,/category/apparel,11,False
1359,131,2025-06-30 18:15:11,2025-06-30 18:43:11,desktop,/home,,False
1360,352,2025-04-28 20:50:08,2025-04-28 20:57:08,desktop,/home,6,False
1361,606,2025-07-04 05:52:27,2025-07-04 06:08:27,desktop,/product-search,,False
1362,,2024-04-11 15:57:33,2024-04-11 16:35:33,tablet,/blog,3,False
1363,969,2025-02-08 05:23:24,2025-02-08 05:26:24,mobile,/category/apparel,12,False
1364,280,2025-10-26 05:37:36,2025-10-26 05:53:36,desktop,/home,,False
1365,676,2025-08-13 13:38:46,2025-08-13 13:46:46,desktop,/product-search,,False
1366,1119,2025-12-25 07:51:39,2025-12-25 08:13:39,mobile,/deals,,False
1367,637,2025-05-29 05:08:48,2025-05-29 05:22:48,mobile,/category/apparel,,False
1368,,2025-02-19 19:10:25,2025-02-19 19:17:25,tablet,/category/apparel,,False
1369,857,2025-09-19 14:45:28,2025-09-19 15:22:28,desktop,/product-search,,False
1370,964,2025-07-28 19:13:09,2025-07-28 19:15:09,mobile,/deals,,False
1371,1472,2025-02-26 15:38:26,2025-02-26 16:05:26,mobile,/deals,,False
1372,87,2025-06-08 07:06:05,2025-06-08 07:46:05,mobile,/home,11,False
1373,1083,2025-06-29 18:18:46,2025-06-29 18:52:46,desktop,/category/electronics,,True
1374,707,2025-10-13 08:06:24,2025-10-13 08:35:24,desktop,/deals,,True
1375,588,2025-10-30 17:22:07,2025-10-30 17:53:07,mobile,/deals,12,False
1376,50,2025-12-16 17:32:35,2025-12-16 17:40:35,mobile,/deals,5,True
1377,,2024-01-26 12:28:50,2024-01-26 12:46:50,desktop,/home,1,False
1378,,2024-11-18 19:29:07,2024-11-18 20:03:07,desktop,/product-search,13,False
1379,1009,2025-12-31 10:11:43,2025-12-31 10:12:43,desktop,/deals,,False
1380,1103,2025-08-19 06:25:00,2025-08-19 07:03:00,mobile,/category/electronics,,False
1381,598,2024-08-18 00:19:32,2024-08-18 00:36:32,mobile,/deals,,True
1382,,2024-02-05 14:11:46,2024-02-05 14:30:46,mobile,/blog,,False
1383,875,2024-07-13 13:36:59,2024-07-13 13:39:59,mobile,/blog,,False
1384,1284,2025-11-09 05:55:57,2025-11-09 06:37:57,mobile,/category/electronics,,False
1385,1471,2025-08-12 08:04:27,2025-08-12 08:32:27,desktop,/home,6,False
1386,1388,2025-11-28 19:10:47,2025-11-28 19:17:47,tablet,/category/electronics,,True
1387,103,2025-12-20 17:56:54,2025-12-20 18:25:54,mobile,/category/electronics,,False
1388,501,2025-07-27 09:32:15,2025-07-27 09:58:15,mobile,/home,13,True
1389,,2025-01-08 20:23:07,2025-01-08 20:24:07,desktop,/category/electronics,4,False
1390,1402,2025-11-23 16:15:47,2025-11-23 16:39:47,desktop,/deals,,True
1391,,2024-11-13 15:16:41,2024-11-13 15:39:41,tablet,/blog,,False
1392,578,2025-12-15 04:58:47,2025-12-15 05:04:47,tablet,/product-search,,True
1393,,2024-09-13 22:43:13,2024-09-13 22:53:13,mobile,/blog,,False
1394,,2025-07-23 04:41:07,2025-07-23 04:58:07,desktop,/category/apparel,,False
1395,423,2025-07-02 10:32:48,2025-07-02 11:16:48,desktop,/deals,,False
1396,787,2025-11-07 21:52:13,2025-11-07 22:13:13,desktop,/home,12,False
1397,511,2025-10-23 04:33:12,2025-10-23 04:41:12,tablet,/category/apparel,5,False
1398,1479,2025-01-01 14:11:39,2025-01-01 14:41:39,mobile,/product-search,5,False
1399,811,2025-04-26 20:03:32,2025-04-26 20:15:32,mobile,/category/apparel,11,False
1400,1228,2024-08-04 07:19:24,2024-08-04 07:41:24,mobile,/category/electronics,6,False
1401,,2024-04-26 21:25:09,2024-04-26 21:52:09,desktop,/deals,,False
1402,348,2025-10-04 17:33:50,2025-10-04 17:58:50,tablet,/category/apparel,14,True
1403,128,2025-09-11 02:38:07,2025-09-11 03:20:07,mobile,/home,,False
1404,1355,2025-12-10 09:23:53,2025-12-10 09:59:53,mobile,/category/electronics,,False
1405,425,2025-08-22 05:28:02,2025-08-22 05:42:02,desktop,/product-search,,True
1406,1372,2025-11-28 18:53:10,2025-11-28 19:22:10,tablet,/blog,,False
1407,329,2025-11-29 01:07:16,2025-11-29 01:30:16,mobile,/category/electronics,5,False
1408,959,2025-12-14 03:07:41,2025-12-14 03:18:41,mobile,/home,,False
1409,,2025-07-21 19:23:03,2025-07-21 19:56:03,tablet,/blog,,False
1410,1431,2025-12-05 15:18:19,2025-12-05 15:51:19,desktop,/product-search,3,False
1411,421,2024-12-25 03:54:53,2024-12-25 04:17:53,tablet,/blog,12,False
1412,792,2025-12-26 18:56:42,2025-12-26 19:05:42,tablet,/product-search,,False
1413,,2025-06-21 10:55:24,2025-06-21 11:08:24,tablet,/blog,3,False
1414,1020,2024-12-28 02:28:51,2024-12-28 02:53:51,desktop,/home,7,False
1415,1071,2025-04-15 01:21:35,2025-04-15 01:57:35,desktop,/category/electronics,9,False
1416,548,2024-06-22 09:04:02,2024-06-22 09:19:02,mobile,/blog,,False
1417,767,2025-05-23 13:10:15,2025-05-23 13:14:15,desktop,/blog,,True
1418,1129,2024-09-20 01:41:54,2024-09-20 01:57:54,tablet,/blog,,False
1419,,2025-06-23 22:46:08,2025-06-23 22:47:08,tablet,/category/electronics,,False
1420,1218,2025-11-03 14:20:18,2025-11-03 14:29:18,mobile,/blog,,False
1421,1449,2024-07-12 17:38:31,2024-07-12 17:58:31,mobile,/home,,True
1422,91,2025-05-12 19:35:17,2025-05-12 20:20:17,desktop,/category/apparel,,False
1423,190,2025-03-03 19:02:44,2025-03-03 19:34:44,mobile,/category/electronics,15,False
1424,,2025-12-13 15:04:25,2025-12-13 15:32:25,desktop,/blog,8,True
1425,1043,2024-11-27 23:01:12,2024-11-27 23:19:12,mobile,/home,9,False
1426,481,2025-09-06 17:19:56,2025-09-06 17:46:56,mobile,/blog,,False
1427,998,2025-09-16 14:29:44,2025-09-16 15:05:44,desktop,/category/electronics,8,False
1428,,2025-02-18 07:28:05,2025-02-18 07:43:05,tablet,/category/electronics,3,False
1429,,2025-04-26 15:14:06,2025-04-26 15:45:06,desktop,/deals,11,False
1430,,2025-05-29 07:45:38,2025-05-29 08:20:38,mobile,/product-search,,False
1431,1147,2025-11-09 06:42:59,2025-11-09 07:24:59,desktop,/home,1,False
1432,194,2025-10-04 01:30:09,2025-10-04 02:11:09,mobile,/category/apparel,,False
1433,1100,2025-01-28 09:39:04,2025-01-28 09:51:04,mobile,/blog,,False
1434,1337,2025-05-13 04:02:47,2025-05-13 04:14:47,tablet,/category/electronics,,False
1435,,2025-01-16 17:27:59,2025-01-16 17:37:59,desktop,/product-search,,False
1436,,2025-08-04 17:32:17,2025-08-04 18:12:17,tablet,/product-search,,False
1437,,2024-06-24 18:26:39,2024-06-24 18:33:39,desktop,/category/apparel,,False
1438,1317,2025-06-21 03:52:56,2025-06-21 03:57:56,desktop,/category/electronics,11,True
1439,1312,2025-12-05 15:27:50,2025-12-05 16:04:50,mobile,/home,,False
1440,208,2025-12-14 21:27:31,2025-12-14 21:49:31,desktop,/blog,,False
1441,614,2025-02-12 17:07:12,2025-02-12 17:13:12,tablet,/category/apparel,,False
1442,811,2025-10-02 06:15:05,2025-10-02 06:21:05,mobile,/home,,False
1443,,2024-02-16 19:27:04,2024-02-16 19:30:04,tablet,/product-search,15,False
1444,867,2025-05-19 08:20:37,2025-05-19 08:35:37,mobile,/product-search,9,False
1445,179,2025-12-09 18:50:30,2025-12-09 18:59:30,tablet,/home,,False
1446,1184,2025-08-31 22:19:48,2025-08-31 22:30:48,tablet,/blog,14,False
1447,,2024-05-30 01:15:44,2024-05-30 01:24:44,desktop,/category/electronics,,False
1448,139,2025-12-25 03:11:32,2025-12-25 03:28:32,mobile,/category/apparel,14,True
1449,1491,2025-06-02 00:41:14,2025-06-02 00:57:14,desktop,/home,1,False
1450,,2024-05-10 05:20:54,2024-05-10 05:58:54,tablet,/category/apparel,11,False
1451,878,2025-04-09 03:36:12,2025-04-09 04:01:12,desktop,/category/electronics,,False
1452,1336,2025-11-02 19:21:26,2025-11-02 19:33:26,desktop,/product-search,,False
1453,197,2025-08-24 18:49:25,2025-08-24 19:26:25,mobile,/blog,,True
1454,,2025-04-02 05:21:06,2025-04-02 05:29:06,desktop,/deals,5,False
1455,728,2024-12-27 10:10:58,2024-12-27 10:27:58,tablet,/deals,15,False
1456,467,2025-08-30 15:52:54,2025-08-30 15:57:54,mobile,/category/electronics,,True
1457,94,2025-12-09 18:07:17,2025-12-09 18:23:17,tablet,/deals,,True
1458,,2024-12-25 06:40:19,2024-12-25 06:57:19,mobile,/blog,,False
1459,,2025-08-10 09:00:58,2025-08-10 09:30:58,desktop,/category/apparel,,False
1460,,2025-01-26 09:09:15,2025-01-26 09:10:15,tablet,/deals,,False
1461,969,2025-04-07 08:35:54,2025-04-07 09:04:54,mobile,/blog,14,False
1462,220,2025-07-16 19:13:40,2025-07-16 19:36:40,mobile,/product-search,,False
1463,1074,2025-01-10 22:38:42,2025-01-10 23:23:42,desktop,/product-search,,False
1464,887,2025-04-10 14:52:53,2025-04-10 15:04:53,tablet,/blog,8,True
1465,629,2025-11-10 00:25:37,2025-11-10 01:04:37,tablet,/category/apparel,10,False
1466,,2025-08-30 10:48:49,2025-08-30 11:32:49,tablet,/home,,False
1467,194,2025-11-12 03:02:09,2025-11-12 03:05:09,tablet,/category/electronics,,False
1468,,2024-11-01 19:14:05,2024-11-01 19:30:05,desktop,/category/electronics,11,False
1469,,2025-03-05 18:07:33,2025-03-05 18:42:33,desktop,/category/electronics,,False
1470,818,2024-11-29 12:21:23,2024-11-29 12:40:23,desktop,/blog,5,False
1471,,2025-03-14 20:32:10,2025-03-14 21:10:10,mobile,/product-search,,False
1472,395,2025-12-07 19:55:35,2025-12-07 20:36:35,mobile,/category/apparel,,False
1473,1416,2025-09-13 22:32:37,2025-09-13 23:06:37,desktop,/product-search,,False
1474,292,2025-08-18 16:24:38,2025-08-18 17:00:38,mobile,/blog,3,False
1475,425,2025-08-25 23:11:43,2025-08-25 23:39:43,mobile,/category/apparel,,False
1476,355,2025-08-16 18:09:41,2025-08-16 18:23:41,tablet,/product-search,15,True
1477,194,2025-12-21 05:08:25,2025-12-21 05:16:25,mobile,/blog,2,False
1478,793,2025-01-26 19:49:52,2025-01-26 20:29:52,mobile,/deals,1,False
1479,,2025-01-26 12:52:59,2025-01-26 13:26:59,desktop,/category/electronics,3,False
1480,539,2025-12-12 19:16:33,2025-12-12 19:38:33,desktop,/product-search,,False
1481,1334,2025-07-06 15:31:07,2025-07-06 15:44:07,mobile,/category/apparel,,False
1482,,2024-03-12 16:48:23,2024-03-12 16:58:23,tablet,/home,11,False
1483,,2024-08-26 08:48:24,2024-08-26 09:26:24,desktop,/deals,11,False
1484,,2025-10-22 10:24:22,2025-10-22 11:08:22,desktop,/product-search,,False
1485,,2025-09-06 17:12:38,2025-09-06 17:36:38,tablet,/deals,,False
1486,1465,2025-11-09 10:33:28,2025-11-09 10:56:28,mobile,/blog,10,True
1487,159,2025-04-10 07:30:43,2025-04-10 07:36:43,mobile,/deals,,False
1488,,2024-11-12 09:11:35,2024-11-12 09:29:35,desktop,/category/apparel,12,False
1489,,2024-05-28 08:27:11,2024-05-28 08:38:11,desktop,/category/apparel,,False
1490,511,2025-01-04 09:19:09,2025-01-04 09:58:09,desktop,/home,,False
1491,1349,2025-06-02 22:45:48,2025-06-02 22:53:48,mobile,/blog,,True
1492,,2025-03-16 08:29:51,2025-03-16 09:14:51,mobile,/deals,,False
1493,660,2024-11-19 22:45:46,2024-11-19 23:01:46,desktop,/blog,,False
1494,,2025-08-01 17:54:23,2025-08-01 18:01:23,desktop,/product-search,6,False
1495,443,2025-08-02 01:05:59,2025-08-02 01:21:59,desktop,/product-search,,False
1496,,2024-10-20 10:29:09,2024-10-20 10:47:09,tablet,/deals,,False
1497,1177,2025-09-08 18:30:26,2025-09-08 18:49:26,tablet,/blog,5,False
1498,,2025-01-15 04:58:18,2025-01-15 05:37:18,mobile,/home,,False
1499,,2025-08-15 06:15:58,2025-08-15 06:44:58,mobile,/home,,False
1500,709,2025-12-20 07:17:30,2025-12-20 07:57:30,tablet,/deals,,False
1501,85,2024-11-08 00:31:24,2024-11-08 01:15:24,tablet,/product-search,15,False
1502,,2024-08-18 11:18:54,2024-08-18 11:54:54,mobile,/blog,,False
1503,,2025-04-20 19:41:34,2025-04-20 20:16:34,tablet,/home,14,False
1504,887,2025-11-04 08:58:43,2025-11-04 09:15:43,mobile,/category/apparel,7,False
1505,1264,2025-06-06 05:18:57,2025-06-06 05:27:57,mobile,/blog,9,False
1506,911,2025-11-01 11:45:41,2025-11-01 11:46:41,desktop,/home,,False
1507,,2024-04-08 21:55:10,2024-04-08 22:11:10,mobile,/category/electronics,3,False
1508,,2025-05-29 03:39:48,2025-05-29 04:15:48,desktop,/home,,False
1509,,2025-12-21 06:12:30,2025-12-21 06:21:30,tablet,/category/apparel,,False
1510,,2025-01-19 17:13:19,2025-01-19 17:34:19,mobile,/deals,,False
1511,952,2025-10-14 09:25:50,2025-10-14 10:08:50,tablet,/category/apparel,15,False
1512,1482,2025-07-30 22:31:16,2025-07-30 23:03:16,tablet,/category/electronics,,False
1513,,2025-03-17 14:41:46,2025-03-17 15:07:46,tablet,/deals,15,False
1514,1007,2025-12-01 19:19:11,2025-12-01 19:52:11,tablet,/category/apparel,9,False
1515,1333,2025-10-20 02:07:57,2025-10-20 02:18:57,desktop,/category/apparel,13,False
1516,,2024-04-25 12:37:02,2024-04-25 12:45:02,mobile,/category/electronics,,False
1517,,2024-04-16 03:41:15,2024-04-16 03:49:15,mobile,/category/apparel,3,False
1518,,2025-01-28 08:30:18,2025-01-28 08:43:18,mobile,/deals,7,False
1519,511,2024-05-20 14:16:34,2024-05-20 14:47:34,mobile,/deals,,False
1520,497,2025-07-10 17:53:13,2025-07-10 18:06:13,desktop,/category/electronics,12,False
1521,946,2024-11-29 10:35:35,2024-11-29 11:08:35,desktop,/deals,8,True
1522,1188,2025-04-03 09:50:15,2025-04-03 10:11:15,desktop,/blog,,False
1523,479,2024-08-12 09:15:11,2024-08-12 09:25:11,desktop,/category/electronics,,False
1524,335,2024-09-30 08:42:14,2024-09-30 09:17:14,tablet,/category/apparel,,False
1525,,2025-05-21 10:44:10,2025-05-21 11:05:10,tablet,/home,,False
1526,,2024-02-09 01:13:36,2024-02-09 01:57:36,tablet,/category/electronics,9,False
1527,1177,2025-09-05 12:07:40,2025-09-05 12:25:40,tablet,/home,12,False
1528,1280,2025-12-15 08:02:46,2025-12-15 08:17:46,desktop,/category/apparel,1,False
1529,432,2024-11-11 12:51:13,2024-11-11 13:27:13,desktop,/deals,9,False
1530,,2024-06-02 23:19:00,2024-06-02 23:37:00,tablet,/deals,,False
1531,955,2025-12-30 01:32:00,2025-12-30 01:49:00,tablet,/product-search,10,False
1532,125,2025-12-28 00:29:47,2025-12-28 00:43:47,mobile,/deals,5,False
1533,1462,2025-04-19 03:13:30,2025-04-19 03:31:30,mobile,/product-search,,False
1534,,2025-11-18 02:09:50,2025-11-18 02:12:50,mobile,/category/apparel,,False
1535,382,2024-11-04 03:18:29,2024-11-04 03:40:29,mobile,/blog,14,False
1536,,2025-06-24 21:25:22,2025-06-24 21:53:22,mobile,/category/electronics,9,False
1537,,2024-06-09 02:21:33,2024-06-09 02:34:33,tablet,/blog,,False
1538,509,2025-03-11 10:04:18,2025-03-11 10:44:18,desktop,/blog,,True
1539,,2025-01-02 19:41:32,2025-01-02 19:43:32,mobile,/blog,,False
1540,,2025-04-14 12:00:33,2025-04-14 12:04:33,desktop,/category/apparel,,False
1541,1045,2025-12-18 10:25:24,2025-12-18 10:29:24,desktop,/product-search,,False
1542,,2024-06-19 18:29:57,2024-06-19 18:37:57,desktop,/home,,False
1543,,2024-11-21 23:03:57,2024-11-21 23:16:57,desktop,/category/electronics,,False
1544,839,2025-12-31 21:21:29,2025-12-31 21:42:29,mobile,/deals,,False
1545,,2025-04-01 01:13:25,2025-04-01 01:26:25,tablet,/category/apparel,,False
1546,293,2025-05-15 06:51:55,2025-05-15 06:58:55,tablet,/category/apparel,,False
1547,1423,2025-11-04 05:30:41,2025-11-04 05:39:41,desktop,/category/apparel,,False
1548,1486,2025-08-16 00:28:37,2025-08-16 00:38:37,desktop,/deals,,False
1549,1130,2025-10-25 18:37:49,2025-10-25 18:39:49,tablet,/deals,,False
1550,1115,2025-11-01 04:55:43,2025-11-01 05:30:43,mobile,/category/apparel,,False
1551,1183,2025-09-01 02:40:47,2025-09-01 03:21:47,mobile,/category/apparel,,False
1552,,2025-12-12 06:02:06,2025-12-12 06:31:06,mobile,/category/apparel,,False
1553,,2024-05-09 04:22:35,2024-05-09 04:29:35,mobile,/category/apparel,2,False
1554,750,2024-10-13 19:22:06,2024-10-13 19:38:06,desktop,/product-search,,False
1555,787,2025-11-26 13:13:56,2025-11-26 13:26:56,desktop,/home,,False
1556,402,2025-12-29 09:10:18,2025-12-29 09:29:18,desktop,/deals,,True
1557,1106,2025-04-04 18:53:26,2025-04-04 19:09:26,desktop,/category/electronics,14,False
1558,,2024-06-09 06:43:10,2024-06-09 07:19:10,tablet,/category/electronics,,False
1559,1200,2025-03-16 23:51:33,2025-03-17 00:18:33,mobile,/category/electronics,3,False
1560,,2025-05-28 01:15:04,2025-05-28 01:32:04,desktop,/category/electronics,,False
1561,,2024-01-12 05:50:18,2024-01-12 06:18:18,mobile,/deals,15,False
1562,,2025-01-12 02:26:19,2025-01-12 02:38:19,desktop,/home,13,False
1563,794,2025-07-31 00:29:55,2025-07-31 01:00:55,mobile,/category/apparel,4,False
1564,296,2025-05-06 07:08:31,2025-05-06 07:22:31,tablet,/home,,False
1565,543,2024-06-30 11:21:38,2024-06-30 11:57:38,mobile,/home,,False
1566,1373,2025-10-05 16:10:26,2025-10-05 16:26:26,tablet,/product-search,,True
1567,402,2025-10-13 18:16:34,2025-10-13 18:47:34,mobile,/home,,True
1568,177,2025-11-16 20:04:38,2025-11-16 20:20:38,mobile,/category/electronics,3,True
1569,,2025-01-04 00:55:19,2025-01-04 01:25:19,mobile,/deals,,False
1570,,2024-08-18 04:31:04,2024-08-18 04:41:04,mobile,/category/apparel,10,False
1571,,2025-05-25 19:13:39,2025-05-25 19:36:39,mobile,/category/apparel,,False
1572,761,2025-01-24 19:36:48,2025-01-24 20:00:48,mobile,/category/electronics,1,False
1573,166,2025-06-30 01:49:31,2025-06-30 02:15:31,mobile,/category/electronics,8,True
1574,1133,2025-12-11 03:41:53,2025-12-11 03:57:53,desktop,/deals,,False
1575,824,2025-11-04 19:35:48,2025-11-04 19:52:48,desktop,/home,,False
1576,84,2024-09-03 02:29:36,2024-09-03 02:35:36,tablet,/category/electronics,8,False
1577,,2025-02-28 03:49:43,2025-02-28 03:54:43,mobile,/home,,False
1578,29,2024-11-21 05:06:11,2024-11-21 05:26:11,mobile,/category/electronics,,False
1579,692,2025-01-06 17:25:52,2025-01-06 18:06:52,mobile,/category/apparel,15,False
1580,,2024-04-24 08:40:48,2024-04-24 09:12:48,tablet,/deals,,False
1581,,2025-07-07 07:14:29,2025-07-07 07:49:29,mobile,/home,2,False
1582,,2024-05-24 02:18:48,2024-05-24 02:29:48,mobile,/category/electronics,12,False
1583,1320,2024-05-18 03:03:25,2024-05-18 03:47:25,mobile,/category/apparel,,False
1584,370,2025-03-24 20:04:38,2025-03-24 20:08:38,mobile,/category/electronics,,False
1585,1329,2025-04-13 19:41:23,2025-04-13 19:55:23,mobile,/home,7,False
1586,,2025-08-03 08:22:08,2025-08-03 08:52:08,mobile,/deals,,False
1587,,2025-03-24 17:52:27,2025-03-24 18:14:27,mobile,/home,13,False
1588,493,2025-04-07 17:58:03,2025-04-07 18:39:03,tablet,/product-search,,True
1589,672,2025-05-29 05:12:02,2025-05-29 05:20:02,tablet,/home,,False
1590,1480,2025-03-16 19:35:02,2025-03-16 20:16:02,tablet,/blog,11,False
1591,1280,2025-12-22 13:44:23,2025-12-22 13:49:23,tablet,/blog,2,True
1592,157,2025-05-11 14:19:01,2025-05-11 14:38:01,tablet,/blog,,False
1593,,2025-04-17 13:54:12,2025-04-17 14:28:12,tablet,/deals,,False
1594,395,2025-11-03 17:37:15,2025-11-03 18:13:15,desktop,/home,8,False
1595,253,2025-12-15 23:52:29,2025-12-16 00:12:29,tablet,/home,3,False
1596,377,2025-12-20 15:38:47,2025-12-20 16:14:47,desktop,/home,,False
1597,903,2025-07-21 20:40:31,2025-07-21 21:11:31,mobile,/home,,False
1598,1134,2025-09-14 06:19:16,2025-09-14 06:38:16,mobile,/category/electronics,,False
1599,800,2025-08-24 16:04:35,2025-08-24 16:30:35,tablet,/blog,,True
1600,999,2024-09-10 10:11:09,2024-09-10 10:30:09,desktop,/category/apparel,3,True
1601,9,2025-03-28 02:38:36,2025-03-28 03:21:36,mobile,/home,,False
1602,,2024-12-12 06:35:51,2024-12-12 07:19:51,tablet,/home,14,False
1603,503,2024-09-29 08:00:12,2024-09-29 08:10:12,desktop,/blog,1,False
1604,1,2025-09-22 04:33:25,2025-09-22 04:45:25,mobile,/deals,,False
1605,57,2025-02-25 22:40:47,2025-02-25 22:51:47,desktop,/product-search,9,False
1606,34,2025-07-10 15:26:18,2025-07-10 16:05:18,tablet,/category/electronics,,False
1607,241,2025-07-25 04:29:13,2025-07-25 04:56:13,desktop,/home,6,False
1608,337,2025-11-30 09:53:24,2025-11-30 10:02:24,tablet,/deals,,False
1609,908,2025-01-18 08:28:56,2025-01-18 09:06:56,mobile,/home,,False
1610,188,2025-01-31 03:24:26,2025-01-31 03:32:26,tablet,/blog,14,False
1611,525,2025-09-05 19:34:37,2025-09-05 20:08:37,desktop,/deals,12,False
1612,1174,2025-04-20 07:36:29,2025-04-20 07:48:29,desktop,/home,,False
1613,986,2025-12-09 19:55:33,2025-12-09 20:31:33,tablet,/deals,12,False
1614,235,2024-12-22 05:13:35,2024-12-22 05:19:35,tablet,/home,,False
1615,,2024-11-16 21:37:51,2024-11-16 21:53:51,desktop,/category/apparel,,False
1616,,2024-05-17 20:39:25,2024-05-17 21:12:25,mobile,/home,14,False
1617,751,2024-12-28 03:54:21,2024-12-28 04:24:21,desktop,/product-search,2,False
1618,,2025-12-19 07:23:09,2025-12-19 08:05:09,tablet,/deals,6,False
1619,155,2024-04-10 00:19:45,2024-04-10 00:48:45,mobile,/blog,2,True
1620,502,2025-05-09 03:14:59,2025-05-09 03:51:59,desktop,/category/apparel,,False
1621,986,2025-12-28 11:07:24,2025-12-28 11:19:24,tablet,/blog,,False
1622,,2024-08-26 19:55:04,2024-08-26 20:13:04,mobile,/category/apparel,,False
1623,471,2025-08-23 14:23:38,2025-08-23 14:49:38,desktop,/blog,,False
1624,1402,2025-11-26 04:05:12,2025-11-26 04:50:12,mobile,/home,4,False
1625,1472,2024-07-21 01:42:04,2024-07-21 02:26:04,tablet,/category/apparel,,False
1626,,2025-07-19 22:43:41,2025-07-19 22:56:41,mobile,/category/apparel,13,False
1627,138,2025-12-07 16:08:57,2025-12-07 16:28:57,mobile,/deals,,False
1628,,2025-07-13 08:40:58,2025-07-13 09:00:58,desktop,/home,1,False
1629,486,2025-12-25 04:41:36,2025-12-25 04:48:36,mobile,/deals,15,True
1630,180,2025-11-09 23:13:40,2025-11-09 23:24:40,mobile,/category/apparel,,False
1631,446,2025-12-25 10:04:19,2025-12-25 10:09:19,tablet,/blog,,True
1632,761,2025-05-29 02:45:01,2025-05-29 03:09:01,tablet,/category/electronics,,False
1633,1099,2025-10-22 19:12:36,2025-10-22 19:20:36,mobile,/deals,,False
1634,847,2025-06-20 16:23:40,2025-06-20 17:07:40,desktop,/category/apparel,,True
1635,,2024-06-27 12:50:33,2024-06-27 13:29:33,tablet,/home,,False
1636,524,2025-12-28 09:28:22,2025-12-28 09:35:22,tablet,/home,10,False
1637,,2025-03-03 00:32:23,2025-03-03 00:56:23,tablet,/category/apparel,,False
1638,,2024-05-23 00:32:12,2024-05-23 00:56:12,tablet,/category/electronics,,False
1639,,2024-06-22 00:55:41,2024-06-22 01:12:41,desktop,/deals,,False
1640,,2024-04-06 19:30:43,2024-04-06 20:15:43,tablet,/deals,,False
1641,669,2025-11-30 08:00:14,2025-11-30 08:23:14,tablet,/blog,10,False
1642,1419,2025-03-02 03:21:04,2025-03-02 03:36:04,tablet,/home,,False
1643,,2025-01-19 06:58:27,2025-01-19 07:14:27,tablet,/category/apparel,,False
1644,,2024-11-14 21:47:40,2024-11-14 21:56:40,desktop,/deals,14,False
1645,,2025-10-30 05:40:17,2025-10-30 05:42:17,mobile,/category/apparel,,False
1646,789,2025-12-30 21:09:10,2025-12-30 21:33:10,mobile,/home,,True
1647,,2025-05-22 16:13:50,2025-05-22 16:26:50,tablet,/blog,3,False
1648,543,2024-12-21 22:44:40,2024-12-21 23:06:40,desktop,/blog,12,True
1649,563,2025-11-23 12:39:55,2025-11-23 12:40:55,desktop,/product-search,,False
1650,72,2025-02-14 00:30:38,2025-02-14 01:03:38,desktop,/category/electronics,3,False
1651,,2025-07-19 17:23:49,2025-07-19 17:26:49,tablet,/category/apparel,,False
1652,,2024-08-09 10:37:22,2024-08-09 10:49:22,mobile,/home,7,False
1653,390,2025-11-18 21:29:17,2025-11-18 21:40:17,desktop,/product-search,,False
1654,997,2025-08-24 05:51:58,2025-08-24 05:57:58,mobile,/product-search,,False
1655,263,2025-12-08 02:38:36,2025-12-08 03:20:36,desktop,/home,,False
1656,,2024-08-25 12:11:57,2024-08-25 12:33:57,tablet,/home,13,False
1657,194,2025-11-03 21:18:54,2025-11-03 21:28:54,tablet,/deals,,False
1658,143,2024-11-30 15:58:09,2024-11-30 16:36:09,tablet,/blog,3,False
1659,1265,2024-11-28 05:47:59,2024-11-28 05:54:59,desktop,/blog,8,False
1660,1293,2025-12-27 22:30:07,2025-12-27 22:43:07,desktop,/category/electronics,1,False
1661,161,2025-09-21 16:58:11,2025-09-21 17:31:11,tablet,/category/apparel,11,False
1662,349,2025-09-04 07:37:46,2025-09-04 08:05:46,tablet,/blog,,False
1663,436,2025-02-26 15:34:57,2025-02-26 15:45:57,mobile,/category/apparel,,False
1664,1146,2025-07-27 01:37:59,2025-07-27 01:54:59,tablet,/blog,,True
1665,,2024-02-28 12:53:49,2024-02-28 13:34:49,mobile,/deals,2,False
1666,,2025-08-22 23:37:32,2025-08-23 00:20:32,mobile,/category/electronics,1,False
1667,1146,2025-05-26 18:54:03,2025-05-26 19:16:03,desktop,/category/apparel,,False
1668,,2024-08-25 16:05:09,2024-08-25 16:09:09,desktop,/blog,,False
1669,1145,2025-06-04 04:43:50,2025-06-04 04:47:50,desktop,/blog,,False
1670,898,2025-12-27 08:01:36,2025-12-27 08:39:36,tablet,/category/electronics,,False
1671,838,2025-09-14 17:31:57,2025-09-14 18:15:57,mobile,/category/electronics,,False
1672,1118,2024-07-18 22:48:12,2024-07-18 22:51:12,tablet,/home,,True
1673,1374,2025-10-07 05:33:32,2025-10-07 05:42:32,desktop,/category/electronics,11,False
1674,,2025-03-08 21:55:55,2025-03-08 22:24:55,tablet,/home,,False
1675,1273,2025-06-09 15:23:59,2025-06-09 15:46:59,tablet,/home,,False
1676,,2025-06-05 09:34:12,2025-06-05 10:17:12,tablet,/category/electronics,,False
1677,,2025-03-17 02:11:31,2025-03-17 02:28:31,desktop,/category/electronics,,False
1678,1317,2025-12-02 11:05:29,2025-12-02 11:41:29,desktop,/home,,False
1679,1349,2025-11-26 09:31:11,2025-11-26 09:57:11,desktop,/blog,,False
1680,,2025-11-05 15:58:42,2025-11-05 16:42:42,desktop,/category/apparel,,False
1681,195,2025-09-22 00:30:06,2025-09-22 00:51:06,mobile,/home,3,True
1682,,2025-10-11 14:42:22,2025-10-11 14:49:22,desktop,/product-search,,False
1683,255,2025-11-24 21:07:58,2025-11-24 21:16:58,tablet,/blog,,False
1684,1140,2025-11-29 11:38:17,2025-11-29 12:06:17,tablet,/category/electronics,,False
1685,,2024-05-23 09:01:47,2024-05-23 09:05:47,desktop,/category/electronics,,False
1686,,2024-01-17 23:01:59,2024-01-17 23:24:59,tablet,/category/apparel,,False
1687,321,2025-08-28 10:35:02,2025-08-28 10:40:02,desktop,/category/electronics,,True
1688,689,2025-09-26 01:50:10,2025-09-26 02:23:10,mobile,/blog,7,True
1689,,2024-01-22 08:58:11,2024-01-22 09:00:11,tablet,/home,,False
1690,,2025-10-31 13:10:43,2025-10-31 13:45:43,mobile,/category/electronics,4,False
1691,,2024-12-16 20:25:59,2024-12-16 20:40:59,desktop,/home,12,False
1692,853,2025-05-16 03:43:08,2025-05-16 04:08:08,mobile,/deals,,True
1693,1299,2025-07-15 01:15:48,2025-07-15 01:24:48,mobile,/category/electronics,,False
1694,675,2025-06-22 10:39:42,2025-06-22 10:47:42,mobile,/deals,,False
1695,1236,2025-12-26 19:46:55,2025-12-26 20:29:55,mobile,/deals,,False
1696,,2025-06-16 09:20:42,2025-06-16 09:23:42,mobile,/category/apparel,,False
1697,367,2025-11-14 17:49:00,2025-11-14 18:26:00,mobile,/blog,8,False
1698,,2025-05-22 02:01:18,2025-05-22 02:23:18,tablet,/home,,False
1699,867,2025-09-02 22:57:21,2025-09-02 23:22:21,desktop,/product-search,12,False
1700,,2024-09-09 22:02:37,2024-09-09 22:29:37,mobile,/deals,9,False
1701,,2025-03-06 14:06:36,2025-03-06 14:44:36,tablet,/category/electronics,7,False
1702,,2024-02-15 05:08:46,2024-02-15 05:40:46,desktop,/product-search,,False
1703,,2024-03-03 12:55:07,2024-03-03 13:22:07,mobile,/category/apparel,14,False
1704,770,2025-12-11 19:54:32,2025-12-11 20:37:32,desktop,/deals,,False
1705,1224,2025-10-28 15:10:22,2025-10-28 15:44:22,mobile,/category/electronics,8,False
1706,,2024-08-24 07:04:18,2024-08-24 07:33:18,mobile,/deals,,False
1707,886,2025-10-20 16:11:29,2025-10-20 16:31:29,mobile,/product-search,,False
1708,,2025-06-22 03:27:19,2025-06-22 04:05:19,tablet,/product-search,,False
1709,,2024-07-07 05:54:02,2024-07-07 06:22:02,tablet,/deals,8,False
1710,,2024-12-29 10:09:53,2024-12-29 10:26:53,mobile,/product-search,,False
1711,,2025-07-19 17:26:14,2025-07-19 18:07:14,desktop,/product-search,2,False
1712,,2024-07-31 00:37:36,2024-07-31 01:08:36,tablet,/category/electronics,15,False
1713,,2025-12-14 02:10:25,2025-12-14 02:39:25,mobile,/category/electronics,1,False
1714,620,2025-02-20 00:40:07,2025-02-20 01:07:07,desktop,/category/apparel,,False
1715,,2024-03-31 15:09:48,2024-03-31 15:14:48,tablet,/blog,5,False
1716,,2024-12-26 09:31:48,2024-12-26 09:59:48,tablet,/product-search,,False
1717,,2025-01-05 06:57:41,2025-01-05 07:24:41,tablet,/home,,False
1718,,2024-05-28 06:43:52,2024-05-28 07:01:52,desktop,/category/electronics,,False
1719,,2025-02-18 02:59:46,2025-02-18 03:26:46,mobile,/blog,5,False
1720,117,2025-08-07 00:51:52,2025-08-07 01:03:52,desktop,/category/electronics,5,True
1721,773,2025-11-09 08:37:26,2025-11-09 08:43:26,tablet,/category/apparel,,False
1722,165,2025-12-28 19:20:22,2025-12-28 19:43:22,desktop,/category/apparel,,False
1723,1381,2025-06-14 21:03:31,2025-06-14 21:17:31,tablet,/product-search,,False
1724,,2024-03-21 05:26:48,2024-03-21 05:48:48,tablet,/category/apparel,,False
1725,,2024-10-06 01:58:10,2024-10-06 02:25:10,desktop,/product-search,12,False
1726,,2024-08-20 23:43:38,2024-08-21 00:15:38,mobile,/category/apparel,1,False
1727,,2024-03-29 14:03:03,2024-03-29 14:44:03,desktop,/category/apparel,,False
1728,1381,2025-12-26 17:37:17,2025-12-26 17:40:17,desktop,/category/apparel,12,False
1729,696,2024-12-12 21:17:54,2024-12-12 21:32:54,mobile,/deals,1,False
1730,,2024-02-11 11:20:38,2024-02-11 11:38:38,mobile,/product-search,,False
1731,1008,2024-12-24 20:40:57,2024-12-24 20:54:57,desktop,/home,4,False
1732,171,2025-03-29 19:25:13,2025-03-29 19:52:13,tablet,/product-search,10,False
1733,,2024-09-23 00:23:57,2024-09-23 00:33:57,desktop,/deals,4,False
1734,726,2024-11-08 08:58:47,2024-11-08 09:17:47,mobile,/product-search,13,False
1735,404,2025-11-24 04:23:47,2025-11-24 04:49:47,desktop,/product-search,1,False
1736,712,2025-09-14 21:12:25,2025-09-14 21:32:25,mobile,/home,,True
1737,1235,2025-06-05 09:17:17,2025-06-05 10:02:17,tablet,/blog,,True
1738,1219,2025-12-24 15:47:10,2025-12-24 16:11:10,tablet,/deals,,True
1739,,2024-03-18 22:04:16,2024-03-18 22:38:16,desktop,/home,,False
1740,,2024-07-17 11:50:02,2024-07-17 12:22:02,tablet,/deals,,False
1741,,2025-08-16 13:08:18,2025-08-16 13:42:18,desktop,/category/electronics,14,False
1742,1025,2024-09-10 20:53:55,2024-09-10 21:10:55,mobile,/deals,11,False
1743,493,2025-09-21 17:00:10,2025-09-21 17:19:10,mobile,/blog,11,False
1744,1229,2025-08-04 00:31:37,2025-08-04 01:00:37,tablet,/category/apparel,,False
1745,,2025-11-12 02:08:40,2025-11-12 02:13:40,tablet,/home,,False
1746,750,2025-08-21 04:51:01,2025-08-21 05:16:01,desktop,/product-search,3,True
1747,344,2025-11-08 19:21:09,2025-11-08 19:48:09,desktop,/category/apparel,,True
1748,,2024-02-11 19:41:02,2024-02-11 20:21:02,mobile,/deals,,False
1749,1459,2025-11-09 19:06:16,2025-11-09 19:20:16,desktop,/blog,6,False
1750,646,2025-09-12 08:02:18,2025-09-12 08:13:18,tablet,/deals,6,False
1751,,2024-11-13 00:37:18,2024-11-13 01:22:18,mobile,/product-search,4,False
1752,1209,2024-11-16 06:49:21,2024-11-16 07:34:21,mobile,/blog,3,True
1753,1500,2025-10-19 17:53:53,2025-10-19 18:31:53,desktop,/blog,,False
1754,,2025-03-10 16:39:45,2025-03-10 16:42:45,tablet,/product-search,,False
1755,,2024-05-26 04:38:10,2024-05-26 05:15:10,mobile,/category/electronics,,False
1756,364,2025-12-09 21:59:43,2025-12-09 22:21:43,tablet,/category/apparel,5,False
1757,1253,2025-12-29 06:07:20,2025-12-29 06:16:20,mobile,/deals,1,False
1758,888,2025-12-19 09:39:45,2025-12-19 10:02:45,mobile,/category/apparel,,False
1759,380,2025-08-22 07:29:47,2025-08-22 08:13:47,tablet,/blog,,False
1760,247,2025-04-22 15:13:19,2025-04-22 15:25:19,desktop,/category/electronics,,False
1761,,2025-11-10 06:29:36,2025-11-10 07:06:36,desktop,/blog,,False
1762,,2024-02-16 04:14:20,2024-02-16 04:44:20,tablet,/deals,,False
1763,938,2025-06-24 22:21:50,2025-06-24 22:49:50,mobile,/category/electronics,4,False
1764,1258,2025-07-11 00:02:21,2025-07-11 00:25:21,tablet,/category/apparel,,False
1765,,2024-04-12 04:40:41,2024-04-12 04:55:41,tablet,/product-search,15,False
1766,882,2025-12-25 08:40:32,2025-12-25 09:18:32,desktop,/category/apparel,,False
1767,492,2024-12-20 01:39:32,2024-12-20 01:57:32,tablet,/category/apparel,8,False
1768,,2025-09-12 04:41:33,2025-09-12 05:23:33,desktop,/category/apparel,9,False
1769,31,2025-09-10 04:10:57,2025-09-10 04:55:57,tablet,/deals,,False
1770,748,2025-08-03 01:44:25,2025-08-03 02:07:25,mobile,/product-search,,False
1771,815,2025-01-18 13:49:47,2025-01-18 14:03:47,tablet,/category/apparel,9,False
1772,591,2025-06-16 10:46:56,2025-06-16 11:25:56,tablet,/category/apparel,,False
1773,651,2024-06-28 08:32:20,2024-06-28 09:00:20,tablet,/home,13,False
1774,1227,2025-11-09 17:17:14,2025-11-09 18:01:14,tablet,/deals,3,False
1775,1063,2025-12-31 03:25:08,2025-12-31 04:02:08,tablet,/category/electronics,4,True
1776,325,2025-07-02 00:35:13,2025-07-02 00:51:13,desktop,/category/electronics,,False
1777,155,2024-08-06 00:37:13,2024-08-06 01:05:13,mobile,/category/electronics,,True
1778,829,2025-01-23 01:57:31,2025-01-23 02:22:31,tablet,/blog,2,False
1779,867,2025-06-27 10:37:35,2025-06-27 10:53:35,tablet,/product-search,,False
1780,849,2025-05-22 11:07:47,2025-05-22 11:32:47,tablet,/blog,,False
1781,933,2025-05-22 07:46:29,2025-05-22 07:58:29,tablet,/deals,,False
1782,272,2025-06-09 05:50:48,2025-06-09 06:33:48,desktop,/category/electronics,,False
1783,313,2025-11-27 06:28:57,2025-11-27 06:36:57,mobile,/category/electronics,12,False
1784,1364,2025-05-04 23:26:09,2025-05-04 23:40:09,tablet,/category/apparel,9,True
1785,921,2024-12-18 00:04:37,2024-12-18 00:44:37,tablet,/home,,False
1786,67,2024-08-15 22:43:11,2024-08-15 23:28:11,desktop,/home,,False
1787,,2024-03-15 15:02:47,2024-03-15 15:12:47,desktop,/category/electronics,5,False
1788,1153,2025-04-29 22:50:48,2025-04-29 23:15:48,tablet,/product-search,4,False
1789,,2024-06-11 22:05:24,2024-06-11 22:27:24,tablet,/category/electronics,8,False
1790,973,2025-06-12 17:04:07,2025-06-12 17:43:07,mobile,/product-search,15,True
1791,,2024-08-07 14:17:22,2024-08-07 14:20:22,mobile,/category/apparel,14,False
1792,213,2025-02-14 23:46:47,2025-02-14 23:48:47,desktop,/deals,8,False
1793,1242,2024-11-26 13:42:24,2024-11-26 13:44:24,desktop,/deals,,False
1794,648,2025-12-29 07:05:01,2025-12-29 07:50:01,desktop,/category/apparel,15,False
1795,,2024-09-01 21:57:10,2024-09-01 22:15:10,mobile,/deals,,False
1796,1155,2024-06-21 01:44:40,2024-06-21 01:56:40,mobile,/blog,1,False
1797,225,2025-11-25 02:37:10,2025-11-25 02:56:10,desktop,/blog,1,False
1798,679,2025-04-07 14:47:39,2025-04-07 15:02:39,desktop,/product-search,,False
1799,1090,2025-05-25 20:57:08,2025-05-25 21:30:08,tablet,/category/apparel,10,False
1800,,2025-04-06 08:55:32,2025-04-06 09:27:32,mobile,/category/apparel,,False
1801,1253,2025-08-14 21:23:40,2025-08-14 22:08:40,mobile,/category/electronics,12,False
1802,,2025-02-03 07:47:37,2025-02-03 08:27:37,tablet,/deals,,False
1803,1354,2025-12-20 21:09:37,2025-12-20 21:47:37,desktop,/product-search,,False
1804,1418,2025-09-07 12:26:44,2025-09-07 12:37:44,tablet,/product-search,,True
1805,,2024-03-07 01:12:10,2024-03-07 01:29:10,tablet,/deals,11,False
1806,115,2025-03-07 13:25:59,2025-03-07 14:08:59,desktop,/home,7,False
1807,,2025-01-26 21:15:58,2025-01-26 21:29:58,desktop,/category/electronics,,False
1808,1322,2025-07-19 03:50:53,2025-07-19 04:29:53,mobile,/product-search,,False
1809,,2024-05-10 23:34:04,2024-05-10 23:46:04,desktop,/product-search,8,False
1810,589,2025-01-27 04:49:50,2025-01-27 05:23:50,tablet,/product-search,,False
1811,1422,2025-09-13 16:28:57,2025-09-13 16:50:57,tablet,/deals,9,False
1812,1176,2024-12-07 04:23:20,2024-12-07 04:40:20,mobile,/deals,,False
1813,204,2025-11-05 06:44:03,2025-11-05 06:50:03,mobile,/category/electronics,,False
1814,550,2024-12-16 06:11:59,2024-12-16 06:51:59,mobile,/category/apparel,3,True
1815,733,2025-10-04 01:31:53,2025-10-04 02:09:53,tablet,/category/electronics,,False
1816,,2024-12-20 20:16:53,2024-12-20 20:19:53,mobile,/deals,,False
1817,,2025-10-14 02:37:55,2025-10-14 02:41:55,mobile,/blog,,False
1818,1472,2025-05-30 04:04:54,2025-05-30 04:11:54,mobile,/deals,1,False
1819,1421,2025-09-28 04:44:12,2025-09-28 05:06:12,desktop,/deals,8,True
1820,,2025-09-15 21:09:42,2025-09-15 21:30:42,desktop,/product-search,,False
1821,652,2025-02-16 15:43:35,2025-02-16 16:28:35,tablet,/category/electronics,14,False
1822,94,2025-11-15 04:01:10,2025-11-15 04:32:10,tablet,/home,,False
1823,1178,2025-03-18 12:51:00,2025-03-18 13:16:00,tablet,/deals,,False
1824,562,2025-10-30 07:24:22,2025-10-30 08:05:22,mobile,/category/apparel,14,True
1825,1006,2025-07-06 16:29:06,2025-07-06 17:03:06,desktop,/category/electronics,,True
1826,820,2025-12-10 07:06:33,2025-12-10 07:23:33,tablet,/deals,9,True
1827,,2025-07-27 16:54:52,2025-07-27 17:30:52,desktop,/category/apparel,,False
1828,1321,2024-11-03 23:31:35,2024-11-03 23:57:35,tablet,/product-search,,True
1829,1060,2025-11-22 20:19:01,2025-11-22 20:33:01,mobile,/category/electronics,,False
1830,254,2025-01-27 17:13:02,2025-01-27 17:31:02,desktop,/blog,,True
1831,1040,2024-09-28 10:35:16,2024-09-28 10:50:16,tablet,/home,9,False
1832,153,2025-03-17 19:22:26,2025-03-17 19:57:26,mobile,/blog,14,True
1833,718,2025-11-23 12:04:55,2025-11-23 12:26:55,desktop,/category/apparel,,False
1834,430,2025-06-09 21:08:49,2025-06-09 21:15:49,mobile,/deals,,False
1835,258,2025-12-19 08:04:42,2025-12-19 08:05:42,tablet,/category/electronics,,False
1836,,2025-03-08 01:44:38,2025-03-08 01:48:38,mobile,/category/electronics,,False
1837,649,2025-12-09 02:31:12,2025-12-09 02:58:12,tablet,/deals,6,True
1838,,2024-10-21 06:08:20,2024-10-21 06:13:20,desktop,/home,15,False
1839,1246,2025-12-30 07:42:46,2025-12-30 08:09:46,tablet,/category/electronics,6,False
1840,1051,2025-10-11 22:26:10,2025-10-11 22:44:10,tablet,/blog,,False
1841,,2024-10-21 05:58:57,2024-10-21 06:29:57,tablet,/home,,False
1842,,2024-12-23 06:53:56,2024-12-23 07:04:56,desktop,/deals,,False
1843,1363,2025-05-12 09:31:45,2025-05-12 10:13:45,desktop,/category/apparel,,False
1844,,2024-02-10 05:49:38,2024-02-10 06:26:38,tablet,/home,12,False
1845,326,2024-10-26 10:41:25,2024-10-26 11:19:25,tablet,/deals,,False
1846,,2024-06-15 04:55:30,2024-06-15 05:36:30,mobile,/product-search,,False
1847,1149,2025-05-13 08:32:17,2025-05-13 08:42:17,desktop,/blog,,True
1848,873,2025-12-19 18:36:42,2025-12-19 18:52:42,tablet,/deals,,False
1849,511,2024-08-23 19:12:15,2024-08-23 19:27:15,tablet,/category/apparel,10,False
1850,1146,2024-07-13 00:20:16,2024-07-13 00:25:16,mobile,/blog,,False
1851,,2024-09-23 15:52:45,2024-09-23 16:36:45,desktop,/home,,False
1852,1052,2025-11-11 03:28:25,2025-11-11 04:02:25,tablet,/home,,False
1853,,2024-08-07 13:01:47,2024-08-07 13:09:47,tablet,/home,,False
1854,685,2024-09-25 10:46:40,2024-09-25 10:51:40,tablet,/category/electronics,,False
1855,1296,2025-11-06 08:57:17,2025-11-06 09:29:17,desktop,/deals,,False
1856,31,2025-03-06 10:44:17,2025-03-06 10:50:17,desktop,/blog,,False
1857,,2024-11-18 00:17:59,2024-11-18 00:37:59,desktop,/product-search,9,False
1858,80,2025-08-29 09:34:00,2025-08-29 10:04:00,mobile,/home,,False
1859,1075,2025-12-20 18:37:30,2025-12-20 18:49:30,tablet,/product-search,,False
1860,497,2025-07-08 02:39:13,2025-07-08 03:04:13,tablet,/product-search,,False
1861,455,2025-12-13 03:05:34,2025-12-13 03:27:34,mobile,/blog,11,False
1862,412,2025-10-02 03:27:17,2025-10-02 03:31:17,mobile,/product-search,6,False
1863,,2024-01-25 07:27:08,2024-01-25 07:42:08,tablet,/category/electronics,14,False
1864,,2025-11-10 19:43:20,2025-11-10 19:45:20,desktop,/home,,False
1865,1322,2025-10-06 10:54:48,2025-10-06 11:19:48,desktop,/deals,6,False
1866,,2024-03-26 13:33:21,2024-03-26 14:09:21,tablet,/category/apparel,,False
1867,,2025-06-22 06:35:27,2025-06-22 07:05:27,tablet,/product-search,14,False
1868,1261,2025-08-26 05:54:14,2025-08-26 05:57:14,tablet,/category/apparel,5,False
1869,,2025-03-31 02:36:48,2025-03-31 02:53:48,tablet,/category/electronics,,False
1870,266,2025-03-09 08:11:53,2025-03-09 08:23:53,tablet,/blog,,False
1871,858,2024-03-15 11:16:50,2024-03-15 11:45:50,mobile,/home,3,False
1872,506,2025-03-28 14:18:35,2025-03-28 14:51:35,tablet,/home,5,False
1873,407,2025-06-07 14:05:20,2025-06-07 14:47:20,mobile,/category/electronics,1,True
1874,,2024-10-26 15:10:07,2024-10-26 15:29:07,tablet,/category/electronics,,False
1875,,2024-12-17 02:18:08,2024-12-17 02:40:08,mobile,/blog,,False
1876,,2024-04-13 18:49:19,2024-04-13 19:02:19,desktop,/category/apparel,4,False
1877,1084,2025-03-07 06:56:47,2025-03-07 07:20:47,tablet,/category/apparel,,False
1878,767,2025-09-13 12:33:19,2025-09-13 13:11:19,mobile,/product-search,,False
1879,1296,2025-10-28 18:35:40,2025-10-28 18:53:40,mobile,/deals,,False
1880,772,2025-12-06 19:08:21,2025-12-06 19:37:21,desktop,/category/apparel,12,False
1881,536,2025-04-04 03:27:54,2025-04-04 04:03:54,desktop,/deals,,False
1882,1253,2025-11-03 18:08:37,2025-11-03 18:13:37,tablet,/deals,,False
1883,,2024-01-08 16:22:00,2024-01-08 16:59:00,tablet,/blog,,False
1884,881,2025-09-19 14:33:55,2025-09-19 14:51:55,mobile,/blog,,False
1885,211,2025-04-18 07:28:27,2025-04-18 07:44:27,desktop,/deals,6,False
1886,610,2025-10-30 08:11:00,2025-10-30 08:29:00,mobile,/home,15,False
1887,247,2025-01-02 20:05:49,2025-01-02 20:27:49,desktop,/product-search,,False
1888,1005,2025-07-17 12:39:46,2025-07-17 13:03:46,tablet,/product-search,,False
1889,,2025-07-04 12:13:54,2025-07-04 12:30:54,mobile,/category/electronics,3,False
1890,926,2025-01-20 22:01:04,2025-01-20 22:10:04,desktop,/category/electronics,,False
1891,148,2025-09-30 10:49:31,2025-09-30 11:22:31,mobile,/product-search,13,True
1892,,2025-10-14 16:03:17,2025-10-14 16:41:17,mobile,/category/electronics,,False
1893,1128,2024-03-07 19:22:45,2024-03-07 19:35:45,desktop,/home,5,False
1894,1010,2024-08-02 21:20:58,2024-08-02 21:28:58,tablet,/blog,,False
1895,220,2025-11-09 01:09:14,2025-11-09 01:54:14,desktop,/blog,12,False
1896,,2024-11-28 19:08:36,2024-11-28 19:09:36,mobile,/home,3,False
1897,1469,2025-11-18 06:53:30,2025-11-18 07:13:30,tablet,/product-search,6,False
1898,44,2025-09-10 20:49:27,2025-09-10 20:51:27,tablet,/home,,True
1899,,2024-03-30 12:52:32,2024-03-30 13:22:32,tablet,/home,,False
1900,,2025-06-03 18:48:58,2025-06-03 18:51:58,mobile,/category/apparel,11,False
1901,,2025-08-11 10:13:46,2025-08-11 10:58:46,tablet,/home,,False
1902,,2025-09-23 21:55:49,2025-09-23 22:22:49,tablet,/deals,,False
1903,789,2025-11-10 20:22:52,2025-11-10 21:02:52,mobile,/home,,False
1904,1065,2025-12-19 11:37:03,2025-12-19 11:45:03,tablet,/blog,1,True
1905,577,2025-08-22 08:35:10,2025-08-22 09:01:10,tablet,/category/electronics,3,False
1906,,2024-01-19 18:38:50,2024-01-19 19:08:50,desktop,/home,,False
1907,521,2025-10-17 14:51:42,2025-10-17 15:01:42,tablet,/product-search,,True
1908,395,2025-09-04 19:56:51,2025-09-04 20:09:51,mobile,/category/electronics,,False
1909,300,2025-11-07 10:01:42,2025-11-07 10:46:42,desktop,/home,,True
1910,,2025-05-01 20:59:08,2025-05-01 21:33:08,mobile,/product-search,,False
1911,1006,2025-08-29 16:11:26,2025-08-29 16:49:26,tablet,/deals,1,False
1912,1025,2024-08-31 21:24:56,2024-08-31 21:28:56,mobile,/category/electronics,,True
1913,379,2025-06-18 17:20:05,2025-06-18 17:46:05,tablet,/blog,,False
1914,501,2025-01-21 08:19:19,2025-01-21 08:55:19,tablet,/blog,,False
1915,,2025-05-27 17:31:10,2025-05-27 17:40:10,mobile,/category/electronics,2,False
1916,504,2025-03-21 18:48:55,2025-03-21 19:05:55,tablet,/blog,15,False
1917,1318,2024-12-26 10:35:41,2024-12-26 11:09:41,mobile,/category/apparel,,False
1918,519,2025-09-23 05:16:05,2025-09-23 05:25:05,mobile,/category/electronics,7,False
1919,433,2025-12-31 02:44:33,2025-12-31 03:02:33,mobile,/category/electronics,8,True
1920,,2025-12-25 16:13:10,2025-12-25 16:16:10,desktop,/home,,False
1921,590,2025-12-19 08:07:50,2025-12-19 08:08:50,desktop,/category/apparel,,False
1922,,2024-01-05 07:54:27,2024-01-05 08:14:27,tablet,/deals,6,False
1923,1304,2025-12-15 20:39:38,2025-12-15 21:00:38,desktop,/category/electronics,12,False
1924,199,2025-12-28 12:48:23,2025-12-28 13:18:23,mobile,/home,6,False
1925,695,2025-10-26 06:02:13,2025-10-26 06:40:13,tablet,/category/apparel,,True
1926,1242,2024-11-25 06:35:06,2024-11-25 06:46:06,desktop,/product-search,,False
1927,,2024-04-03 12:59:52,2024-04-03 13:09:52,desktop,/home,,False
1928,,2025-02-10 01:50:21,2025-02-10 02:12:21,desktop,/deals,,False
1929,648,2025-12-31 09:56:53,2025-12-31 10:11:53,mobile,/category/electronics,11,False
1930,535,2025-07-20 12:33:17,2025-07-20 12:36:17,desktop,/home,,False
1931,,2024-04-03 20:46:19,2024-04-03 20:58:19,tablet,/deals,,False
1932,918,2024-10-17 09:06:43,2024-10-17 09:17:43,mobile,/home,,False
1933,930,2025-09-05 16:10:13,2025-09-05 16:50:13,tablet,/home,11,False
1934,1409,2025-10-18 16:43:42,2025-10-18 17:08:42,desktop,/deals,,False
1935,,2025-02-28 12:34:07,2025-02-28 13:10:07,tablet,/blog,,False
1936,,2025-08-19 04:11:10,2025-08-19 04:44:10,tablet,/home,11,False
1937,,2024-11-01 11:54:17,2024-11-01 12:37:17,mobile,/product-search,,False
1938,743,2025-11-11 00:48:35,2025-11-11 01:33:35,desktop,/deals,11,True
1939,,2025-12-05 23:02:06,2025-12-05 23:13:06,desktop,/deals,8,False
1940,397,2025-12-29 03:31:35,2025-12-29 03:58:35,desktop,/blog,,False
1941,509,2025-11-18 12:48:07,2025-11-18 12:59:07,mobile,/product-search,15,True
1942,627,2024-11-12 11:53:52,2024-11-12 12:14:52,desktop,/home,,False
1943,,2024-04-08 22:59:21,2024-04-08 23:33:21,mobile,/home,13,False
1944,585,2025-11-14 17:24:50,2025-11-14 17:53:50,mobile,/category/apparel,,True
1945,,2025-05-16 00:19:41,2025-05-16 00:38:41,tablet,/home,,False
1946,1283,2025-08-28 18:38:59,2025-08-28 18:52:59,desktop,/category/apparel,6,False
1947,53,2025-06-26 05:06:08,2025-06-26 05:33:08,tablet,/product-search,,False
1948,661,2025-03-26 05:57:52,2025-03-26 06:40:52,mobile,/deals,,False
1949,335,2024-10-02 13:31:01,2024-10-02 13:58:01,mobile,/home,,False
1950,,2024-12-18 07:35:17,2024-12-18 08:00:17,mobile,/home,15,False
1951,,2025-05-09 08:42:18,2025-05-09 08:52:18,mobile,/home,9,False
1952,1366,2025-06-25 07:45:34,2025-06-25 08:11:34,desktop,/deals,,False
1953,1264,2025-06-09 06:54:45,2025-06-09 06:59:45,desktop,/product-search,,False
1954,328,2024-08-02 12:26:10,2024-08-02 12:49:10,desktop,/product-search,,True
1955,,2024-12-30 19:03:58,2024-12-30 19:14:58,mobile,/home,,False
1956,,2025-04-04 08:24:37,2025-04-04 08:33:37,mobile,/home,,False
1957,565,2024-08-24 18:14:30,2024-08-24 18:25:30,tablet,/category/apparel,,False
1958,936,2025-12-16 00:29:25,2025-12-16 01:07:25,mobile,/category/apparel,12,False
1959,,2024-02-05 04:12:32,2024-02-05 04:52:32,desktop,/product-search,,False
1960,131,2025-10-22 13:03:57,2025-10-22 13:40:57,tablet,/home,,False
1961,1154,2024-07-09 01:47:22,2024-07-09 02:09:22,tablet,/category/electronics,,True
1962,903,2025-09-03 22:21:50,2025-09-03 22:54:50,desktop,/blog,,False
1963,1272,2025-10-02 12:19:05,2025-10-02 12:59:05,mobile,/category/electronics,,True
1964,,2025-11-15 10:01:24,2025-11-15 10:26:24,tablet,/category/electronics,,False
1965,1258,2025-09-04 22:56:11,2025-09-04 23:33:11,mobile,/product-search,,True
1966,,2024-10-25 16:29:40,2024-10-25 17:03:40,mobile,/blog,3,False
1967,398,2025-02-20 20:54:51,2025-02-20 21:18:51,mobile,/blog,,False
1968,1,2025-08-25 03:06:08,2025-08-25 03:08:08,tablet,/category/electronics,12,True
1969,,2024-09-02 10:37:04,2024-09-02 11:10:04,desktop,/home,,False
1970,,2025-06-27 19:28:26,2025-06-27 19:37:26,tablet,/product-search,,False
1971,,2024-09-18 23:13:18,2024-09-18 23:16:18,desktop,/deals,4,False
1972,251,2025-08-03 18:55:22,2025-08-03 19:05:22,tablet,/category/apparel,,True
1973,379,2025-11-26 01:34:56,2025-11-26 02:12:56,desktop,/product-search,,True
1974,1029,2025-05-01 15:48:02,2025-05-01 15:51:02,tablet,/category/electronics,15,False
1975,882,2025-12-11 00:31:42,2025-12-11 01:15:42,desktop,/category/apparel,7,False
1976,814,2025-01-19 20:49:03,2025-01-19 21:03:03,mobile,/category/electronics,1,False
1977,,2025-12-11 00:21:55,2025-12-11 00:55:55,desktop,/blog,,False
1978,716,2025-10-23 02:27:45,2025-10-23 02:39:45,mobile,/category/apparel,,False
1979,,2024-08-21 03:34:13,2024-08-21 03:49:13,desktop,/product-search,2,False
1980,800,2025-12-19 23:51:54,2025-12-20 00:22:54,desktop,/product-search,9,False
1981,503,2025-07-06 21:46:05,2025-07-06 22:02:05,desktop,/category/apparel,,False
1982,1166,2025-09-18 06:29:08,2025-09-18 06:52:08,desktop,/deals,,False
1983,,2024-01-07 03:58:47,2024-01-07 04:40:47,mobile,/category/electronics,5,False
1984,,2025-11-01 18:09:58,2025-11-01 18:42:58,tablet,/home,,False
1985,124,2025-10-19 19:32:47,2025-10-19 20:11:47,desktop,/product-search,,True
1986,534,2025-06-21 21:09:24,2025-06-21 21:25:24,desktop,/blog,,False
1987,787,2025-11-30 21:36:55,2025-11-30 22:17:55,desktop,/blog,,False
1988,446,2025-11-10 00:25:10,2025-11-10 00:33:10,mobile,/blog,15,False
1989,,2024-09-10 17:01:35,2024-09-10 17:19:35,desktop,/category/electronics,,False
1990,231,2025-12-31 07:40:14,2025-12-31 08:02:14,tablet,/category/electronics,,False
1991,1190,2025-05-20 16:46:22,2025-05-20 17:18:22,tablet,/category/electronics,8,False
1992,1455,2025-11-14 22:30:26,2025-11-14 23:12:26,mobile,/category/apparel,10,False
1993,,2025-05-23 22:52:30,2025-05-23 23:03:30,desktop,/category/electronics,13,False
1994,,2025-08-31 18:48:12,2025-08-31 18:54:12,desktop,/product-search,,False
1995,,2025-03-26 19:41:12,2025-03-26 19:49:12,desktop,/blog,,False
1996,140,2025-05-11 15:44:52,2025-05-11 16:01:52,mobile,/product-search,,True
1997,134,2025-12-04 11:00:35,2025-12-04 11:10:35,mobile,/blog,15,False
1998,,2024-06-26 20:17:19,2024-06-26 20:50:19,mobile,/category/apparel,11,False
1999,,2025-09-21 11:36:18,2025-09-21 11:46:18,desktop,/home,,False
2000,,2024-01-25 02:51:37,2024-01-25 03:18:37,tablet,/category/apparel,6,False
2001,,2024-03-23 02:57:10,2024-03-23 03:36:10,desktop,/blog,6,False
2002,825,2024-06-18 16:56:56,2024-06-18 17:21:56,tablet,/blog,,False
2003,1464,2025-11-04 01:57:42,2025-11-04 02:08:42,desktop,/category/electronics,,True
2004,729,2025-05-21 16:26:57,2025-05-21 16:32:57,mobile,/product-search,1,False
2005,,2024-04-07 19:09:48,2024-04-07 19:15:48,desktop,/category/electronics,,False
2006,767,2025-08-01 05:54:09,2025-08-01 06:05:09,tablet,/blog,13,False
2007,,2025-03-18 12:22:58,2025-03-18 13:00:58,mobile,/home,,False
2008,999,2024-07-16 22:58:51,2024-07-16 23:16:51,mobile,/product-search,,False
2009,456,2025-10-30 07:57:21,2025-10-30 08:37:21,mobile,/product-search,,False
2010,1357,2025-10-06 10:48:22,2025-10-06 11:14:22,desktop,/deals,,False
2011,,2024-08-07 18:11:02,2024-08-07 18:45:02,desktop,/category/apparel,,False
2012,,2025-12-13 03:00:13,2025-12-13 03:04:13,mobile,/home,,False
2013,,2024-09-28 18:37:30,2024-09-28 19:07:30,desktop,/blog,,False
2014,1156,2025-10-03 17:41:48,2025-10-03 18:01:48,mobile,/product-search,,False
2015,1166,2025-10-13 19:58:55,2025-10-13 20:05:55,desktop,/blog,,True
2016,,2024-09-21 13:09:31,2024-09-21 13:51:31,tablet,/home,11,False
2017,1489,2025-10-23 23:44:17,2025-10-24 00:08:17,tablet,/blog,,False
2018,612,2025-12-12 10:10:29,2025-12-12 10:35:29,tablet,/deals,,False
2019,1440,2025-08-26 07:13:02,2025-08-26 07:40:02,tablet,/category/apparel,,False
2020,1102,2025-12-04 00:13:32,2025-12-04 00:51:32,desktop,/blog,,False
2021,,2024-12-30 17:22:25,2024-12-30 17:45:25,tablet,/product-search,,False
2022,,2025-10-19 05:25:07,2025-10-19 06:06:07,desktop,/category/electronics,,False
2023,297,2025-05-07 22:12:16,2025-05-07 22:49:16,desktop,/deals,13,True
2024,273,2025-01-13 12:57:22,2025-01-13 13:40:22,desktop,/category/apparel,,True
2025,11,2025-12-02 23:08:48,2025-12-02 23:47:48,desktop,/category/apparel,9,False
2026,,2025-09-02 13:40:57,2025-09-02 14:09:57,desktop,/home,14,False
2027,428,2025-10-16 07:06:57,2025-10-16 07:16:57,desktop,/category/electronics,12,False
2028,1146,2024-05-08 06:27:55,2024-05-08 06:38:55,desktop,/product-search,,False
2029,1010,2025-10-09 08:51:59,2025-10-09 08:54:59,tablet,/category/apparel,,False
2030,8,2025-08-11 15:58:29,2025-08-11 16:25:29,tablet,/deals,,True
2031,,2024-10-15 03:19:15,2024-10-15 03:34:15,tablet,/deals,9,False
2032,,2024-07-19 10:32:57,2024-07-19 10:55:57,tablet,/blog,,False
2033,801,2025-11-25 07:19:15,2025-11-25 07:35:15,mobile,/category/electronics,1,False
2034,778,2025-12-08 18:22:42,2025-12-08 18:55:42,tablet,/deals,15,False
2035,,2025-05-23 08:20:01,2025-05-23 08:47:01,desktop,/product-search,13,False
2036,425,2025-12-03 09:12:03,2025-12-03 09:51:03,tablet,/home,,False
2037,509,2025-11-12 23:45:32,2025-11-13 00:04:32,desktop,/home,,False
2038,,2025-06-29 02:55:28,2025-06-29 03:40:28,mobile,/category/apparel,,False
2039,1272,2025-12-06 15:34:29,2025-12-06 15:36:29,mobile,/home,,False
2040,48,2025-07-19 21:13:21,2025-07-19 21:29:21,desktop,/deals,14,False
2041,774,2025-04-23 08:10:32,2025-04-23 08:15:32,tablet,/deals,2,False
2042,1204,2025-11-07 07:31:22,2025-11-07 07:52:22,mobile,/deals,12,True
2043,313,2025-11-19 05:02:53,2025-11-19 05:15:53,tablet,/category/electronics,,True
2044,,2024-04-09 06:16:28,2024-04-09 06:20:28,tablet,/deals,,False
2045,1195,2025-06-20 01:31:42,2025-06-20 01:39:42,tablet,/category/apparel,,False
2046,,2024-11-09 03:37:35,2024-11-09 04:22:35,tablet,/blog,10,False
2047,1164,2025-12-16 05:57:05,2025-12-16 06:12:05,mobile,/home,,False
2048,68,2025-11-07 14:01:54,2025-11-07 14:07:54,desktop,/blog,12,False
2049,470,2025-12-26 11:23:36,2025-12-26 11:46:36,mobile,/home,,False
2050,860,2025-10-21 17:37:20,2025-10-21 17:51:20,tablet,/deals,,True
2051,259,2025-05-23 08:29:26,2025-05-23 09:12:26,tablet,/blog,,False
2052,830,2025-12-03 17:36:35,2025-12-03 18:19:35,tablet,/home,,True
2053,,2024-04-08 13:24:48,2024-04-08 13:56:48,desktop,/category/electronics,,False
2054,,2025-08-25 02:36:54,2025-08-25 03:01:54,desktop,/deals,5,False
2055,,2024-02-07 13:50:39,2024-02-07 13:51:39,desktop,/product-search,,False
2056,533,2025-07-27 16:21:43,2025-07-27 16:39:43,desktop,/home,3,False
2057,1165,2025-08-17 22:24:36,2025-08-17 23:01:36,desktop,/product-search,,False
2058,1389,2024-11-12 07:53:35,2024-11-12 08:33:35,desktop,/category/electronics,,False
2059,1475,2024-11-30 21:19:47,2024-11-30 21:48:47,desktop,/product-search,,False
2060,572,2024-05-29 00:41:23,2024-05-29 00:56:23,tablet,/product-search,,True
2061,,2025-09-22 21:15:44,2025-09-22 21:17:44,desktop,/home,2,False
2062,440,2025-11-24 16:28:36,2025-11-24 17:09:36,desktop,/deals,12,False
2063,26,2025-08-24 14:17:52,2025-08-24 14:59:52,desktop,/deals,,False
2064,743,2025-12-21 16:51:58,2025-12-21 17:30:58,desktop,/deals,,False
2065,484,2025-10-11 18:16:43,2025-10-11 18:19:43,mobile,/home,,False
2066,,2025-06-18 21:02:13,2025-06-18 21:16:13,desktop,/category/apparel,10,False
2067,,2024-02-14 12:56:47,2024-02-14 13:12:47,desktop,/product-search,,False
2068,,2025-10-18 18:38:02,2025-10-18 18:46:02,mobile,/category/electronics,,False
2069,,2024-01-30 09:56:10,2024-01-30 10:15:10,desktop,/category/apparel,15,False
2070,1288,2025-11-04 01:46:22,2025-11-04 02:10:22,desktop,/blog,,False
2071,1040,2025-11-29 09:09:27,2025-11-29 09:42:27,tablet,/product-search,7,True
2072,104,2025-01-25 21:03:09,2025-01-25 21:38:09,desktop,/product-search,15,False
2073,473,2025-07-07 00:42:33,2025-07-07 00:43:33,desktop,/category/apparel,,False
2074,,2025-01-28 10:17:34,2025-01-28 10:27:34,mobile,/deals,,False
2075,448,2025-12-01 15:35:32,2025-12-01 16:18:32,tablet,/category/apparel,,False
2076,1101,2025-02-01 08:42:27,2025-02-01 09:12:27,tablet,/category/electronics,,False
2077,,2025-12-28 05:54:37,2025-12-28 06:14:37,tablet,/product-search,,False
2078,747,2025-05-24 02:06:25,2025-05-24 02:15:25,mobile,/product-search,,False
2079,,2025-06-21 09:48:12,2025-06-21 10:27:12,mobile,/product-search,,False
2080,124,2025-12-08 03:04:46,2025-12-08 03:13:46,mobile,/home,,False
2081,874,2025-12-03 05:05:24,2025-12-03 05:39:24,tablet,/category/electronics,14,False
2082,837,2024-11-09 05:46:49,2024-11-09 06:15:49,tablet,/blog,,False
2083,1006,2024-08-26 07:26:49,2024-08-26 07:29:49,tablet,/product-search,,False
2084,,2024-04-18 21:53:37,2024-04-18 22:08:37,tablet,/category/electronics,,False
2085,,2024-03-07 05:19:58,2024-03-07 05:58:58,mobile,/blog,,False
2086,1447,2025-12-21 22:56:59,2025-12-21 23:19:59,desktop,/blog,14,False
2087,365,2025-03-05 05:13:15,2025-03-05 05:22:15,mobile,/home,13,False
2088,1439,2025-08-11 05:11:01,2025-08-11 05:43:01,desktop,/product-search,6,False
2089,808,2025-10-28 18:09:41,2025-10-28 18:42:41,desktop,/category/electronics,,False
2090,1205,2025-02-16 18:14:27,2025-02-16 18:54:27,mobile,/blog,11,False
2091,929,2025-12-01 06:12:40,2025-12-01 06:38:40,tablet,/deals,,False
2092,1098,2025-12-26 23:36:45,2025-12-26 23:44:45,tablet,/home,1,False
2093,,2024-08-25 13:25:33,2024-08-25 13:41:33,desktop,/product-search,5,False
2094,1297,2025-09-23 02:02:53,2025-09-23 02:06:53,desktop,/home,,False
2095,1260,2025-11-05 09:39:07,2025-11-05 10:07:07,desktop,/product-search,2,False
2096,,2025-11-28 01:05:51,2025-11-28 01:11:51,mobile,/blog,14,False
2097,206,2025-12-23 06:33:47,2025-12-23 06:54:47,desktop,/deals,6,False
2098,,2024-03-09 07:37:20,2024-03-09 07:57:20,tablet,/category/electronics,,False
2099,687,2025-09-29 06:07:00,2025-09-29 06:21:00,desktop,/deals,7,True
2100,,2025-04-29 21:10:05,2025-04-29 21:44:05,desktop,/blog,,False
2101,,2025-07-10 03:35:25,2025-07-10 03:56:25,desktop,/blog,15,False
2102,369,2025-12-16 17:58:48,2025-12-16 18:36:48,mobile,/category/electronics,,False
2103,,2025-11-04 10:31:09,2025-11-04 10:58:09,tablet,/category/apparel,15,False
2104,384,2025-09-18 18:23:25,2025-09-18 18:53:25,tablet,/product-search,,False
2105,681,2025-06-21 18:29:53,2025-06-21 19:08:53,tablet,/blog,1,False
2106,772,2025-11-07 08:03:49,2025-11-07 08:47:49,tablet,/category/apparel,,True
2107,1088,2025-05-06 16:44:47,2025-05-06 16:53:47,tablet,/blog,14,False
2108,832,2025-08-28 00:28:35,2025-08-28 00:30:35,mobile,/deals,7,False
2109,,2024-11-18 03:07:02,2024-11-18 03:12:02,mobile,/home,,False
2110,,2024-01-05 13:47:18,2024-01-05 14:26:18,tablet,/home,10,False
2111,586,2024-10-22 16:17:00,2024-10-22 17:00:00,mobile,/category/electronics,,False
2112,339,2025-11-21 16:03:15,2025-11-21 16:27:15,desktop,/category/electronics,3,False
2113,301,2025-11-11 02:56:38,2025-11-11 03:17:38,desktop,/deals,,False
2114,1338,2025-03-25 03:29:56,2025-03-25 03:32:56,desktop,/category/apparel,2,False
2115,,2024-07-25 11:29:46,2024-07-25 11:49:46,desktop,/category/electronics,9,False
2116,873,2025-12-26 20:43:51,2025-12-26 21:23:51,tablet,/product-search,,False
2117,1028,2025-12-12 13:43:30,2025-12-12 13:59:30,tablet,/category/apparel,12,True
2118,,2024-08-06 20:13:51,2024-08-06 20:35:51,mobile,/home,,False
2119,1202,2025-11-10 06:46:46,2025-11-10 07:09:46,desktop,/deals,,False
2120,,2024-09-21 00:40:33,2024-09-21 01:16:33,desktop,/product-search,,False
2121,,2025-04-30 11:03:12,2025-04-30 11:16:12,desktop,/deals,13,False
2122,1328,2025-08-11 00:29:53,2025-08-11 00:55:53,mobile,/category/apparel,,False
2123,,2025-04-01 07:41:00,2025-04-01 07:43:00,mobile,/home,,False
2124,,2024-11-20 14:35:51,2024-11-20 14:53:51,tablet,/deals,,False
2125,983,2025-10-31 22:36:47,2025-10-31 23:17:47,tablet,/category/apparel,,False
2126,23,2025-11-21 02:10:10,2025-11-21 02:54:10,mobile,/product-search,15,False
2127,,2025-12-22 03:47:34,2025-12-22 04:05:34,tablet,/home,6,False
2128,529,2024-10-11 14:47:57,2024-10-11 14:55:57,mobile,/blog,,False
2129,1110,2024-08-17 07:20:29,2024-08-17 07:38:29,desktop,/deals,,False
2130,817,2025-06-08 03:30:57,2025-06-08 03:54:57,tablet,/category/electronics,,False
2131,168,2025-12-12 16:21:44,2025-12-12 16:59:44,mobile,/product-search,,False
2132,,2024-10-07 10:56:03,2024-10-07 11:16:03,tablet,/category/apparel,,False
2133,450,2025-09-06 07:25:39,2025-09-06 08:10:39,desktop,/category/apparel,13,False
2134,1288,2025-10-14 18:32:15,2025-10-14 18:40:15,tablet,/product-search,,False
2135,,2025-10-30 05:15:37,2025-10-30 05:41:37,tablet,/category/apparel,4,False
2136,651,2024-10-11 13:55:03,2024-10-11 14:10:03,tablet,/category/electronics,,False
2137,,2024-02-13 19:24:08,2024-02-13 19:25:08,tablet,/category/apparel,2,False
2138,747,2024-06-16 20:01:11,2024-06-16 20:26:11,tablet,/category/electronics,,False
2139,,2025-08-24 00:02:36,2025-08-24 00:18:36,tablet,/product-search,10,False
2140,443,2024-11-13 13:26:46,2024-11-13 13:41:46,desktop,/blog,,False
2141,,2025-11-24 04:42:30,2025-11-24 05:20:30,desktop,/deals,,False
2142,1453,2024-10-23 14:35:02,2024-10-23 15:00:02,tablet,/category/electronics,,False
2143,,2024-05-17 19:01:35,2024-05-17 19:12:35,mobile,/category/apparel,,False
2144,1158,2025-12-08 20:04:15,2025-12-08 20:23:15,mobile,/product-search,2,False
2145,,2024-11-10 17:15:03,2024-11-10 17:47:03,tablet,/category/electronics,,False
2146,,2024-12-03 18:07:39,2024-12-03 18:14:39,mobile,/product-search,,False
2147,767,2025-10-22 18:56:41,2025-10-22 19:00:41,mobile,/blog,,True
2148,1103,2025-11-12 01:02:08,2025-11-12 01:46:08,desktop,/home,,True
2149,1241,2025-03-09 17:28:32,2025-03-09 17:30:32,mobile,/product-search,,True
2150,219,2025-10-06 19:27:33,2025-10-06 19:55:33,tablet,/category/electronics,,False
2151,,2025-06-20 01:44:34,2025-06-20 02:27:34,tablet,/blog,,False
2152,,2024-10-22 21:21:31,2024-10-22 22:00:31,desktop,/product-search,,False
2153,,2024-11-07 23:19:00,2024-11-07 23:37:00,mobile,/category/apparel,5,False
2154,,2024-06-04 17:41:05,2024-06-04 18:14:05,mobile,/category/electronics,4,True
2155,,2025-12-31 13:05:54,2025-12-31 13:23:54,desktop,/category/electronics,,False
2156,690,2025-08-24 22:02:21,2025-08-24 22:35:21,desktop,/category/electronics,,False
2157,241,2025-10-06 04:21:27,2025-10-06 04:53:27,mobile,/product-search,11,True
2158,584,2025-03-21 12:56:50,2025-03-21 13:40:50,tablet,/category/electronics,2,False
2159,690,2025-10-01 08:01:17,2025-10-01 08:05:17,mobile,/category/apparel,,True
2160,,2024-05-21 07:21:18,2024-05-21 07:32:18,tablet,/category/apparel,,False
2161,,2024-07-06 11:25:30,2024-07-06 11:52:30,tablet,/product-search,,False
2162,,2024-09-21 13:45:17,2024-09-21 14:07:17,tablet,/category/apparel,7,False
2163,,2024-11-11 01:53:17,2024-11-11 02:23:17,desktop,/home,6,False
2164,574,2025-07-22 05:41:33,2025-07-22 06:02:33,desktop,/category/apparel,13,False
2165,,2024-10-30 13:16:16,2024-10-30 13:38:16,desktop,/category/apparel,,False
2166,1172,2025-08-21 06:51:26,2025-08-21 07:06:26,mobile,/product-search,,True
2167,,2025-02-20 20:01:33,2025-02-20 20:08:33,mobile,/deals,,False
2168,,2025-01-05 17:06:15,2025-01-05 17:20:15,desktop,/category/electronics,2,False
2169,306,2025-12-19 12:15:03,2025-12-19 12:59:03,desktop,/category/apparel,,False
2170,1119,2025-12-22 07:42:21,2025-12-22 08:25:21,desktop,/category/apparel,,False
2171,795,2024-03-17 01:46:56,2024-03-17 02:21:56,mobile,/category/electronics,,False
2172,1358,2025-11-30 13:53:04,2025-11-30 14:20:04,tablet,/category/apparel,13,False
2173,194,2025-10-18 03:45:29,2025-10-18 04:24:29,desktop,/deals,,False
2174,714,2025-05-27 11:28:09,2025-05-27 11:59:09,tablet,/deals,,True
2175,1280,2025-12-12 17:02:19,2025-12-12 17:38:19,tablet,/blog,,True
2176,1191,2025-11-20 14:28:42,2025-11-20 15:12:42,desktop,/category/apparel,,True
2177,1370,2025-06-18 14:33:58,2025-06-18 14:57:58,desktop,/product-search,,False
2178,,2025-06-23 22:04:36,2025-06-23 22:27:36,desktop,/blog,8,False
2179,,2025-05-28 13:34:50,2025-05-28 14:03:50,desktop,/deals,4,False
2180,1015,2025-11-25 03:11:55,2025-11-25 03:33:55,desktop,/home,2,True
2181,,2024-09-06 09:06:16,2024-09-06 09:33:16,tablet,/blog,3,False
2182,1407,2025-11-13 05:32:04,2025-11-13 06:10:04,desktop,/category/apparel,,False
2183,922,2024-04-25 11:50:40,2024-04-25 12:07:40,tablet,/category/apparel,,False
2184,1353,2025-08-16 18:33:57,2025-08-16 19:01:57,desktop,/category/apparel,14,False
2185,257,2025-09-09 18:10:34,2025-09-09 18:20:34,tablet,/category/apparel,,False
2186,,2024-09-14 10:40:34,2024-09-14 10:56:34,mobile,/category/apparel,,False
2187,,2025-07-11 08:18:08,2025-07-11 08:42:08,mobile,/category/apparel,12,False
2188,200,2025-09-22 16:56:40,2025-09-22 17:37:40,desktop,/product-search,3,True
2189,625,2025-12-31 10:14:56,2025-12-31 10:40:56,mobile,/home,3,False
2190,81,2025-12-20 15:49:31,2025-12-20 16:26:31,desktop,/category/apparel,,False
2191,,2024-01-13 05:14:08,2024-01-13 05:42:08,desktop,/blog,7,False
2192,712,2025-11-05 00:44:43,2025-11-05 01:26:43,desktop,/blog,14,True
2193,1202,2025-12-01 07:15:59,2025-12-01 07:27:59,desktop,/category/electronics,10,True
2194,425,2025-08-26 05:12:48,2025-08-26 05:40:48,mobile,/blog,10,False
2195,227,2025-04-22 00:20:29,2025-04-22 00:31:29,desktop,/home,1,False
2196,253,2025-10-07 09:06:14,2025-10-07 09:23:14,tablet,/deals,,True
2197,,2024-08-30 14:37:28,2024-08-30 15:01:28,mobile,/category/apparel,,False
2198,,2024-05-24 03:33:37,2024-05-24 04:03:37,mobile,/blog,,False
2199,618,2025-07-10 09:14:25,2025-07-10 09:24:25,mobile,/product-search,,False
2200,1120,2025-05-04 22:43:54,2025-05-04 23:17:54,tablet,/home,2,False
2201,,2025-06-25 08:20:46,2025-06-25 08:39:46,tablet,/product-search,,False
2202,981,2025-11-11 03:31:04,2025-11-11 03:38:04,desktop,/category/apparel,,False
2203,10,2025-12-26 19:04:45,2025-12-26 19:32:45,desktop,/category/electronics,,False
2204,599,2025-09-21 22:36:44,2025-09-21 23:03:44,tablet,/deals,,False
2205,226,2025-12-23 23:45:06,2025-12-24 00:03:06,tablet,/deals,,False
2206,18,2025-07-20 19:50:58,2025-07-20 20:24:58,tablet,/blog,14,False
2207,,2025-09-01 19:02:32,2025-09-01 19:35:32,tablet,/product-search,,False
2208,1252,2025-05-21 07:20:33,2025-05-21 07:55:33,desktop,/blog,,False
2209,,2024-06-12 04:55:46,2024-06-12 05:09:46,tablet,/category/electronics,,False
2210,,2025-11-17 03:20:12,2025-11-17 03:39:12,tablet,/category/apparel,5,False
2211,,2025-06-20 03:33:34,2025-06-20 03:55:34,desktop,/blog,,False
2212,571,2025-01-03 22:41:01,2025-01-03 23:00:01,mobile,/category/electronics,,False
2213,,2024-05-05 17:45:44,2024-05-05 18:06:44,desktop,/deals,9,False
2214,,2024-11-04 23:23:44,2024-11-04 23:29:44,mobile,/home,11,False
2215,,2025-10-31 00:55:29,2025-10-31 01:10:29,mobile,/product-search,15,False
2216,1471,2025-08-05 19:15:55,2025-08-05 19:22:55,mobile,/deals,2,False
2217,496,2025-07-26 08:42:51,2025-07-26 08:43:51,tablet,/deals,,False
2218,,2025-01-24 01:32:11,2025-01-24 01:56:11,tablet,/category/electronics,,False
2219,537,2025-10-05 23:47:30,2025-10-06 00:23:30,mobile,/product-search,,False
2220,,2025-11-21 00:07:48,2025-11-21 00:32:48,tablet,/product-search,,False
2221,387,2025-11-28 16:40:11,2025-11-28 17:20:11,desktop,/category/apparel,15,False
2222,,2024-08-06 21:51:30,2024-08-06 22:02:30,tablet,/blog,,False
2223,1211,2024-07-06 22:58:31,2024-07-06 23:03:31,desktop,/product-search,11,False
2224,,2025-10-08 00:54:33,2025-10-08 01:28:33,mobile,/product-search,,False
2225,448,2024-12-17 11:23:53,2024-12-17 11:52:53,mobile,/deals,,False
2226,,2024-06-11 17:18:26,2024-06-11 17:26:26,desktop,/product-search,10,False
2227,1247,2025-09-19 16:05:11,2025-09-19 16:37:11,tablet,/deals,5,False
2228,1434,2025-04-19 05:32:32,2025-04-19 06:13:32,tablet,/blog,14,False
2229,186,2025-12-01 03:04:39,2025-12-01 03:39:39,mobile,/product-search,1,False
2230,1220,2025-05-06 21:13:35,2025-05-06 21:56:35,desktop,/deals,,False
2231,1153,2025-11-14 22:23:11,2025-11-14 22:34:11,desktop,/home,6,False
2232,663,2025-04-28 11:51:10,2025-04-28 12:04:10,tablet,/category/electronics,,True
2233,,2024-05-03 19:10:34,2024-05-03 19:21:34,tablet,/product-search,,False
2234,484,2024-05-21 09:03:20,2024-05-21 09:23:20,mobile,/blog,,True
2235,622,2025-03-23 03:44:44,2025-03-23 04:15:44,mobile,/product-search,,False
2236,747,2025-06-29 09:56:37,2025-06-29 09:58:37,tablet,/deals,12,False
2237,741,2025-10-29 22:31:17,2025-10-29 22:37:17,tablet,/product-search,,False
2238,893,2025-06-15 00:46:01,2025-06-15 00:52:01,mobile,/blog,8,False
2239,1434,2024-09-25 19:15:34,2024-09-25 19:52:34,tablet,/home,,False
2240,165,2025-12-29 17:06:33,2025-12-29 17:41:33,desktop,/deals,12,True
2241,178,2025-06-22 22:29:19,2025-06-22 23:08:19,desktop,/product-search,,True
2242,,2024-08-03 01:02:08,2024-08-03 01:04:08,desktop,/deals,1,False
2243,,2024-07-11 06:34:08,2024-07-11 07:01:08,mobile,/blog,15,False
2244,,2024-09-10 14:06:02,2024-09-10 14:19:02,tablet,/product-search,,False
2245,742,2025-07-12 09:08:58,2025-07-12 09:10:58,mobile,/product-search,,False
2246,441,2025-05-02 19:48:56,2025-05-02 20:21:56,desktop,/blog,,False
2247,,2025-05-07 05:10:32,2025-05-07 05:51:32,tablet,/category/apparel,4,False
2248,255,2025-10-06 08:34:57,2025-10-06 08:45:57,desktop,/home,,True
2249,455,2025-09-20 12:23:14,2025-09-20 12:59:14,tablet,/home,3,False
2250,239,2025-08-06 22:07:39,2025-08-06 22:11:39,tablet,/blog,8,False
2251,,2025-02-17 19:35:37,2025-02-17 20:10:37,desktop,/product-search,3,False
2252,1313,2025-11-26 17:12:28,2025-11-26 17:26:28,tablet,/home,,False
2253,430,2025-06-05 08:40:38,2025-06-05 08:52:38,tablet,/deals,7,False
2254,,2024-03-22 20:13:44,2024-03-22 20:54:44,mobile,/category/electronics,,False
2255,1007,2025-09-02 05:50:39,2025-09-02 06:35:39,mobile,/product-search,,False
2256,,2024-10-30 17:44:53,2024-10-30 18:28:53,desktop,/home,6,False
2257,240,2025-08-30 11:39:00,2025-08-30 11:54:00,mobile,/product-search,,False
2258,597,2024-08-01 18:00:58,2024-08-01 18:38:58,desktop,/category/apparel,9,False
2259,1317,2025-08-03 23:25:07,2025-08-03 23:48:07,desktop,/product-search,5,False
2260,,2025-09-15 07:55:47,2025-09-15 08:13:47,desktop,/home,,False
2261,1009,2025-10-08 02:14:03,2025-10-08 02:33:03,mobile,/blog,6,True
2262,868,2025-11-07 12:13:55,2025-11-07 12:58:55,tablet,/category/electronics,4,False
2263,,2025-02-03 14:55:37,2025-02-03 15:21:37,mobile,/category/apparel,,False
2264,,2024-01-17 22:26:02,2024-01-17 23:08:02,tablet,/deals,10,False
2265,327,2025-11-12 09:19:22,2025-11-12 09:51:22,desktop,/category/apparel,,False
2266,,2025-09-18 04:29:57,2025-09-18 04:36:57,desktop,/category/apparel,,False
2267,,2025-11-03 22:28:44,2025-11-03 22:31:44,mobile,/category/apparel,,False
2268,,2024-09-08 10:48:29,2024-09-08 11:27:29,mobile,/category/apparel,2,False
2269,1219,2025-11-21 04:35:38,2025-11-21 04:56:38,mobile,/category/apparel,,False
2270,164,2025-11-01 21:37:02,2025-11-01 21:56:02,desktop,/category/apparel,,False
2271,1095,2025-11-15 15:08:09,2025-11-15 15:12:09,tablet,/home,,False
2272,140,2025-06-27 01:44:52,2025-06-27 01:57:52,desktop,/category/electronics,3,False
2273,386,2025-04-25 22:51:17,2025-04-25 23:12:17,tablet,/blog,,True
2274,739,2025-11-25 01:31:39,2025-11-25 02:02:39,mobile,/category/electronics,15,False
2275,1436,2025-12-19 18:46:40,2025-12-19 19:15:40,mobile,/category/apparel,,False
2276,367,2025-11-20 15:32:58,2025-11-20 16:03:58,desktop,/deals,12,True
2277,,2025-03-23 04:37:47,2025-03-23 04:45:47,tablet,/category/apparel,,False
2278,723,2025-07-10 18:01:30,2025-07-10 18:43:30,desktop,/category/electronics,13,False
2279,36,2025-03-13 16:18:48,2025-03-13 16:33:48,desktop,/category/apparel,,False
2280,661,2025-09-28 05:49:17,2025-09-28 06:17:17,tablet,/category/apparel,11,True
2281,,2025-12-05 12:00:45,2025-12-05 12:30:45,desktop,/deals,,False
2282,466,2025-04-17 08:57:12,2025-04-17 09:22:12,mobile,/product-search,,False
2283,,2024-04-16 07:03:01,2024-04-16 07:06:01,desktop,/category/apparel,9,False
2284,,2025-07-23 03:41:02,2025-07-23 04:24:02,desktop,/category/electronics,10,False
2285,772,2025-12-31 13:53:02,2025-12-31 13:56:02,tablet,/home,8,True
2286,592,2025-11-22 04:20:40,2025-11-22 04:46:40,desktop,/blog,,False
2287,249,2025-11-20 03:30:46,2025-11-20 04:01:46,tablet,/deals,,False
2288,,2025-04-17 02:24:26,2025-04-17 02:45:26,mobile,/category/electronics,,False
2289,81,2025-08-20 19:27:37,2025-08-20 19:43:37,desktop,/product-search,,False
2290,,2024-04-08 18:20:27,2024-04-08 18:51:27,tablet,/category/apparel,,False
2291,1128,2025-11-29 20:49:41,2025-11-29 21:26:41,mobile,/home,3,False
2292,559,2025-08-21 21:13:18,2025-08-21 21:23:18,mobile,/category/electronics,3,False
2293,1146,2025-11-11 16:36:55,2025-11-11 17:19:55,tablet,/blog,,False
2294,389,2025-12-16 10:45:49,2025-12-16 10:54:49,desktop,/blog,,False
2295,,2024-06-12 20:13:07,2024-06-12 20:56:07,mobile,/category/electronics,,False
2296,,2025-10-04 02:07:52,2025-10-04 02:24:52,desktop,/category/apparel,,False
2297,813,2025-12-30 08:49:01,2025-12-30 09:19:01,mobile,/category/apparel,1,False
2298,,2025-04-06 04:01:37,2025-04-06 04:36:37,mobile,/home,6,False
2299,,2024-02-23 18:31:01,2024-02-23 18:45:01,desktop,/home,,False
2300,967,2025-09-14 23:22:49,2025-09-14 23:56:49,desktop,/blog,,False
2301,,2024-07-03 18:18:25,2024-07-03 18:45:25,mobile,/category/apparel,,False
2302,,2024-09-04 09:17:32,2024-09-04 09:21:32,tablet,/category/electronics,,False
2303,1198,2025-11-13 08:17:32,2025-11-13 08:34:32,desktop,/category/apparel,,False
2304,1254,2025-10-26 00:23:07,2025-10-26 00:47:07,desktop,/deals,,False
2305,1015,2025-03-26 04:50:33,2025-03-26 05:19:33,mobile,/category/electronics,,False
2306,1213,2025-05-24 14:40:25,2025-05-24 15:03:25,desktop,/deals,13,False
2307,463,2024-11-04 06:48:20,2024-11-04 07:28:20,desktop,/category/electronics,15,False
2308,,2025-06-25 22:18:23,2025-06-25 22:54:23,mobile,/blog,7,False
2309,1470,2025-05-23 07:48:27,2025-05-23 08:31:27,mobile,/deals,14,True
2310,506,2024-11-19 21:49:21,2024-11-19 22:08:21,tablet,/deals,6,True
2311,101,2025-11-11 03:43:52,2025-11-11 04:03:52,mobile,/category/apparel,,False
2312,,2024-03-04 11:41:05,2024-03-04 12:20:05,mobile,/category/electronics,,False
2313,1020,2025-08-07 06:17:40,2025-08-07 06:26:40,tablet,/product-search,,True
2314,504,2025-06-09 01:20:48,2025-06-09 01:55:48,desktop,/category/electronics,,True
2315,,2025-01-21 14:43:23,2025-01-21 15:15:23,mobile,/home,4,False
2316,434,2025-11-04 04:27:35,2025-11-04 04:58:35,tablet,/category/electronics,9,False
2317,623,2024-08-06 02:13:26,2024-08-06 02:26:26,mobile,/category/apparel,4,False
2318,1167,2024-07-26 21:22:29,2024-07-26 22:04:29,tablet,/product-search,,False
2319,993,2025-11-12 21:14:29,2025-11-12 21:42:29,mobile,/category/electronics,,False
2320,319,2025-09-20 12:42:05,2025-09-20 13:14:05,tablet,/category/electronics,13,False
2321,724,2025-01-11 18:16:41,2025-01-11 18:43:41,tablet,/product-search,,False
2322,760,2025-12-11 04:08:12,2025-12-11 04:50:12,tablet,/category/apparel,3,False
2323,,2025-08-07 16:25:56,2025-08-07 16:46:56,mobile,/deals,,False
2324,1218,2025-11-23 05:03:36,2025-11-23 05:16:36,tablet,/deals,14,False
2325,331,2025-07-24 23:55:48,2025-07-24 23:59:48,tablet,/category/apparel,,False
2326,1027,2025-05-29 11:06:08,2025-05-29 11:46:08,mobile,/category/apparel,,False
2327,528,2025-04-11 15:26:01,2025-04-11 15:48:01,tablet,/category/electronics,,False
2328,351,2024-11-11 00:06:05,2024-11-11 00:19:05,desktop,/category/electronics,,False
2329,,2025-04-30 13:12:07,2025-04-30 13:48:07,tablet,/category/apparel,,False
2330,1318,2024-07-28 20:42:37,2024-07-28 21:14:37,tablet,/category/apparel,,False
2331,1404,2025-12-02 22:11:22,2025-12-02 22:36:22,tablet,/category/apparel,,False
2332,,2024-06-27 15:12:00,2024-06-27 15:53:00,desktop,/home,,False
2333,,2024-01-14 22:40:03,2024-01-14 22:46:03,tablet,/blog,,False
2334,304,2024-08-17 15:59:11,2024-08-17 16:43:11,desktop,/blog,,False
2335,390,2025-09-19 06:58:33,2025-09-19 07:25:33,tablet,/home,15,True
2336,712,2025-05-17 05:56:58,2025-05-17 06:11:58,mobile,/blog,,False
2337,1399,2025-12-31 00:35:58,2025-12-31 01:13:58,desktop,/product-search,,False
2338,1039,2025-10-14 15:40:55,2025-10-14 15:42:55,tablet,/category/apparel,,False
2339,868,2025-06-21 13:17:38,2025-06-21 13:38:38,mobile,/product-search,2,False
2340,363,2025-12-08 00:43:24,2025-12-08 01:06:24,desktop,/deals,,False
2341,,2024-06-09 08:06:55,2024-06-09 08:49:55,desktop,/deals,,False
2342,,2024-07-31 17:34:46,2024-07-31 18:04:46,tablet,/blog,,False
2343,1204,2025-10-12 09:57:56,2025-10-12 10:18:56,tablet,/blog,6,False
2344,1496,2025-06-26 23:19:02,2025-06-26 23:42:02,tablet,/product-search,14,False
2345,1385,2025-11-21 07:45:30,2025-11-21 07:51:30,desktop,/product-search,6,False
2346,,2024-06-01 09:53:58,2024-06-01 10:06:58,desktop,/blog,,False
2347,1078,2025-01-14 00:52:30,2025-01-14 01:15:30,desktop,/home,,False
2348,,2025-10-29 16:07:58,2025-10-29 16:39:58,desktop,/deals,7,False
2349,,2024-05-01 18:12:44,2024-05-01 18:16:44,mobile,/category/electronics,15,False
2350,,2025-01-25 18:12:33,2025-01-25 18:47:33,desktop,/blog,,False
2351,430,2025-07-23 05:06:02,2025-07-23 05:41:02,tablet,/home,,False
2352,,2025-07-08 10:11:20,2025-07-08 10:27:20,desktop,/category/electronics,,False
2353,739,2025-10-10 14:51:45,2025-10-10 15:23:45,desktop,/deals,,True
2354,1276,2025-05-08 23:14:58,2025-05-08 23:19:58,mobile,/product-search,10,False
2355,,2025-06-11 14:44:15,2025-06-11 15:12:15,desktop,/home,,False
2356,549,2025-10-21 01:20:33,2025-10-21 01:32:33,tablet,/product-search,,False
2357,1466,2025-07-16 00:13:39,2025-07-16 00:33:39,desktop,/category/apparel,,False
2358,100,2025-09-15 23:38:16,2025-09-15 23:41:16,desktop,/category/apparel,10,True
2359,465,2025-05-10 15:15:26,2025-05-10 15:59:26,desktop,/product-search,,False
2360,,2025-05-01 19:14:22,2025-05-01 19:16:22,mobile,/category/electronics,10,False
2361,,2025-04-03 00:41:05,2025-04-03 01:08:05,tablet,/category/apparel,15,False
2362,1411,2024-02-07 01:01:35,2024-02-07 01:43:35,desktop,/home,,False
2363,686,2025-10-13 19:21:53,2025-10-13 19:32:53,mobile,/category/apparel,,True
2364,,2025-01-06 14:07:43,2025-01-06 14:10:43,tablet,/home,6,False
2365,,2024-02-26 07:51:51,2024-02-26 08:24:51,desktop,/blog,,False
2366,,2025-11-06 11:36:00,2025-11-06 11:46:00,mobile,/category/apparel,8,False
2367,776,2024-11-27 10:24:00,2024-11-27 10:39:00,mobile,/product-search,,False
2368,1153,2025-10-31 04:48:03,2025-10-31 05:33:03,tablet,/product-search,,False
2369,750,2025-08-08 10:49:24,2025-08-08 11:12:24,tablet,/blog,,False
2370,667,2025-10-14 08:59:51,2025-10-14 09:19:51,mobile,/category/apparel,8,False
2371,1042,2024-10-19 09:53:49,2024-10-19 10:23:49,mobile,/home,,False
2372,287,2025-11-06 20:49:05,2025-11-06 21:25:05,tablet,/blog,,False
2373,707,2025-12-27 23:59:44,2025-12-28 00:04:44,desktop,/home,7,True
2374,925,2025-11-29 03:00:25,2025-11-29 03:18:25,mobile,/category/apparel,,False
2375,321,2024-12-24 02:34:20,2024-12-24 02:52:20,mobile,/product-search,,True
2376,534,2025-01-01 02:59:19,2025-01-01 03:30:19,mobile,/category/electronics,4,False
2377,,2025-10-06 11:49:01,2025-10-06 12:02:01,tablet,/product-search,,False
2378,,2024-01-15 13:07:43,2024-01-15 13:17:43,desktop,/category/electronics,,False
2379,,2024-11-09 14:58:57,2024-11-09 15:40:57,tablet,/product-search,,False
2380,391,2025-12-29 20:55:18,2025-12-29 21:40:18,tablet,/home,,False
2381,1052,2025-12-12 13:05:40,2025-12-12 13:08:40,desktop,/blog,6,False
2382,,2025-08-20 18:44:46,2025-08-20 19:12:46,desktop,/category/apparel,,False
2383,,2025-09-07 09:21:01,2025-09-07 10:05:01,desktop,/category/electronics,5,False
2384,921,2025-04-07 03:44:46,2025-04-07 03:53:46,mobile,/deals,,False
2385,94,2025-12-29 17:39:23,2025-12-29 17:57:23,desktop,/product-search,,False
2386,475,2025-03-28 01:14:26,2025-03-28 01:15:26,tablet,/home,,False
2387,,2025-04-27 07:06:04,2025-04-27 07:17:04,mobile,/blog,1,False
2388,,2025-12-01 02:10:39,2025-12-01 02:51:39,mobile,/deals,2,False
2389,1437,2024-04-11 08:38:47,2024-04-11 09:12:47,mobile,/category/electronics,,False
2390,1294,2025-09-28 01:55:50,2025-09-28 01:56:50,desktop,/deals,,False
2391,1276,2025-09-13 22:26:53,2025-09-13 22:54:53,tablet,/product-search,,False
2392,,2024-04-29 06:33:34,2024-04-29 06:57:34,tablet,/home,5,False
2393,,2025-01-12 11:25:46,2025-01-12 11:27:46,mobile,/deals,12,False
2394,51,2025-12-16 23:07:48,2025-12-16 23:47:48,mobile,/deals,2,False
2395,,2024-11-11 04:00:03,2024-11-11 04:33:03,tablet,/blog,,False
2396,,2024-12-29 13:56:35,2024-12-29 14:28:35,desktop,/category/electronics,,False
2397,575,2025-04-21 06:15:00,2025-04-21 06:30:00,tablet,/blog,,False
2398,436,2025-05-20 05:52:15,2025-05-20 05:56:15,desktop,/deals,4,False
2399,916,2024-07-27 07:26:17,2024-07-27 07:44:17,mobile,/category/apparel,7,False
2400,,2024-06-17 05:03:40,2024-06-17 05:07:40,mobile,/product-search,14,False
2401,,2025-10-25 23:36:27,2025-10-26 00:01:27,mobile,/category/electronics,,False
2402,,2024-01-09 16:24:30,2024-01-09 17:03:30,tablet,/deals,,False
2403,,2024-03-13 22:51:48,2024-03-13 23:04:48,mobile,/deals,,False
2404,,2024-04-15 17:53:41,2024-04-15 17:55:41,desktop,/category/apparel,4,False
2405,,2024-03-24 09:41:18,2024-03-24 09:54:18,tablet,/blog,,False
2406,714,2025-12-21 06:09:50,2025-12-21 06:28:50,tablet,/blog,,True
2407,827,2025-04-22 18:22:20,2025-04-22 18:52:20,mobile,/blog,,False
2408,,2025-10-01 04:53:35,2025-10-01 04:59:35,mobile,/category/apparel,,False
2409,,2025-09-21 03:15:05,2025-09-21 03:17:05,tablet,/category/electronics,,False
2410,101,2025-11-11 22:26:27,2025-11-11 23:01:27,tablet,/category/apparel,,False
2411,1001,2025-11-06 10:36:12,2025-11-06 10:48:12,mobile,/category/apparel,,False
2412,1327,2025-12-25 02:01:42,2025-12-25 02:39:42,desktop,/blog,6,False
2413,,2025-10-28 08:02:02,2025-10-28 08:27:02,desktop,/product-search,13,False
2414,737,2025-01-03 15:10:47,2025-01-03 15:36:47,desktop,/home,,False
2415,1019,2025-10-24 04:56:32,2025-10-24 05:40:32,tablet,/category/electronics,8,False
2416,,2025-03-12 11:05:44,2025-03-12 11:46:44,desktop,/category/electronics,2,True
2417,610,2025-11-11 20:50:02,2025-11-11 20:54:02,tablet,/category/electronics,,False
2418,1471,2025-10-31 15:56:48,2025-10-31 16:34:48,desktop,/product-search,,False
2419,,2025-09-09 22:09:15,2025-09-09 22:23:15,desktop,/category/apparel,11,False
2420,1007,2025-11-13 16:46:21,2025-11-13 17:30:21,mobile,/deals,,False
2421,1359,2024-10-07 17:04:36,2024-10-07 17:29:36,desktop,/category/apparel,11,False
2422,455,2025-02-26 15:17:27,2025-02-26 15:48:27,tablet,/product-search,3,False
2423,33,2025-03-09 12:18:32,2025-03-09 12:54:32,desktop,/home,6,False
2424,901,2025-11-17 13:25:14,2025-11-17 13:56:14,tablet,/category/electronics,,False
2425,552,2024-04-20 10:45:21,2024-04-20 11:24:21,tablet,/product-search,,True
2426,969,2025-03-31 09:21:40,2025-03-31 10:04:40,desktop,/blog,,False
2427,,2024-01-11 02:51:15,2024-01-11 03:33:15,tablet,/blog,,False
2428,1409,2025-03-28 02:54:48,2025-03-28 02:58:48,tablet,/home,,False
2429,122,2025-01-23 08:30:34,2025-01-23 09:09:34,desktop,/deals,9,False
2430,,2025-03-05 16:25:55,2025-03-05 16:42:55,tablet,/blog,4,False
2431,459,2025-08-08 11:44:44,2025-08-08 12:24:44,tablet,/product-search,3,False
2432,,2025-08-18 01:26:27,2025-08-18 01:49:27,mobile,/category/apparel,3,False
2433,,2024-04-06 14:40:28,2024-04-06 14:54:28,tablet,/deals,,False
2434,110,2024-10-18 07:28:33,2024-10-18 07:54:33,desktop,/category/apparel,1,False
2435,578,2024-10-02 16:06:24,2024-10-02 16:25:24,tablet,/category/electronics,,True
2436,,2024-09-30 20:45:42,2024-09-30 21:19:42,desktop,/deals,,False
2437,1002,2025-04-15 23:23:34,2025-04-16 00:01:34,desktop,/blog,7,False
2438,,2025-09-30 04:05:47,2025-09-30 04:39:47,tablet,/deals,,False
2439,958,2025-09-26 21:53:15,2025-09-26 21:54:15,mobile,/category/electronics,4,True
2440,,2025-06-11 05:21:09,2025-06-11 05:23:09,tablet,/category/electronics,,False
2441,,2025-08-27 13:43:01,2025-08-27 14:08:01,mobile,/deals,,False
2442,96,2025-08-28 02:49:21,2025-08-28 03:34:21,tablet,/blog,,False
2443,8,2025-10-04 12:53:17,2025-10-04 13:35:17,mobile,/category/electronics,,False
2444,,2024-05-26 01:38:06,2024-05-26 01:49:06,desktop,/category/apparel,,False
2445,1043,2024-08-02 06:30:34,2024-08-02 06:40:34,tablet,/product-search,,True
2446,593,2025-12-28 06:36:06,2025-12-28 07:19:06,mobile,/home,3,False
2447,780,2024-09-06 06:42:24,2024-09-06 07:00:24,desktop,/blog,,False
2448,355,2025-03-24 16:22:40,2025-03-24 17:07:40,mobile,/blog,14,False
2449,1404,2025-11-16 02:43:19,2025-11-16 03:21:19,desktop,/category/electronics,,False
2450,733,2025-10-08 00:46:38,2025-10-08 01:21:38,desktop,/blog,,False
2451,,2024-07-10 15:03:21,2024-07-10 15:43:21,tablet,/deals,,False
2452,1000,2024-10-28 20:29:49,2024-10-28 21:04:49,tablet,/deals,,False
2453,321,2024-12-05 15:07:11,2024-12-05 15:20:11,desktop,/category/electronics,15,False
2454,363,2025-11-13 11:49:52,2025-11-13 12:14:52,tablet,/category/apparel,2,True
2455,1106,2025-09-17 05:19:05,2025-09-17 06:00:05,mobile,/category/apparel,3,False
2456,1167,2024-05-22 09:27:16,2024-05-22 09:55:16,desktop,/deals,,False
2457,768,2025-10-04 17:38:55,2025-10-04 17:49:55,mobile,/category/electronics,,True
2458,1137,2025-08-19 05:04:52,2025-08-19 05:23:52,tablet,/blog,,False
2459,,2025-03-02 01:27:00,2025-03-02 02:02:00,mobile,/home,9,False
2460,830,2025-12-21 19:18:59,2025-12-21 19:57:59,tablet,/product-search,,False
2461,520,2025-03-04 14:55:26,2025-03-04 15:14:26,tablet,/blog,14,False
2462,,2024-06-10 04:15:00,2024-06-10 04:22:00,mobile,/blog,3,False
2463,,2025-08-23 15:05:17,2025-08-23 15:47:17,mobile,/product-search,,False
2464,964,2025-11-18 07:02:57,2025-11-18 07:09:57,tablet,/category/apparel,15,False
2465,1030,2025-10-06 21:54:06,2025-10-06 21:56:06,mobile,/category/electronics,2,False
2466,362,2025-07-22 15:17:58,2025-07-22 15:31:58,tablet,/category/apparel,,False
2467,93,2024-10-03 17:24:33,2024-10-03 17:48:33,mobile,/category/apparel,3,False
2468,,2025-06-29 00:27:42,2025-06-29 00:56:42,desktop,/deals,13,False
2469,1191,2025-12-28 20:56:13,2025-12-28 21:11:13,desktop,/category/apparel,7,True
2470,1212,2025-11-03 16:01:20,2025-11-03 16:06:20,tablet,/product-search,,True
2471,744,2025-07-25 20:58:05,2025-07-25 21:13:05,mobile,/blog,,False
2472,,2025-09-24 21:31:26,2025-09-24 22:11:26,tablet,/category/apparel,,False
2473,732,2025-10-13 21:20:57,2025-10-13 21:47:57,tablet,/category/apparel,,False
2474,1205,2025-03-11 18:53:13,2025-03-11 19:37:13,tablet,/product-search,,True
2475,1304,2025-12-17 11:32:11,2025-12-17 11:49:11,tablet,/home,,False
2476,,2025-02-07 01:13:27,2025-02-07 01:34:27,mobile,/category/apparel,,False
2477,166,2025-11-21 21:26:52,2025-11-21 22:09:52,tablet,/category/apparel,10,False
2478,,2024-03-11 15:17:14,2024-03-11 15:18:14,desktop,/blog,,False
2479,303,2025-10-28 09:18:17,2025-10-28 09:19:17,mobile,/deals,,False
2480,1404,2025-12-15 06:44:09,2025-12-15 07:14:09,tablet,/deals,13,False
2481,,2025-12-09 13:01:28,2025-12-09 13:15:28,tablet,/product-search,,False
2482,118,2025-03-03 05:42:11,2025-03-03 05:44:11,mobile,/category/apparel,,False
2483,986,2025-12-18 03:38:59,2025-12-18 03:59:59,mobile,/product-search,,False
2484,682,2024-12-07 01:40:43,2024-12-07 02:20:43,mobile,/blog,12,False
2485,606,2025-07-02 04:57:57,2025-07-02 05:27:57,mobile,/blog,8,False
2486,,2024-03-13 06:45:50,2024-03-13 07:13:50,desktop,/product-search,10,False
2487,891,2025-05-28 02:55:26,2025-05-28 03:21:26,tablet,/blog,,False
2488,,2025-10-06 22:02:40,2025-10-06 22:20:40,tablet,/home,9,False
2489,,2025-09-10 06:23:16,2025-09-10 06:51:16,desktop,/home,,False
2490,,2025-03-27 22:51:19,2025-03-27 23:13:19,mobile,/deals,,False
2491,,2025-09-12 04:04:26,2025-09-12 04:16:26,desktop,/deals,,False
2492,,2025-10-08 22:31:22,2025-10-08 22:52:22,tablet,/category/apparel,11,False
2493,1445,2025-07-31 18:07:04,2025-07-31 18:22:04,tablet,/deals,5,True
2494,,2025-05-09 03:29:04,2025-05-09 03:37:04,tablet,/product-search,,False
2495,34,2025-12-07 19:11:46,2025-12-07 19:37:46,desktop,/category/apparel,,False
2496,848,2025-05-29 01:58:47,2025-05-29 02:36:47,mobile,/category/electronics,,True
2497,604,2025-12-24 05:29:46,2025-12-24 05:30:46,mobile,/product-search,9,False
2498,1365,2025-10-03 01:27:32,2025-10-03 02:12:32,tablet,/home,,False
2499,338,2025-03-28 07:28:19,2025-03-28 07:32:19,mobile,/home,7,False
2500,,2024-03-31 07:21:51,2024-03-31 08:04:51,mobile,/blog,,False
2501,78,2025-10-27 01:05:49,2025-10-27 01:49:49,mobile,/home,2,False
2502,,2025-12-20 13:36:21,2025-12-20 13:41:21,tablet,/home,,False
2503,,2024-08-28 04:03:03,2024-08-28 04:25:03,tablet,/category/electronics,9,False
2504,1396,2025-02-04 07:46:44,2025-02-04 07:52:44,tablet,/product-search,5,False
2505,744,2024-11-18 10:57:35,2024-11-18 11:36:35,desktop,/product-search,,True
2506,1164,2025-11-24 02:26:33,2025-11-24 02:30:33,tablet,/product-search,,False
2507,569,2025-08-29 17:09:42,2025-08-29 17:41:42,tablet,/category/apparel,,False
2508,1226,2025-07-05 13:13:22,2025-07-05 13:29:22,desktop,/category/electronics,,False
2509,,2025-05-31 01:06:34,2025-05-31 01:35:34,tablet,/category/electronics,,False
2510,649,2025-05-13 16:47:23,2025-05-13 17:18:23,mobile,/category/apparel,11,True
2511,,2024-05-17 03:09:43,2024-05-17 03:46:43,tablet,/blog,,False
2512,,2025-09-19 00:53:44,2025-09-19 01:21:44,mobile,/product-search,,False
2513,1278,2025-04-20 02:57:47,2025-04-20 03:33:47,mobile,/home,,False
2514,,2025-03-31 13:41:05,2025-03-31 14:04:05,desktop,/deals,8,False
2515,959,2025-12-23 05:18:55,2025-12-23 05:54:55,tablet,/blog,,False
2516,156,2025-02-23 16:12:31,2025-02-23 16:15:31,desktop,/category/electronics,,False
2517,81,2025-06-28 11:15:44,2025-06-28 11:33:44,desktop,/category/electronics,11,False
2518,1172,2025-08-21 08:00:22,2025-08-21 08:12:22,tablet,/deals,7,False
2519,354,2024-11-14 17:54:09,2024-11-14 18:02:09,mobile,/deals,15,False
2520,43,2025-08-21 16:52:24,2025-08-21 16:54:24,desktop,/deals,,False
2521,891,2024-05-20 08:18:34,2024-05-20 08:48:34,desktop,/category/electronics,,False
2522,1194,2025-06-10 05:54:54,2025-06-10 06:00:54,mobile,/deals,11,False
2523,,2025-11-07 09:44:37,2025-11-07 10:02:37,tablet,/category/apparel,,False
2524,1024,2025-06-07 07:47:54,2025-06-07 07:56:54,desktop,/blog,11,False
2525,1070,2024-10-05 09:18:02,2024-10-05 10:03:02,desktop,/deals,12,False
2526,228,2025-11-30 11:39:32,2025-11-30 12:16:32,tablet,/deals,1,True
2527,,2025-03-24 02:21:38,2025-03-24 02:28:38,desktop,/product-search,,False
2528,,2024-07-18 18:32:29,2024-07-18 18:37:29,tablet,/blog,,False
2529,,2025-02-08 07:18:45,2025-02-08 07:23:45,mobile,/product-search,,False
2530,1197,2025-04-02 19:52:14,2025-04-02 20:04:14,tablet,/product-search,3,False
2531,,2024-01-29 19:09:53,2024-01-29 19:49:53,tablet,/category/electronics,,False
2532,,2024-12-01 23:48:46,2024-12-02 00:27:46,desktop,/category/apparel,,False
2533,1045,2025-12-22 00:07:31,2025-12-22 00:13:31,tablet,/category/electronics,,False
2534,684,2025-12-21 12:35:13,2025-12-21 13:10:13,tablet,/product-search,15,False
2535,181,2024-08-16 07:25:23,2024-08-16 07:58:23,mobile,/product-search,11,True
2536,610,2025-10-29 23:17:46,2025-10-29 23:18:46,mobile,/blog,2,False
2537,937,2025-12-05 09:45:42,2025-12-05 09:54:42,tablet,/home,3,False
2538,196,2025-05-23 10:30:17,2025-05-23 10:52:17,desktop,/category/electronics,,True
2539,1147,2025-11-25 15:31:45,2025-11-25 15:57:45,desktop,/category/apparel,,True
2540,,2025-09-24 08:32:56,2025-09-24 09:10:56,mobile,/home,8,False
2541,1016,2025-09-15 19:51:03,2025-09-15 19:54:03,mobile,/category/apparel,,False
2542,81,2025-11-24 03:42:36,2025-11-24 03:55:36,tablet,/home,14,True
2543,740,2025-03-12 00:16:22,2025-03-12 00:54:22,desktop,/deals,,False
2544,1136,2025-06-03 03:48:40,2025-06-03 04:21:40,tablet,/category/electronics,,False
2545,104,2025-05-22 07:43:34,2025-05-22 08:24:34,desktop,/category/apparel,,False
2546,,2024-08-24 01:25:35,2024-08-24 01:28:35,mobile,/category/apparel,,False
2547,346,2025-12-11 11:30:36,2025-12-11 11:43:36,mobile,/product-search,8,False
2548,473,2025-11-10 04:34:27,2025-11-10 04:46:27,desktop,/category/electronics,,False
2549,1326,2025-11-07 00:45:34,2025-11-07 00:51:34,tablet,/home,5,True
2550,,2024-06-05 10:13:16,2024-06-05 10:32:16,desktop,/blog,12,False
2551,632,2025-05-04 04:38:24,2025-05-04 04:58:24,desktop,/category/electronics,,False
2552,1159,2025-01-12 00:45:54,2025-01-12 01:13:54,tablet,/category/apparel,,False
2553,1292,2025-12-05 02:09:03,2025-12-05 02:19:03,desktop,/category/electronics,,False
2554,,2024-01-06 06:30:00,2024-01-06 06:54:00,desktop,/deals,12,False
2555,1171,2025-04-13 20:34:36,2025-04-13 20:55:36,desktop,/deals,,False
2556,,2024-09-14 20:26:24,2024-09-14 20:52:24,tablet,/home,14,False
2557,882,2025-12-30 21:31:45,2025-12-30 21:58:45,tablet,/deals,,False
2558,,2025-04-23 13:24:35,2025-04-23 13:38:35,tablet,/blog,1,False
2559,975,2025-11-26 05:03:06,2025-11-26 05:19:06,desktop,/category/apparel,7,False
2560,827,2024-11-13 21:04:56,2024-11-13 21:28:56,desktop,/deals,,True
2561,454,2025-09-24 22:23:01,2025-09-24 23:08:01,mobile,/category/apparel,13,False
2562,1298,2025-10-23 23:28:40,2025-10-23 23:47:40,tablet,/category/apparel,9,False
2563,,2024-07-01 09:50:29,2024-07-01 10:15:29,mobile,/blog,,False
2564,580,2025-03-24 05:56:54,2025-03-24 06:05:54,desktop,/home,,False
2565,956,2024-07-19 06:13:53,2024-07-19 06:34:53,mobile,/category/electronics,,True
2566,,2025-01-08 02:18:41,2025-01-08 02:27:41,desktop,/deals,,False
2567,,2024-11-04 18:01:32,2024-11-04 18:12:32,desktop,/category/electronics,,False
2568,318,2024-08-07 21:24:38,2024-08-07 22:08:38,mobile,/product-search,7,False
2569,162,2025-12-03 15:00:10,2025-12-03 15:23:10,tablet,/category/apparel,10,True
2570,,2025-06-25 05:33:11,2025-06-25 05:57:11,desktop,/category/electronics,,False
2571,242,2024-07-17 22:27:03,2024-07-17 23:03:03,tablet,/blog,10,False
2572,212,2025-12-30 22:23:57,2025-12-30 23:03:57,tablet,/category/electronics,7,False
2573,643,2024-09-15 18:25:10,2024-09-15 19:02:10,mobile,/category/electronics,15,False
2574,,2025-11-16 13:49:03,2025-11-16 14:10:03,mobile,/blog,,False
2575,560,2025-04-19 18:29:22,2025-04-19 18:30:22,mobile,/category/electronics,9,False
2576,1279,2025-12-27 07:41:17,2025-12-27 08:07:17,desktop,/blog,12,False
2577,,2024-04-28 22:08:37,2024-04-28 22:23:37,desktop,/home,,False
2578,1331,2025-04-17 16:49:59,2025-04-17 17:12:59,mobile,/home,5,False
2579,,2025-04-29 19:51:55,2025-04-29 20:02:55,tablet,/deals,,True
2580,1268,2025-12-05 07:16:51,2025-12-05 07:54:51,mobile,/deals,6,False
2581,1352,2025-12-18 00:46:19,2025-12-18 01:27:19,mobile,/deals,,False
2582,1334,2025-05-10 21:27:55,2025-05-10 21:47:55,desktop,/blog,,False
2583,,2025-03-06 17:23:10,2025-03-06 17:36:10,desktop,/category/apparel,,False
2584,,2025-08-21 21:39:18,2025-08-21 21:58:18,desktop,/product-search,,False
2585,,2025-05-04 22:58:51,2025-05-04 23:38:51,tablet,/home,,False
2586,1387,2025-12-17 14:11:00,2025-12-17 14:51:00,mobile,/category/electronics,,False
2587,,2025-07-01 20:44:31,2025-07-01 21:13:31,tablet,/category/electronics,,False
2588,,2024-07-03 14:29:43,2024-07-03 14:48:43,desktop,/category/electronics,10,False
2589,212,2025-12-07 17:55:11,2025-12-07 17:59:11,tablet,/home,,False
2590,693,2025-04-20 21:41:22,2025-04-20 21:43:22,desktop,/blog,,False
2591,8,2025-10-20 11:52:18,2025-10-20 11:59:18,tablet,/blog,,True
2592,,2024-07-11 02:14:20,2024-07-11 02:53:20,mobile,/category/electronics,9,False
2593,1005,2025-03-17 18:33:07,2025-03-17 19:11:07,desktop,/deals,,True
2594,121,2025-10-21 14:14:38,2025-10-21 14:23:38,desktop,/home,,False
2595,1119,2025-12-23 11:16:14,2025-12-23 11:29:14,tablet,/deals,,False
2596,726,2025-01-19 11:59:26,2025-01-19 12:38:26,tablet,/category/electronics,11,False
2597,,2024-07-26 11:45:47,2024-07-26 12:26:47,desktop,/category/apparel,15,False
2598,,2025-09-03 15:02:18,2025-09-03 15:41:18,tablet,/category/apparel,,True
2599,547,2025-04-27 20:38:26,2025-04-27 21:14:26,tablet,/deals,,False
2600,,2024-08-02 05:43:15,2024-08-02 06:05:15,tablet,/deals,7,False
2601,,2024-01-11 23:37:16,2024-01-12 00:14:16,mobile,/category/electronics,,False
2602,637,2024-11-12 23:35:31,2024-11-13 00:20:31,tablet,/product-search,,False
2603,,2025-04-06 00:37:18,2025-04-06 00:56:18,tablet,/product-search,15,False
2604,133,2025-12-24 05:01:09,2025-12-24 05:20:09,mobile,/category/apparel,3,False
2605,,2025-09-20 08:59:36,2025-09-20 09:01:36,mobile,/category/apparel,1,False
2606,1397,2025-05-14 03:59:25,2025-05-14 04:16:25,desktop,/category/apparel,,True
2607,55,2025-10-16 20:25:14,2025-10-16 20:39:14,tablet,/deals,,False
2608,,2024-12-08 03:59:54,2024-12-08 04:05:54,desktop,/deals,,False
2609,,2025-07-25 21:56:50,2025-07-25 22:01:50,tablet,/blog,,False
2610,513,2025-06-07 04:07:23,2025-06-07 04:38:23,desktop,/category/electronics,,True
2611,,2025-11-29 14:39:35,2025-11-29 15:02:35,tablet,/product-search,,False
2612,1156,2025-10-26 21:48:11,2025-10-26 22:07:11,tablet,/category/apparel,2,False
2613,219,2025-11-16 03:39:34,2025-11-16 03:52:34,tablet,/home,,False
2614,,2024-06-07 04:53:47,2024-06-07 05:07:47,tablet,/blog,,False
2615,,2025-12-29 05:21:07,2025-12-29 05:31:07,mobile,/home,,False
2616,,2025-04-18 08:40:05,2025-04-18 08:46:05,desktop,/category/electronics,,False
2617,1365,2025-10-10 10:38:44,2025-10-10 10:47:44,mobile,/category/apparel,,False
2618,,2024-06-20 13:05:32,2024-06-20 13:46:32,tablet,/category/apparel,3,False
2619,,2025-05-26 01:45:49,2025-05-26 02:21:49,mobile,/product-search,11,False
2620,133,2025-12-29 12:00:07,2025-12-29 12:29:07,desktop,/product-search,11,True
2621,409,2025-12-30 11:39:43,2025-12-30 11:45:43,tablet,/deals,,True
2622,,2024-07-14 22:10:24,2024-07-14 22:27:24,desktop,/deals,8,False
2623,,2025-07-19 22:35:17,2025-07-19 22:57:17,mobile,/home,,False
2624,388,2025-12-15 09:57:33,2025-12-15 10:32:33,mobile,/home,,False
2625,1036,2024-06-22 21:38:10,2024-06-22 22:11:10,tablet,/product-search,,True
2626,,2025-11-12 12:17:57,2025-11-12 12:49:57,tablet,/category/electronics,,False
2627,,2025-11-19 01:46:18,2025-11-19 01:58:18,mobile,/category/apparel,,False
2628,319,2025-12-31 13:59:35,2025-12-31 14:18:35,mobile,/category/electronics,5,False
2629,1156,2025-11-06 13:32:49,2025-11-06 14:02:49,tablet,/category/electronics,,False
2630,,2024-10-29 14:29:29,2024-10-29 15:07:29,mobile,/category/apparel,15,False
2631,,2025-07-31 03:56:26,2025-07-31 04:12:26,tablet,/deals,9,False
2632,276,2025-11-09 14:18:33,2025-11-09 14:36:33,tablet,/category/apparel,7,True
2633,424,2025-09-23 21:57:07,2025-09-23 22:21:07,tablet,/category/apparel,,True
2634,1330,2025-12-31 01:39:37,2025-12-31 02:12:37,desktop,/category/apparel,11,False
2635,,2025-11-14 00:26:33,2025-11-14 00:59:33,tablet,/blog,,False
2636,,2025-06-09 09:46:36,2025-06-09 09:53:36,mobile,/category/apparel,,False
2637,,2025-07-10 16:06:55,2025-07-10 16:10:55,tablet,/category/electronics,,False
2638,940,2025-09-13 05:18:20,2025-09-13 05:37:20,mobile,/category/apparel,,False
2639,,2024-09-11 13:05:10,2024-09-11 13:33:10,mobile,/category/electronics,,False
2640,933,2025-07-27 05:27:12,2025-07-27 05:33:12,tablet,/category/electronics,,False
2641,833,2025-04-09 01:19:46,2025-04-09 02:00:46,mobile,/category/electronics,,False
2642,,2025-05-27 17:19:55,2025-05-27 17:55:55,mobile,/home,,False
2643,111,2025-06-28 16:01:02,2025-06-28 16:20:02,mobile,/category/electronics,,False
2644,,2025-06-03 19:07:04,2025-06-03 19:40:04,tablet,/category/apparel,2,False
2645,1044,2025-10-15 19:23:56,2025-10-15 19:42:56,tablet,/blog,,True
2646,,2024-09-25 16:07:02,2024-09-25 16:47:02,mobile,/home,,False
2647,,2025-06-29 13:41:38,2025-06-29 14:10:38,tablet,/product-search,4,False
2648,1391,2025-12-16 14:18:55,2025-12-16 14:27:55,desktop,/category/apparel,,False
2649,,2025-04-21 08:09:00,2025-04-21 08:51:00,tablet,/category/apparel,3,True
2650,,2025-09-20 04:48:27,2025-09-20 04:50:27,tablet,/category/apparel,4,False
2651,291,2025-03-11 01:38:31,2025-03-11 01:53:31,tablet,/category/electronics,,False
2652,651,2024-03-21 11:17:46,2024-03-21 11:22:46,desktop,/product-search,,False
2653,908,2024-05-23 13:24:24,2024-05-23 13:56:24,tablet,/blog,,True
2654,434,2025-03-30 23:08:29,2025-03-30 23:21:29,desktop,/deals,8,False
2655,115,2025-08-14 09:31:37,2025-08-14 09:46:37,desktop,/category/apparel,12,True
2656,957,2025-12-22 11:50:02,2025-12-22 12:15:02,tablet,/deals,13,False
2657,468,2025-10-28 06:57:01,2025-10-28 07:28:01,mobile,/deals,,False
2658,124,2025-10-18 05:57:54,2025-10-18 06:21:54,desktop,/home,,False
2659,1150,2025-07-05 10:40:50,2025-07-05 11:18:50,mobile,/product-search,13,False
2660,1378,2025-11-29 04:38:42,2025-11-29 04:46:42,tablet,/blog,,False
2661,1082,2025-11-01 12:08:16,2025-11-01 12:24:16,mobile,/blog,,False
2662,809,2025-01-15 14:45:21,2025-01-15 14:48:21,mobile,/deals,4,False
2663,,2024-06-22 02:44:24,2024-06-22 03:06:24,tablet,/category/electronics,6,False
2664,,2025-11-30 14:47:05,2025-11-30 15:08:05,desktop,/blog,,False
2665,,2024-10-03 20:16:51,2024-10-03 20:56:51,mobile,/category/apparel,14,False
2666,595,2025-12-13 22:41:51,2025-12-13 22:51:51,tablet,/deals,,True
2667,521,2024-08-14 13:11:59,2024-08-14 13:50:59,desktop,/product-search,,False
2668,471,2025-04-06 05:06:25,2025-04-06 05:11:25,desktop,/blog,,True
2669,,2025-07-24 03:35:47,2025-07-24 04:19:47,desktop,/product-search,,False
2670,1280,2025-12-07 09:00:29,2025-12-07 09:15:29,desktop,/blog,,False
2671,999,2024-08-11 22:30:57,2024-08-11 22:53:57,desktop,/category/electronics,,False
2672,603,2025-07-29 15:54:56,2025-07-29 16:30:56,mobile,/blog,,True
2673,963,2025-11-17 16:52:29,2025-11-17 16:54:29,mobile,/home,,False
2674,396,2025-11-19 01:43:10,2025-11-19 01:49:10,desktop,/home,,True
2675,1103,2024-02-26 20:09:49,2024-02-26 20:12:49,mobile,/category/electronics,5,True
2676,,2024-12-06 06:44:42,2024-12-06 07:02:42,desktop,/category/apparel,,False
2677,,2025-01-07 22:51:36,2025-01-07 23:36:36,mobile,/home,,False
2678,234,2024-11-26 12:14:56,2024-11-26 12:57:56,tablet,/product-search,9,False
2679,1034,2024-11-08 00:15:56,2024-11-08 00:29:56,tablet,/product-search,,False
2680,1077,2025-08-05 17:38:24,2025-08-05 18:17:24,mobile,/product-search,1,False
2681,1106,2024-12-26 04:40:17,2024-12-26 04:51:17,mobile,/product-search,,True
2682,,2024-07-31 04:22:34,2024-07-31 04:49:34,tablet,/category/apparel,,False
2683,1440,2025-12-23 23:08:17,2025-12-23 23:53:17,mobile,/deals,,False
2684,,2024-02-13 17:06:52,2024-02-13 17:23:52,mobile,/category/electronics,,False
2685,673,2024-11-08 02:05:10,2024-11-08 02:31:10,tablet,/category/apparel,10,False
2686,,2025-02-13 01:34:19,2025-02-13 02:04:19,desktop,/deals,3,False
2687,37,2025-09-25 18:41:53,2025-09-25 18:52:53,mobile,/deals,,True
2688,35,2025-10-08 15:03:23,2025-10-08 15:18:23,desktop,/blog,,False
2689,301,2025-10-19 11:14:53,2025-10-19 11:39:53,mobile,/category/electronics,,False
2690,362,2025-08-07 21:49:11,2025-08-07 22:24:11,mobile,/category/electronics,,True
2691,,2025-01-13 23:43:41,2025-01-14 00:19:41,tablet,/deals,,False
2692,,2024-12-03 00:13:44,2024-12-03 00:21:44,mobile,/deals,,False
2693,634,2025-09-23 11:00:30,2025-09-23 11:18:30,desktop,/product-search,,False
2694,1168,2025-09-22 01:21:37,2025-09-22 01:26:37,desktop,/category/electronics,,True
2695,760,2025-12-25 07:05:28,2025-12-25 07:11:28,mobile,/home,,False
2696,,2024-03-30 00:10:07,2024-03-30 00:51:07,desktop,/category/apparel,15,False
2697,656,2025-10-29 20:57:55,2025-10-29 21:12:55,desktop,/home,4,False
2698,,2024-02-05 14:57:51,2024-02-05 15:02:51,tablet,/product-search,,False
2699,225,2025-09-16 23:36:56,2025-09-16 23:37:56,desktop,/category/electronics,7,False
2700,,2025-03-01 11:23:09,2025-03-01 11:50:09,desktop,/deals,14,False
2701,,2024-07-19 10:33:41,2024-07-19 11:07:41,mobile,/deals,,False
2702,780,2025-04-11 18:23:52,2025-04-11 18:43:52,tablet,/blog,15,False
2703,642,2025-12-18 11:16:41,2025-12-18 11:39:41,desktop,/deals,,False
2704,251,2025-06-05 15:27:16,2025-06-05 15:54:16,desktop,/product-search,,True
2705,,2025-11-23 10:17:22,2025-11-23 10:50:22,desktop,/category/electronics,,False
2706,51,2025-04-02 01:36:54,2025-04-02 01:40:54,mobile,/category/apparel,,False
2707,966,2025-04-01 20:07:47,2025-04-01 20:23:47,desktop,/blog,,False
2708,789,2025-12-03 09:51:20,2025-12-03 10:14:20,desktop,/blog,,False
2709,305,2024-12-25 05:44:26,2024-12-25 05:49:26,mobile,/product-search,,False
2710,1480,2025-12-12 23:05:09,2025-12-12 23:46:09,mobile,/deals,13,False
2711,,2024-11-02 17:56:48,2024-11-02 18:26:48,desktop,/category/electronics,10,True
2712,211,2025-04-13 12:36:16,2025-04-13 12:56:16,tablet,/category/electronics,,True
2713,1053,2025-12-30 04:01:06,2025-12-30 04:11:06,mobile,/product-search,,False
2714,1236,2025-12-09 03:50:50,2025-12-09 04:14:50,tablet,/deals,,False
2715,706,2025-06-09 20:29:40,2025-06-09 21:00:40,tablet,/product-search,13,False
2716,,2025-08-08 17:13:49,2025-08-08 17:33:49,desktop,/home,,False
2717,1431,2025-09-20 20:17:19,2025-09-20 20:26:19,mobile,/deals,,False
2718,,2025-07-02 06:26:19,2025-07-02 07:00:19,desktop,/product-search,5,False
2719,,2024-03-01 10:24:33,2024-03-01 10:44:33,desktop,/category/electronics,1,False
2720,,2024-05-27 17:39:22,2024-05-27 17:57:22,desktop,/deals,,False
2721,,2024-09-30 05:36:08,2024-09-30 06:07:08,tablet,/blog,13,False
2722,24,2025-10-15 14:47:12,2025-10-15 15:07:12,mobile,/deals,,False
2723,,2025-02-13 07:44:50,2025-02-13 08:19:50,mobile,/blog,,False
2724,1326,2025-08-10 22:02:26,2025-08-10 22:27:26,desktop,/blog,3,False
2725,503,2025-07-04 02:18:11,2025-07-04 02:58:11,tablet,/category/electronics,,False
2726,240,2025-06-09 06:07:35,2025-06-09 06:09:35,mobile,/blog,12,False
2727,52,2025-06-03 22:02:25,2025-06-03 22:27:25,tablet,/home,14,False
2728,1094,2025-05-09 19:52:30,2025-05-09 20:13:30,desktop,/home,,False
2729,,2025-09-06 21:21:49,2025-09-06 21:55:49,mobile,/deals,10,False
2730,320,2025-04-14 09:59:34,2025-04-14 10:41:34,desktop,/blog,3,False
2731,1428,2025-01-21 09:38:23,2025-01-21 09:54:23,desktop,/blog,,True
2732,,2025-10-11 18:19:26,2025-10-11 18:41:26,desktop,/category/electronics,11,False
2733,,2024-05-02 22:46:49,2024-05-02 23:23:49,mobile,/category/electronics,,False
2734,,2024-12-10 09:10:11,2024-12-10 09:20:11,desktop,/blog,12,False
2735,587,2025-01-29 15:18:58,2025-01-29 15:37:58,tablet,/deals,,False
2736,,2024-08-01 10:18:47,2024-08-01 11:03:47,mobile,/deals,,False
2737,1267,2025-10-29 01:01:24,2025-10-29 01:31:24,mobile,/product-search,3,False
2738,1268,2025-01-22 04:57:12,2025-01-22 05:25:12,desktop,/product-search,6,False
2739,252,2024-09-15 03:32:32,2024-09-15 03:48:32,mobile,/category/apparel,,False
2740,503,2024-07-27 07:48:25,2024-07-27 08:31:25,desktop,/category/apparel,11,False
2741,122,2025-10-26 07:11:03,2025-10-26 07:38:03,desktop,/home,8,False
2742,381,2025-12-14 05:20:16,2025-12-14 05:33:16,mobile,/home,6,False
2743,581,2025-12-19 03:39:46,2025-12-19 03:43:46,desktop,/deals,,False
2744,,2025-05-14 02:54:39,2025-05-14 03:19:39,tablet,/home,2,False
2745,1046,2024-05-27 17:02:18,2024-05-27 17:20:18,mobile,/home,6,False
2746,,2025-09-13 09:53:36,2025-09-13 10:37:36,mobile,/category/apparel,5,False
2747,,2025-08-21 03:05:48,2025-08-21 03:40:48,desktop,/blog,,False
2748,,2024-09-14 15:04:16,2024-09-14 15:09:16,tablet,/deals,5,False
2749,626,2025-11-01 08:48:08,2025-11-01 09:00:08,tablet,/home,13,False
2750,,2024-08-31 05:29:53,2024-08-31 05:48:53,tablet,/category/electronics,,False
2751,542,2025-09-13 18:03:09,2025-09-13 18:25:09,mobile,/blog,,False
2752,,2025-09-23 21:44:56,2025-09-23 22:15:56,tablet,/category/apparel,,False
2753,290,2025-12-04 17:57:09,2025-12-04 18:07:09,mobile,/category/apparel,,False
2754,,2024-11-28 14:22:19,2024-11-28 14:58:19,tablet,/category/apparel,8,False
2755,1127,2025-09-18 18:05:13,2025-09-18 18:23:13,mobile,/category/apparel,5,False
2756,602,2025-12-31 23:12:50,2025-12-31 23:47:50,tablet,/home,,False
2757,208,2025-10-21 00:17:12,2025-10-21 00:30:12,tablet,/product-search,,False
2758,,2025-08-19 18:41:20,2025-08-19 19:17:20,tablet,/category/electronics,2,False
2759,23,2025-08-17 04:56:47,2025-08-17 05:30:47,mobile,/home,,False
2760,413,2025-09-11 17:24:30,2025-09-11 17:30:30,tablet,/category/apparel,,False
2761,,2025-08-28 06:49:14,2025-08-28 07:29:14,tablet,/category/apparel,,True
2762,1419,2025-12-11 07:46:25,2025-12-11 07:56:25,desktop,/category/electronics,,True
2763,564,2025-06-12 15:37:56,2025-06-12 15:57:56,mobile,/category/apparel,10,False
2764,172,2025-08-17 16:53:35,2025-08-17 17:06:35,mobile,/deals,7,False
2765,880,2025-04-05 09:53:48,2025-04-05 10:06:48,tablet,/product-search,,True
2766,866,2025-05-11 12:19:34,2025-05-11 12:30:34,desktop,/home,,False
2767,558,2025-10-24 19:14:59,2025-10-24 19:27:59,desktop,/category/apparel,8,False
2768,,2025-07-11 05:53:40,2025-07-11 06:28:40,mobile,/product-search,,False
2769,1098,2025-12-22 02:53:54,2025-12-22 03:14:54,tablet,/deals,,True
2770,,2024-01-02 08:13:23,2024-01-02 08:22:23,mobile,/deals,8,False
2771,970,2025-07-21 07:23:19,2025-07-21 08:03:19,desktop,/category/apparel,,True
2772,1034,2025-01-06 09:03:22,2025-01-06 09:32:22,desktop,/category/electronics,12,False
2773,,2024-11-30 23:09:34,2024-11-30 23:32:34,tablet,/blog,,False
2774,,2025-04-18 14:07:51,2025-04-18 14:40:51,mobile,/category/apparel,,False
2775,,2025-01-16 22:10:26,2025-01-16 22:52:26,mobile,/home,4,False
2776,343,2025-12-28 10:32:05,2025-12-28 11:12:05,tablet,/blog,,False
2777,830,2025-11-24 20:27:51,2025-11-24 21:05:51,mobile,/product-search,10,False
2778,,2025-06-24 02:38:15,2025-06-24 02:45:15,mobile,/product-search,,False
2779,637,2025-08-20 14:50:15,2025-08-20 14:59:15,mobile,/category/electronics,,False
2780,746,2025-12-29 09:23:54,2025-12-29 09:33:54,desktop,/product-search,14,False
2781,,2024-10-11 15:58:40,2024-10-11 16:22:40,mobile,/deals,,True
2782,106,2025-05-09 18:47:51,2025-05-09 19:07:51,desktop,/product-search,,False
2783,1008,2025-07-04 07:19:55,2025-07-04 07:36:55,mobile,/home,,False
2784,718,2025-12-16 18:55:25,2025-12-16 19:27:25,tablet,/deals,,False
2785,,2024-05-16 15:35:37,2024-05-16 16:09:37,desktop,/blog,,False
2786,65,2025-10-31 00:50:07,2025-10-31 01:21:07,mobile,/product-search,,False
2787,151,2025-04-21 15:47:44,2025-04-21 16:12:44,mobile,/category/apparel,15,False
2788,,2025-08-03 01:26:18,2025-08-03 01:59:18,mobile,/category/apparel,,False
2789,60,2025-12-15 04:20:46,2025-12-15 04:51:46,desktop,/category/apparel,,False
2790,989,2025-02-28 06:47:31,2025-02-28 07:12:31,desktop,/blog,,False
2791,1148,2025-11-06 18:31:54,2025-11-06 19:16:54,mobile,/category/electronics,4,False
2792,130,2025-07-26 12:04:09,2025-07-26 12:30:09,desktop,/home,6,False
2793,1456,2024-07-11 13:17:02,2024-07-11 13:35:02,mobile,/category/apparel,,True
2794,409,2025-12-15 09:06:10,2025-12-15 09:27:10,desktop,/category/electronics,10,True
2795,1478,2025-12-12 19:07:55,2025-12-12 19:35:55,desktop,/home,,True
2796,1247,2024-03-15 05:32:27,2024-03-15 05:50:27,mobile,/deals,,False
2797,,2025-08-20 10:29:01,2025-08-20 10:49:01,tablet,/category/electronics,,False
2798,617,2025-05-20 10:25:33,2025-05-20 10:56:33,mobile,/category/electronics,,True
2799,252,2024-05-02 19:56:37,2024-05-02 20:20:37,mobile,/product-search,,False
2800,,2025-04-02 12:26:34,2025-04-02 12:31:34,mobile,/category/apparel,,False
2801,1500,2025-02-03 13:20:55,2025-02-03 14:00:55,tablet,/product-search,14,False
2802,,2025-01-11 18:04:14,2025-01-11 18:14:14,mobile,/home,,False
2803,204,2025-11-01 02:20:28,2025-11-01 02:26:28,mobile,/deals,4,False
2804,470,2025-11-30 07:21:38,2025-11-30 07:50:38,tablet,/product-search,,False
2805,,2024-05-20 16:16:59,2024-05-20 16:37:59,mobile,/home,6,False
2806,1072,2025-06-08 04:19:16,2025-06-08 04:26:16,tablet,/category/apparel,,True
2807,183,2025-10-10 21:44:10,2025-10-10 22:07:10,desktop,/category/apparel,9,False
2808,,2024-06-29 13:01:57,2024-06-29 13:43:57,tablet,/home,,False
2809,1129,2025-02-28 14:25:20,2025-02-28 14:34:20,desktop,/home,,False
2810,526,2025-08-23 10:57:25,2025-08-23 11:35:25,desktop,/blog,9,False
2811,410,2025-12-08 13:28:19,2025-12-08 13:44:19,tablet,/category/electronics,1,False
2812,,2024-03-19 16:55:44,2024-03-19 17:32:44,mobile,/home,,False
2813,53,2024-11-16 05:51:36,2024-11-16 06:35:36,mobile,/home,,False
2814,940,2025-09-14 14:38:49,2025-09-14 14:42:49,desktop,/home,,False
2815,709,2025-12-23 22:50:55,2025-12-23 23:10:55,desktop,/deals,15,False
2816,1024,2024-09-23 12:35:16,2024-09-23 12:56:16,tablet,/blog,14,False
2817,214,2025-11-09 16:28:14,2025-11-09 16:32:14,desktop,/home,,True
2818,896,2025-12-12 05:29:15,2025-12-12 05:46:15,tablet,/category/electronics,,False
2819,388,2025-12-26 18:51:58,2025-12-26 19:06:58,desktop,/category/electronics,,False
2820,466,2025-03-03 22:54:41,2025-03-03 23:12:41,mobile,/blog,,True
2821,947,2024-11-26 23:00:32,2024-11-26 23:27:32,mobile,/product-search,,True
2822,1111,2025-11-30 03:44:27,2025-11-30 03:57:27,desktop,/deals,,False
2823,329,2025-11-24 05:34:09,2025-11-24 05:45:09,mobile,/category/electronics,,True
2824,145,2025-09-30 13:12:22,2025-09-30 13:43:22,tablet,/category/apparel,11,False
2825,42,2025-12-25 05:34:26,2025-12-25 06:08:26,tablet,/home,,False
2826,839,2025-09-30 03:28:13,2025-09-30 03:51:13,mobile,/category/electronics,5,False
2827,1415,2025-01-29 13:59:05,2025-01-29 14:28:05,mobile,/deals,13,False
2828,46,2025-12-24 10:45:56,2025-12-24 11:08:56,desktop,/product-search,14,False
2829,,2025-09-12 03:08:10,2025-09-12 03:15:10,tablet,/category/electronics,,False
2830,,2025-11-05 02:08:59,2025-11-05 02:42:59,tablet,/home,8,False
2831,628,2025-10-19 14:44:34,2025-10-19 14:53:34,tablet,/deals,10,True
2832,,2025-10-23 01:53:09,2025-10-23 02:08:09,tablet,/home,,False
2833,1068,2025-11-12 07:40:04,2025-11-12 07:43:04,tablet,/deals,4,False
2834,845,2025-12-21 05:59:51,2025-12-21 06:35:51,desktop,/blog,3,False
2835,37,2025-12-28 00:57:39,2025-12-28 01:42:39,mobile,/product-search,12,False
2836,1393,2025-12-20 03:30:43,2025-12-20 04:14:43,desktop,/deals,6,False
2837,1135,2025-05-23 08:23:14,2025-05-23 08:42:14,desktop,/category/apparel,,False
2838,49,2025-05-22 18:33:17,2025-05-22 18:58:17,desktop,/category/apparel,,True
2839,1347,2025-02-12 03:35:20,2025-02-12 03:43:20,tablet,/category/electronics,,True
2840,1419,2025-05-20 01:57:30,2025-05-20 02:14:30,mobile,/category/electronics,1,False
2841,750,2025-04-03 00:15:23,2025-04-03 00:42:23,tablet,/product-search,,False
2842,,2025-05-12 13:57:19,2025-05-12 14:22:19,tablet,/category/electronics,7,False
2843,,2024-03-05 05:28:45,2024-03-05 06:03:45,desktop,/category/electronics,,False
2844,,2024-04-25 23:56:20,2024-04-26 00:37:20,desktop,/home,,False
2845,854,2025-10-22 14:07:11,2025-10-22 14:22:11,mobile,/category/electronics,,False
2846,,2024-04-15 16:16:05,2024-04-15 17:00:05,tablet,/home,,False
2847,296,2025-07-13 08:26:23,2025-07-13 08:46:23,desktop,/product-search,11,False
2848,233,2025-04-07 00:55:00,2025-04-07 00:56:00,desktop,/home,14,False
2849,811,2025-10-06 22:31:29,2025-10-06 23:15:29,desktop,/product-search,,False
2850,,2025-06-30 17:23:00,2025-06-30 17:49:00,desktop,/category/apparel,,False
2851,,2025-10-23 09:36:17,2025-10-23 09:44:17,desktop,/category/electronics,,False
2852,,2024-10-06 17:59:07,2024-10-06 18:41:07,desktop,/product-search,,False
2853,1409,2024-07-28 03:41:50,2024-07-28 03:59:50,mobile,/product-search,9,False
2854,,2024-12-30 14:22:32,2024-12-30 14:40:32,desktop,/product-search,,False
2855,,2025-03-30 13:53:48,2025-03-30 14:01:48,desktop,/home,,False
2856,80,2025-08-23 21:05:29,2025-08-23 21:06:29,desktop,/category/electronics,,True
2857,,2025-03-04 04:16:28,2025-03-04 04:17:28,desktop,/blog,9,False
2858,244,2025-08-28 08:30:01,2025-08-28 08:33:01,mobile,/category/electronics,,False
2859,,2025-11-05 13:08:42,2025-11-05 13:21:42,desktop,/product-search,7,False
2860,1202,2025-10-30 09:46:02,2025-10-30 09:47:02,mobile,/home,,False
2861,633,2025-07-29 04:11:18,2025-07-29 04:12:18,tablet,/category/electronics,4,True
2862,660,2025-03-26 19:38:01,2025-03-26 19:51:01,tablet,/category/electronics,11,False
2863,1208,2025-11-04 01:55:12,2025-11-04 02:32:12,desktop,/blog,,False
2864,964,2025-11-28 20:56:53,2025-11-28 21:08:53,mobile,/blog,,False
2865,231,2025-03-18 07:52:53,2025-03-18 08:32:53,mobile,/deals,9,False
2866,,2024-07-08 07:00:58,2024-07-08 07:21:58,desktop,/category/electronics,,False
2867,49,2025-12-15 11:18:48,2025-12-15 11:38:48,mobile,/deals,5,False
2868,,2024-04-18 08:52:52,2024-04-18 09:36:52,desktop,/deals,11,False
2869,1120,2025-10-23 01:00:42,2025-10-23 01:42:42,tablet,/deals,11,False
2870,,2024-11-24 18:12:58,2024-11-24 18:45:58,mobile,/category/electronics,,False
2871,1035,2025-07-14 18:59:21,2025-07-14 19:12:21,desktop,/category/electronics,14,False
2872,1399,2025-09-15 03:31:58,2025-09-15 03:49:58,tablet,/blog,14,False
2873,327,2025-02-27 07:07:07,2025-02-27 07:48:07,tablet,/deals,1,True
2874,166,2025-11-07 13:36:06,2025-11-07 14:20:06,tablet,/home,5,True
2875,,2025-08-09 02:16:31,2025-08-09 02:17:31,tablet,/product-search,,False
2876,,2025-10-17 19:13:26,2025-10-17 19:29:26,desktop,/deals,,False
2877,,2025-05-15 12:00:27,2025-05-15 12:22:27,mobile,/category/apparel,2,False
2878,1369,2025-01-31 21:31:03,2025-01-31 21:39:03,mobile,/deals,,False
2879,1022,2025-08-07 08:12:36,2025-08-07 08:54:36,tablet,/home,,False
2880,53,2024-10-31 07:39:21,2024-10-31 08:17:21,desktop,/category/apparel,,False
2881,1015,2024-11-12 19:53:44,2024-11-12 20:18:44,tablet,/home,,False
2882,,2025-02-15 07:41:58,2025-02-15 07:46:58,mobile,/category/apparel,,False
2883,,2025-10-12 07:15:04,2025-10-12 07:18:04,tablet,/category/electronics,10,False
2884,1299,2025-07-20 15:04:56,2025-07-20 15:15:56,mobile,/category/apparel,,True
2885,171,2025-03-25 02:17:40,2025-03-25 02:46:40,tablet,/deals,,False
2886,1487,2025-04-13 06:29:55,2025-04-13 06:50:55,mobile,/category/apparel,,False
2887,778,2025-08-04 09:44:08,2025-08-04 10:13:08,mobile,/home,5,True
2888,1307,2025-02-23 02:01:01,2025-02-23 02:05:01,desktop,/blog,13,False
2889,,2025-09-24 20:15:35,2025-09-24 20:22:35,desktop,/category/apparel,6,False
2890,216,2025-10-23 22:01:51,2025-10-23 22:13:51,mobile,/blog,,True
2891,664,2025-07-16 06:15:03,2025-07-16 06:31:03,desktop,/product-search,,False
2892,124,2025-12-10 07:50:53,2025-12-10 08:09:53,mobile,/deals,,False
2893,,2025-11-12 08:45:59,2025-11-12 08:59:59,tablet,/home,,False
2894,909,2025-08-23 13:06:34,2025-08-23 13:16:34,mobile,/deals,,False
2895,448,2025-01-10 23:23:21,2025-01-11 00:06:21,desktop,/home,,False
2896,81,2025-12-26 08:13:25,2025-12-26 08:58:25,mobile,/blog,,False
2897,,2024-07-02 07:33:51,2024-07-02 07:41:51,tablet,/category/apparel,5,False
2898,1320,2025-12-20 01:17:06,2025-12-20 01:49:06,desktop,/deals,14,False
2899,300,2025-08-18 14:19:46,2025-08-18 14:22:46,mobile,/category/apparel,,False
2900,226,2025-11-22 04:57:11,2025-11-22 05:03:11,desktop,/home,4,False
2901,,2025-04-13 03:15:15,2025-04-13 03:30:15,mobile,/product-search,,False
2902,,2025-04-18 20:24:34,2025-04-18 20:30:34,tablet,/home,,False
2903,,2025-06-15 23:44:47,2025-06-16 00:04:47,mobile,/category/electronics,11,False
2904,1049,2025-12-28 04:30:38,2025-12-28 04:58:38,mobile,/category/electronics,12,False
2905,1087,2025-12-11 11:48:26,2025-12-11 12:12:26,tablet,/product-search,5,False
2906,,2024-11-28 06:10:37,2024-11-28 06:30:37,tablet,/blog,6,False
2907,811,2024-11-24 07:50:16,2024-11-24 08:27:16,tablet,/category/electronics,,False
2908,1044,2025-10-31 11:52:43,2025-10-31 12:22:43,mobile,/category/apparel,,False
2909,110,2025-10-01 05:38:10,2025-10-01 06:17:10,mobile,/category/electronics,,False
2910,,2025-05-19 11:53:02,2025-05-19 12:07:02,mobile,/category/apparel,14,False
2911,,2025-10-06 12:42:12,2025-10-06 13:07:12,desktop,/blog,,False
2912,1284,2025-12-13 04:00:35,2025-12-13 04:42:35,tablet,/category/apparel,,False
2913,1331,2024-10-09 05:13:43,2024-10-09 05:15:43,desktop,/product-search,,False
2914,1304,2025-10-15 14:51:39,2025-10-15 15:19:39,tablet,/product-search,,False
2915,925,2025-01-04 20:40:31,2025-01-04 20:56:31,tablet,/category/electronics,,False
2916,297,2025-02-13 15:16:52,2025-02-13 15:17:52,mobile,/category/electronics,,False
2917,810,2025-06-13 18:06:37,2025-06-13 18:51:37,desktop,/blog,1,False
2918,,2024-01-16 14:21:00,2024-01-16 14:49:00,mobile,/product-search,,False
2919,1397,2025-04-14 07:54:50,2025-04-14 08:27:50,mobile,/blog,,False
2920,,2025-08-01 13:40:37,2025-08-01 13:53:37,tablet,/category/electronics,,False
2921,,2024-09-21 07:49:37,2024-09-21 07:53:37,mobile,/category/electronics,,False
2922,,2025-02-10 17:57:11,2025-02-10 18:03:11,desktop,/deals,,False
2923,1497,2025-01-28 20:38:01,2025-01-28 21:20:01,mobile,/category/apparel,,False
2924,,2025-08-10 05:10:53,2025-08-10 05:37:53,tablet,/category/electronics,,False
2925,681,2024-12-23 13:32:09,2024-12-23 13:58:09,mobile,/deals,,False
2926,,2025-04-29 14:24:24,2025-04-29 14:48:24,tablet,/category/apparel,,False
2927,62,2025-06-03 14:25:37,2025-06-03 14:32:37,tablet,/category/apparel,,True
2928,,2024-05-14 23:55:27,2024-05-15 00:10:27,desktop,/category/apparel,,False
2929,844,2025-12-21 05:56:31,2025-12-21 06:13:31,tablet,/blog,10,False
2930,,2024-03-15 09:58:53,2024-03-15 10:32:53,desktop,/product-search,,False
2931,,2024-03-30 19:58:22,2024-03-30 20:22:22,tablet,/home,11,True
2932,320,2025-09-29 01:34:25,2025-09-29 01:51:25,tablet,/product-search,,True
2933,978,2025-06-14 07:23:43,2025-06-14 08:04:43,tablet,/home,,False
2934,,2025-06-07 06:45:34,2025-06-07 06:58:34,tablet,/blog,,False
2935,1142,2025-09-11 07:40:06,2025-09-11 08:09:06,tablet,/product-search,,True
2936,292,2025-05-14 22:31:05,2025-05-14 23:11:05,desktop,/home,13,False
2937,95,2025-05-13 20:21:53,2025-05-13 21:02:53,mobile,/deals,1,True
2938,1476,2024-12-28 15:54:43,2024-12-28 16:01:43,mobile,/blog,,True
2939,249,2024-04-07 06:10:18,2024-04-07 06:37:18,tablet,/product-search,,False
2940,,2024-08-24 14:22:54,2024-08-24 14:40:54,desktop,/category/electronics,4,False
2941,,2025-12-24 05:48:29,2025-12-24 06:28:29,desktop,/blog,12,False
2942,,2024-07-09 06:52:44,2024-07-09 07:02:44,mobile,/deals,3,False
2943,,2025-05-11 04:35:26,2025-05-11 04:51:26,desktop,/product-search,,False
2944,291,2025-03-02 07:39:01,2025-03-02 07:48:01,desktop,/product-search,,False
2945,1445,2025-11-30 15:47:51,2025-11-30 15:51:51,mobile,/category/electronics,,False
2946,460,2025-12-16 01:19:37,2025-12-16 01:52:37,tablet,/home,,False
2947,,2025-10-24 02:10:31,2025-10-24 02:12:31,tablet,/category/electronics,,False
2948,,2024-10-05 08:30:10,2024-10-05 09:06:10,tablet,/deals,,False
2949,268,2025-11-08 00:55:56,2025-11-08 01:19:56,tablet,/category/electronics,1,True
2950,519,2025-11-21 23:46:48,2025-11-21 23:56:48,tablet,/blog,12,False
2951,,2025-06-16 20:41:03,2025-06-16 20:42:03,mobile,/blog,,False
2952,1438,2025-07-09 17:44:11,2025-07-09 18:06:11,mobile,/product-search,14,False
2953,,2025-08-23 00:35:19,2025-08-23 00:39:19,mobile,/category/apparel,,False
2954,,2024-05-29 02:56:19,2024-05-29 03:11:19,tablet,/product-search,,False
2955,713,2025-08-15 08:27:28,2025-08-15 08:59:28,tablet,/home,,False
2956,761,2025-02-21 17:57:48,2025-02-21 18:19:48,mobile,/category/apparel,12,False
2957,,2024-11-07 23:23:54,2024-11-07 23:45:54,desktop,/category/electronics,1,False
2958,1218,2025-12-09 14:18:26,2025-12-09 14:28:26,tablet,/deals,2,True
2959,1214,2025-01-08 15:30:22,2025-01-08 15:39:22,tablet,/category/apparel,,False
2960,1132,2025-03-28 19:30:47,2025-03-28 20:11:47,mobile,/blog,8,False
2961,,2024-09-13 15:23:45,2024-09-13 15:35:45,desktop,/home,,False
2962,,2025-03-25 06:32:56,2025-03-25 07:08:56,desktop,/category/electronics,6,False
2963,,2024-10-14 08:28:07,2024-10-14 09:09:07,mobile,/blog,5,False
2964,,2024-12-02 00:47:35,2024-12-02 01:25:35,mobile,/deals,,False
2965,403,2025-11-22 15:55:55,2025-11-22 15:57:55,tablet,/blog,,True
2966,1105,2025-04-06 23:54:36,2025-04-07 00:33:36,tablet,/blog,6,False
2967,894,2024-11-30 04:37:20,2024-11-30 04:44:20,desktop,/deals,,False
2968,661,2025-01-04 09:20:16,2025-01-04 10:00:16,tablet,/product-search,,False
2969,1329,2024-07-05 13:23:38,2024-07-05 13:24:38,desktop,/category/electronics,,False
2970,230,2025-12-15 20:30:49,2025-12-15 20:52:49,mobile,/product-search,,False
2971,,2025-09-21 16:56:56,2025-09-21 17:10:56,desktop,/blog,5,False
2972,,2025-08-17 14:26:55,2025-08-17 14:53:55,desktop,/home,,False
2973,175,2025-09-17 01:02:44,2025-09-17 01:26:44,mobile,/category/electronics,,True
2974,421,2025-08-29 11:39:09,2025-08-29 12:21:09,desktop,/category/apparel,,False
2975,376,2025-12-11 16:55:31,2025-12-11 17:16:31,tablet,/blog,,True
2976,131,2025-12-20 23:28:19,2025-12-21 00:11:19,desktop,/category/apparel,5,False
2977,1133,2025-11-10 12:24:07,2025-11-10 12:37:07,mobile,/deals,4,False
2978,,2024-10-26 08:35:02,2024-10-26 08:44:02,tablet,/category/apparel,11,False
2979,,2024-02-02 23:32:37,2024-02-02 23:44:37,desktop,/category/apparel,,False
2980,,2024-09-06 01:45:12,2024-09-06 01:59:12,tablet,/home,,False
2981,,2025-02-26 03:33:29,2025-02-26 03:54:29,desktop,/category/apparel,,False
2982,,2025-08-20 02:03:52,2025-08-20 02:47:52,mobile,/category/apparel,,False
2983,1299,2025-08-30 12:20:38,2025-08-30 12:31:38,mobile,/product-search,,False
2984,,2025-09-24 21:51:19,2025-09-24 22:16:19,mobile,/blog,10,False
2985,709,2025-12-30 01:37:06,2025-12-30 02:03:06,tablet,/product-search,5,False
2986,874,2025-10-08 01:59:52,2025-10-08 02:05:52,desktop,/home,14,True
2987,304,2024-05-10 19:23:54,2024-05-10 19:51:54,mobile,/blog,11,False
2988,,2025-08-13 13:10:33,2025-08-13 13:13:33,mobile,/deals,,False
2989,611,2025-09-21 06:17:30,2025-09-21 06:28:30,mobile,/category/apparel,,False
2990,455,2024-10-03 16:01:34,2024-10-03 16:45:34,desktop,/category/electronics,,False
2991,262,2024-12-02 08:08:22,2024-12-02 08:10:22,mobile,/deals,5,True
2992,1463,2025-02-02 03:32:33,2025-02-02 04:15:33,desktop,/deals,,False
2993,931,2025-11-25 19:14:44,2025-11-25 19:31:44,mobile,/deals,,False
2994,280,2025-12-16 01:57:19,2025-12-16 02:17:19,tablet,/home,3,True
2995,,2024-09-01 22:40:52,2024-09-01 23:00:52,tablet,/category/electronics,14,True
2996,816,2025-11-12 11:17:10,2025-11-12 11:46:10,tablet,/category/apparel,11,False
2997,765,2025-07-02 04:09:46,2025-07-02 04:38:46,mobile,/blog,,False
2998,,2025-05-25 03:03:52,2025-05-25 03:14:52,desktop,/blog,4,False
2999,,2025-03-15 07:02:47,2025-03-15 07:07:47,desktop,/category/electronics,,False
3000,390,2025-12-10 19:24:43,2025-12-10 19:52:43,tablet,/home,5,False
3001,1467,2025-12-27 18:56:45,2025-12-27 19:39:45,tablet,/blog,15,False
3002,,2025-07-03 00:48:28,2025-07-03 00:53:28,tablet,/home,10,False
3003,77,2025-11-22 10:21:16,2025-11-22 10:25:16,tablet,/blog,,True
3004,1079,2024-10-15 06:22:34,2024-10-15 06:41:34,desktop,/product-search,2,False
3005,285,2025-12-23 18:19:08,2025-12-23 18:20:08,mobile,/product-search,11,True
3006,661,2025-10-26 21:02:45,2025-10-26 21:11:45,mobile,/product-search,,False
3007,,2024-04-14 00:13:46,2024-04-14 00:30:46,mobile,/blog,9,True
3008,33,2025-11-05 03:57:05,2025-11-05 04:20:05,tablet,/blog,8,False
3009,1463,2025-06-08 22:20:27,2025-06-08 22:29:27,tablet,/category/electronics,,False
3010,1198,2025-07-26 07:55:04,2025-07-26 08:09:04,desktop,/category/electronics,13,False
3011,,2024-12-21 18:36:42,2024-12-21 18:38:42,desktop,/category/electronics,6,False
3012,,2024-11-12 08:34:10,2024-11-12 09:12:10,mobile,/home,,False
3013,1409,2025-10-17 02:59:11,2025-10-17 03:35:11,mobile,/blog,4,True
3014,611,2025-08-08 02:54:27,2025-08-08 03:39:27,desktop,/deals,9,True
3015,,2024-07-05 10:35:40,2024-07-05 10:36:40,mobile,/deals,,False
3016,,2024-10-31 05:12:28,2024-10-31 05:16:28,mobile,/category/electronics,2,False
3017,,2024-06-01 21:56:29,2024-06-01 22:09:29,mobile,/blog,,False
3018,1056,2025-11-10 22:46:20,2025-11-10 23:27:20,mobile,/blog,5,False
3019,787,2025-08-02 06:48:38,2025-08-02 07:09:38,tablet,/category/apparel,,True
3020,1262,2025-11-02 06:07:40,2025-11-02 06:28:40,desktop,/home,10,True
3021,1000,2024-12-23 22:13:21,2024-12-23 22:53:21,tablet,/product-search,,False
3022,1008,2025-10-13 22:02:07,2025-10-13 22:28:07,tablet,/category/electronics,11,False
3023,1173,2025-02-02 07:36:04,2025-02-02 07:49:04,mobile,/blog,,False
3024,510,2025-12-08 05:41:58,2025-12-08 06:13:58,desktop,/category/electronics,3,False
3025,,2024-01-13 19:02:30,2024-01-13 19:08:30,desktop,/home,,False
3026,178,2025-10-28 08:39:55,2025-10-28 08:44:55,mobile,/category/apparel,,False
3027,,2024-09-06 09:40:39,2024-09-06 09:53:39,desktop,/product-search,1,False
3028,87,2024-10-23 08:56:24,2024-10-23 08:57:24,mobile,/deals,,False
3029,855,2025-11-15 02:41:55,2025-11-15 03:18:55,desktop,/category/electronics,8,False
3030,261,2025-10-31 10:53:09,2025-10-31 11:36:09,desktop,/deals,13,False
3031,,2025-01-27 19:58:02,2025-01-27 20:00:02,mobile,/blog,11,False
3032,,2025-02-05 19:09:21,2025-02-05 19:38:21,mobile,/category/electronics,,False
3033,,2025-05-22 21:23:29,2025-05-22 21:30:29,mobile,/blog,,False
3034,,2024-03-25 02:07:31,2024-03-25 02:48:31,mobile,/category/electronics,,False
3035,,2024-11-30 02:57:19,2024-11-30 03:26:19,tablet,/deals,,False
3036,185,2024-09-08 14:31:56,2024-09-08 14:41:56,tablet,/blog,10,False
3037,,2025-01-19 15:47:04,2025-01-19 16:12:04,tablet,/deals,,False
3038,1459,2025-01-28 04:39:21,2025-01-28 05:19:21,desktop,/category/electronics,,False
3039,,2024-04-17 07:56:36,2024-04-17 08:03:36,desktop,/deals,13,False
3040,1006,2024-12-21 20:21:11,2024-12-21 20:40:11,mobile,/blog,,True
3041,343,2025-12-14 18:07:47,2025-12-14 18:31:47,tablet,/product-search,12,False
3042,60,2025-11-17 19:11:33,2025-11-17 19:40:33,mobile,/category/electronics,,True
3043,1293,2025-11-20 00:03:50,2025-11-20 00:29:50,tablet,/product-search,,False
3044,882,2025-12-03 05:49:01,2025-12-03 06:04:01,mobile,/blog,,False
3045,,2024-09-12 19:48:16,2024-09-12 20:31:16,mobile,/home,,False
3046,235,2025-07-19 09:47:52,2025-07-19 10:13:52,mobile,/category/apparel,12,False
3047,,2025-08-29 03:30:37,2025-08-29 03:52:37,tablet,/deals,,False
3048,,2024-06-25 19:23:03,2024-06-25 19:41:03,tablet,/product-search,,False
3049,,2024-03-28 15:39:53,2024-03-28 16:07:53,mobile,/deals,7,False
3050,,2025-07-01 08:47:55,2025-07-01 08:49:55,desktop,/blog,,False
3051,937,2025-05-08 09:50:27,2025-05-08 10:25:27,tablet,/category/apparel,,True
3052,,2025-02-10 03:22:07,2025-02-10 03:44:07,mobile,/product-search,,False
3053,792,2025-11-29 23:29:53,2025-11-29 23:50:53,tablet,/category/apparel,,False
3054,950,2025-12-24 21:48:54,2025-12-24 22:28:54,tablet,/blog,14,False
3055,,2024-02-11 10:32:40,2024-02-11 11:12:40,desktop,/category/apparel,6,False
3056,1201,2025-09-04 23:14:05,2025-09-04 23:24:05,tablet,/deals,,False
3057,,2025-05-03 21:46:26,2025-05-03 22:01:26,mobile,/category/electronics,10,False
3058,609,2025-12-03 12:04:33,2025-12-03 12:49:33,tablet,/category/electronics,3,True
3059,,2024-06-19 19:19:23,2024-06-19 20:00:23,desktop,/product-search,7,False
3060,636,2025-07-28 19:40:45,2025-07-28 19:58:45,tablet,/blog,5,False
3061,,2024-09-13 13:48:29,2024-09-13 14:12:29,mobile,/product-search,,False
3062,259,2025-09-03 20:32:16,2025-09-03 21:03:16,mobile,/home,,False
3063,412,2025-12-04 04:12:18,2025-12-04 04:45:18,mobile,/home,1,False
3064,,2025-06-14 11:17:04,2025-06-14 11:22:04,mobile,/category/electronics,,False
3065,866,2025-04-02 21:03:41,2025-04-02 21:39:41,mobile,/product-search,11,False
3066,827,2025-12-16 18:20:16,2025-12-16 18:49:16,tablet,/home,5,False
3067,,2025-03-27 16:53:36,2025-03-27 16:57:36,tablet,/product-search,,False
3068,703,2025-08-02 10:20:55,2025-08-02 10:27:55,desktop,/deals,,False
3069,6,2025-09-10 19:31:33,2025-09-10 20:14:33,mobile,/category/apparel,,False
3070,,2024-03-09 19:08:29,2024-03-09 19:31:29,tablet,/deals,,False
3071,1000,2025-09-19 20:03:54,2025-09-19 20:13:54,mobile,/category/electronics,13,False
3072,309,2024-09-04 05:43:27,2024-09-04 05:59:27,mobile,/blog,,True
3073,932,2025-01-23 12:31:09,2025-01-23 13:05:09,desktop,/blog,10,False
3074,408,2025-11-01 06:04:59,2025-11-01 06:47:59,mobile,/home,,True
3075,194,2025-10-06 00:25:35,2025-10-06 00:29:35,mobile,/deals,,False
3076,1004,2025-09-14 18:52:35,2025-09-14 19:23:35,tablet,/category/electronics,1,False
3077,912,2025-05-03 08:19:36,2025-05-03 09:00:36,desktop,/product-search,9,False
3078,1161,2025-03-23 23:05:32,2025-03-23 23:16:32,tablet,/home,,False
3079,351,2025-01-14 02:38:02,2025-01-14 03:11:02,tablet,/blog,8,True
3080,,2025-03-16 09:17:17,2025-03-16 09:52:17,tablet,/blog,13,False
3081,1361,2025-09-17 12:37:18,2025-09-17 13:19:18,mobile,/deals,11,False
3082,,2024-02-16 07:49:28,2024-02-16 08:02:28,desktop,/product-search,,False
3083,,2025-12-16 21:01:37,2025-12-16 21:06:37,tablet,/deals,,False
3084,,2024-03-09 17:16:46,2024-03-09 17:29:46,desktop,/product-search,12,False
3085,979,2025-12-07 18:39:58,2025-12-07 19:24:58,desktop,/deals,14,False
3086,,2025-08-12 23:57:40,2025-08-13 00:30:40,tablet,/deals,,False
3087,,2025-03-21 11:02:08,2025-03-21 11:37:08,mobile,/home,,False
3088,533,2025-05-09 22:36:03,2025-05-09 23:13:03,mobile,/blog,12,False
3089,,2025-02-19 22:04:15,2025-02-19 22:24:15,desktop,/product-search,,False
3090,,2024-12-17 12:13:52,2024-12-17 12:19:52,desktop,/blog,,False
3091,238,2024-02-27 20:45:24,2024-02-27 21:28:24,mobile,/blog,,True
3092,,2025-04-07 19:11:59,2025-04-07 19:50:59,desktop,/blog,,False
3093,,2024-01-23 03:32:58,2024-01-23 03:42:58,tablet,/product-search,,False
3094,934,2025-07-04 00:41:38,2025-07-04 01:19:38,mobile,/category/electronics,,False
3095,72,2025-04-07 16:48:49,2025-04-07 17:28:49,desktop,/deals,,False
3096,140,2025-01-11 00:50:13,2025-01-11 01:01:13,mobile,/home,7,False
3097,,2024-08-24 21:00:09,2024-08-24 21:22:09,tablet,/category/apparel,,False
3098,182,2025-11-27 13:21:03,2025-11-27 14:02:03,desktop,/deals,10,True
3099,,2024-06-13 12:16:20,2024-06-13 12:22:20,mobile,/home,,False
3100,,2024-11-26 19:23:20,2024-11-26 19:34:20,tablet,/home,,False
3101,,2025-11-11 09:29:26,2025-11-11 09:31:26,mobile,/blog,4,False
3102,439,2025-12-19 01:27:40,2025-12-19 01:32:40,desktop,/blog,,False
3103,800,2025-06-11 18:37:44,2025-06-11 19:20:44,tablet,/category/apparel,,False
3104,1033,2024-12-30 23:50:03,2024-12-31 00:09:03,tablet,/deals,,True
3105,4,2024-08-28 11:18:20,2024-08-28 11:41:20,desktop,/product-search,3,False
3106,,2025-08-18 16:26:07,2025-08-18 17:06:07,mobile,/home,12,False
3107,104,2024-07-16 06:43:38,2024-07-16 07:18:38,desktop,/category/electronics,3,False
3108,329,2025-08-23 05:41:38,2025-08-23 05:46:38,mobile,/blog,,False
3109,423,2025-06-11 09:08:43,2025-06-11 09:40:43,tablet,/home,,True
3110,,2025-06-06 09:16:40,2025-06-06 09:28:40,desktop,/deals,,False
3111,411,2025-04-22 23:19:36,2025-04-22 23:53:36,tablet,/category/apparel,,False
3112,1420,2025-09-06 01:23:40,2025-09-06 02:06:40,tablet,/blog,,True
3113,918,2024-11-23 14:37:03,2024-11-23 15:19:03,desktop,/deals,2,True
3114,,2025-09-16 01:57:04,2025-09-16 02:26:04,mobile,/home,8,False
3115,720,2025-12-28 11:00:52,2025-12-28 11:16:52,desktop,/category/electronics,,False
3116,,2025-06-11 04:43:46,2025-06-11 04:49:46,mobile,/category/apparel,11,False
3117,,2024-03-29 23:59:21,2024-03-30 00:21:21,tablet,/product-search,14,False
3118,334,2025-04-07 04:04:14,2025-04-07 04:42:14,tablet,/deals,,False
3119,47,2024-11-23 12:31:02,2024-11-23 12:35:02,desktop,/home,,False
3120,770,2025-11-19 02:54:02,2025-11-19 03:33:02,desktop,/category/apparel,11,False
3121,860,2025-06-23 01:57:36,2025-06-23 02:03:36,mobile,/home,,True
3122,497,2025-06-24 23:13:02,2025-06-24 23:58:02,desktop,/deals,4,False
3123,,2025-03-10 11:28:23,2025-03-10 11:55:23,tablet,/category/apparel,8,False
3124,1016,2025-12-11 12:30:37,2025-12-11 13:14:37,desktop,/category/apparel,,True
3125,,2025-07-13 01:17:20,2025-07-13 01:27:20,tablet,/deals,12,False
3126,,2024-04-28 08:31:26,2024-04-28 09:15:26,desktop,/deals,,False
3127,,2025-05-23 22:02:19,2025-05-23 22:37:19,desktop,/blog,3,False
3128,51,2025-10-01 21:20:32,2025-10-01 21:38:32,tablet,/deals,4,False
3129,,2024-09-19 14:46:01,2024-09-19 15:16:01,desktop,/home,,False
3130,,2024-02-28 06:18:44,2024-02-28 06:49:44,tablet,/home,10,False
3131,,2024-09-17 21:07:25,2024-09-17 21:21:25,tablet,/category/electronics,5,False
3132,1427,2025-06-01 23:07:00,2025-06-01 23:12:00,desktop,/blog,14,False
3133,149,2025-06-11 04:51:01,2025-06-11 05:03:01,desktop,/blog,,False
3134,1315,2024-10-18 14:37:20,2024-10-18 14:46:20,desktop,/blog,3,False
3135,345,2025-09-26 06:31:12,2025-09-26 07:15:12,desktop,/deals,7,False
3136,452,2025-04-28 14:59:52,2025-04-28 15:21:52,desktop,/product-search,,False
3137,861,2025-08-30 16:37:33,2025-08-30 16:51:33,mobile,/deals,15,True
3138,897,2025-02-17 00:22:04,2025-02-17 00:59:04,mobile,/category/apparel,,False
3139,1397,2025-08-29 19:25:39,2025-08-29 19:51:39,desktop,/category/apparel,,True
3140,926,2025-06-08 09:09:26,2025-06-08 09:50:26,desktop,/deals,8,False
3141,,2024-07-17 03:03:15,2024-07-17 03:22:15,tablet,/product-search,14,False
3142,1225,2025-07-07 07:02:02,2025-07-07 07:15:02,mobile,/deals,,False
3143,1431,2025-10-03 14:47:46,2025-10-03 15:23:46,mobile,/blog,12,False
3144,1481,2025-12-12 00:57:27,2025-12-12 01:13:27,desktop,/product-search,,False
3145,,2025-10-17 03:45:05,2025-10-17 04:06:05,desktop,/product-search,12,False
3146,,2024-06-23 18:03:05,2024-06-23 18:36:05,desktop,/category/apparel,,False
3147,861,2025-05-01 03:45:44,2025-05-01 03:53:44,mobile,/deals,,False
3148,,2024-06-15 01:34:57,2024-06-15 01:43:57,mobile,/product-search,,False
3149,820,2025-12-28 04:16:37,2025-12-28 04:50:37,mobile,/category/apparel,,False
3150,365,2025-10-12 08:39:35,2025-10-12 09:01:35,tablet,/home,3,True
3151,,2025-06-15 05:50:36,2025-06-15 06:28:36,desktop,/deals,12,False
3152,580,2024-10-01 18:12:17,2024-10-01 18:29:17,desktop,/category/apparel,4,False
3153,442,2025-11-08 04:18:52,2025-11-08 04:59:52,desktop,/deals,,False
3154,,2025-07-04 15:54:01,2025-07-04 16:28:01,mobile,/deals,,False
3155,,2025-04-02 11:57:56,2025-04-02 12:14:56,tablet,/home,13,False
3156,,2025-06-16 19:23:33,2025-06-16 19:44:33,mobile,/deals,15,False
3157,,2025-02-27 19:36:59,2025-02-27 19:59:59,tablet,/product-search,7,False
3158,120,2025-07-29 21:35:05,2025-07-29 21:37:05,tablet,/home,,False
3159,,2024-08-05 05:07:04,2024-08-05 05:13:04,desktop,/home,8,False
3160,,2024-04-14 03:36:17,2024-04-14 03:44:17,mobile,/home,6,False
3161,1218,2025-11-21 23:17:45,2025-11-21 23:33:45,mobile,/deals,3,False
3162,832,2025-11-03 11:26:51,2025-11-03 12:11:51,tablet,/product-search,,False
3163,850,2025-12-27 15:16:29,2025-12-27 15:45:29,desktop,/deals,4,True
3164,,2024-03-28 05:12:34,2024-03-28 05:51:34,mobile,/deals,5,False
3165,175,2025-09-01 10:49:45,2025-09-01 11:18:45,mobile,/home,,True
3166,,2024-06-25 21:35:29,2024-06-25 22:10:29,tablet,/home,,False
3167,,2024-06-08 12:16:04,2024-06-08 12:28:04,mobile,/blog,13,False
3168,1029,2025-12-21 15:20:09,2025-12-21 16:05:09,tablet,/deals,,False
3169,,2025-11-15 11:32:46,2025-11-15 12:12:46,desktop,/category/apparel,,False
3170,165,2025-12-29 11:39:04,2025-12-29 12:14:04,mobile,/category/electronics,,False
3171,906,2025-02-11 19:14:06,2025-02-11 19:32:06,tablet,/deals,6,True
3172,,2025-09-04 10:29:08,2025-09-04 10:35:08,desktop,/product-search,12,False
3173,,2024-08-03 17:44:46,2024-08-03 18:27:46,desktop,/product-search,11,False
3174,279,2025-03-07 10:55:25,2025-03-07 11:09:25,mobile,/category/apparel,2,False
3175,936,2024-06-08 02:52:20,2024-06-08 03:31:20,desktop,/deals,2,True
3176,212,2025-12-12 05:03:26,2025-12-12 05:46:26,desktop,/blog,15,True
3177,,2024-01-01 23:52:10,2024-01-02 00:07:10,mobile,/deals,,False
3178,,2024-10-27 06:07:24,2024-10-27 06:46:24,mobile,/category/electronics,3,False
3179,,2024-02-05 16:58:38,2024-02-05 17:08:38,tablet,/deals,15,False
3180,20,2025-12-30 14:47:39,2025-12-30 15:09:39,mobile,/category/apparel,,False
3181,,2024-07-07 16:33:16,2024-07-07 16:46:16,tablet,/category/apparel,,False
3182,682,2025-03-30 00:21:44,2025-03-30 00:57:44,desktop,/blog,,True
3183,656,2025-08-14 06:50:19,2025-08-14 07:21:19,tablet,/category/apparel,,False
3184,346,2025-10-25 23:07:28,2025-10-25 23:46:28,desktop,/category/electronics,13,True
3185,1308,2025-03-20 00:28:36,2025-03-20 00:53:36,desktop,/category/apparel,,False
3186,1111,2025-11-21 16:19:40,2025-11-21 16:22:40,tablet,/blog,,False
3187,,2024-12-21 05:52:08,2024-12-21 06:36:08,mobile,/category/electronics,12,False
3188,1030,2025-10-31 14:49:05,2025-10-31 14:59:05,desktop,/deals,,False
3189,1120,2025-03-28 07:07:42,2025-03-28 07:36:42,mobile,/deals,12,True
3190,1365,2025-08-03 13:52:55,2025-08-03 13:55:55,desktop,/product-search,,False
3191,1120,2025-11-13 16:05:04,2025-11-13 16:10:04,mobile,/deals,,True
3192,,2024-10-31 06:44:00,2024-10-31 07:05:00,tablet,/category/apparel,,False
3193,164,2025-04-08 08:52:32,2025-04-08 09:20:32,tablet,/category/electronics,1,False
3194,651,2025-11-15 02:59:58,2025-11-15 03:05:58,desktop,/product-search,7,False
3195,898,2024-12-16 20:52:10,2024-12-16 21:27:10,desktop,/deals,,False
3196,,2024-03-06 15:37:09,2024-03-06 16:20:09,mobile,/category/apparel,1,False
3197,81,2025-07-15 20:24:23,2025-07-15 21:01:23,mobile,/deals,,True
3198,405,2025-11-17 03:38:39,2025-11-17 04:09:39,tablet,/home,6,False
3199,291,2025-01-25 17:54:11,2025-01-25 18:19:11,mobile,/category/apparel,,False
3200,,2024-12-28 20:19:54,2024-12-28 20:35:54,desktop,/category/apparel,,False
3201,,2024-09-30 21:06:50,2024-09-30 21:35:50,mobile,/blog,5,False
3202,921,2025-07-01 21:52:16,2025-07-01 22:18:16,tablet,/category/electronics,,True
3203,1118,2025-01-06 01:46:02,2025-01-06 02:06:02,desktop,/category/apparel,,False
3204,678,2025-11-22 19:11:55,2025-11-22 19:19:55,desktop,/category/electronics,,True
3205,1321,2025-10-06 09:50:15,2025-10-06 10:22:15,desktop,/blog,,False
3206,949,2025-10-25 15:41:16,2025-10-25 16:06:16,tablet,/category/apparel,,False
3207,,2024-04-10 22:09:58,2024-04-10 22:54:58,mobile,/category/apparel,,False
3208,893,2025-09-13 15:29:47,2025-09-13 15:32:47,tablet,/deals,2,False
3209,,2025-01-12 21:42:31,2025-01-12 22:12:31,desktop,/category/apparel,9,False
3210,498,2025-07-04 06:10:36,2025-07-04 06:27:36,tablet,/deals,,False
3211,529,2024-12-16 21:24:44,2024-12-16 21:27:44,mobile,/deals,2,True
3212,1092,2025-12-29 21:25:09,2025-12-29 21:28:09,desktop,/home,,False
3213,1077,2024-11-03 01:59:07,2024-11-03 02:44:07,desktop,/home,2,False
3214,32,2024-08-21 22:18:36,2024-08-21 22:28:36,desktop,/category/electronics,7,False
3215,,2024-07-01 01:29:04,2024-07-01 01:39:04,mobile,/home,,False
3216,534,2025-05-16 07:26:53,2025-05-16 07:39:53,tablet,/blog,,True
3217,193,2025-11-26 09:16:38,2025-11-26 09:31:38,mobile,/home,15,True
3218,771,2025-05-03 17:50:30,2025-05-03 18:28:30,mobile,/deals,,False
3219,,2025-09-28 16:29:59,2025-09-28 16:57:59,tablet,/deals,,False
3220,522,2025-07-21 04:54:20,2025-07-21 05:14:20,tablet,/category/apparel,5,False
3221,1315,2025-03-26 19:24:35,2025-03-26 19:57:35,tablet,/deals,4,False
3222,193,2025-11-18 18:01:05,2025-11-18 18:05:05,desktop,/category/apparel,,False
3223,,2025-06-12 10:05:28,2025-06-12 10:22:28,tablet,/category/apparel,14,False
3224,,2025-11-22 18:18:23,2025-11-22 18:58:23,tablet,/blog,,False
3225,1254,2025-09-11 23:59:51,2025-09-12 00:21:51,tablet,/category/electronics,14,False
3226,1102,2025-12-15 23:40:00,2025-12-16 00:05:00,tablet,/blog,13,True
3227,629,2025-11-25 22:47:58,2025-11-25 23:09:58,tablet,/category/apparel,,False
3228,445,2025-12-04 02:47:56,2025-12-04 03:18:56,tablet,/home,12,False
3229,1471,2025-10-07 05:02:49,2025-10-07 05:46:49,desktop,/blog,7,False
3230,1354,2025-12-30 22:34:52,2025-12-30 22:44:52,tablet,/blog,2,False
3231,,2024-08-22 00:32:47,2024-08-22 01:04:47,mobile,/category/electronics,,False
3232,,2024-07-22 04:27:11,2024-07-22 04:54:11,mobile,/deals,,False
3233,52,2025-07-12 03:36:40,2025-07-12 03:43:40,tablet,/home,5,True
3234,,2025-11-05 00:36:47,2025-11-05 00:53:47,mobile,/category/apparel,,False
3235,,2024-03-18 03:55:28,2024-03-18 04:33:28,desktop,/product-search,,False
3236,1117,2025-12-11 18:33:18,2025-12-11 18:58:18,desktop,/deals,,True
3237,,2025-11-29 23:34:00,2025-11-29 23:41:00,tablet,/product-search,,False
3238,,2025-06-24 05:28:38,2025-06-24 05:33:38,tablet,/category/electronics,3,False
3239,123,2025-10-14 04:29:44,2025-10-14 04:36:44,desktop,/product-search,,False
3240,,2024-07-19 22:42:46,2024-07-19 23:03:46,mobile,/deals,15,False
3241,1015,2024-06-02 12:15:06,2024-06-02 12:21:06,mobile,/deals,,False
3242,218,2025-09-23 22:03:24,2025-09-23 22:35:24,mobile,/deals,,False
3243,355,2025-05-13 15:34:31,2025-05-13 15:45:31,mobile,/deals,,False
3244,929,2025-02-15 15:17:42,2025-02-15 15:45:42,mobile,/deals,,False
3245,178,2025-03-02 18:53:46,2025-03-02 19:37:46,tablet,/category/electronics,,False
3246,35,2025-11-12 13:30:46,2025-11-12 14:07:46,tablet,/blog,,False
3247,1428,2025-01-04 17:03:04,2025-01-04 17:38:04,desktop,/deals,9,False
3248,878,2025-06-25 19:14:25,2025-06-25 19:55:25,tablet,/category/electronics,14,False
3249,,2025-08-01 04:04:26,2025-08-01 04:26:26,tablet,/blog,4,False
3250,1262,2024-11-20 09:20:01,2024-11-20 09:26:01,tablet,/deals,15,True
3251,,2024-03-01 20:42:25,2024-03-01 20:57:25,desktop,/category/electronics,,False
3252,,2024-01-13 16:24:51,2024-01-13 16:49:51,desktop,/category/apparel,11,False
3253,237,2025-12-13 12:58:11,2025-12-13 13:05:11,tablet,/deals,,False
3254,1328,2025-12-02 14:48:29,2025-12-02 15:23:29,desktop,/home,,False
3255,1229,2025-04-18 12:17:36,2025-04-18 12:48:36,tablet,/product-search,,True
3256,1206,2025-12-30 21:50:58,2025-12-30 22:06:58,tablet,/category/electronics,,True
3257,1314,2025-12-13 17:28:05,2025-12-13 17:43:05,mobile,/category/apparel,1,False
3258,1149,2025-10-02 01:27:57,2025-10-02 01:43:57,mobile,/deals,15,False
3259,1328,2025-09-03 21:09:03,2025-09-03 21:22:03,desktop,/deals,,False
3260,,2024-07-15 09:48:30,2024-07-15 10:26:30,desktop,/home,2,False
3261,670,2025-12-13 02:25:00,2025-12-13 02:47:00,desktop,/deals,2,False
3262,90,2025-12-01 22:58:33,2025-12-01 23:10:33,tablet,/blog,,True
3263,695,2025-11-02 15:10:26,2025-11-02 15:51:26,tablet,/home,,False
3264,,2025-11-15 01:40:32,2025-11-15 01:50:32,mobile,/product-search,7,False
3265,,2025-04-20 13:53:02,2025-04-20 14:29:02,mobile,/category/apparel,,False
3266,639,2025-03-16 17:00:20,2025-03-16 17:03:20,mobile,/deals,,False
3267,1317,2025-11-05 16:07:51,2025-11-05 16:14:51,mobile,/deals,,False
3268,1072,2025-12-23 12:23:33,2025-12-23 12:36:33,mobile,/category/electronics,,False
3269,,2025-03-11 02:35:23,2025-03-11 03:18:23,mobile,/blog,12,False
3270,810,2025-07-25 08:24:11,2025-07-25 09:06:11,mobile,/category/apparel,,False
3271,,2025-02-23 13:13:18,2025-02-23 13:58:18,tablet,/blog,10,False
3272,337,2025-07-21 18:35:06,2025-07-21 18:48:06,desktop,/blog,,False
3273,,2025-11-24 06:23:00,2025-11-24 06:57:00,tablet,/home,,False
3274,,2024-11-12 05:52:31,2024-11-12 06:23:31,desktop,/category/electronics,,False
3275,58,2025-08-26 17:32:05,2025-08-26 17:39:05,tablet,/home,,False
3276,952,2025-12-07 17:11:54,2025-12-07 17:14:54,desktop,/deals,,False
3277,906,2025-09-09 11:03:48,2025-09-09 11:06:48,desktop,/category/electronics,,False
3278,91,2025-07-31 17:42:48,2025-07-31 17:58:48,mobile,/home,,False
3279,1389,2025-07-15 02:55:32,2025-07-15 03:00:32,tablet,/category/apparel,,False
3280,465,2024-11-20 14:16:59,2024-11-20 14:53:59,mobile,/blog,13,False
3281,964,2025-07-09 04:03:44,2025-07-09 04:10:44,mobile,/home,,True
3282,776,2025-01-01 05:27:53,2025-01-01 05:40:53,tablet,/deals,2,False
3283,1052,2025-10-17 00:35:14,2025-10-17 01:05:14,mobile,/category/electronics,,False
3284,,2025-08-24 11:30:04,2025-08-24 11:40:04,mobile,/product-search,4,False
3285,793,2025-11-28 02:22:19,2025-11-28 02:37:19,mobile,/deals,7,False
3286,1352,2025-12-18 03:48:20,2025-12-18 04:10:20,desktop,/home,,False
3287,244,2025-12-07 18:08:35,2025-12-07 18:44:35,mobile,/category/apparel,,False
3288,519,2025-11-16 11:09:56,2025-11-16 11:30:56,desktop,/blog,,False
3289,,2024-05-12 06:17:43,2024-05-12 06:48:43,tablet,/category/electronics,1,False
3290,326,2025-05-17 14:41:28,2025-05-17 15:16:28,desktop,/blog,13,False
3291,10,2025-12-26 19:09:45,2025-12-26 19:50:45,desktop,/deals,,False
3292,,2025-11-15 12:47:54,2025-11-15 13:15:54,mobile,/home,,False
3293,19,2025-09-24 12:21:42,2025-09-24 12:57:42,desktop,/category/electronics,11,False
3294,148,2025-10-25 12:08:14,2025-10-25 12:30:14,desktop,/blog,8,True
3295,70,2024-11-18 03:29:05,2024-11-18 04:13:05,mobile,/category/electronics,,False
3296,1452,2025-12-23 01:21:28,2025-12-23 01:52:28,desktop,/home,,False
3297,1219,2025-08-18 20:40:14,2025-08-18 20:49:14,tablet,/deals,,False
3298,,2025-12-26 05:07:50,2025-12-26 05:50:50,tablet,/category/electronics,,False
3299,454,2025-04-08 20:42:07,2025-04-08 21:19:07,mobile,/blog,,True
3300,742,2025-11-12 08:16:50,2025-11-12 08:32:50,mobile,/deals,,False
3301,,2024-01-03 00:36:47,2024-01-03 00:43:47,desktop,/home,7,False
3302,943,2025-01-02 17:52:00,2025-01-02 18:35:00,desktop,/home,,True
3303,,2025-08-07 22:51:12,2025-08-07 22:59:12,mobile,/category/apparel,,False
3304,931,2025-09-28 18:57:07,2025-09-28 19:33:07,tablet,/deals,1,False
3305,379,2025-07-03 23:58:09,2025-07-04 00:27:09,tablet,/home,,False
3306,1029,2025-05-09 18:56:31,2025-05-09 19:27:31,tablet,/category/apparel,8,False
3307,1239,2025-09-22 03:28:51,2025-09-22 04:01:51,mobile,/home,5,False
3308,1428,2025-05-20 06:52:00,2025-05-20 07:23:00,mobile,/category/apparel,,False
3309,960,2025-04-04 11:06:19,2025-04-04 11:34:19,desktop,/category/apparel,,False
3310,,2024-10-09 11:43:59,2024-10-09 11:44:59,desktop,/blog,,False
3311,1431,2025-09-26 13:08:26,2025-09-26 13:41:26,tablet,/blog,,False
3312,1275,2025-09-11 10:56:46,2025-09-11 11:16:46,tablet,/category/apparel,12,False
3313,1211,2025-10-04 16:02:47,2025-10-04 16:29:47,tablet,/deals,,True
3314,1477,2025-10-14 22:36:44,2025-10-14 22:40:44,desktop,/deals,1,True
3315,1049,2025-11-03 10:40:43,2025-11-03 11:16:43,mobile,/product-search,10,False
3316,102,2025-02-04 16:55:04,2025-02-04 17:23:04,mobile,/category/electronics,,True
3317,167,2025-12-19 17:56:09,2025-12-19 18:03:09,mobile,/deals,2,False
3318,1078,2025-07-18 14:22:34,2025-07-18 14:43:34,mobile,/product-search,,False
3319,,2024-02-27 03:57:52,2024-02-27 04:14:52,tablet,/category/electronics,,False
3320,,2025-05-19 13:40:41,2025-05-19 14:02:41,mobile,/blog,,False
3321,,2024-10-04 16:26:14,2024-10-04 16:30:14,desktop,/home,,False
3322,865,2025-10-04 02:30:17,2025-10-04 02:59:17,mobile,/product-search,,False
3323,1263,2025-12-29 05:24:00,2025-12-29 05:26:00,desktop,/category/apparel,,False
3324,147,2025-10-18 03:41:19,2025-10-18 04:08:19,desktop,/blog,,False
3325,563,2025-12-29 07:33:01,2025-12-29 08:09:01,tablet,/home,,False
3326,408,2025-12-06 13:13:43,2025-12-06 13:23:43,mobile,/category/apparel,10,True
3327,1024,2025-10-14 07:32:41,2025-10-14 08:06:41,mobile,/home,,False
3328,76,2025-07-22 18:28:32,2025-07-22 18:48:32,desktop,/deals,2,True
3329,863,2024-12-12 00:46:48,2024-12-12 01:22:48,desktop,/category/apparel,,False
3330,,2024-06-09 11:44:01,2024-06-09 12:06:01,tablet,/category/electronics,,False
3331,,2025-09-07 06:09:18,2025-09-07 06:49:18,desktop,/home,,False
3332,436,2025-09-20 03:50:42,2025-09-20 04:19:42,desktop,/home,,False
3333,,2025-01-23 10:04:21,2025-01-23 10:47:21,tablet,/product-search,,False
3334,275,2024-01-27 16:49:17,2024-01-27 17:23:17,mobile,/home,,False
3335,993,2025-04-14 04:54:07,2025-04-14 05:32:07,desktop,/product-search,,False
3336,,2025-09-17 08:27:16,2025-09-17 08:38:16,tablet,/category/apparel,15,False
3337,1192,2024-09-14 16:09:22,2024-09-14 16:19:22,desktop,/category/apparel,14,False
3338,741,2025-05-07 00:44:04,2025-05-07 01:07:04,desktop,/category/apparel,,False
3339,697,2024-07-06 14:13:02,2024-07-06 14:20:02,mobile,/category/apparel,8,False
3340,1333,2025-09-29 14:25:51,2025-09-29 14:36:51,desktop,/home,,False
3341,11,2025-10-16 15:10:32,2025-10-16 15:32:32,mobile,/blog,,False
3342,,2025-07-16 22:35:31,2025-07-16 22:54:31,desktop,/home,,False
3343,281,2025-09-23 18:03:42,2025-09-23 18:08:42,desktop,/category/electronics,,True
3344,1056,2025-12-25 11:42:44,2025-12-25 12:10:44,desktop,/blog,11,False
3345,82,2025-12-28 00:07:19,2025-12-28 00:23:19,tablet,/deals,,False
3346,981,2025-08-12 16:33:52,2025-08-12 16:52:52,desktop,/category/electronics,,True
3347,959,2025-12-30 22:05:55,2025-12-30 22:46:55,mobile,/category/electronics,4,False
3348,793,2025-06-27 11:40:22,2025-06-27 11:55:22,tablet,/home,13,False
3349,411,2025-07-16 00:33:36,2025-07-16 01:00:36,mobile,/home,,True
3350,1089,2024-04-08 18:50:49,2024-04-08 18:57:49,desktop,/home,9,False
3351,,2024-02-16 21:33:24,2024-02-16 22:14:24,mobile,/product-search,3,False
3352,,2024-06-23 17:40:35,2024-06-23 17:49:35,desktop,/deals,5,False
3353,814,2025-11-19 14:43:08,2025-11-19 14:47:08,desktop,/product-search,,False
3354,,2024-01-10 00:02:16,2024-01-10 00:38:16,desktop,/category/electronics,4,False
3355,822,2025-11-27 05:33:27,2025-11-27 06:08:27,desktop,/deals,,True
3356,,2025-01-20 19:50:22,2025-01-20 20:23:22,desktop,/blog,,False
3357,1385,2024-11-28 00:19:52,2024-11-28 00:35:52,tablet,/category/electronics,14,False
3358,1138,2024-11-23 03:14:53,2024-11-23 03:36:53,desktop,/blog,6,False
3359,461,2024-11-04 14:52:13,2024-11-04 15:27:13,tablet,/deals,9,False
3360,,2025-07-19 03:51:08,2025-07-19 03:54:08,desktop,/product-search,,False
3361,545,2025-07-07 00:31:37,2025-07-07 01:09:37,mobile,/category/apparel,15,False
3362,,2025-05-17 03:48:30,2025-05-17 04:29:30,desktop,/deals,15,False
3363,,2025-02-22 16:26:10,2025-02-22 16:34:10,mobile,/category/electronics,,False
3364,1212,2025-10-11 05:52:37,2025-10-11 06:03:37,tablet,/product-search,,False
3365,,2024-04-03 23:27:07,2024-04-03 23:33:07,desktop,/deals,2,False
3366,,2024-11-13 22:03:24,2024-11-13 22:29:24,desktop,/category/apparel,,False
3367,1348,2025-10-07 13:31:54,2025-10-07 13:53:54,mobile,/blog,,False
3368,,2025-05-08 22:19:46,2025-05-08 23:04:46,tablet,/category/apparel,,False
3369,,2024-06-04 10:08:20,2024-06-04 10:26:20,desktop,/category/electronics,,False
3370,937,2025-06-19 18:38:06,2025-06-19 19:06:06,mobile,/blog,,False
3371,742,2025-09-03 20:21:29,2025-09-03 20:48:29,desktop,/category/electronics,6,False
3372,1019,2025-09-21 13:57:46,2025-09-21 14:23:46,desktop,/deals,,False
3373,,2025-08-10 10:17:58,2025-08-10 11:01:58,desktop,/blog,,False
3374,1066,2025-03-30 17:48:06,2025-03-30 18:11:06,mobile,/category/electronics,,False
3375,,2024-01-22 14:50:47,2024-01-22 14:51:47,tablet,/blog,2,False
3376,,2025-03-11 18:30:00,2025-03-11 18:58:00,desktop,/category/electronics,7,False
3377,1286,2025-12-20 17:12:08,2025-12-20 17:13:08,mobile,/home,,True
3378,727,2025-12-10 00:28:12,2025-12-10 00:30:12,tablet,/blog,,False
3379,836,2025-10-22 02:07:49,2025-10-22 02:52:49,tablet,/home,7,False
3380,,2025-07-31 05:58:42,2025-07-31 05:59:42,tablet,/product-search,,False
3381,,2025-06-27 11:24:10,2025-06-27 12:00:10,tablet,/category/apparel,,False
3382,290,2025-12-26 14:19:36,2025-12-26 14:20:36,tablet,/category/apparel,,True
3383,,2025-10-30 14:28:48,2025-10-30 15:06:48,mobile,/product-search,,False
3384,,2025-01-04 15:46:27,2025-01-04 16:18:27,desktop,/product-search,,False
3385,576,2024-08-06 00:24:16,2024-08-06 01:06:16,desktop,/category/electronics,13,False
3386,,2024-11-27 09:31:49,2024-11-27 09:51:49,mobile,/blog,,False
3387,1186,2025-03-21 00:47:44,2025-03-21 00:59:44,tablet,/blog,12,False
3388,,2024-08-22 02:53:20,2024-08-22 03:16:20,mobile,/category/electronics,,False
3389,,2024-05-20 05:07:38,2024-05-20 05:21:38,mobile,/deals,2,False
3390,610,2025-12-21 13:26:52,2025-12-21 13:50:52,tablet,/deals,,False
3391,,2025-06-05 16:39:22,2025-06-05 17:03:22,mobile,/category/electronics,,False
3392,,2025-08-31 17:34:09,2025-08-31 18:08:09,tablet,/category/electronics,10,False
3393,19,2025-11-21 07:28:20,2025-11-21 08:04:20,tablet,/deals,,False
3394,,2025-08-02 08:16:58,2025-08-02 08:25:58,mobile,/deals,,False
3395,707,2025-09-05 05:24:26,2025-09-05 05:28:26,mobile,/product-search,,False
3396,888,2025-12-23 23:45:50,2025-12-24 00:19:50,desktop,/category/electronics,9,False
3397,514,2025-10-18 00:06:04,2025-10-18 00:38:04,mobile,/category/apparel,7,False
3398,,2024-08-22 01:11:21,2024-08-22 01:51:21,mobile,/category/electronics,,False
3399,429,2025-12-25 04:21:16,2025-12-25 04:42:16,tablet,/product-search,,True
3400,,2024-12-07 16:17:41,2024-12-07 16:48:41,tablet,/blog,,False
3401,1080,2025-08-07 21:52:15,2025-08-07 22:22:15,tablet,/category/electronics,8,False
3402,,2025-06-17 17:03:29,2025-06-17 17:10:29,desktop,/deals,3,False
3403,22,2025-11-12 12:53:20,2025-11-12 13:36:20,mobile,/blog,8,False
3404,,2024-08-13 19:08:28,2024-08-13 19:41:28,desktop,/deals,5,False
3405,,2024-05-19 18:39:52,2024-05-19 19:16:52,mobile,/blog,,False
3406,1130,2025-10-31 17:53:34,2025-10-31 18:12:34,tablet,/deals,13,False
3407,752,2025-12-10 22:50:34,2025-12-10 23:19:34,desktop,/category/apparel,5,False
3408,465,2025-04-11 23:00:45,2025-04-11 23:07:45,desktop,/category/electronics,10,True
3409,423,2025-07-24 23:08:07,2025-07-24 23:14:07,mobile,/category/electronics,9,False
3410,1168,2025-09-16 01:48:25,2025-09-16 02:10:25,tablet,/home,15,False
3411,69,2025-03-26 10:17:59,2025-03-26 10:22:59,mobile,/home,,False
3412,125,2025-12-29 11:59:27,2025-12-29 12:12:27,mobile,/deals,,False
3413,878,2025-10-09 22:44:23,2025-10-09 23:08:23,desktop,/category/electronics,,True
3414,1457,2025-01-05 04:56:52,2025-01-05 05:27:52,desktop,/category/electronics,8,True
3415,1145,2025-04-25 16:08:08,2025-04-25 16:45:08,desktop,/category/electronics,,False
3416,528,2025-01-11 01:33:04,2025-01-11 01:58:04,desktop,/category/apparel,8,False
3417,,2024-02-10 00:43:31,2024-02-10 01:06:31,desktop,/category/apparel,,False
3418,,2025-01-17 09:41:57,2025-01-17 10:04:57,tablet,/product-search,3,False
3419,1396,2025-11-15 22:45:51,2025-11-15 23:01:51,desktop,/blog,,False
3420,,2024-05-10 18:25:20,2024-05-10 18:29:20,desktop,/home,,False
3421,,2025-10-17 02:42:21,2025-10-17 03:22:21,tablet,/home,9,False
3422,450,2025-12-08 12:34:44,2025-12-08 12:44:44,desktop,/category/electronics,,True
3423,458,2025-07-02 11:07:12,2025-07-02 11:43:12,desktop,/home,,True
3424,519,2025-07-24 19:16:37,2025-07-24 19:48:37,tablet,/blog,8,False
3425,,2025-11-19 22:50:07,2025-11-19 22:53:07,tablet,/category/electronics,10,False
3426,38,2025-12-31 22:24:10,2025-12-31 23:00:10,tablet,/home,,False
3427,,2025-05-03 05:16:51,2025-05-03 05:52:51,tablet,/category/electronics,4,False
3428,213,2025-07-16 22:56:23,2025-07-16 23:14:23,tablet,/category/apparel,,True
3429,444,2025-12-30 05:55:49,2025-12-30 06:02:49,desktop,/product-search,5,False
3430,958,2024-12-18 22:04:58,2024-12-18 22:25:58,mobile,/blog,,False
3431,,2025-08-16 12:26:46,2025-08-16 12:40:46,tablet,/blog,,False
3432,1034,2024-12-02 04:57:17,2024-12-02 05:27:17,tablet,/home,5,True
3433,,2025-10-07 03:51:19,2025-10-07 03:58:19,tablet,/product-search,12,False
3434,,2024-09-29 23:29:02,2024-09-29 23:40:02,mobile,/deals,15,False
3435,1058,2025-03-28 22:42:08,2025-03-28 23:22:08,tablet,/product-search,,False
3436,970,2025-10-26 10:41:46,2025-10-26 11:06:46,mobile,/product-search,1,False
3437,,2024-06-21 23:22:06,2024-06-21 23:40:06,mobile,/deals,,False
3438,,2025-10-07 09:07:36,2025-10-07 09:43:36,desktop,/home,15,False
3439,,2024-10-08 19:28:35,2024-10-08 19:57:35,tablet,/deals,,False
3440,,2025-03-27 11:04:05,2025-03-27 11:26:05,tablet,/deals,,True
3441,303,2024-12-13 01:52:00,2024-12-13 02:23:00,tablet,/home,12,False
3442,484,2024-12-01 08:56:22,2024-12-01 09:08:22,desktop,/category/apparel,10,False
3443,510,2025-10-01 06:20:58,2025-10-01 06:53:58,desktop,/product-search,15,False
3444,1175,2025-07-23 21:31:12,2025-07-23 21:49:12,tablet,/blog,,False
3445,551,2025-11-06 10:16:57,2025-11-06 10:20:57,mobile,/product-search,,False
3446,7,2025-04-20 00:09:36,2025-04-20 00:13:36,tablet,/home,,False
3447,1454,2025-12-28 13:51:59,2025-12-28 14:29:59,mobile,/blog,4,False
3448,617,2025-07-28 00:17:23,2025-07-28 00:46:23,desktop,/blog,13,False
3449,1381,2025-09-20 11:19:30,2025-09-20 12:03:30,desktop,/blog,15,True
3450,226,2025-07-11 13:15:58,2025-07-11 13:30:58,tablet,/deals,,False
3451,66,2025-07-08 12:41:58,2025-07-08 13:26:58,tablet,/product-search,,False
3452,,2025-03-18 12:51:26,2025-03-18 13:25:26,desktop,/blog,,False
3453,,2024-09-19 10:08:31,2024-09-19 10:43:31,desktop,/home,,False
3454,469,2025-06-25 05:06:38,2025-06-25 05:18:38,desktop,/deals,,False
3455,316,2025-10-31 03:07:45,2025-10-31 03:08:45,mobile,/blog,,False
3456,,2025-04-02 17:52:46,2025-04-02 18:08:46,desktop,/home,8,False
3457,1207,2025-10-21 16:51:13,2025-10-21 17:20:13,tablet,/home,,False
3458,903,2025-08-14 10:52:42,2025-08-14 11:13:42,desktop,/home,,False
3459,,2025-01-06 13:54:50,2025-01-06 14:24:50,tablet,/category/apparel,,False
3460,374,2025-08-14 02:54:47,2025-08-14 03:31:47,desktop,/category/apparel,,False
3461,518,2025-12-20 00:47:09,2025-12-20 00:56:09,desktop,/category/apparel,,False
3462,660,2024-12-03 06:47:00,2024-12-03 07:12:00,mobile,/deals,5,False
3463,,2024-09-05 03:18:53,2024-09-05 03:32:53,tablet,/home,,False
3464,366,2024-11-14 07:29:40,2024-11-14 08:00:40,mobile,/deals,,False
3465,892,2025-12-30 07:00:59,2025-12-30 07:41:59,tablet,/category/apparel,,False
3466,290,2025-12-27 06:51:07,2025-12-27 06:53:07,desktop,/blog,,True
3467,1440,2025-12-16 22:25:29,2025-12-16 23:05:29,desktop,/blog,6,True
3468,1094,2025-08-14 04:58:42,2025-08-14 05:39:42,desktop,/category/apparel,,False
3469,1068,2025-12-27 08:00:10,2025-12-27 08:30:10,tablet,/product-search,,False
3470,,2025-09-14 12:07:59,2025-09-14 12:13:59,desktop,/category/electronics,4,False
3471,1169,2025-04-05 07:14:23,2025-04-05 07:23:23,desktop,/deals,13,False
3472,1292,2025-08-10 17:32:13,2025-08-10 18:10:13,mobile,/category/apparel,,False
3473,1163,2024-04-02 09:16:55,2024-04-02 09:43:55,tablet,/category/apparel,,False
3474,1107,2025-10-17 04:01:27,2025-10-17 04:21:27,tablet,/deals,,False
3475,231,2025-10-15 04:38:15,2025-10-15 04:43:15,tablet,/deals,13,False
3476,595,2025-10-20 19:44:04,2025-10-20 20:16:04,tablet,/blog,,False
3477,111,2025-05-01 00:12:05,2025-05-01 00:21:05,mobile,/blog,,False
3478,,2024-02-25 08:03:59,2024-02-25 08:31:59,mobile,/product-search,,False
3479,,2025-11-23 08:56:42,2025-11-23 09:05:42,mobile,/product-search,,False
3480,,2025-01-31 17:40:35,2025-01-31 18:25:35,tablet,/blog,,False
3481,496,2025-05-14 02:43:34,2025-05-14 02:55:34,desktop,/category/electronics,9,True
3482,199,2025-12-28 22:45:55,2025-12-28 23:18:55,mobile,/category/electronics,13,False
3483,,2024-10-08 04:10:30,2024-10-08 04:20:30,mobile,/deals,,True
3484,281,2024-06-23 11:19:23,2024-06-23 11:22:23,mobile,/product-search,,False
3485,378,2025-10-07 23:57:58,2025-10-08 00:31:58,mobile,/category/electronics,7,False
3486,934,2025-10-11 06:44:14,2025-10-11 07:24:14,mobile,/category/electronics,,False
3487,728,2025-01-24 00:51:05,2025-01-24 00:53:05,mobile,/deals,,False
3488,,2025-04-07 01:27:16,2025-04-07 01:53:16,desktop,/product-search,9,False
3489,951,2025-12-26 09:54:32,2025-12-26 10:06:32,desktop,/home,,False
3490,411,2025-10-04 21:25:17,2025-10-04 21:31:17,mobile,/category/apparel,4,True
3491,948,2025-07-14 09:49:14,2025-07-14 10:30:14,tablet,/deals,,False
3492,647,2025-10-27 18:53:44,2025-10-27 19:03:44,tablet,/product-search,,False
3493,126,2025-01-20 15:03:06,2025-01-20 15:36:06,desktop,/category/electronics,,False
3494,716,2025-05-29 03:06:32,2025-05-29 03:33:32,mobile,/category/electronics,,False
3495,604,2025-11-10 12:51:02,2025-11-10 13:21:02,desktop,/product-search,,False
3496,,2025-10-28 21:06:43,2025-10-28 21:14:43,tablet,/home,,False
3497,39,2025-09-26 15:13:06,2025-09-26 15:54:06,mobile,/category/electronics,,True
3498,,2024-11-20 08:56:49,2024-11-20 09:22:49,desktop,/product-search,,False
3499,,2024-01-27 04:07:42,2024-01-27 04:46:42,mobile,/product-search,15,False
3500,,2025-09-22 15:43:11,2025-09-22 15:53:11,mobile,/product-search,,False
3501,625,2025-12-27 12:39:26,2025-12-27 13:04:26,desktop,/product-search,,False
3502,90,2025-11-11 07:33:39,2025-11-11 08:10:39,mobile,/product-search,8,False
3503,1074,2025-05-23 21:38:36,2025-05-23 21:42:36,tablet,/home,,False
3504,619,2025-09-11 03:30:47,2025-09-11 03:48:47,mobile,/category/electronics,,False
3505,406,2025-10-06 00:23:23,2025-10-06 00:31:23,mobile,/product-search,,False
3506,830,2025-10-30 08:28:15,2025-10-30 08:47:15,mobile,/home,12,False
3507,,2025-10-24 09:28:44,2025-10-24 09:36:44,tablet,/home,,False
3508,,2025-04-23 12:06:30,2025-04-23 12:39:30,mobile,/deals,15,False
3509,1044,2025-03-10 11:56:47,2025-03-10 12:00:47,desktop,/product-search,,True
3510,,2025-01-11 16:59:29,2025-01-11 17:10:29,tablet,/product-search,11,False
3511,844,2025-11-24 04:05:43,2025-11-24 04:14:43,desktop,/home,,False
3512,404,2025-11-21 04:10:05,2025-11-21 04:19:05,desktop,/deals,,True
3513,202,2025-12-09 15:11:16,2025-12-09 15:17:16,mobile,/product-search,,False
3514,,2024-05-23 04:19:21,2024-05-23 04:57:21,desktop,/category/electronics,,False
3515,,2024-11-09 23:18:21,2024-11-09 23:46:21,mobile,/home,,False
3516,33,2025-07-12 11:54:53,2025-07-12 11:59:53,mobile,/product-search,12,True
3517,518,2025-03-27 09:20:02,2025-03-27 09:32:02,tablet,/category/apparel,,False
3518,713,2025-12-22 09:58:06,2025-12-22 10:31:06,tablet,/category/apparel,14,False
3519,769,2025-09-09 14:21:24,2025-09-09 14:34:24,tablet,/category/apparel,,False
3520,1064,2025-12-09 18:37:21,2025-12-09 19:17:21,tablet,/home,14,False
3521,1140,2025-12-12 05:37:17,2025-12-12 06:02:17,tablet,/category/apparel,,False
3522,,2024-06-30 15:03:00,2024-06-30 15:39:00,mobile,/category/apparel,3,False
3523,,2025-04-12 05:10:16,2025-04-12 05:15:16,tablet,/product-search,,False
3524,,2025-07-30 13:10:57,2025-07-30 13:14:57,tablet,/home,,False
3525,1085,2025-08-11 02:33:42,2025-08-11 02:54:42,mobile,/blog,,False
3526,133,2025-12-24 08:52:43,2025-12-24 09:27:43,tablet,/blog,,False
3527,826,2025-06-18 07:52:15,2025-06-18 08:26:15,desktop,/home,,False
3528,,2025-07-22 17:37:55,2025-07-22 18:21:55,mobile,/home,,False
3529,,2024-01-14 13:31:33,2024-01-14 13:40:33,mobile,/product-search,13,False
3530,,2024-03-01 03:21:32,2024-03-01 03:49:32,desktop,/deals,,False
3531,630,2024-06-28 13:43:16,2024-06-28 14:13:16,tablet,/category/electronics,4,False
3532,725,2025-02-12 19:44:26,2025-02-12 20:27:26,desktop,/product-search,,False
3533,71,2025-04-30 16:31:12,2025-04-30 17:08:12,desktop,/blog,4,True
3534,,2025-03-25 01:28:40,2025-03-25 01:40:40,desktop,/product-search,,False
3535,1123,2025-09-02 20:24:22,2025-09-02 21:03:22,tablet,/product-search,12,True
3536,896,2025-12-09 00:05:46,2025-12-09 00:36:46,mobile,/home,,False
3537,856,2025-04-17 20:55:33,2025-04-17 21:00:33,tablet,/product-search,,False
3538,933,2025-08-26 09:34:06,2025-08-26 10:10:06,desktop,/deals,9,False
3539,972,2025-10-19 22:36:53,2025-10-19 23:02:53,mobile,/blog,13,False
3540,1243,2024-12-01 02:07:46,2024-12-01 02:50:46,desktop,/category/electronics,,True
3541,381,2025-10-28 20:42:41,2025-10-28 21:08:41,desktop,/product-search,,True
3542,,2024-06-19 17:15:26,2024-06-19 17:29:26,mobile,/product-search,,False
3543,1140,2025-11-08 03:05:05,2025-11-08 03:31:05,mobile,/category/electronics,9,False
3544,,2024-08-04 21:04:17,2024-08-04 21:10:17,tablet,/category/electronics,,False
3545,,2024-03-04 06:21:50,2024-03-04 06:52:50,tablet,/home,4,False
3546,187,2025-01-14 06:06:50,2025-01-14 06:33:50,tablet,/product-search,7,False
3547,307,2025-03-18 12:44:44,2025-03-18 13:12:44,desktop,/blog,,True
3548,,2025-11-02 04:51:27,2025-11-02 05:33:27,desktop,/category/electronics,,False
3549,543,2024-11-12 10:11:20,2024-11-12 10:12:20,tablet,/category/apparel,,False
3550,482,2025-12-31 04:42:59,2025-12-31 05:05:59,tablet,/blog,,False
3551,,2024-11-15 06:19:00,2024-11-15 06:51:00,mobile,/deals,12,False
3552,,2025-06-09 12:31:57,2025-06-09 12:42:57,desktop,/product-search,,False
3553,220,2025-08-12 09:58:45,2025-08-12 10:43:45,tablet,/category/electronics,9,False
3554,845,2025-07-19 16:35:45,2025-07-19 16:59:45,desktop,/home,14,False
3555,882,2025-11-15 10:19:09,2025-11-15 10:58:09,desktop,/deals,,False
3556,,2025-09-24 02:59:04,2025-09-24 03:20:04,mobile,/category/electronics,,False
3557,1106,2025-02-04 09:18:40,2025-02-04 09:28:40,tablet,/home,,True
3558,429,2025-07-21 06:35:34,2025-07-21 06:52:34,tablet,/category/electronics,,False
3559,273,2025-05-16 09:42:30,2025-05-16 10:18:30,mobile,/category/apparel,,False
3560,718,2025-12-01 09:38:45,2025-12-01 10:08:45,tablet,/blog,,True
3561,1043,2024-06-07 12:16:08,2024-06-07 12:49:08,tablet,/blog,,False
3562,1195,2025-11-17 15:17:13,2025-11-17 15:49:13,tablet,/category/apparel,,False
3563,214,2025-05-21 13:29:02,2025-05-21 13:33:02,mobile,/category/apparel,,True
3564,1375,2025-12-25 08:56:12,2025-12-25 09:37:12,mobile,/deals,,False
3565,531,2025-06-13 01:21:04,2025-06-13 01:52:04,desktop,/blog,10,False
3566,519,2025-12-13 13:28:53,2025-12-13 13:44:53,tablet,/blog,,False
3567,436,2025-11-11 20:43:15,2025-11-11 21:03:15,tablet,/category/apparel,,False
3568,,2025-06-07 19:07:42,2025-06-07 19:37:42,desktop,/product-search,,False
3569,964,2025-11-17 03:55:44,2025-11-17 04:06:44,mobile,/home,2,False
3570,,2025-01-30 13:40:10,2025-01-30 13:44:10,desktop,/product-search,,False
3571,1162,2025-11-18 07:39:56,2025-11-18 08:14:56,mobile,/category/electronics,,False
3572,1499,2024-12-27 10:36:28,2024-12-27 10:48:28,tablet,/home,,False
3573,811,2024-05-21 19:46:42,2024-05-21 20:00:42,tablet,/deals,6,False
3574,,2025-09-05 22:51:55,2025-09-05 22:53:55,mobile,/category/apparel,,False
3575,566,2025-09-17 21:56:33,2025-09-17 22:03:33,desktop,/home,,False
3576,,2025-01-12 12:28:47,2025-01-12 12:40:47,tablet,/home,,False
3577,,2024-01-26 03:22:23,2024-01-26 03:24:23,mobile,/home,3,False
3578,,2024-12-14 19:47:36,2024-12-14 20:14:36,desktop,/deals,,False
3579,569,2025-02-15 14:21:06,2025-02-15 14:44:06,mobile,/blog,,False
3580,1088,2025-11-28 02:54:02,2025-11-28 03:22:02,desktop,/category/electronics,,True
3581,,2024-12-31 05:11:36,2024-12-31 05:19:36,tablet,/blog,13,False
3582,342,2025-10-10 04:50:23,2025-10-10 05:31:23,mobile,/product-search,,False
3583,1059,2025-12-09 20:19:39,2025-12-09 21:00:39,mobile,/home,6,False
3584,,2024-09-13 03:55:21,2024-09-13 03:58:21,desktop,/home,,False
3585,407,2024-11-09 01:42:28,2024-11-09 02:11:28,mobile,/deals,,False
3586,,2024-07-02 18:14:32,2024-07-02 18:48:32,tablet,/blog,,False
3587,1205,2025-07-03 09:15:11,2025-07-03 09:20:11,desktop,/category/electronics,,True
3588,,2025-10-12 01:07:59,2025-10-12 01:17:59,tablet,/category/electronics,10,False
3589,102,2025-06-01 23:45:58,2025-06-02 00:27:58,desktop,/deals,7,False
3590,1394,2024-08-01 04:19:56,2024-08-01 04:58:56,desktop,/deals,,False
3591,,2024-08-17 05:45:00,2024-08-17 06:19:00,tablet,/product-search,,False
3592,,2024-09-04 02:44:46,2024-09-04 03:28:46,mobile,/home,,False
3593,,2025-01-14 07:56:30,2025-01-14 08:35:30,tablet,/deals,,False
3594,,2024-10-01 08:39:55,2024-10-01 09:04:55,desktop,/category/apparel,,False
3595,1304,2025-11-21 23:14:47,2025-11-21 23:52:47,tablet,/category/apparel,,True
3596,1174,2025-07-04 07:10:02,2025-07-04 07:31:02,mobile,/blog,,True
3597,1282,2024-12-28 20:36:43,2024-12-28 20:56:43,desktop,/home,,True
3598,,2025-05-08 06:59:54,2025-05-08 07:24:54,tablet,/deals,2,False
3599,1402,2025-11-22 09:41:19,2025-11-22 09:45:19,mobile,/category/electronics,,False
3600,,2024-08-07 21:44:03,2024-08-07 22:13:03,tablet,/blog,1,False
3601,242,2024-07-28 21:17:43,2024-07-28 21:31:43,desktop,/deals,,False
3602,,2025-01-31 23:48:25,2025-02-01 00:16:25,mobile,/category/electronics,,False
3603,1447,2025-08-08 22:58:25,2025-08-08 23:19:25,tablet,/blog,,True
3604,1188,2025-05-24 22:31:33,2025-05-24 22:45:33,mobile,/category/apparel,,False
3605,,2025-02-04 20:33:42,2025-02-04 20:42:42,tablet,/category/apparel,8,False
3606,940,2025-07-23 04:15:21,2025-07-23 04:28:21,tablet,/blog,,False
3607,,2025-06-02 09:12:22,2025-06-02 09:52:22,desktop,/product-search,9,False
3608,,2025-03-11 05:22:42,2025-03-11 05:47:42,desktop,/home,2,False
3609,,2025-10-05 18:14:56,2025-10-05 18:49:56,desktop,/category/electronics,,True
3610,,2025-04-02 10:02:04,2025-04-02 10:30:04,desktop,/category/apparel,10,False
3611,746,2025-12-19 07:46:00,2025-12-19 08:25:00,tablet,/home,7,True
3612,199,2025-12-28 11:30:47,2025-12-28 12:00:47,desktop,/deals,,False
3613,1403,2024-06-18 00:01:48,2024-06-18 00:19:48,tablet,/home,,False
3614,1050,2024-07-21 11:20:50,2024-07-21 11:40:50,tablet,/blog,,True
3615,1476,2025-05-13 06:33:23,2025-05-13 07:09:23,mobile,/product-search,,False
3616,1150,2025-01-10 09:51:05,2025-01-10 10:13:05,mobile,/category/electronics,,True
3617,,2025-07-26 17:55:03,2025-07-26 18:20:03,desktop,/home,,False
3618,616,2025-11-29 14:52:53,2025-11-29 15:16:53,desktop,/home,4,False
3619,598,2025-10-16 15:03:13,2025-10-16 15:24:13,mobile,/category/electronics,,True
3620,770,2025-12-21 14:32:08,2025-12-21 14:46:08,desktop,/blog,,True
3621,100,2024-10-13 09:01:28,2024-10-13 09:26:28,desktop,/home,,False
3622,1321,2024-12-20 10:55:10,2024-12-20 11:38:10,desktop,/blog,,False
3623,1476,2025-12-22 05:01:26,2025-12-22 05:45:26,mobile,/home,11,False
3624,1056,2025-12-27 15:50:43,2025-12-27 16:09:43,tablet,/home,,False
3625,,2025-04-06 21:25:34,2025-04-06 22:07:34,desktop,/product-search,,False
3626,,2025-12-13 12:13:00,2025-12-13 12:17:00,tablet,/home,12,False
3627,1136,2024-09-11 23:41:33,2024-09-12 00:19:33,desktop,/category/electronics,,False
3628,947,2025-05-15 15:24:36,2025-05-15 15:26:36,mobile,/blog,,False
3629,615,2025-07-20 11:42:54,2025-07-20 12:16:54,mobile,/category/apparel,,False
3630,564,2025-12-31 16:48:27,2025-12-31 16:55:27,tablet,/deals,4,True
3631,1116,2025-11-20 17:03:38,2025-11-20 17:08:38,mobile,/home,12,True
3632,151,2025-05-16 11:48:57,2025-05-16 12:01:57,mobile,/category/apparel,,False
3633,528,2025-04-07 17:37:49,2025-04-07 17:39:49,tablet,/blog,6,False
3634,,2025-04-15 12:57:46,2025-04-15 13:10:46,desktop,/deals,14,False
3635,663,2025-12-28 03:36:27,2025-12-28 03:48:27,tablet,/blog,9,False
3636,644,2025-11-12 07:04:12,2025-11-12 07:31:12,desktop,/home,4,False
3637,378,2025-10-15 12:10:41,2025-10-15 12:42:41,tablet,/home,4,False
3638,,2025-05-26 03:32:30,2025-05-26 04:07:30,tablet,/deals,12,False
3639,1114,2025-10-19 07:45:02,2025-10-19 08:10:02,mobile,/blog,,False
3640,1206,2025-12-29 17:54:50,2025-12-29 18:10:50,mobile,/blog,,False
3641,,2024-09-15 18:57:14,2024-09-15 19:20:14,tablet,/category/apparel,7,False
3642,,2025-07-03 20:40:47,2025-07-03 20:43:47,tablet,/category/electronics,,False
3643,310,2025-07-24 01:13:30,2025-07-24 01:57:30,desktop,/blog,4,False
3644,1324,2025-05-28 17:09:51,2025-05-28 17:36:51,mobile,/home,1,False
3645,,2024-08-25 12:21:23,2024-08-25 12:50:23,desktop,/home,,False
3646,1339,2025-12-29 00:43:50,2025-12-29 01:05:50,mobile,/blog,9,False
3647,873,2025-12-22 08:27:17,2025-12-22 09:10:17,tablet,/category/apparel,11,False
3648,85,2025-04-29 23:09:15,2025-04-29 23:19:15,mobile,/home,8,False
3649,649,2025-09-24 07:09:19,2025-09-24 07:34:19,tablet,/blog,,True
3650,1169,2025-05-25 02:20:21,2025-05-25 02:39:21,mobile,/deals,,True
3651,,2025-06-30 13:36:44,2025-06-30 13:39:44,mobile,/product-search,2,False
3652,1438,2025-07-17 14:34:49,2025-07-17 14:49:49,desktop,/home,,False
3653,370,2025-08-25 07:05:58,2025-08-25 07:40:58,mobile,/product-search,8,False
3654,852,2025-12-06 14:54:29,2025-12-06 15:06:29,tablet,/category/apparel,,False
3655,820,2025-12-27 19:31:49,2025-12-27 19:37:49,mobile,/home,,True
3656,,2025-03-01 21:17:51,2025-03-01 21:37:51,mobile,/blog,,False
3657,1409,2024-09-08 06:19:18,2024-09-08 06:56:18,mobile,/blog,6,False
3658,,2024-12-06 20:27:14,2024-12-06 20:37:14,mobile,/home,,False
3659,,2024-06-11 11:51:55,2024-06-11 12:05:55,mobile,/deals,,False
3660,,2024-09-27 19:19:52,2024-09-27 19:24:52,tablet,/product-search,,False
3661,428,2025-10-15 19:07:23,2025-10-15 19:09:23,desktop,/blog,11,False
3662,,2025-05-15 23:24:55,2025-05-15 23:51:55,tablet,/category/electronics,,True
3663,,2025-08-11 23:25:59,2025-08-11 23:35:59,mobile,/blog,,False
3664,458,2024-10-14 16:25:52,2024-10-14 16:26:52,tablet,/product-search,,False
3665,,2025-02-14 18:30:17,2025-02-14 18:53:17,desktop,/category/apparel,,False
3666,,2025-02-12 05:20:09,2025-02-12 05:31:09,tablet,/home,,False
3667,985,2025-09-20 05:56:15,2025-09-20 06:06:15,mobile,/deals,10,False
3668,,2025-10-16 22:08:48,2025-10-16 22:10:48,tablet,/category/apparel,,False
3669,,2025-10-26 04:52:10,2025-10-26 05:18:10,mobile,/product-search,5,False
3670,1354,2025-12-19 18:43:00,2025-12-19 19:18:00,desktop,/deals,,True
3671,619,2025-05-11 11:45:59,2025-05-11 12:19:59,desktop,/home,5,False
3672,1119,2025-12-19 01:45:04,2025-12-19 02:26:04,desktop,/category/electronics,,False
3673,,2024-10-15 00:06:22,2024-10-15 00:26:22,desktop,/deals,3,False
3674,1070,2025-12-16 01:47:07,2025-12-16 02:09:07,tablet,/product-search,,True
3675,613,2025-05-03 12:11:52,2025-05-03 12:47:52,desktop,/home,11,False
3676,621,2025-12-23 09:30:23,2025-12-23 10:00:23,tablet,/home,,True
3677,,2024-03-05 01:26:01,2024-03-05 01:50:01,tablet,/category/apparel,1,False
3678,,2025-02-05 10:37:36,2025-02-05 11:09:36,desktop,/category/electronics,,False
3679,,2024-09-14 11:08:58,2024-09-14 11:32:58,mobile,/product-search,8,False
3680,,2025-05-30 11:23:44,2025-05-30 11:31:44,tablet,/category/electronics,,False
3681,726,2025-01-06 21:49:59,2025-01-06 22:16:59,mobile,/product-search,,False
3682,,2024-01-28 04:16:41,2024-01-28 04:25:41,tablet,/blog,5,False
3683,92,2025-12-12 10:34:36,2025-12-12 11:04:36,desktop,/home,,False
3684,,2025-01-22 16:31:58,2025-01-22 16:50:58,tablet,/home,,False
3685,1095,2025-12-18 04:28:47,2025-12-18 05:09:47,tablet,/category/electronics,,False
3686,784,2024-12-27 08:18:49,2024-12-27 09:01:49,mobile,/product-search,,False
3687,183,2025-03-05 01:00:46,2025-03-05 01:22:46,mobile,/category/electronics,,False
3688,1338,2025-02-28 09:24:31,2025-02-28 09:46:31,desktop,/deals,,False
3689,274,2025-11-27 23:27:34,2025-11-27 23:39:34,tablet,/blog,12,False
3690,189,2024-12-28 19:00:55,2024-12-28 19:37:55,tablet,/product-search,,False
3691,,2024-06-24 14:44:18,2024-06-24 15:06:18,desktop,/deals,,False
3692,418,2025-08-31 07:39:56,2025-08-31 08:00:56,mobile,/category/electronics,,True
3693,883,2024-07-02 10:51:45,2024-07-02 11:17:45,desktop,/deals,2,False
3694,845,2025-08-17 14:49:12,2025-08-17 15:34:12,tablet,/product-search,,False
3695,526,2025-06-04 00:21:42,2025-06-04 00:36:42,desktop,/blog,,False
3696,,2024-05-18 19:27:15,2024-05-18 20:03:15,tablet,/product-search,,False
3697,1198,2025-08-25 01:40:02,2025-08-25 02:09:02,mobile,/category/apparel,4,False
3698,1232,2025-11-21 00:14:17,2025-11-21 00:48:17,desktop,/product-search,1,False
3699,360,2025-10-21 12:53:58,2025-10-21 13:27:58,desktop,/product-search,,False
3700,483,2024-12-11 20:43:31,2024-12-11 21:18:31,mobile,/category/apparel,,False
3701,776,2025-04-20 17:37:54,2025-04-20 17:39:54,desktop,/home,,False
3702,1098,2025-12-26 03:49:25,2025-12-26 04:30:25,mobile,/deals,5,False
3703,,2025-07-28 04:18:32,2025-07-28 04:53:32,mobile,/blog,4,False
3704,666,2025-12-08 04:08:08,2025-12-08 04:24:08,tablet,/home,,True
3705,960,2025-06-08 21:04:04,2025-06-08 21:05:04,mobile,/category/apparel,,True
3706,826,2025-11-04 15:09:43,2025-11-04 15:12:43,mobile,/product-search,,False
3707,,2025-11-07 08:29:48,2025-11-07 08:34:48,mobile,/blog,,False
3708,413,2025-08-28 21:41:16,2025-08-28 22:00:16,mobile,/deals,5,True
3709,,2024-11-05 20:31:19,2024-11-05 20:56:19,tablet,/category/electronics,,False
3710,93,2024-02-11 19:40:56,2024-02-11 19:57:56,mobile,/product-search,11,False
3711,23,2025-04-06 16:00:34,2025-04-06 16:06:34,tablet,/home,,True
3712,,2024-09-27 17:45:21,2024-09-27 18:21:21,tablet,/home,7,False
3713,192,2025-10-06 04:36:47,2025-10-06 04:52:47,tablet,/deals,10,False
3714,,2025-01-04 22:34:45,2025-01-04 22:39:45,tablet,/category/electronics,11,False
3715,1111,2025-12-07 16:10:45,2025-12-07 16:55:45,mobile,/category/electronics,,False
3716,,2025-04-24 04:16:25,2025-04-24 04:42:25,desktop,/product-search,,False
3717,550,2025-09-02 14:09:02,2025-09-02 14:23:02,desktop,/product-search,3,False
3718,16,2025-10-30 15:59:21,2025-10-30 16:41:21,mobile,/category/electronics,,True
3719,,2025-08-25 05:56:06,2025-08-25 06:38:06,mobile,/blog,,False
3720,,2024-03-17 00:27:35,2024-03-17 01:06:35,tablet,/category/electronics,,True
3721,48,2025-07-25 07:39:02,2025-07-25 07:55:02,tablet,/product-search,7,False
3722,50,2025-11-14 07:14:16,2025-11-14 07:15:16,tablet,/product-search,,False
3723,,2024-04-23 20:40:37,2024-04-23 21:19:37,desktop,/home,3,False
3724,,2024-02-10 23:03:51,2024-02-10 23:17:51,desktop,/blog,,False
3725,86,2024-05-05 21:54:17,2024-05-05 22:18:17,tablet,/home,9,False
3726,698,2025-11-28 20:46:29,2025-11-28 21:03:29,desktop,/category/apparel,2,False
3727,,2024-11-24 08:19:38,2024-11-24 08:51:38,desktop,/blog,,False
3728,,2025-01-18 10:40:31,2025-01-18 11:15:31,mobile,/category/electronics,,False
3729,,2024-11-12 23:11:34,2024-11-12 23:14:34,mobile,/blog,12,False
3730,1365,2025-10-20 06:24:21,2025-10-20 07:07:21,mobile,/category/electronics,7,True
3731,808,2025-09-21 08:49:16,2025-09-21 09:29:16,desktop,/product-search,,False
3732,,2024-06-14 02:40:51,2024-06-14 03:05:51,desktop,/blog,,False
3733,158,2025-11-24 21:17:03,2025-11-24 21:20:03,desktop,/category/apparel,2,False
3734,64,2024-08-11 23:43:30,2024-08-12 00:00:30,tablet,/product-search,13,False
3735,426,2025-02-24 01:01:10,2025-02-24 01:39:10,mobile,/category/electronics,,False
3736,371,2025-12-20 21:00:08,2025-12-20 21:30:08,tablet,/deals,4,True
3737,,2024-07-25 06:29:08,2024-07-25 07:14:08,mobile,/product-search,,False
3738,1266,2025-07-10 18:34:16,2025-07-10 18:48:16,tablet,/blog,,True
3739,1350,2025-05-15 20:39:44,2025-05-15 20:57:44,mobile,/category/electronics,,False
3740,231,2025-11-06 15:49:08,2025-11-06 16:21:08,tablet,/blog,,False
3741,,2024-07-09 16:33:16,2024-07-09 17:14:16,tablet,/category/apparel,2,False
3742,848,2025-11-12 08:15:25,2025-11-12 08:33:25,mobile,/category/electronics,12,False
3743,834,2025-08-09 16:39:28,2025-08-09 16:48:28,tablet,/category/apparel,14,False
3744,629,2025-09-13 01:44:24,2025-09-13 02:25:24,tablet,/blog,9,False
3745,1243,2025-10-29 10:01:46,2025-10-29 10:39:46,mobile,/category/apparel,,True
3746,,2024-07-17 07:14:16,2024-07-17 07:41:16,mobile,/product-search,,False
3747,1122,2025-12-09 22:51:12,2025-12-09 23:36:12,mobile,/category/electronics,,False
3748,,2025-06-16 08:21:06,2025-06-16 08:46:06,desktop,/category/apparel,,False
3749,,2024-06-12 02:33:45,2024-06-12 03:13:45,tablet,/product-search,,False
3750,,2024-01-17 05:27:02,2024-01-17 05:39:02,mobile,/category/electronics,,False
3751,,2024-10-10 03:32:09,2024-10-10 04:09:09,desktop,/category/apparel,7,False
3752,,2024-11-23 17:28:47,2024-11-23 18:13:47,tablet,/category/electronics,,False
3753,1124,2025-01-13 04:06:04,2025-01-13 04:27:04,tablet,/category/apparel,,False
3754,1396,2025-11-06 02:51:55,2025-11-06 03:16:55,desktop,/home,,False
3755,,2025-03-21 15:59:52,2025-03-21 16:11:52,desktop,/blog,5,False
3756,235,2025-12-21 07:46:09,2025-12-21 08:20:09,mobile,/deals,2,False
3757,,2024-08-17 19:46:37,2024-08-17 20:27:37,tablet,/category/electronics,,False
3758,1028,2024-08-29 14:32:05,2024-08-29 15:15:05,mobile,/category/electronics,14,False
3759,949,2025-11-17 05:12:01,2025-11-17 05:37:01,mobile,/deals,14,False
3760,,2025-09-28 20:29:19,2025-09-28 20:40:19,mobile,/home,,False
3761,,2025-06-21 10:54:10,2025-06-21 11:23:10,mobile,/product-search,,False
3762,,2024-12-22 13:51:46,2024-12-22 14:11:46,desktop,/home,9,False
3763,1397,2025-12-12 12:32:20,2025-12-12 13:03:20,tablet,/category/electronics,12,False
3764,1031,2025-05-28 14:27:14,2025-05-28 14:29:14,tablet,/category/apparel,,False
3765,,2025-09-16 17:30:36,2025-09-16 18:11:36,desktop,/home,2,True
3766,,2024-10-19 07:25:10,2024-10-19 07:40:10,tablet,/deals,,False
3767,,2024-01-07 11:30:53,2024-01-07 11:50:53,desktop,/deals,,False
3768,718,2025-12-01 02:29:11,2025-12-01 02:47:11,tablet,/deals,12,False
3769,1201,2025-08-07 08:38:36,2025-08-07 09:23:36,desktop,/blog,,False
3770,,2025-03-23 09:35:37,2025-03-23 10:11:37,mobile,/category/electronics,4,False
3771,,2024-08-11 13:05:09,2024-08-11 13:25:09,tablet,/category/electronics,,False
3772,1207,2025-08-25 13:05:53,2025-08-25 13:10:53,tablet,/category/electronics,,False
3773,720,2025-05-20 16:09:57,2025-05-20 16:27:57,desktop,/category/apparel,12,False
3774,946,2025-11-17 22:24:59,2025-11-17 22:53:59,desktop,/category/apparel,,True
3775,,2024-10-24 22:50:47,2024-10-24 23:05:47,tablet,/category/apparel,3,False
3776,938,2025-06-02 10:21:21,2025-06-02 10:26:21,mobile,/category/apparel,,True
3777,981,2025-09-01 20:54:22,2025-09-01 21:20:22,mobile,/deals,,False
3778,211,2025-01-08 16:08:24,2025-01-08 16:27:24,tablet,/category/electronics,,False
3779,787,2025-10-14 04:41:04,2025-10-14 05:09:04,mobile,/product-search,4,False
3780,1426,2025-10-27 22:23:11,2025-10-27 22:47:11,tablet,/deals,,False
3781,,2025-10-14 21:54:37,2025-10-14 22:12:37,tablet,/category/apparel,,False
3782,583,2025-03-22 23:25:09,2025-03-23 00:05:09,tablet,/deals,15,True
3783,,2025-12-05 06:29:17,2025-12-05 07:13:17,tablet,/category/apparel,,False
3784,,2025-10-05 17:31:12,2025-10-05 17:42:12,tablet,/product-search,6,False
3785,254,2025-07-06 05:16:36,2025-07-06 05:20:36,tablet,/category/apparel,13,False
3786,1492,2025-03-23 13:14:56,2025-03-23 13:49:56,mobile,/product-search,15,False
3787,,2024-03-29 19:01:21,2024-03-29 19:31:21,tablet,/deals,,False
3788,,2024-11-15 13:11:56,2024-11-15 13:38:56,mobile,/home,,False
3789,1180,2025-04-28 18:40:40,2025-04-28 19:05:40,desktop,/home,,True
3790,1369,2025-10-09 06:37:28,2025-10-09 06:45:28,mobile,/deals,,False
3791,,2025-11-25 04:54:17,2025-11-25 05:05:17,mobile,/category/apparel,12,False
3792,787,2025-10-05 04:00:30,2025-10-05 04:34:30,desktop,/product-search,,False
3793,,2025-04-09 11:12:01,2025-04-09 11:26:01,mobile,/deals,7,False
3794,935,2025-12-30 11:17:37,2025-12-30 12:00:37,tablet,/home,6,True
3795,781,2025-12-26 12:51:19,2025-12-26 13:27:19,desktop,/deals,,False
3796,,2025-04-29 19:47:53,2025-04-29 20:23:53,desktop,/deals,,False
3797,,2024-05-12 13:54:48,2024-05-12 14:03:48,desktop,/category/electronics,,False
3798,515,2025-01-12 09:05:09,2025-01-12 09:14:09,mobile,/category/apparel,,True
3799,1338,2024-12-02 12:25:26,2024-12-02 13:06:26,mobile,/category/apparel,,True
3800,722,2025-11-21 18:37:58,2025-11-21 18:59:58,tablet,/deals,8,True
3801,,2024-02-23 07:39:23,2024-02-23 08:02:23,tablet,/category/electronics,15,False
3802,218,2025-05-07 10:15:36,2025-05-07 10:48:36,tablet,/home,,False
3803,,2024-06-05 09:29:23,2024-06-05 10:00:23,tablet,/category/apparel,,False
3804,,2025-04-07 12:40:41,2025-04-07 12:51:41,desktop,/category/apparel,6,False
3805,677,2025-11-29 15:52:05,2025-11-29 16:23:05,tablet,/home,,False
3806,292,2025-09-18 16:48:35,2025-09-18 17:08:35,tablet,/deals,5,False
3807,884,2025-05-20 01:19:42,2025-05-20 01:32:42,tablet,/category/electronics,12,False
3808,15,2024-12-19 01:41:31,2024-12-19 02:02:31,tablet,/category/apparel,5,False
3809,1312,2024-12-06 19:35:13,2024-12-06 19:36:13,desktop,/deals,,False
3810,551,2025-12-13 14:16:33,2025-12-13 14:31:33,desktop,/home,2,False
3811,,2024-02-11 11:58:05,2024-02-11 12:26:05,desktop,/home,6,False
3812,,2025-10-18 15:28:28,2025-10-18 15:41:28,desktop,/home,,False
3813,1156,2025-09-07 14:53:48,2025-09-07 15:29:48,desktop,/category/electronics,,False
3814,681,2025-01-14 19:40:57,2025-01-14 20:25:57,mobile,/home,,False
3815,,2024-10-10 03:44:14,2024-10-10 04:13:14,tablet,/category/apparel,3,False
3816,955,2025-12-25 23:12:35,2025-12-25 23:15:35,desktop,/product-search,10,False
3817,,2024-10-31 04:17:42,2024-10-31 04:45:42,mobile,/category/apparel,2,False
3818,99,2025-09-15 14:23:18,2025-09-15 14:29:18,tablet,/blog,13,False
3819,518,2025-10-14 05:25:52,2025-10-14 05:51:52,mobile,/home,,False
3820,,2024-04-18 06:56:54,2024-04-18 07:18:54,mobile,/deals,,False
3821,814,2025-08-02 03:32:21,2025-08-02 04:11:21,tablet,/category/electronics,,True
3822,600,2025-03-03 11:15:12,2025-03-03 11:24:12,desktop,/deals,2,False
3823,,2025-01-06 17:30:40,2025-01-06 18:05:40,tablet,/category/apparel,,False
3824,987,2025-10-06 07:18:45,2025-10-06 07:48:45,mobile,/product-search,,False
3825,873,2025-12-25 10:16:25,2025-12-25 10:45:25,desktop,/deals,,True
3826,1454,2025-03-17 19:21:20,2025-03-17 19:32:20,tablet,/category/electronics,,False
3827,,2025-12-11 02:52:36,2025-12-11 03:08:36,mobile,/category/electronics,,False
3828,,2024-06-10 14:35:30,2024-06-10 14:57:30,mobile,/product-search,,False
3829,,2024-04-27 16:14:09,2024-04-27 16:26:09,mobile,/category/electronics,4,False
3830,479,2025-10-03 07:41:39,2025-10-03 08:16:39,tablet,/home,,True
3831,1114,2025-12-27 23:26:49,2025-12-27 23:53:49,desktop,/category/apparel,,False
3832,1397,2025-04-14 00:40:17,2025-04-14 00:58:17,tablet,/blog,,False
3833,,2025-04-14 19:34:01,2025-04-14 19:59:01,mobile,/category/electronics,14,False
3834,,2025-11-14 06:27:01,2025-11-14 06:47:01,mobile,/product-search,,True
3835,,2024-08-12 03:19:24,2024-08-12 03:40:24,mobile,/category/apparel,3,False
3836,789,2025-12-26 06:41:14,2025-12-26 07:11:14,desktop,/product-search,13,False
3837,,2025-08-21 17:09:24,2025-08-21 17:39:24,mobile,/product-search,,False
3838,,2024-07-10 03:58:49,2024-07-10 04:12:49,mobile,/category/apparel,,True
3839,200,2025-11-04 23:59:24,2025-11-05 00:03:24,tablet,/product-search,,False
3840,921,2025-07-27 19:14:27,2025-07-27 19:41:27,tablet,/category/electronics,6,False
3841,295,2025-11-28 17:28:06,2025-11-28 17:44:06,tablet,/product-search,,True
3842,1461,2024-11-10 02:30:47,2024-11-10 03:00:47,tablet,/product-search,8,False
3843,651,2024-11-04 11:47:45,2024-11-04 11:48:45,tablet,/blog,,False
3844,,2025-07-15 19:34:30,2025-07-15 20:13:30,desktop,/category/apparel,,False
3845,1042,2024-08-08 20:08:03,2024-08-08 20:41:03,desktop,/deals,,False
3846,622,2025-06-11 16:22:55,2025-06-11 16:28:55,desktop,/category/apparel,,False
3847,254,2025-12-15 19:11:22,2025-12-15 19:42:22,desktop,/deals,12,False
3848,,2024-12-18 22:00:00,2024-12-18 22:11:00,mobile,/home,,False
3849,,2024-11-06 07:39:16,2024-11-06 07:50:16,tablet,/category/apparel,4,False
3850,,2025-01-16 05:24:36,2025-01-16 06:03:36,tablet,/home,7,False
3851,1147,2025-02-24 12:00:10,2025-02-24 12:44:10,tablet,/blog,,True
3852,1489,2025-10-02 00:21:45,2025-10-02 00:27:45,tablet,/deals,13,False
3853,,2025-12-30 22:40:20,2025-12-30 22:41:20,desktop,/product-search,,False
3854,,2024-04-17 06:29:29,2024-04-17 06:57:29,tablet,/category/electronics,,False
3855,125,2025-12-28 04:45:37,2025-12-28 05:13:37,desktop,/deals,,False
3856,,2025-01-04 18:40:35,2025-01-04 18:44:35,desktop,/blog,,False
3857,591,2024-06-20 23:59:47,2024-06-21 00:15:47,tablet,/category/electronics,,True
3858,1474,2025-09-01 04:48:08,2025-09-01 05:20:08,tablet,/product-search,,False
3859,1305,2025-09-26 05:20:17,2025-09-26 05:23:17,mobile,/category/apparel,,False
3860,989,2024-12-17 11:26:19,2024-12-17 12:07:19,mobile,/category/electronics,,False
3861,1345,2025-11-10 22:17:10,2025-11-10 22:19:10,tablet,/blog,14,False
3862,1326,2025-08-07 15:46:23,2025-08-07 16:21:23,tablet,/home,,False
3863,739,2025-03-26 12:18:53,2025-03-26 12:40:53,tablet,/category/electronics,,False
3864,1245,2025-07-01 11:21:13,2025-07-01 11:53:13,tablet,/product-search,11,False
3865,844,2025-11-30 14:26:11,2025-11-30 15:10:11,desktop,/deals,12,False
3866,,2024-08-23 11:27:38,2024-08-23 12:05:38,desktop,/product-search,3,False
3867,,2024-03-07 00:02:20,2024-03-07 00:08:20,mobile,/deals,13,False
3868,1172,2025-11-27 21:45:59,2025-11-27 22:01:59,desktop,/category/electronics,4,False
3869,330,2025-09-04 09:33:17,2025-09-04 09:54:17,mobile,/home,,False
3870,1205,2025-12-08 20:11:12,2025-12-08 20:16:12,tablet,/category/apparel,11,False
3871,196,2025-03-24 13:16:38,2025-03-24 13:18:38,mobile,/category/electronics,4,False
3872,,2025-04-19 22:37:13,2025-04-19 23:10:13,desktop,/category/electronics,,False
3873,528,2025-04-01 20:33:53,2025-04-01 21:11:53,tablet,/category/apparel,,False
3874,332,2025-12-18 09:34:05,2025-12-18 09:39:05,tablet,/deals,,False
3875,1079,2025-10-02 17:35:55,2025-10-02 17:45:55,mobile,/category/apparel,11,False
3876,,2024-08-05 15:12:44,2024-08-05 15:36:44,desktop,/product-search,,False
3877,1069,2025-09-03 22:10:43,2025-09-03 22:55:43,tablet,/deals,9,False
3878,776,2024-09-10 05:49:26,2024-09-10 05:58:26,desktop,/home,14,True
3879,1303,2025-11-01 00:04:18,2025-11-01 00:27:18,tablet,/category/electronics,7,False
3880,,2024-02-07 15:09:52,2024-02-07 15:24:52,desktop,/deals,15,False
3881,1106,2024-11-06 04:18:23,2024-11-06 04:20:23,tablet,/category/apparel,13,False
3882,828,2025-09-08 04:10:23,2025-09-08 04:24:23,tablet,/category/apparel,,False
3883,325,2025-01-11 11:48:08,2025-01-11 12:19:08,mobile,/blog,12,True
3884,611,2025-03-30 16:46:07,2025-03-30 16:53:07,desktop,/category/electronics,9,True
3885,1099,2025-07-31 04:55:19,2025-07-31 05:23:19,mobile,/home,,False
3886,,2024-04-13 00:18:10,2024-04-13 00:42:10,mobile,/category/apparel,,False
3887,,2024-01-13 21:39:49,2024-01-13 21:44:49,mobile,/product-search,,False
3888,,2025-02-24 06:06:33,2025-02-24 06:37:33,mobile,/category/electronics,8,False
3889,812,2024-10-09 09:11:49,2024-10-09 09:26:49,mobile,/category/apparel,,False
3890,,2024-09-23 07:46:55,2024-09-23 07:52:55,tablet,/product-search,5,False
3891,265,2024-11-11 15:16:03,2024-11-11 15:51:03,desktop,/product-search,,True
3892,315,2025-10-10 11:01:57,2025-10-10 11:26:57,desktop,/blog,,True
3893,,2024-11-21 21:34:22,2024-11-21 21:50:22,mobile,/home,,False
3894,199,2025-12-31 13:37:21,2025-12-31 14:17:21,tablet,/home,,True
3895,,2025-03-05 07:39:02,2025-03-05 07:53:02,tablet,/category/apparel,5,False
3896,194,2025-10-27 13:42:43,2025-10-27 14:01:43,mobile,/product-search,,False
3897,1222,2025-12-10 05:51:40,2025-12-10 06:07:40,desktop,/home,,False
3898,1032,2025-06-23 09:48:02,2025-06-23 10:15:02,desktop,/deals,,False
3899,343,2025-12-30 10:04:42,2025-12-30 10:09:42,mobile,/blog,,False
3900,,2024-09-26 04:30:24,2024-09-26 04:40:24,tablet,/deals,10,False
3901,1012,2025-12-12 06:24:04,2025-12-12 06:27:04,mobile,/product-search,,False
3902,1029,2025-11-30 18:18:46,2025-11-30 18:23:46,desktop,/home,15,False
3903,,2024-03-13 20:57:06,2024-03-13 21:03:06,desktop,/deals,,False
3904,1314,2025-11-20 04:11:03,2025-11-20 04:37:03,mobile,/category/electronics,,False
3905,,2025-01-04 18:44:03,2025-01-04 18:55:03,desktop,/product-search,2,False
3906,,2025-10-10 15:00:00,2025-10-10 15:12:00,mobile,/category/apparel,,True
3907,,2025-07-08 19:59:20,2025-07-08 20:12:20,mobile,/category/electronics,12,False
3908,1187,2024-04-16 03:54:02,2024-04-16 04:09:02,tablet,/category/apparel,,False
3909,43,2025-10-02 07:59:15,2025-10-02 08:43:15,desktop,/home,,False
3910,1494,2024-12-30 14:44:38,2024-12-30 15:12:38,tablet,/blog,8,True
3911,,2024-08-17 11:03:47,2024-08-17 11:41:47,desktop,/category/electronics,15,False
3912,1012,2025-08-26 01:50:14,2025-08-26 01:52:14,tablet,/product-search,,False
3913,948,2025-03-26 07:28:36,2025-03-26 07:52:36,desktop,/category/apparel,3,False
3914,744,2025-12-02 04:02:04,2025-12-02 04:14:04,tablet,/category/electronics,11,False
3915,1367,2025-06-10 18:56:18,2025-06-10 19:19:18,desktop,/deals,,False
3916,,2024-09-18 16:47:20,2024-09-18 17:12:20,tablet,/category/electronics,,False
3917,,2024-06-17 19:45:33,2024-06-17 20:16:33,desktop,/product-search,,False
3918,366,2025-02-25 00:34:49,2025-02-25 00:40:49,desktop,/home,,False
3919,868,2025-12-22 14:26:46,2025-12-22 14:54:46,tablet,/blog,,False
3920,,2024-09-12 01:22:52,2024-09-12 01:29:52,mobile,/product-search,,False
3921,794,2025-06-19 08:26:29,2025-06-19 08:57:29,mobile,/product-search,,False
3922,1226,2025-10-03 07:43:28,2025-10-03 08:02:28,desktop,/product-search,,False
3923,409,2025-12-22 09:12:49,2025-12-22 09:23:49,mobile,/product-search,10,False
3924,,2025-12-06 08:23:36,2025-12-06 08:35:36,mobile,/deals,6,False
3925,847,2025-10-12 18:23:13,2025-10-12 18:26:13,desktop,/category/apparel,,False
3926,,2025-03-20 06:41:41,2025-03-20 07:26:41,mobile,/home,4,True
3927,,2024-04-17 02:39:14,2024-04-17 02:55:14,desktop,/home,3,False
3928,321,2025-07-04 21:48:54,2025-07-04 22:08:54,tablet,/product-search,14,False
3929,,2025-12-01 17:09:57,2025-12-01 17:44:57,desktop,/category/apparel,,False
3930,,2024-11-03 15:29:21,2024-11-03 16:02:21,mobile,/product-search,,False
3931,1338,2025-09-24 04:39:02,2025-09-24 05:05:02,desktop,/category/electronics,,False
3932,,2025-08-03 20:55:35,2025-08-03 21:22:35,mobile,/category/electronics,15,False
3933,572,2024-06-06 22:01:57,2024-06-06 22:07:57,desktop,/deals,,False
3934,192,2025-07-27 10:51:42,2025-07-27 11:30:42,desktop,/blog,,True
3935,314,2025-11-24 13:54:42,2025-11-24 14:01:42,desktop,/blog,,False
3936,476,2025-07-18 22:43:57,2025-07-18 23:14:57,mobile,/home,13,False
3937,,2025-02-20 06:46:20,2025-02-20 07:29:20,desktop,/blog,,False
3938,492,2025-01-31 10:52:19,2025-01-31 10:56:19,desktop,/blog,,False
3939,1058,2025-12-14 06:47:48,2025-12-14 07:08:48,desktop,/home,12,False
3940,218,2025-04-10 00:45:54,2025-04-10 00:53:54,desktop,/home,14,True
3941,,2024-07-31 02:16:03,2024-07-31 03:00:03,tablet,/home,,False
3942,608,2024-12-25 03:43:25,2024-12-25 04:13:25,mobile,/product-search,,False
3943,1314,2025-11-01 16:46:16,2025-11-01 17:20:16,desktop,/deals,,False
3944,212,2025-09-19 08:49:47,2025-09-19 09:11:47,desktop,/category/apparel,,False
3945,816,2025-05-20 07:05:49,2025-05-20 07:27:49,tablet,/home,9,True
3946,642,2025-05-30 23:54:39,2025-05-31 00:15:39,desktop,/category/apparel,13,False
3947,400,2025-07-18 16:04:27,2025-07-18 16:49:27,tablet,/blog,,False
3948,,2025-03-15 18:54:12,2025-03-15 19:36:12,desktop,/category/electronics,,False
3949,223,2025-12-12 07:32:30,2025-12-12 08:06:30,tablet,/category/electronics,,False
3950,1197,2025-11-19 14:06:36,2025-11-19 14:36:36,tablet,/deals,8,False
3951,1453,2025-11-17 18:45:58,2025-11-17 19:15:58,desktop,/product-search,,False
3952,,2025-11-08 15:05:36,2025-11-08 15:16:36,mobile,/category/electronics,,False
3953,,2024-07-15 11:54:03,2024-07-15 12:03:03,tablet,/blog,,False
3954,1113,2025-12-07 11:36:35,2025-12-07 12:02:35,mobile,/deals,,True
3955,226,2025-07-23 08:11:20,2025-07-23 08:38:20,mobile,/deals,,True
3956,405,2025-11-08 05:36:02,2025-11-08 05:55:02,desktop,/product-search,,False
3957,,2024-11-17 23:32:40,2024-11-18 00:07:40,tablet,/category/apparel,,False
3958,1396,2025-07-05 19:48:53,2025-07-05 20:14:53,mobile,/deals,,False
3959,594,2025-09-11 15:35:13,2025-09-11 15:41:13,mobile,/category/apparel,10,False
3960,,2024-05-03 06:51:18,2024-05-03 07:07:18,tablet,/blog,,False
3961,169,2025-09-25 12:35:01,2025-09-25 12:55:01,desktop,/blog,,True
3962,1373,2025-06-06 16:19:01,2025-06-06 16:42:01,mobile,/home,,False
3963,,2025-03-30 19:16:57,2025-03-30 19:53:57,mobile,/deals,13,False
3964,637,2025-10-25 22:52:10,2025-10-25 23:26:10,mobile,/category/apparel,,True
3965,571,2025-05-12 18:25:18,2025-05-12 18:51:18,mobile,/blog,,False
3966,,2024-03-22 17:59:29,2024-03-22 18:01:29,tablet,/home,,False
3967,,2024-02-02 15:03:45,2024-02-02 15:31:45,desktop,/product-search,,False
3968,1015,2025-07-05 20:32:54,2025-07-05 21:08:54,tablet,/deals,,False
3969,,2025-07-13 11:38:35,2025-07-13 11:51:35,tablet,/product-search,,False
3970,714,2025-11-15 04:20:54,2025-11-15 05:03:54,tablet,/blog,,False
3971,1406,2024-12-01 08:19:35,2024-12-01 08:24:35,tablet,/deals,,True
3972,,2025-08-14 03:20:25,2025-08-14 03:55:25,desktop,/blog,1,False
3973,,2024-12-21 01:07:36,2024-12-21 01:48:36,mobile,/blog,,False
3974,806,2025-10-27 18:11:33,2025-10-27 18:13:33,desktop,/category/electronics,,True
3975,,2025-11-14 15:44:52,2025-11-14 16:03:52,tablet,/blog,3,False
3976,138,2025-03-11 16:16:10,2025-03-11 16:17:10,desktop,/category/apparel,,False
3977,256,2024-07-18 12:19:53,2024-07-18 12:52:53,tablet,/home,,False
3978,,2024-11-30 18:14:20,2024-11-30 18:44:20,tablet,/category/apparel,,False
3979,121,2025-10-20 06:59:09,2025-10-20 07:41:09,mobile,/category/electronics,,False
3980,,2024-02-22 12:30:59,2024-02-22 13:00:59,tablet,/category/electronics,,False
3981,895,2025-11-04 01:19:48,2025-11-04 01:34:48,desktop,/category/apparel,,False
3982,147,2025-06-14 22:16:15,2025-06-14 22:27:15,tablet,/product-search,,True
3983,510,2025-10-01 07:45:56,2025-10-01 08:27:56,mobile,/deals,,False
3984,933,2025-11-13 00:13:23,2025-11-13 00:26:23,tablet,/deals,,False
3985,,2025-01-28 00:32:38,2025-01-28 00:46:38,tablet,/category/apparel,12,False
3986,1086,2025-08-10 06:08:23,2025-08-10 06:25:23,tablet,/deals,,False
3987,238,2024-08-15 12:53:50,2024-08-15 13:17:50,mobile,/blog,,False
3988,97,2025-06-24 11:10:43,2025-06-24 11:14:43,mobile,/deals,,False
3989,,2025-04-18 12:12:04,2025-04-18 12:48:04,desktop,/category/apparel,5,False
3990,346,2025-09-14 21:43:24,2025-09-14 22:28:24,mobile,/home,7,False
3991,,2024-09-08 05:06:38,2024-09-08 05:41:38,desktop,/blog,,False
3992,,2025-08-06 19:35:04,2025-08-06 20:15:04,desktop,/product-search,9,False
3993,,2024-12-22 02:54:28,2024-12-22 03:32:28,desktop,/category/electronics,,False
3994,1281,2025-07-04 10:50:52,2025-07-04 11:31:52,desktop,/home,,True
3995,529,2024-12-10 13:56:05,2024-12-10 14:22:05,mobile,/product-search,11,False
3996,534,2025-03-14 14:04:51,2025-03-14 14:36:51,mobile,/product-search,,True
3997,,2025-02-24 23:21:25,2025-02-24 23:22:25,tablet,/deals,,False
3998,,2024-06-03 12:40:51,2024-06-03 12:54:51,tablet,/blog,1,False
3999,804,2024-08-17 19:27:58,2024-08-17 19:49:58,mobile,/product-search,11,True
4000,1432,2025-12-11 17:33:10,2025-12-11 17:57:10,tablet,/blog,10,False
4001,834,2025-11-23 10:59:59,2025-11-23 11:35:59,mobile,/category/apparel,,False
4002,1145,2025-07-29 03:35:09,2025-07-29 04:16:09,desktop,/category/electronics,,True
4003,54,2025-02-20 14:30:21,2025-02-20 14:44:21,desktop,/deals,,False
4004,383,2025-02-14 08:57:14,2025-02-14 09:27:14,desktop,/category/apparel,,False
4005,,2024-02-07 18:01:38,2024-02-07 18:16:38,tablet,/category/apparel,,False
4006,,2024-10-13 11:04:43,2024-10-13 11:47:43,desktop,/blog,2,False
4007,,2025-07-19 12:57:30,2025-07-19 13:23:30,tablet,/deals,,False
4008,,2025-04-18 13:05:54,2025-04-18 13:48:54,desktop,/blog,,False
4009,949,2025-02-11 04:17:21,2025-02-11 04:32:21,tablet,/category/electronics,,True
4010,801,2025-07-04 04:38:18,2025-07-04 05:10:18,mobile,/category/apparel,,False
4011,,2025-04-30 05:33:59,2025-04-30 06:04:59,mobile,/product-search,,False
4012,883,2025-02-07 10:50:21,2025-02-07 11:09:21,mobile,/home,,False
4013,,2024-05-12 23:44:43,2024-05-13 00:27:43,desktop,/home,,True
4014,,2025-08-10 11:53:37,2025-08-10 12:19:37,desktop,/product-search,,False
4015,1274,2025-10-30 02:10:41,2025-10-30 02:42:41,desktop,/blog,,False
4016,,2025-03-06 23:15:48,2025-03-06 23:22:48,tablet,/home,,False
4017,522,2025-06-14 21:49:56,2025-06-14 22:16:56,mobile,/product-search,,False
4018,,2025-02-28 18:29:25,2025-02-28 18:36:25,desktop,/category/electronics,14,False
4019,243,2025-08-08 23:06:44,2025-08-08 23:46:44,tablet,/blog,11,False
4020,878,2024-05-07 10:46:03,2024-05-07 11:04:03,mobile,/blog,7,False
4021,815,2025-10-13 09:26:06,2025-10-13 10:02:06,tablet,/home,9,False
4022,1249,2024-11-27 19:57:57,2024-11-27 20:40:57,mobile,/product-search,,False
4023,1021,2025-12-22 20:16:19,2025-12-22 20:40:19,desktop,/blog,,False
4024,,2025-02-10 23:55:51,2025-02-11 00:34:51,mobile,/category/apparel,,False
4025,22,2025-08-20 00:48:28,2025-08-20 01:13:28,mobile,/product-search,3,False
4026,,2024-04-11 13:54:54,2024-04-11 14:18:54,mobile,/category/electronics,,False
4027,,2024-02-17 04:32:19,2024-02-17 04:58:19,desktop,/category/apparel,11,False
4028,1389,2025-11-26 22:58:53,2025-11-26 23:23:53,tablet,/home,,False
4029,,2024-10-01 14:35:52,2024-10-01 15:10:52,mobile,/home,14,False
4030,991,2025-07-03 17:07:45,2025-07-03 17:20:45,desktop,/category/electronics,,False
4031,,2025-06-29 14:26:52,2025-06-29 15:03:52,mobile,/category/electronics,11,False
4032,907,2024-12-09 20:15:44,2024-12-09 20:48:44,tablet,/home,5,False
4033,,2025-03-18 06:30:24,2025-03-18 06:46:24,desktop,/product-search,,False
4034,484,2025-05-07 19:58:56,2025-05-07 20:01:56,tablet,/home,,False
4035,499,2024-10-11 18:09:24,2024-10-11 18:46:24,mobile,/category/electronics,,False
4036,1159,2025-08-22 16:36:44,2025-08-22 16:55:44,desktop,/product-search,,False
4037,727,2025-10-16 09:11:12,2025-10-16 09:32:12,mobile,/category/electronics,,False
4038,442,2025-07-02 07:51:26,2025-07-02 08:35:26,mobile,/category/apparel,,False
4039,350,2025-11-27 22:38:28,2025-11-27 22:51:28,desktop,/category/apparel,,False
4040,1100,2024-10-20 01:39:07,2024-10-20 01:47:07,mobile,/home,4,False
4041,586,2025-01-19 08:04:34,2025-01-19 08:07:34,desktop,/product-search,,True
4042,528,2025-02-12 13:32:32,2025-02-12 13:37:32,desktop,/deals,,False
4043,,2025-01-25 05:42:18,2025-01-25 05:54:18,desktop,/category/apparel,,False
4044,1208,2025-04-14 02:51:18,2025-04-14 03:21:18,tablet,/home,,True
4045,912,2025-07-27 16:18:38,2025-07-27 16:49:38,mobile,/product-search,5,False
4046,,2025-10-17 19:53:04,2025-10-17 19:57:04,desktop,/category/electronics,,False
4047,724,2024-12-19 06:16:42,2024-12-19 06:48:42,desktop,/category/apparel,,False
4048,848,2024-11-01 23:50:09,2024-11-01 23:59:09,mobile,/category/apparel,5,False
4049,917,2025-05-24 00:58:06,2025-05-24 01:08:06,tablet,/category/apparel,,False
4050,872,2025-12-15 02:10:04,2025-12-15 02:51:04,desktop,/blog,5,False
4051,,2024-01-10 15:08:12,2024-01-10 15:26:12,mobile,/category/electronics,,False
4052,,2024-02-03 17:30:50,2024-02-03 17:58:50,tablet,/category/electronics,2,False
4053,160,2025-08-05 12:50:42,2025-08-05 13:22:42,tablet,/product-search,,False
4054,847,2025-12-30 20:43:37,2025-12-30 21:15:37,desktop,/home,,False
4055,16,2025-01-05 17:05:30,2025-01-05 17:20:30,tablet,/deals,9,False
4056,144,2025-11-21 11:41:09,2025-11-21 12:10:09,desktop,/blog,,True
4057,,2024-07-07 19:24:14,2024-07-07 20:06:14,mobile,/blog,,False
4058,,2025-06-14 14:03:40,2025-06-14 14:11:40,desktop,/blog,,False
4059,997,2025-12-13 06:18:54,2025-12-13 06:35:54,tablet,/product-search,,True
4060,,2025-11-27 04:27:02,2025-11-27 04:58:02,desktop,/deals,10,False
4061,1006,2025-07-07 03:26:38,2025-07-07 03:45:38,desktop,/category/electronics,,True
4062,1435,2025-12-30 04:10:35,2025-12-30 04:49:35,mobile,/deals,,False
4063,1176,2025-05-29 23:20:50,2025-05-29 23:39:50,mobile,/category/apparel,6,False
4064,,2025-07-27 06:48:04,2025-07-27 07:08:04,desktop,/deals,9,False
4065,930,2025-12-25 01:11:07,2025-12-25 01:22:07,tablet,/category/apparel,,False
4066,,2025-09-03 14:02:20,2025-09-03 14:39:20,tablet,/product-search,,False
4067,,2024-05-02 13:13:31,2024-05-02 13:15:31,mobile,/category/apparel,11,False
4068,876,2025-10-30 17:14:56,2025-10-30 17:50:56,tablet,/product-search,9,True
4069,499,2024-04-05 10:47:59,2024-04-05 11:23:59,mobile,/category/apparel,,True
4070,199,2025-12-27 10:01:05,2025-12-27 10:07:05,mobile,/home,,False
4071,1291,2025-02-07 19:42:44,2025-02-07 20:03:44,desktop,/category/electronics,15,False
4072,567,2025-04-03 20:34:30,2025-04-03 20:43:30,tablet,/product-search,9,False
4073,738,2025-03-28 03:17:17,2025-03-28 03:23:17,tablet,/blog,,False
4074,,2025-10-11 14:15:33,2025-10-11 14:34:33,mobile,/home,8,False
4075,1468,2025-01-25 10:18:37,2025-01-25 10:58:37,desktop,/deals,,False
4076,,2024-12-27 09:47:08,2024-12-27 09:57:08,desktop,/home,,False
4077,,2024-03-20 15:18:05,2024-03-20 15:34:05,mobile,/product-search,7,False
4078,,2025-01-09 01:53:38,2025-01-09 01:58:38,desktop,/product-search,5,False
4079,1451,2025-03-21 06:55:11,2025-03-21 07:00:11,tablet,/category/apparel,,False
4080,384,2025-08-12 22:32:41,2025-08-12 23:00:41,tablet,/blog,,False
4081,750,2025-01-10 23:10:12,2025-01-10 23:12:12,desktop,/home,13,False
4082,633,2025-11-21 06:09:07,2025-11-21 06:34:07,tablet,/deals,5,False
4083,25,2025-07-31 03:56:54,2025-07-31 04:13:54,desktop,/deals,,False
4084,277,2024-03-04 18:42:28,2024-03-04 19:10:28,desktop,/product-search,8,False
4085,,2024-11-19 14:16:24,2024-11-19 14:36:24,mobile,/deals,,False
4086,265,2025-05-28 09:26:21,2025-05-28 09:54:21,mobile,/category/electronics,,False
4087,,2025-09-02 17:07:55,2025-09-02 17:43:55,desktop,/product-search,8,False
4088,1155,2025-02-28 20:02:43,2025-02-28 20:37:43,desktop,/blog,8,False
4089,92,2025-12-22 02:01:40,2025-12-22 02:46:40,tablet,/product-search,3,False
4090,1475,2025-07-27 03:56:24,2025-07-27 04:05:24,mobile,/deals,,True
4091,1169,2025-08-07 14:25:50,2025-08-07 14:58:50,mobile,/home,9,False
4092,1310,2025-12-18 03:25:50,2025-12-18 04:09:50,desktop,/home,,False
4093,150,2024-08-02 09:09:03,2024-08-02 09:38:03,mobile,/product-search,,False
4094,385,2025-09-12 23:10:02,2025-09-12 23:47:02,tablet,/deals,,True
4095,,2024-02-12 13:28:58,2024-02-12 13:35:58,tablet,/product-search,13,False
4096,,2024-12-24 07:05:11,2024-12-24 07:07:11,tablet,/category/electronics,13,False
4097,,2024-08-09 20:39:41,2024-08-09 21:08:41,mobile,/category/electronics,,False
4098,,2024-11-04 04:54:50,2024-11-04 05:39:50,desktop,/category/electronics,,False
4099,,2025-05-24 13:43:38,2025-05-24 14:15:38,tablet,/product-search,,False
4100,15,2024-12-13 22:57:58,2024-12-13 23:42:58,desktop,/deals,13,False
4101,1090,2025-04-25 19:51:26,2025-04-25 19:54:26,tablet,/product-search,,True
4102,,2024-04-14 17:55:16,2024-04-14 18:21:16,mobile,/category/apparel,,False
4103,377,2025-12-05 20:51:53,2025-12-05 20:57:53,mobile,/category/apparel,12,False
4104,,2024-09-04 16:38:42,2024-09-04 17:15:42,mobile,/blog,14,False
4105,747,2024-09-04 09:55:59,2024-09-04 10:20:59,tablet,/deals,,False
4106,649,2025-01-15 04:20:48,2025-01-15 04:52:48,desktop,/blog,,False
4107,538,2025-09-25 01:04:27,2025-09-25 01:38:27,desktop,/product-search,,True
4108,24,2025-11-23 00:09:31,2025-11-23 00:34:31,tablet,/deals,,False
4109,,2024-04-10 02:06:00,2024-04-10 02:14:00,tablet,/category/apparel,6,False
4110,1322,2025-11-18 17:15:31,2025-11-18 17:55:31,mobile,/category/apparel,,False
4111,685,2025-11-08 22:37:34,2025-11-08 23:13:34,desktop,/category/apparel,,True
4112,1,2025-07-07 06:34:37,2025-07-07 06:44:37,mobile,/category/apparel,11,True
4113,,2025-11-29 09:19:30,2025-11-29 09:39:30,desktop,/category/electronics,14,False
4114,,2025-12-12 06:36:06,2025-12-12 06:59:06,tablet,/category/apparel,4,False
4115,1002,2025-08-08 19:47:13,2025-08-08 20:16:13,mobile,/home,,False
4116,570,2025-08-30 21:13:08,2025-08-30 21:41:08,mobile,/category/electronics,,False
4117,,2024-08-04 08:38:05,2024-08-04 09:14:05,desktop,/product-search,13,False
4118,886,2025-09-10 10:37:38,2025-09-10 10:45:38,mobile,/product-search,,False
4119,1116,2025-12-21 06:56:56,2025-12-21 07:03:56,desktop,/home,,False
4120,319,2025-11-09 01:32:16,2025-11-09 01:58:16,desktop,/product-search,,False
4121,,2024-11-11 15:12:53,2024-11-11 15:34:53,mobile,/home,,False
4122,,2025-05-16 19:11:09,2025-05-16 19:31:09,desktop,/category/electronics,,False
4123,445,2025-11-10 02:24:50,2025-11-10 03:08:50,desktop,/product-search,,True
4124,727,2025-12-13 00:34:32,2025-12-13 00:53:32,tablet,/product-search,,True
4125,,2025-01-11 23:29:19,2025-01-12 00:12:19,mobile,/category/apparel,8,False
4126,901,2025-02-17 18:59:17,2025-02-17 19:04:17,tablet,/deals,12,False
4127,32,2025-04-26 04:03:18,2025-04-26 04:22:18,mobile,/blog,,False
4128,,2025-07-22 22:27:55,2025-07-22 22:39:55,desktop,/category/electronics,,False
4129,618,2024-06-25 16:32:51,2024-06-25 16:57:51,desktop,/product-search,1,True
4130,,2025-10-31 17:43:22,2025-10-31 17:52:22,tablet,/category/electronics,,False
4131,,2025-11-19 05:22:27,2025-11-19 05:36:27,mobile,/deals,,False
4132,,2024-12-09 02:50:19,2024-12-09 03:25:19,desktop,/deals,2,False
4133,,2024-04-11 16:59:19,2024-04-11 17:17:19,tablet,/home,9,False
4134,,2025-01-18 01:49:33,2025-01-18 02:04:33,desktop,/home,2,False
4135,157,2025-12-02 05:58:09,2025-12-02 06:09:09,tablet,/category/apparel,10,False
4136,,2024-12-13 15:33:56,2024-12-13 15:51:56,tablet,/category/apparel,,False
4137,813,2025-12-28 21:27:31,2025-12-28 21:37:31,mobile,/category/apparel,,False
4138,,2025-06-18 12:31:18,2025-06-18 13:00:18,desktop,/home,,False
4139,1358,2025-06-30 07:22:18,2025-06-30 07:34:18,desktop,/deals,,False
4140,1094,2025-04-13 23:29:27,2025-04-13 23:53:27,mobile,/product-search,,False
4141,,2024-04-18 10:15:23,2024-04-18 10:59:23,tablet,/category/apparel,,False
4142,379,2025-08-10 02:17:24,2025-08-10 02:58:24,tablet,/category/electronics,9,False
4143,1206,2025-12-31 10:17:46,2025-12-31 10:45:46,mobile,/deals,,False
4144,804,2025-07-10 20:31:56,2025-07-10 21:06:56,desktop,/blog,6,False
4145,,2024-06-12 09:13:59,2024-06-12 09:34:59,tablet,/deals,,False
4146,454,2025-09-06 04:53:50,2025-09-06 05:15:50,mobile,/category/apparel,15,True
4147,299,2025-11-29 23:28:33,2025-11-29 23:40:33,desktop,/deals,,False
4148,1340,2025-11-11 09:58:00,2025-11-11 09:59:00,desktop,/product-search,,True
4149,862,2024-10-07 02:38:28,2024-10-07 02:43:28,desktop,/category/electronics,,True
4150,1429,2025-08-15 19:03:40,2025-08-15 19:16:40,mobile,/category/apparel,10,False
4151,,2024-11-14 03:46:00,2024-11-14 04:27:00,desktop,/deals,15,False
4152,1401,2024-04-18 00:01:49,2024-04-18 00:13:49,mobile,/home,4,False
4153,1338,2025-12-15 22:45:33,2025-12-15 22:54:33,desktop,/blog,5,False
4154,476,2025-04-11 17:16:28,2025-04-11 17:59:28,mobile,/blog,,False
4155,272,2025-10-13 02:18:05,2025-10-13 02:50:05,tablet,/home,13,False
4156,547,2025-12-03 07:54:29,2025-12-03 08:13:29,mobile,/blog,,False
4157,,2024-09-05 04:34:05,2024-09-05 05:00:05,desktop,/deals,,False
4158,604,2025-11-30 22:03:09,2025-11-30 22:04:09,mobile,/product-search,,False
4159,,2025-04-05 17:46:00,2025-04-05 18:20:00,desktop,/category/apparel,,False
4160,737,2025-06-11 07:57:38,2025-06-11 08:41:38,tablet,/product-search,10,False
4161,,2024-12-24 21:11:06,2024-12-24 21:45:06,tablet,/product-search,6,False
4162,,2024-05-17 23:54:51,2024-05-18 00:35:51,tablet,/blog,,False
4163,,2025-12-14 06:53:14,2025-12-14 07:30:14,mobile,/category/apparel,,False
4164,,2025-08-26 18:12:29,2025-08-26 18:44:29,tablet,/deals,7,False
4165,,2024-10-13 07:14:24,2024-10-13 07:52:24,desktop,/blog,,True
4166,645,2025-03-23 14:20:10,2025-03-23 14:49:10,desktop,/blog,,False
4167,,2025-12-24 15:45:24,2025-12-24 16:29:24,mobile,/home,10,False
4168,,2024-12-17 09:48:51,2024-12-17 10:14:51,tablet,/category/electronics,,False
4169,,2025-05-16 12:18:13,2025-05-16 12:32:13,mobile,/product-search,,False
4170,335,2025-07-14 12:39:36,2025-07-14 13:02:36,tablet,/category/electronics,15,False
4171,,2025-02-13 23:29:09,2025-02-13 23:49:09,mobile,/category/apparel,14,False
4172,,2025-08-22 05:35:18,2025-08-22 05:44:18,mobile,/product-search,3,False
4173,31,2025-04-20 01:24:09,2025-04-20 01:26:09,desktop,/product-search,,False
4174,412,2025-11-25 17:29:49,2025-11-25 17:37:49,desktop,/home,1,False
4175,835,2024-11-24 07:41:17,2024-11-24 08:18:17,mobile,/deals,,False
4176,838,2024-12-27 18:52:56,2024-12-27 19:01:56,desktop,/blog,,False
4177,1073,2025-12-15 17:08:59,2025-12-15 17:22:59,mobile,/category/electronics,,False
4178,,2024-10-04 01:41:20,2024-10-04 02:21:20,tablet,/deals,11,False
4179,1480,2025-04-27 16:02:01,2025-04-27 16:42:01,desktop,/blog,,True
4180,1321,2025-06-18 00:18:01,2025-06-18 00:31:01,desktop,/home,,False
4181,436,2025-05-07 06:08:29,2025-05-07 06:29:29,tablet,/home,,False
4182,226,2025-10-21 20:52:34,2025-10-21 21:32:34,mobile,/deals,4,False
4183,562,2025-10-04 17:49:29,2025-10-04 18:00:29,tablet,/category/apparel,,False
4184,633,2024-12-25 04:10:30,2024-12-25 04:11:30,desktop,/deals,5,False
4185,944,2025-05-23 20:36:58,2025-05-23 21:00:58,desktop,/product-search,8,False
4186,117,2025-10-16 17:54:27,2025-10-16 18:19:27,mobile,/product-search,,False
4187,,2025-03-13 04:18:07,2025-03-13 04:22:07,tablet,/category/apparel,,False
4188,1441,2025-10-07 09:16:30,2025-10-07 09:26:30,mobile,/deals,,True
4189,1337,2024-08-02 02:33:20,2024-08-02 02:51:20,mobile,/blog,6,True
4190,975,2025-02-03 07:44:20,2025-02-03 08:12:20,desktop,/home,3,False
4191,1277,2024-10-16 12:45:14,2024-10-16 13:07:14,mobile,/deals,,False
4192,310,2024-09-30 19:42:48,2024-09-30 20:18:48,mobile,/home,5,False
4193,367,2025-12-16 07:44:23,2025-12-16 07:48:23,mobile,/category/electronics,,False
4194,789,2025-11-03 22:46:53,2025-11-03 23:03:53,tablet,/blog,,True
4195,249,2025-11-17 13:30:41,2025-11-17 13:44:41,tablet,/category/apparel,,True
4196,,2025-11-02 16:05:39,2025-11-02 16:28:39,desktop,/product-search,,False
4197,997,2025-05-10 22:45:47,2025-05-10 23:07:47,desktop,/deals,,True
4198,32,2024-11-06 02:01:49,2024-11-06 02:28:49,desktop,/blog,,False
4199,,2025-04-08 10:27:45,2025-04-08 10:58:45,tablet,/deals,,False
4200,199,2025-12-28 08:04:12,2025-12-28 08:19:12,tablet,/product-search,,False
4201,,2025-03-22 21:46:43,2025-03-22 22:02:43,mobile,/category/apparel,,False
4202,29,2025-10-03 18:56:09,2025-10-03 19:24:09,mobile,/home,12,True
4203,755,2025-07-28 19:51:37,2025-07-28 20:12:37,mobile,/category/apparel,,False
4204,855,2025-08-09 20:28:40,2025-08-09 20:44:40,mobile,/home,,False
4205,1268,2025-11-14 11:14:35,2025-11-14 11:50:35,desktop,/product-search,,False
4206,,2024-06-23 18:24:18,2024-06-23 19:09:18,desktop,/category/apparel,,False
4207,569,2025-06-16 03:47:01,2025-06-16 04:12:01,mobile,/category/apparel,13,False
4208,1284,2025-12-09 00:25:07,2025-12-09 00:56:07,desktop,/deals,,True
4209,1420,2025-09-29 21:40:58,2025-09-29 21:51:58,desktop,/category/electronics,4,True
4210,790,2025-10-27 10:27:26,2025-10-27 11:05:26,tablet,/category/electronics,,False
4211,,2025-01-19 13:20:37,2025-01-19 13:31:37,tablet,/blog,6,False
4212,,2025-09-11 05:08:25,2025-09-11 05:31:25,desktop,/category/electronics,,True
4213,,2024-04-24 18:56:15,2024-04-24 19:11:15,desktop,/category/electronics,,False
4214,928,2025-05-07 17:46:49,2025-05-07 17:54:49,mobile,/category/electronics,,True
4215,,2024-06-18 15:37:11,2024-06-18 15:58:11,desktop,/deals,,False
4216,,2024-03-20 03:13:56,2024-03-20 03:23:56,mobile,/category/apparel,14,False
4217,,2025-07-02 15:52:18,2025-07-02 15:54:18,tablet,/blog,5,False
4218,,2025-02-21 05:34:03,2025-02-21 05:54:03,mobile,/product-search,,False
4219,731,2025-12-17 02:12:38,2025-12-17 02:37:38,mobile,/category/electronics,2,True
4220,143,2025-02-07 12:17:30,2025-02-07 12:27:30,desktop,/home,9,True
4221,941,2024-12-15 01:24:26,2024-12-15 02:07:26,tablet,/home,,False
4222,,2024-11-05 04:30:34,2024-11-05 04:52:34,desktop,/blog,,False
4223,,2025-09-06 21:01:35,2025-09-06 21:16:35,desktop,/blog,,False
4224,38,2025-12-31 15:52:15,2025-12-31 16:11:15,tablet,/home,,False
4225,,2025-04-17 04:37:18,2025-04-17 04:49:18,tablet,/home,13,False
4226,,2024-06-07 06:29:28,2024-06-07 07:11:28,mobile,/category/electronics,,False
4227,964,2025-07-02 21:47:12,2025-07-02 21:56:12,mobile,/deals,4,False
4228,165,2025-12-29 13:56:02,2025-12-29 14:39:02,tablet,/product-search,,True
4229,,2025-05-11 15:03:33,2025-05-11 15:43:33,mobile,/category/apparel,,False
4230,329,2025-08-07 08:57:03,2025-08-07 09:23:03,tablet,/product-search,,False
4231,935,2025-08-22 03:13:38,2025-08-22 03:15:38,desktop,/home,,True
4232,,2025-06-23 15:29:44,2025-06-23 15:32:44,desktop,/blog,,False
4233,964,2025-09-06 11:47:21,2025-09-06 12:27:21,mobile,/product-search,,False
4234,23,2025-07-05 06:25:32,2025-07-05 06:39:32,tablet,/deals,,False
4235,1287,2025-06-17 17:58:13,2025-06-17 18:07:13,mobile,/deals,,False
4236,,2025-06-25 03:03:26,2025-06-25 03:13:26,tablet,/deals,,False
4237,304,2024-06-21 21:20:51,2024-06-21 21:26:51,tablet,/category/electronics,4,False
4238,1455,2025-04-25 20:41:06,2025-04-25 20:52:06,desktop,/category/electronics,,False
4239,,2024-09-06 23:34:48,2024-09-07 00:03:48,desktop,/category/electronics,14,False
4240,174,2025-05-24 00:17:41,2025-05-24 01:02:41,tablet,/category/apparel,,False
4241,,2025-02-26 05:28:35,2025-02-26 05:51:35,mobile,/home,,False
4242,262,2024-10-22 08:54:46,2024-10-22 09:08:46,desktop,/product-search,,True
4243,648,2025-12-29 14:36:31,2025-12-29 15:03:31,desktop,/deals,3,False
4244,1178,2025-11-04 02:27:42,2025-11-04 03:02:42,tablet,/deals,12,False
4245,706,2025-07-20 01:34:47,2025-07-20 02:07:47,mobile,/deals,,False
4246,226,2025-10-27 21:10:50,2025-10-27 21:47:50,mobile,/blog,,False
4247,1284,2025-10-02 19:13:10,2025-10-02 19:26:10,mobile,/blog,,False
4248,1074,2025-08-31 17:17:00,2025-08-31 17:30:00,tablet,/blog,,False
4249,1350,2025-09-03 21:19:55,2025-09-03 21:57:55,desktop,/blog,9,False
4250,253,2025-10-03 01:41:32,2025-10-03 02:09:32,desktop,/product-search,,False
4251,,2025-12-08 09:41:08,2025-12-08 09:54:08,mobile,/category/electronics,,True
4252,771,2025-05-04 03:15:13,2025-05-04 03:51:13,mobile,/deals,,False
4253,,2025-01-18 22:35:05,2025-01-18 23:01:05,tablet,/deals,,False
4254,772,2025-11-17 19:35:12,2025-11-17 20:04:12,desktop,/product-search,,False
4255,,2024-06-11 04:07:38,2024-06-11 04:41:38,mobile,/category/electronics,,False
4256,601,2025-12-10 03:19:37,2025-12-10 03:26:37,desktop,/home,14,False
4257,1311,2025-01-08 05:31:45,2025-01-08 05:57:45,tablet,/blog,,False
4258,,2025-08-19 22:14:17,2025-08-19 22:19:17,desktop,/blog,,False
4259,1495,2024-04-01 05:56:15,2024-04-01 06:41:15,tablet,/product-search,,False
4260,,2024-03-27 20:21:32,2024-03-27 20:55:32,desktop,/blog,,False
4261,,2025-03-06 18:38:46,2025-03-06 19:18:46,tablet,/home,,False
4262,821,2025-12-27 11:26:05,2025-12-27 11:49:05,tablet,/category/apparel,,True
4263,1482,2025-09-16 07:25:46,2025-09-16 07:45:46,mobile,/blog,12,False
4264,1043,2025-03-25 09:36:53,2025-03-25 10:06:53,tablet,/category/apparel,6,False
4265,1122,2025-12-07 18:37:31,2025-12-07 19:16:31,desktop,/blog,,False
4266,781,2025-12-30 00:54:05,2025-12-30 01:32:05,tablet,/category/apparel,13,False
4267,861,2025-11-30 06:04:36,2025-11-30 06:30:36,desktop,/deals,4,False
4268,,2025-09-07 01:39:12,2025-09-07 01:56:12,mobile,/category/apparel,2,False
4269,,2024-11-13 22:50:18,2024-11-13 23:23:18,desktop,/home,,False
4270,499,2025-07-20 18:01:31,2025-07-20 18:21:31,desktop,/category/apparel,4,False
4271,,2025-01-27 15:28:17,2025-01-27 15:58:17,desktop,/category/electronics,,False
4272,1027,2025-12-29 18:53:47,2025-12-29 19:23:47,desktop,/product-search,5,False
4273,,2025-04-08 08:32:18,2025-04-08 08:52:18,desktop,/product-search,,False
4274,881,2025-11-10 02:03:46,2025-11-10 02:37:46,mobile,/blog,6,False
4275,412,2025-12-04 05:52:06,2025-12-04 06:28:06,desktop,/blog,,False
4276,379,2025-10-06 17:08:58,2025-10-06 17:20:58,tablet,/product-search,15,False
4277,1138,2025-09-03 17:49:00,2025-09-03 18:34:00,tablet,/blog,,False
4278,838,2025-02-13 10:12:14,2025-02-13 10:48:14,mobile,/home,,False
4279,193,2025-11-05 11:57:57,2025-11-05 12:21:57,mobile,/blog,8,True
4280,,2025-11-05 03:49:42,2025-11-05 04:11:42,mobile,/category/apparel,,False
4281,566,2024-04-18 10:45:23,2024-04-18 11:01:23,mobile,/blog,,False
4282,722,2025-11-12 16:49:48,2025-11-12 16:56:48,mobile,/deals,,False
4283,960,2025-05-04 15:29:37,2025-05-04 16:01:37,tablet,/product-search,11,True
4284,1385,2025-06-23 19:37:20,2025-06-23 19:39:20,desktop,/blog,,False
4285,1321,2024-10-14 14:01:02,2024-10-14 14:36:02,mobile,/category/apparel,,False
4286,1059,2025-10-01 06:45:25,2025-10-01 06:48:25,tablet,/home,,True
4287,1433,2025-12-20 20:40:34,2025-12-20 21:18:34,mobile,/category/electronics,11,False
4288,128,2025-07-10 22:57:58,2025-07-10 23:41:58,tablet,/blog,7,False
4289,,2025-03-14 11:08:29,2025-03-14 11:47:29,desktop,/deals,15,False
4290,535,2025-10-12 23:33:46,2025-10-12 23:45:46,desktop,/home,4,False
4291,,2024-05-16 07:39:53,2024-05-16 08:10:53,tablet,/home,3,False
4292,927,2025-09-23 04:02:02,2025-09-23 04:05:02,tablet,/blog,4,True
4293,755,2025-01-23 22:57:14,2025-01-23 23:16:14,tablet,/category/apparel,,False
4294,1172,2025-07-26 09:48:19,2025-07-26 10:16:19,tablet,/category/apparel,3,False
4295,140,2025-02-19 00:31:58,2025-02-19 00:44:58,mobile,/blog,9,False
4296,884,2025-05-02 13:51:42,2025-05-02 14:06:42,desktop,/category/apparel,1,False
4297,199,2025-12-28 09:44:14,2025-12-28 10:03:14,tablet,/home,5,False
4298,,2024-06-29 23:57:43,2024-06-30 00:11:43,desktop,/category/electronics,,False
4299,1007,2025-10-29 21:19:06,2025-10-29 21:51:06,mobile,/category/electronics,7,True
4300,1341,2024-07-16 23:38:09,2024-07-17 00:09:09,tablet,/category/apparel,,True
4301,551,2025-11-18 05:19:13,2025-11-18 05:46:13,desktop,/deals,,False
4302,,2024-01-27 07:32:02,2024-01-27 07:39:02,desktop,/blog,5,False
4303,,2025-12-25 17:21:21,2025-12-25 17:52:21,tablet,/category/apparel,8,False
4304,1269,2025-09-02 08:20:42,2025-09-02 08:31:42,tablet,/blog,,False
4305,1172,2025-10-31 08:35:38,2025-10-31 08:50:38,mobile,/category/apparel,,True
4306,1385,2024-11-14 09:44:14,2024-11-14 10:24:14,mobile,/product-search,,False
4307,1080,2025-10-28 05:56:29,2025-10-28 06:10:29,mobile,/product-search,,True
4308,1352,2025-12-01 22:26:13,2025-12-01 22:45:13,tablet,/product-search,,False
4309,1358,2025-04-28 19:36:58,2025-04-28 20:08:58,mobile,/deals,,False
4310,,2024-12-25 15:13:32,2024-12-25 15:39:32,tablet,/home,3,False
4311,1075,2024-08-06 02:54:43,2024-08-06 03:16:43,mobile,/category/apparel,,False
4312,,2025-07-14 20:49:12,2025-07-14 21:13:12,mobile,/blog,,False
4313,580,2024-09-14 08:39:33,2024-09-14 09:19:33,desktop,/category/electronics,,False
4314,1487,2025-02-05 22:50:33,2025-02-05 23:28:33,desktop,/home,,False
4315,813,2025-12-27 14:40:17,2025-12-27 15:18:17,desktop,/deals,7,False
4316,561,2025-02-13 02:43:38,2025-02-13 02:51:38,tablet,/home,10,False
4317,,2024-06-18 14:07:00,2024-06-18 14:24:00,tablet,/category/electronics,6,False
4318,742,2025-06-19 00:11:26,2025-06-19 00:13:26,mobile,/category/apparel,,True
4319,573,2025-12-06 20:56:21,2025-12-06 21:10:21,desktop,/deals,,False
4320,364,2025-11-09 10:12:32,2025-11-09 10:24:32,desktop,/home,,False
4321,919,2025-11-22 13:34:11,2025-11-22 13:40:11,desktop,/product-search,12,False
4322,,2024-02-29 21:18:49,2024-02-29 22:00:49,tablet,/blog,7,False
4323,292,2025-06-08 08:55:49,2025-06-08 09:40:49,mobile,/deals,,False
4324,439,2025-11-30 18:15:58,2025-11-30 18:32:58,desktop,/category/apparel,,True
4325,,2025-11-20 11:23:07,2025-11-20 12:01:07,desktop,/category/electronics,6,False
4326,,2024-12-22 11:03:58,2024-12-22 11:35:58,tablet,/category/apparel,14,False
4327,1465,2025-10-09 09:04:51,2025-10-09 09:41:51,mobile,/deals,7,False
4328,830,2025-12-28 05:55:49,2025-12-28 06:37:49,desktop,/blog,,False
4329,,2025-01-27 06:54:28,2025-01-27 06:59:28,tablet,/home,5,False
4330,,2024-02-01 05:56:26,2024-02-01 06:26:26,tablet,/deals,,False
4331,691,2025-03-22 13:35:09,2025-03-22 13:37:09,desktop,/category/electronics,14,False
4332,449,2024-10-04 15:18:20,2024-10-04 15:40:20,mobile,/blog,,False
4333,1098,2025-12-25 12:08:05,2025-12-25 12:26:05,desktop,/deals,,True
4334,,2024-05-19 16:40:15,2024-05-19 17:16:15,desktop,/category/apparel,,False
4335,712,2025-05-21 20:10:10,2025-05-21 20:19:10,tablet,/home,,False
4336,634,2025-11-30 02:38:24,2025-11-30 02:54:24,desktop,/blog,,False
4337,19,2025-09-29 10:57:00,2025-09-29 11:30:00,tablet,/blog,7,False
4338,,2025-12-31 08:10:22,2025-12-31 08:34:22,mobile,/blog,,False
4339,1212,2025-12-01 04:10:50,2025-12-01 04:54:50,desktop,/deals,7,False
4340,8,2025-09-25 16:56:22,2025-09-25 17:05:22,tablet,/category/electronics,15,True
4341,,2025-01-14 23:48:28,2025-01-15 00:12:28,mobile,/category/electronics,,False
4342,,2024-03-25 20:41:43,2024-03-25 21:17:43,desktop,/deals,7,False
4343,1104,2025-07-22 08:52:16,2025-07-22 09:37:16,desktop,/category/apparel,4,True
4344,488,2025-04-30 02:29:13,2025-04-30 03:01:13,desktop,/blog,,False
4345,,2025-06-20 05:49:42,2025-06-20 06:32:42,mobile,/blog,10,False
4346,,2024-12-04 20:58:51,2024-12-04 21:00:51,tablet,/home,10,False
4347,1377,2025-11-16 11:51:04,2025-11-16 12:04:04,mobile,/blog,,False
4348,1056,2025-12-26 00:27:16,2025-12-26 00:40:16,tablet,/category/apparel,,False
4349,443,2024-11-04 19:15:02,2024-11-04 19:39:02,mobile,/category/apparel,3,False
4350,1217,2025-08-01 13:46:38,2025-08-01 13:56:38,mobile,/category/electronics,,False
4351,,2025-11-14 16:12:46,2025-11-14 16:14:46,tablet,/product-search,,False
4352,768,2025-09-12 07:33:43,2025-09-12 08:17:43,mobile,/blog,8,False
4353,,2024-05-28 07:34:12,2024-05-28 07:49:12,mobile,/deals,,False
4354,829,2025-04-13 03:21:01,2025-04-13 03:42:01,mobile,/category/electronics,8,False
4355,,2025-08-07 02:03:57,2025-08-07 02:14:57,tablet,/product-search,,False
4356,986,2025-12-15 02:17:45,2025-12-15 02:27:45,mobile,/deals,13,False
4357,1231,2025-11-13 07:53:16,2025-11-13 08:11:16,tablet,/blog,,True
4358,1169,2025-10-05 05:18:57,2025-10-05 05:49:57,mobile,/product-search,11,False
4359,,2025-07-17 08:28:44,2025-07-17 09:00:44,tablet,/product-search,,False
4360,1330,2025-12-17 08:48:57,2025-12-17 09:00:57,mobile,/product-search,,False
4361,1424,2025-08-24 08:03:53,2025-08-24 08:08:53,mobile,/blog,,False
4362,867,2025-12-23 05:21:00,2025-12-23 05:56:00,mobile,/category/apparel,,False
4363,,2024-06-21 20:47:14,2024-06-21 21:22:14,desktop,/category/electronics,3,False
4364,1428,2025-02-07 10:51:17,2025-02-07 11:01:17,mobile,/category/apparel,,True
4365,283,2025-05-08 03:25:02,2025-05-08 03:50:02,mobile,/deals,,True
4366,461,2024-10-05 15:05:13,2024-10-05 15:21:13,mobile,/product-search,12,False
4367,,2025-08-26 12:36:13,2025-08-26 12:43:13,mobile,/deals,,False
4368,1048,2025-09-01 09:30:14,2025-09-01 09:54:14,mobile,/product-search,,True
4369,,2024-11-15 19:27:02,2024-11-15 19:56:02,desktop,/deals,9,False
4370,,2024-02-14 20:37:11,2024-02-14 20:46:11,desktop,/category/apparel,,False
4371,1034,2025-07-20 21:38:13,2025-07-20 22:15:13,tablet,/category/apparel,,True
4372,1194,2025-06-21 06:54:20,2025-06-21 07:27:20,mobile,/category/electronics,,False
4373,,2024-05-20 18:30:44,2024-05-20 18:54:44,desktop,/home,,False
4374,,2025-05-23 12:33:26,2025-05-23 12:52:26,mobile,/product-search,8,False
4375,,2024-10-18 18:30:19,2024-10-18 18:56:19,tablet,/home,13,False
4376,1255,2025-05-29 14:43:51,2025-05-29 15:21:51,mobile,/blog,2,False
4377,1247,2024-04-26 22:39:41,2024-04-26 23:14:41,desktop,/blog,,False
4378,,2025-02-26 18:42:41,2025-02-26 18:56:41,desktop,/product-search,8,False
4379,,2024-08-29 00:46:02,2024-08-29 01:11:02,mobile,/category/electronics,,False
4380,473,2025-04-22 21:17:25,2025-04-22 21:21:25,mobile,/home,10,False
4381,862,2025-12-31 18:58:04,2025-12-31 19:11:04,desktop,/category/apparel,,False
4382,,2024-06-08 04:23:07,2024-06-08 04:44:07,mobile,/home,,False
4383,28,2025-04-19 16:12:53,2025-04-19 16:43:53,mobile,/category/electronics,,False
4384,459,2025-12-17 05:06:00,2025-12-17 05:22:00,tablet,/home,15,False
4385,273,2025-04-10 13:37:47,2025-04-10 14:21:47,tablet,/blog,,False
4386,,2024-02-05 19:47:18,2024-02-05 20:28:18,desktop,/category/electronics,,False
4387,92,2025-12-11 01:13:06,2025-12-11 01:35:06,mobile,/product-search,10,True
4388,1391,2025-12-30 12:01:02,2025-12-30 12:35:02,desktop,/home,,False
4389,1465,2025-04-24 10:00:24,2025-04-24 10:17:24,mobile,/category/apparel,,False
4390,328,2025-07-07 07:05:32,2025-07-07 07:43:32,tablet,/category/electronics,,False
4391,1135,2024-08-17 13:52:07,2024-08-17 13:58:07,desktop,/home,,False
4392,1381,2025-07-01 08:14:32,2025-07-01 08:51:32,mobile,/product-search,,True
4393,100,2025-07-08 06:45:58,2025-07-08 06:55:58,tablet,/category/electronics,,False
4394,,2024-01-28 17:08:03,2024-01-28 17:16:03,tablet,/blog,,False
4395,819,2025-08-28 05:08:22,2025-08-28 05:50:22,mobile,/deals,,False
4396,186,2025-08-29 18:15:43,2025-08-29 18:30:43,tablet,/deals,,True
4397,1280,2025-12-23 03:39:10,2025-12-23 03:51:10,tablet,/blog,13,False
4398,698,2025-12-13 18:20:02,2025-12-13 18:40:02,mobile,/deals,,False
4399,186,2025-08-07 00:37:35,2025-08-07 01:02:35,tablet,/deals,4,False
4400,,2024-11-15 05:58:44,2024-11-15 06:01:44,desktop,/blog,,False
4401,412,2025-12-08 04:11:12,2025-12-08 04:24:12,tablet,/deals,5,True
4402,1449,2024-10-14 08:21:38,2024-10-14 08:30:38,tablet,/product-search,13,False
4403,1104,2025-06-07 00:53:19,2025-06-07 01:05:19,mobile,/home,,False
4404,554,2025-12-04 05:00:38,2025-12-04 05:19:38,tablet,/deals,10,False
4405,,2024-05-10 18:17:06,2024-05-10 18:41:06,mobile,/blog,,False
4406,1436,2024-08-24 08:47:07,2024-08-24 09:20:07,tablet,/blog,,False
4407,1387,2025-06-29 12:26:22,2025-06-29 12:31:22,desktop,/category/electronics,,False
4408,85,2025-12-18 18:02:41,2025-12-18 18:17:41,tablet,/category/electronics,7,False
4409,483,2025-11-11 13:53:13,2025-11-11 14:37:13,desktop,/category/electronics,,False
4410,47,2025-05-25 15:34:03,2025-05-25 16:15:03,mobile,/deals,3,False
4411,767,2025-08-12 19:17:37,2025-08-12 19:19:37,desktop,/deals,8,True
4412,,2024-08-05 04:44:36,2024-08-05 04:46:36,mobile,/product-search,,False
4413,,2024-11-26 17:56:45,2024-11-26 18:30:45,tablet,/blog,,False
4414,1496,2025-01-20 07:45:50,2025-01-20 08:05:50,desktop,/category/apparel,,False
4415,982,2025-12-14 04:03:42,2025-12-14 04:06:42,mobile,/product-search,,False
4416,467,2025-05-14 05:41:18,2025-05-14 06:04:18,tablet,/home,,False
4417,925,2025-07-31 17:55:52,2025-07-31 18:01:52,mobile,/category/electronics,,False
4418,,2024-10-13 08:59:24,2024-10-13 09:23:24,tablet,/blog,12,False
4419,608,2025-03-29 15:59:43,2025-03-29 16:40:43,mobile,/category/apparel,,False
4420,1480,2025-02-03 08:09:24,2025-02-03 08:34:24,mobile,/home,6,False
4421,1163,2024-08-03 17:40:39,2024-08-03 17:52:39,mobile,/category/electronics,,False
4422,,2025-09-29 16:00:51,2025-09-29 16:33:51,mobile,/blog,13,False
4423,1364,2025-05-14 02:33:40,2025-05-14 02:34:40,mobile,/category/electronics,7,True
4424,780,2025-01-02 04:43:14,2025-01-02 04:58:14,mobile,/product-search,,False
4425,,2024-04-02 04:18:47,2024-04-02 04:31:47,mobile,/blog,,False
4426,,2024-08-24 19:00:36,2024-08-24 19:39:36,desktop,/deals,,False
4427,,2025-01-10 15:07:33,2025-01-10 15:31:33,mobile,/category/apparel,,False
4428,,2025-11-07 19:50:09,2025-11-07 20:16:09,desktop,/deals,10,False
4429,402,2025-12-30 16:51:47,2025-12-30 17:06:47,tablet,/category/apparel,,False
4430,,2024-09-21 18:59:57,2024-09-21 19:13:57,desktop,/blog,,False
4431,531,2025-11-17 15:16:57,2025-11-17 15:47:57,mobile,/category/apparel,,False
4432,1198,2025-07-27 18:51:49,2025-07-27 19:25:49,tablet,/category/electronics,,False
4433,,2025-09-13 00:23:53,2025-09-13 00:32:53,tablet,/product-search,,False
4434,1331,2025-11-03 21:27:57,2025-11-03 22:10:57,tablet,/deals,3,True
4435,88,2025-09-08 03:54:56,2025-09-08 04:29:56,mobile,/category/apparel,,False
4436,600,2025-12-04 13:19:52,2025-12-04 13:54:52,desktop,/deals,4,True
4437,,2025-04-01 17:26:52,2025-04-01 17:44:52,tablet,/blog,,False
4438,1466,2025-10-02 17:20:50,2025-10-02 17:48:50,desktop,/category/apparel,,False
4439,326,2025-03-12 12:26:01,2025-03-12 12:52:01,desktop,/blog,,True
4440,1076,2025-08-23 07:13:27,2025-08-23 07:19:27,tablet,/blog,,True
4441,,2025-09-11 10:28:17,2025-09-11 11:05:17,desktop,/product-search,,False
4442,877,2025-11-01 15:58:50,2025-11-01 16:36:50,tablet,/category/electronics,,False
4443,,2024-12-26 19:18:02,2024-12-26 20:01:02,tablet,/category/apparel,,False
4444,808,2025-10-02 23:30:44,2025-10-03 00:07:44,mobile,/blog,11,False
4445,526,2025-12-03 21:46:56,2025-12-03 22:27:56,tablet,/deals,9,False
4446,,2024-11-18 05:03:51,2024-11-18 05:14:51,mobile,/deals,12,False
4447,,2025-05-12 08:44:26,2025-05-12 09:26:26,desktop,/deals,,False
4448,,2025-06-21 23:20:23,2025-06-21 23:26:23,mobile,/blog,14,False
4449,55,2025-12-10 21:57:20,2025-12-10 22:17:20,mobile,/category/electronics,,False
4450,855,2025-12-16 22:04:15,2025-12-16 22:27:15,mobile,/blog,4,False
4451,,2024-04-17 18:13:28,2024-04-17 18:54:28,mobile,/category/electronics,,False
4452,553,2024-09-13 14:16:24,2024-09-13 14:44:24,desktop,/product-search,,False
4453,,2024-01-30 22:42:21,2024-01-30 22:45:21,desktop,/deals,9,False
4454,,2025-02-07 18:28:40,2025-02-07 19:13:40,mobile,/deals,,False
4455,,2025-06-08 09:59:47,2025-06-08 10:06:47,mobile,/home,,False
4456,740,2024-04-28 19:13:50,2024-04-28 19:45:50,mobile,/blog,,True
4457,117,2025-12-17 11:48:34,2025-12-17 11:53:34,mobile,/home,,False
4458,1024,2025-03-23 09:11:18,2025-03-23 09:19:18,desktop,/category/apparel,11,False
4459,,2025-08-18 04:02:33,2025-08-18 04:31:33,tablet,/category/electronics,,False
4460,114,2025-08-30 15:16:46,2025-08-30 16:01:46,tablet,/category/apparel,7,True
4461,,2024-01-15 16:48:55,2024-01-15 17:18:55,desktop,/category/electronics,,False
4462,134,2025-10-03 07:48:15,2025-10-03 08:17:15,mobile,/category/apparel,,False
4463,,2024-05-30 13:56:06,2024-05-30 14:08:06,mobile,/deals,4,False
4464,832,2025-12-29 07:28:40,2025-12-29 08:04:40,tablet,/product-search,,False
4465,1439,2025-03-26 17:36:02,2025-03-26 17:56:02,mobile,/blog,,False
4466,594,2025-06-08 22:44:21,2025-06-08 23:21:21,desktop,/home,4,False
4467,,2025-01-01 12:43:59,2025-01-01 13:00:59,tablet,/category/electronics,,True
4468,,2024-06-20 09:56:40,2024-06-20 10:22:40,mobile,/category/electronics,15,False
4469,872,2025-12-16 23:23:15,2025-12-16 23:39:15,mobile,/category/apparel,,False
4470,846,2024-01-28 17:39:35,2024-01-28 17:51:35,tablet,/product-search,8,False
4471,1262,2025-01-27 21:39:30,2025-01-27 22:01:30,tablet,/home,,False
4472,710,2024-11-05 09:40:40,2024-11-05 10:08:40,tablet,/product-search,,False
4473,455,2024-09-26 19:22:25,2024-09-26 19:51:25,tablet,/blog,,False
4474,,2024-11-17 17:00:39,2024-11-17 17:45:39,desktop,/deals,2,False
4475,1016,2025-11-18 09:37:50,2025-11-18 09:57:50,desktop,/home,,False
4476,991,2025-03-08 16:09:34,2025-03-08 16:30:34,tablet,/deals,,True
4477,109,2025-12-30 23:17:53,2025-12-30 23:22:53,mobile,/product-search,,False
4478,277,2025-08-19 06:13:57,2025-08-19 06:14:57,tablet,/home,8,False
4479,1337,2025-09-22 16:24:34,2025-09-22 16:51:34,tablet,/home,,True
4480,477,2025-05-08 05:40:54,2025-05-08 05:47:54,tablet,/home,8,True
4481,,2024-11-25 02:58:28,2024-11-25 03:20:28,desktop,/home,,False
4482,,2024-06-03 20:01:47,2024-06-03 20:40:47,mobile,/category/electronics,,False
4483,353,2025-09-23 02:27:44,2025-09-23 02:58:44,desktop,/product-search,,False
4484,,2025-09-28 05:49:01,2025-09-28 06:17:01,mobile,/blog,7,False
4485,29,2025-09-23 19:26:22,2025-09-23 20:08:22,tablet,/category/electronics,2,True
4486,721,2025-12-24 17:35:36,2025-12-24 17:39:36,mobile,/product-search,,True
4487,1061,2025-09-27 11:33:25,2025-09-27 11:50:25,mobile,/category/electronics,,False
4488,,2025-08-16 06:18:14,2025-08-16 06:46:14,desktop,/blog,,False
4489,181,2025-03-18 20:36:53,2025-03-18 20:40:53,mobile,/home,,False
4490,199,2025-12-30 23:41:59,2025-12-30 23:46:59,mobile,/product-search,,False
4491,1444,2025-10-07 16:21:06,2025-10-07 16:27:06,desktop,/category/apparel,,False
4492,,2024-12-17 12:09:57,2024-12-17 12:23:57,desktop,/category/apparel,11,False
4493,1199,2025-12-19 07:13:10,2025-12-19 07:48:10,desktop,/category/electronics,9,False
4494,1013,2025-07-21 06:09:05,2025-07-21 06:20:05,mobile,/blog,,False
4495,,2025-10-24 22:14:53,2025-10-24 22:45:53,desktop,/product-search,,False
4496,83,2025-03-16 17:30:43,2025-03-16 17:38:43,desktop,/category/electronics,5,False
4497,799,2025-04-28 00:57:03,2025-04-28 01:02:03,desktop,/product-search,,False
4498,311,2025-11-18 19:03:01,2025-11-18 19:36:01,mobile,/deals,,False
4499,525,2025-09-12 19:15:43,2025-09-12 19:54:43,tablet,/home,,False
4500,89,2025-06-02 08:08:40,2025-06-02 08:29:40,tablet,/category/electronics,,False
4501,,2024-06-29 01:13:55,2024-06-29 01:17:55,desktop,/deals,,True
4502,996,2025-05-08 19:45:29,2025-05-08 20:16:29,mobile,/blog,,False
4503,441,2025-11-18 15:27:46,2025-11-18 16:03:46,tablet,/deals,9,False
4504,744,2025-09-25 04:24:04,2025-09-25 04:56:04,tablet,/blog,,False
4505,1405,2025-10-27 07:50:31,2025-10-27 08:30:31,tablet,/home,,False
4506,,2025-07-29 12:07:38,2025-07-29 12:13:38,desktop,/home,,False
4507,1270,2025-06-10 04:51:20,2025-06-10 05:13:20,mobile,/deals,1,False
4508,,2024-05-20 03:39:31,2024-05-20 04:15:31,tablet,/category/electronics,,False
4509,622,2025-08-15 20:04:02,2025-08-15 20:41:02,desktop,/product-search,,False
4510,,2024-08-20 01:54:14,2024-08-20 01:57:14,desktop,/product-search,12,False
4511,361,2025-09-06 01:29:09,2025-09-06 02:08:09,mobile,/category/apparel,10,False
4512,,2024-07-10 07:38:24,2024-07-10 08:00:24,mobile,/product-search,,False
4513,,2024-06-18 13:09:54,2024-06-18 13:34:54,desktop,/category/apparel,4,False
4514,,2024-06-12 17:01:38,2024-06-12 17:12:38,desktop,/category/apparel,13,False
4515,,2024-08-19 16:10:54,2024-08-19 16:22:54,desktop,/product-search,4,False
4516,,2024-09-11 01:08:30,2024-09-11 01:31:30,mobile,/deals,,False
4517,,2024-07-30 14:39:13,2024-07-30 14:52:13,tablet,/category/electronics,,False
4518,1221,2025-06-10 07:13:48,2025-06-10 07:56:48,mobile,/deals,1,False
4519,350,2025-12-13 09:40:54,2025-12-13 09:52:54,desktop,/home,,False
4520,1290,2025-03-09 22:09:50,2025-03-09 22:24:50,desktop,/deals,,False
4521,745,2025-09-28 10:40:29,2025-09-28 11:22:29,desktop,/blog,3,False
4522,326,2025-05-14 01:00:18,2025-05-14 01:04:18,mobile,/home,9,True
4523,901,2025-12-21 10:50:50,2025-12-21 10:59:50,mobile,/blog,8,False
4524,,2024-12-04 03:37:44,2024-12-04 03:49:44,desktop,/deals,2,False
4525,,2024-05-04 23:44:53,2024-05-05 00:00:53,desktop,/category/apparel,,False
4526,1284,2025-10-06 18:00:20,2025-10-06 18:02:20,desktop,/category/electronics,8,False
4527,,2025-02-04 06:13:01,2025-02-04 06:32:01,desktop,/category/apparel,,False
4528,,2024-06-05 03:43:24,2024-06-05 04:03:24,mobile,/category/apparel,,False
4529,,2024-07-31 10:48:11,2024-07-31 11:16:11,desktop,/blog,,False
4530,1233,2025-07-01 23:25:59,2025-07-01 23:54:59,mobile,/product-search,,False
4531,,2025-09-24 12:11:07,2025-09-24 12:52:07,mobile,/home,,False
4532,,2025-12-22 23:37:32,2025-12-22 23:53:32,mobile,/category/electronics,,False
4533,,2025-05-28 22:35:31,2025-05-28 22:46:31,desktop,/product-search,13,False
4534,619,2025-04-20 14:44:17,2025-04-20 15:02:17,tablet,/category/electronics,,False
4535,27,2024-03-29 08:30:36,2024-03-29 09:02:36,mobile,/product-search,,False
4536,634,2025-12-30 13:50:01,2025-12-30 14:12:01,tablet,/category/apparel,,True
4537,,2024-09-27 15:30:58,2024-09-27 16:07:58,tablet,/deals,,False
4538,499,2024-08-15 09:24:56,2024-08-15 09:39:56,mobile,/product-search,7,False
4539,6,2025-10-06 16:41:10,2025-10-06 16:48:10,mobile,/home,,False
4540,775,2025-12-15 05:47:51,2025-12-15 06:26:51,desktop,/category/apparel,,False
4541,323,2025-11-15 08:14:34,2025-11-15 08:25:34,mobile,/home,13,False
4542,656,2025-10-25 10:07:24,2025-10-25 10:22:24,desktop,/blog,,True
4543,682,2024-06-07 14:45:52,2024-06-07 15:02:52,tablet,/deals,,False
4544,1237,2025-11-10 08:23:53,2025-11-10 08:54:53,tablet,/home,,False
4545,1352,2025-12-20 08:25:36,2025-12-20 09:05:36,mobile,/deals,,False
4546,333,2025-12-29 18:49:04,2025-12-29 19:17:04,tablet,/category/apparel,,False
4547,,2025-02-03 13:29:25,2025-02-03 13:42:25,mobile,/blog,5,False
4548,,2025-10-12 07:50:29,2025-10-12 08:34:29,mobile,/product-search,3,False
4549,,2025-01-31 11:21:19,2025-01-31 12:01:19,mobile,/product-search,,False
4550,,2024-10-12 05:32:11,2024-10-12 05:35:11,tablet,/product-search,11,False
4551,,2024-04-06 03:30:11,2024-04-06 04:11:11,mobile,/product-search,,False
4552,,2024-10-05 09:38:39,2024-10-05 10:20:39,tablet,/deals,10,False
4553,,2024-04-05 17:22:22,2024-04-05 18:01:22,mobile,/product-search,,False
4554,1153,2025-12-31 08:47:47,2025-12-31 08:58:47,desktop,/blog,,False
4555,417,2025-11-13 18:19:37,2025-11-13 18:49:37,mobile,/category/electronics,11,False
4556,1139,2024-05-31 21:14:47,2024-05-31 21:34:47,desktop,/product-search,4,False
4557,1159,2024-09-14 00:09:59,2024-09-14 00:38:59,tablet,/category/electronics,,False
4558,,2024-05-15 14:21:58,2024-05-15 14:42:58,mobile,/product-search,7,False
4559,244,2025-12-05 17:44:29,2025-12-05 18:25:29,tablet,/category/apparel,,False
4560,1314,2025-10-22 08:53:23,2025-10-22 09:25:23,mobile,/product-search,,False
4561,26,2025-08-17 09:02:23,2025-08-17 09:17:23,tablet,/home,1,False
4562,488,2024-10-30 13:53:10,2024-10-30 14:33:10,mobile,/category/electronics,,False
4563,,2024-06-27 18:50:17,2024-06-27 19:09:17,mobile,/category/electronics,,False
4564,247,2025-09-04 21:07:29,2025-09-04 21:41:29,tablet,/category/electronics,,False
4565,1428,2025-09-18 17:15:07,2025-09-18 17:38:07,mobile,/category/apparel,,False
4566,930,2025-10-03 03:41:27,2025-10-03 03:58:27,tablet,/home,,False
4567,54,2025-11-05 11:34:54,2025-11-05 12:11:54,desktop,/category/apparel,5,False
4568,195,2025-10-09 16:57:39,2025-10-09 17:36:39,mobile,/deals,13,False
4569,,2025-05-16 04:34:43,2025-05-16 04:43:43,mobile,/blog,7,False
4570,960,2025-05-19 13:27:11,2025-05-19 14:11:11,mobile,/category/electronics,,False
4571,1270,2025-04-07 11:42:13,2025-04-07 11:53:13,tablet,/deals,3,False
4572,1471,2025-06-13 18:27:50,2025-06-13 18:42:50,mobile,/category/apparel,,True
4573,,2025-01-29 02:19:48,2025-01-29 03:01:48,mobile,/product-search,,False
4574,,2025-03-29 05:04:49,2025-03-29 05:37:49,mobile,/deals,,False
4575,1247,2024-05-23 04:59:49,2024-05-23 05:18:49,tablet,/deals,5,False
4576,1115,2024-10-07 12:28:57,2024-10-07 12:49:57,desktop,/category/apparel,7,False
4577,,2025-06-20 16:08:17,2025-06-20 16:53:17,tablet,/category/electronics,,False
4578,1408,2024-08-18 04:09:55,2024-08-18 04:41:55,desktop,/product-search,,False
4579,120,2025-08-18 12:00:28,2025-08-18 12:41:28,tablet,/category/apparel,,False
4580,1456,2025-04-15 16:48:31,2025-04-15 17:21:31,desktop,/home,,False
4581,,2025-10-06 09:21:45,2025-10-06 09:33:45,tablet,/home,,False
4582,1319,2025-01-24 15:15:35,2025-01-24 15:27:35,tablet,/home,3,False
4583,1482,2025-11-08 09:32:56,2025-11-08 09:46:56,tablet,/category/electronics,,True
4584,276,2025-12-28 13:59:26,2025-12-28 14:04:26,mobile,/blog,,False
4585,190,2024-11-30 13:24:54,2024-11-30 14:08:54,desktop,/home,4,False
4586,,2025-09-21 06:46:03,2025-09-21 07:27:03,desktop,/deals,6,False
4587,860,2025-12-07 06:19:50,2025-12-07 06:22:50,mobile,/category/electronics,5,False
4588,535,2025-10-03 15:32:34,2025-10-03 15:34:34,tablet,/category/apparel,,True
4589,,2025-06-20 04:06:09,2025-06-20 04:42:09,mobile,/category/apparel,8,False
4590,1205,2025-10-02 10:33:44,2025-10-02 11:14:44,tablet,/category/electronics,,False
4591,,2024-04-06 13:05:32,2024-04-06 13:12:32,mobile,/category/electronics,8,False
4592,,2024-12-21 00:13:47,2024-12-21 00:15:47,desktop,/blog,10,False
4593,291,2025-12-11 00:47:54,2025-12-11 01:08:54,desktop,/product-search,,False
4594,1326,2025-10-20 15:32:42,2025-10-20 15:41:42,tablet,/category/electronics,,False
4595,928,2025-01-02 23:53:07,2025-01-03 00:16:07,desktop,/blog,,False
4596,1149,2025-05-18 19:10:16,2025-05-18 19:45:16,tablet,/blog,,False
4597,,2025-11-23 20:59:11,2025-11-23 21:07:11,mobile,/category/electronics,,False
4598,832,2025-08-08 02:41:09,2025-08-08 03:21:09,mobile,/product-search,,True
4599,349,2024-11-15 21:26:21,2024-11-15 22:04:21,mobile,/blog,,False
4600,384,2025-08-14 05:46:28,2025-08-14 06:25:28,tablet,/home,,False
4601,,2025-05-27 12:01:09,2025-05-27 12:17:09,desktop,/blog,,False
4602,,2025-12-27 04:57:30,2025-12-27 05:35:30,desktop,/product-search,,False
4603,,2025-01-24 23:23:04,2025-01-24 23:29:04,tablet,/blog,13,False
4604,984,2025-09-18 04:33:53,2025-09-18 04:49:53,desktop,/category/apparel,,True
4605,,2025-11-03 13:51:33,2025-11-03 14:06:33,mobile,/blog,,False
4606,645,2025-09-27 21:34:04,2025-09-27 22:13:04,tablet,/blog,,False
4607,993,2025-09-08 01:02:18,2025-09-08 01:04:18,tablet,/blog,,False
4608,,2024-04-30 03:22:23,2024-04-30 03:29:23,mobile,/blog,,False
4609,182,2025-12-17 17:05:31,2025-12-17 17:50:31,desktop,/blog,10,False
4610,1083,2025-07-30 20:55:35,2025-07-30 20:58:35,tablet,/category/apparel,7,False
4611,435,2025-09-08 07:07:29,2025-09-08 07:39:29,desktop,/home,,False
4612,542,2025-12-24 05:44:15,2025-12-24 06:22:15,mobile,/category/apparel,,False
4613,,2025-10-07 12:42:37,2025-10-07 13:03:37,tablet,/category/apparel,,False
4614,379,2025-11-05 01:02:40,2025-11-05 01:12:40,desktop,/blog,7,False
4615,,2024-04-09 04:29:53,2024-04-09 05:04:53,desktop,/home,,False
4616,,2024-02-21 03:58:00,2024-02-21 04:03:00,mobile,/home,2,False
4617,,2025-12-25 10:33:56,2025-12-25 10:55:56,tablet,/blog,,False
4618,424,2025-12-14 23:57:50,2025-12-15 00:23:50,desktop,/home,,False
4619,868,2025-08-26 22:56:22,2025-08-26 23:13:22,desktop,/category/apparel,9,True
4620,66,2025-05-23 00:36:28,2025-05-23 00:49:28,mobile,/category/apparel,,True
4621,244,2025-11-20 23:06:01,2025-11-20 23:24:01,tablet,/blog,9,False
4622,,2025-10-13 04:40:45,2025-10-13 05:22:45,desktop,/category/apparel,,False
4623,,2025-02-23 22:15:12,2025-02-23 22:31:12,mobile,/product-search,15,False
4624,706,2025-11-08 20:25:06,2025-11-08 21:10:06,desktop,/home,,False
4625,,2025-08-07 13:28:05,2025-08-07 14:07:05,mobile,/product-search,2,False
4626,,2025-06-09 15:03:07,2025-06-09 15:18:07,mobile,/category/electronics,3,False
4627,904,2024-09-12 23:24:29,2024-09-12 23:35:29,desktop,/product-search,6,False
4628,,2025-08-26 06:54:07,2025-08-26 07:01:07,tablet,/blog,4,False
4629,,2024-07-23 14:11:56,2024-07-23 14:56:56,mobile,/product-search,,False
4630,,2024-06-18 01:43:03,2024-06-18 02:22:03,desktop,/category/apparel,,False
4631,848,2025-10-17 03:51:59,2025-10-17 04:33:59,tablet,/category/apparel,6,True
4632,482,2024-11-26 17:49:54,2024-11-26 17:59:54,desktop,/category/apparel,9,True
4633,717,2025-07-21 13:19:11,2025-07-21 13:53:11,mobile,/product-search,9,False
4634,26,2025-08-17 20:21:59,2025-08-17 20:51:59,desktop,/deals,9,False
4635,1437,2025-04-12 06:41:14,2025-04-12 06:52:14,mobile,/category/apparel,,False
4636,,2025-07-08 12:16:28,2025-07-08 12:37:28,tablet,/product-search,12,False
4637,1139,2024-06-18 05:48:53,2024-06-18 06:09:53,desktop,/category/electronics,12,True
4638,925,2024-12-15 09:00:09,2024-12-15 09:24:09,tablet,/product-search,,False
4639,1354,2025-12-28 09:16:31,2025-12-28 09:51:31,tablet,/category/apparel,12,True
4640,964,2025-10-24 11:28:53,2025-10-24 12:02:53,mobile,/home,,False
4641,,2025-06-16 23:57:10,2025-06-17 00:36:10,mobile,/blog,8,False
4642,1449,2025-02-09 12:55:07,2025-02-09 13:40:07,desktop,/category/electronics,12,False
4643,315,2025-10-09 14:37:23,2025-10-09 14:55:23,tablet,/deals,,False
4644,805,2025-02-08 03:21:03,2025-02-08 04:01:03,mobile,/product-search,5,True
4645,685,2025-08-15 13:13:53,2025-08-15 13:17:53,desktop,/home,,False
4646,628,2025-10-21 05:19:00,2025-10-21 05:41:00,mobile,/deals,,False
4647,197,2025-01-08 17:43:35,2025-01-08 17:50:35,mobile,/deals,,False
4648,1379,2025-11-05 08:46:47,2025-11-05 08:55:47,tablet,/blog,,False
4649,572,2025-10-27 00:29:32,2025-10-27 01:14:32,tablet,/deals,,False
4650,861,2024-03-11 08:33:35,2024-03-11 08:48:35,tablet,/home,7,False
4651,,2024-10-27 07:15:05,2024-10-27 07:46:05,tablet,/deals,,False
4652,1459,2025-04-06 18:45:55,2025-04-06 19:30:55,tablet,/deals,10,False
4653,292,2025-12-16 15:40:47,2025-12-16 16:22:47,mobile,/blog,5,False
4654,1090,2025-09-18 14:36:35,2025-09-18 15:02:35,desktop,/deals,,False
4655,1142,2025-06-27 18:30:52,2025-06-27 18:34:52,mobile,/blog,,False
4656,,2024-03-18 11:33:35,2024-03-18 11:58:35,mobile,/deals,5,False
4657,1147,2025-05-28 05:16:36,2025-05-28 06:01:36,tablet,/category/apparel,6,True
4658,1387,2025-07-10 08:32:18,2025-07-10 08:51:18,mobile,/category/apparel,4,True
4659,,2025-09-16 01:10:12,2025-09-16 01:41:12,desktop,/deals,,False
4660,,2025-09-06 14:35:27,2025-09-06 14:52:27,tablet,/category/apparel,8,False
4661,,2024-07-25 08:55:09,2024-07-25 09:28:09,desktop,/product-search,,False
4662,537,2025-07-01 03:23:19,2025-07-01 03:55:19,tablet,/product-search,8,False
4663,400,2025-11-01 02:22:26,2025-11-01 02:53:26,tablet,/blog,,False
4664,,2024-06-17 18:15:52,2024-06-17 18:20:52,tablet,/product-search,8,False
4665,,2025-06-28 14:28:17,2025-06-28 15:09:17,desktop,/home,3,True
4666,,2024-03-09 06:56:33,2024-03-09 07:21:33,mobile,/deals,7,False
4667,1383,2025-12-28 14:46:55,2025-12-28 14:55:55,mobile,/home,4,False
4668,,2025-03-28 15:58:15,2025-03-28 16:27:15,mobile,/category/electronics,4,False
4669,1458,2025-12-08 01:55:33,2025-12-08 02:23:33,mobile,/blog,,False
4670,,2025-04-10 01:54:48,2025-04-10 02:18:48,tablet,/category/electronics,,False
4671,424,2025-08-06 06:41:41,2025-08-06 06:42:41,desktop,/home,6,True
4672,293,2025-07-26 17:30:42,2025-07-26 18:02:42,desktop,/category/electronics,,False
4673,1408,2024-12-16 09:47:41,2024-12-16 10:10:41,desktop,/product-search,,False
4674,,2025-02-05 20:05:15,2025-02-05 20:14:15,desktop,/category/electronics,,False
4675,,2025-10-15 03:32:41,2025-10-15 03:53:41,desktop,/category/apparel,,False
4676,,2024-03-25 23:02:41,2024-03-25 23:35:41,tablet,/home,,False
4677,551,2025-12-14 22:46:47,2025-12-14 23:15:47,tablet,/category/electronics,4,False
4678,674,2025-09-05 01:19:39,2025-09-05 01:36:39,tablet,/product-search,,False
4679,794,2025-05-25 16:41:01,2025-05-25 17:18:01,mobile,/blog,3,False
4680,1265,2025-06-27 10:25:52,2025-06-27 10:48:52,mobile,/category/apparel,1,False
4681,,2025-03-15 09:10:42,2025-03-15 09:20:42,tablet,/category/apparel,,False
4682,,2025-03-25 05:49:30,2025-03-25 06:20:30,tablet,/blog,,False
4683,686,2025-10-31 19:27:05,2025-10-31 19:43:05,tablet,/home,4,False
4684,885,2025-03-26 07:07:25,2025-03-26 07:24:25,tablet,/home,12,False
4685,566,2025-06-02 08:37:22,2025-06-02 08:55:22,desktop,/category/electronics,2,False
4686,73,2025-01-22 13:45:10,2025-01-22 13:46:10,desktop,/deals,12,True
4687,1417,2025-06-17 10:51:18,2025-06-17 11:31:18,mobile,/blog,,False
4688,18,2025-10-20 02:40:35,2025-10-20 03:12:35,desktop,/home,9,False
4689,213,2024-12-22 13:13:19,2024-12-22 13:39:19,tablet,/category/apparel,,False
4690,794,2025-11-14 14:31:25,2025-11-14 14:41:25,desktop,/deals,,False
4691,334,2025-01-10 21:40:20,2025-01-10 22:04:20,desktop,/deals,,False
4692,,2025-03-05 15:13:29,2025-03-05 15:58:29,mobile,/deals,1,False
4693,,2025-01-12 05:33:27,2025-01-12 05:43:27,desktop,/blog,,False
4694,,2024-10-28 13:11:48,2024-10-28 13:30:48,tablet,/home,,False
4695,,2025-10-05 05:10:05,2025-10-05 05:35:05,desktop,/blog,8,False
4696,127,2025-12-21 04:33:21,2025-12-21 05:09:21,mobile,/home,,False
4697,85,2024-12-09 21:47:56,2024-12-09 22:17:56,mobile,/deals,3,False
4698,900,2025-12-31 09:10:14,2025-12-31 09:32:14,tablet,/category/electronics,,False
4699,731,2025-11-11 22:43:22,2025-11-11 22:45:22,mobile,/category/apparel,,True
4700,,2024-12-10 07:05:25,2024-12-10 07:27:25,desktop,/home,,False
4701,587,2025-04-27 22:17:15,2025-04-27 22:57:15,desktop,/blog,,False
4702,,2024-06-17 09:15:19,2024-06-17 09:51:19,mobile,/category/electronics,,False
4703,,2025-02-05 02:41:44,2025-02-05 02:45:44,tablet,/category/electronics,,False
4704,,2025-12-26 07:29:17,2025-12-26 08:03:17,desktop,/category/electronics,,False
4705,1330,2025-12-22 00:09:28,2025-12-22 00:23:28,desktop,/product-search,,True
4706,,2024-06-14 14:44:35,2024-06-14 14:58:35,tablet,/category/apparel,2,False
4707,,2025-06-30 08:09:51,2025-06-30 08:34:51,mobile,/blog,15,False
4708,1466,2025-07-01 19:25:38,2025-07-01 19:54:38,desktop,/deals,15,False
4709,1229,2025-03-01 21:05:20,2025-03-01 21:08:20,mobile,/blog,9,True
4710,493,2025-06-28 15:27:05,2025-06-28 16:12:05,desktop,/category/electronics,12,False
4711,363,2025-12-24 13:44:08,2025-12-24 14:21:08,mobile,/blog,,False
4712,874,2025-08-16 11:15:49,2025-08-16 11:50:49,mobile,/deals,,False
4713,1037,2025-12-27 20:06:28,2025-12-27 20:38:28,mobile,/home,15,False
4714,,2024-08-13 13:48:22,2024-08-13 14:03:22,tablet,/blog,9,False
4715,,2025-08-09 21:43:42,2025-08-09 21:56:42,desktop,/category/apparel,10,False
4716,1367,2025-12-10 06:38:46,2025-12-10 06:53:46,desktop,/home,,False
4717,,2024-06-24 09:01:26,2024-06-24 09:39:26,tablet,/blog,,False
4718,1466,2025-09-27 21:47:38,2025-09-27 22:21:38,desktop,/category/apparel,,False
4719,,2024-01-20 17:07:23,2024-01-20 17:50:23,desktop,/product-search,,False
4720,811,2024-09-30 15:06:22,2024-09-30 15:15:22,desktop,/blog,10,False
4721,1288,2025-10-19 21:29:01,2025-10-19 22:05:01,tablet,/category/apparel,,True
4722,,2025-04-19 07:44:08,2025-04-19 08:23:08,mobile,/deals,,False
4723,,2025-10-09 10:26:58,2025-10-09 10:42:58,mobile,/blog,,False
4724,,2025-09-12 00:08:31,2025-09-12 00:29:31,tablet,/deals,,False
4725,1424,2025-10-30 21:56:40,2025-10-30 22:14:40,tablet,/deals,,False
4726,1092,2025-11-28 06:29:03,2025-11-28 06:54:03,desktop,/product-search,,False
4727,19,2025-12-19 21:46:24,2025-12-19 22:19:24,tablet,/product-search,9,False
4728,134,2025-09-02 16:26:37,2025-09-02 16:38:37,desktop,/deals,14,False
4729,,2025-10-09 07:52:37,2025-10-09 07:58:37,desktop,/deals,,False
4730,938,2024-07-15 06:56:31,2024-07-15 07:11:31,desktop,/product-search,,True
4731,1221,2025-09-22 00:34:30,2025-09-22 00:48:30,tablet,/home,,True
4732,870,2025-10-09 12:15:43,2025-10-09 12:40:43,desktop,/deals,6,False
4733,797,2025-09-07 00:52:38,2025-09-07 01:33:38,mobile,/home,10,True
4734,1287,2025-09-11 01:48:39,2025-09-11 02:28:39,desktop,/category/apparel,,True
4735,768,2025-10-14 09:36:13,2025-10-14 10:16:13,tablet,/category/electronics,,False
4736,,2025-05-06 07:55:33,2025-05-06 08:34:33,desktop,/category/electronics,,False
4737,,2025-10-11 22:42:40,2025-10-11 23:02:40,mobile,/category/electronics,15,False
4738,,2025-07-05 18:21:51,2025-07-05 18:49:51,desktop,/home,,False
4739,173,2025-10-11 07:03:01,2025-10-11 07:19:01,mobile,/home,6,False
4740,66,2025-02-23 20:48:23,2025-02-23 21:15:23,desktop,/home,11,False
4741,,2024-01-25 13:35:09,2024-01-25 13:37:09,tablet,/home,13,False
4742,208,2025-11-09 13:49:32,2025-11-09 14:01:32,tablet,/category/electronics,,False
4743,1257,2025-08-12 17:12:54,2025-08-12 17:32:54,tablet,/blog,,False
4744,,2024-03-14 00:09:03,2024-03-14 00:53:03,mobile,/blog,1,False
4745,128,2025-04-16 01:32:02,2025-04-16 01:58:02,desktop,/deals,,True
4746,1049,2025-11-18 06:14:24,2025-11-18 06:21:24,tablet,/category/apparel,14,False
4747,768,2025-11-01 14:25:04,2025-11-01 14:33:04,mobile,/blog,,False
4748,,2025-11-15 16:02:51,2025-11-15 16:27:51,tablet,/blog,,False
4749,1323,2025-07-14 16:52:58,2025-07-14 16:54:58,tablet,/blog,,False
4750,1374,2025-10-07 19:37:57,2025-10-07 20:15:57,tablet,/category/electronics,,False
4751,664,2025-11-10 09:57:09,2025-11-10 10:11:09,desktop,/blog,9,False
4752,,2024-03-29 05:18:42,2024-03-29 05:28:42,desktop,/deals,,False
4753,,2024-10-12 09:42:07,2024-10-12 10:11:07,mobile,/category/apparel,,False
4754,,2024-07-29 09:53:50,2024-07-29 10:02:50,mobile,/home,,False
4755,804,2024-09-17 01:25:46,2024-09-17 01:45:46,mobile,/blog,,False
4756,,2025-02-13 10:49:18,2025-02-13 11:01:18,mobile,/deals,,False
4757,996,2025-12-18 19:03:57,2025-12-18 19:19:57,tablet,/product-search,,True
4758,,2025-11-03 01:15:23,2025-11-03 01:30:23,mobile,/home,14,False
4759,,2024-04-09 15:28:56,2024-04-09 16:11:56,tablet,/category/apparel,,False
4760,,2025-04-01 12:52:04,2025-04-01 13:24:04,mobile,/product-search,3,False
4761,1010,2024-06-06 11:57:45,2024-06-06 12:25:45,tablet,/category/electronics,2,False
4762,,2025-08-19 15:49:37,2025-08-19 15:50:37,mobile,/deals,5,False
4763,746,2025-12-26 20:40:24,2025-12-26 21:05:24,mobile,/home,13,False
4764,971,2025-09-25 18:58:59,2025-09-25 19:26:59,tablet,/category/electronics,5,True
4765,,2024-06-03 19:07:52,2024-06-03 19:20:52,mobile,/deals,15,False
4766,,2024-01-08 13:20:05,2024-01-08 13:53:05,tablet,/home,,False
4767,555,2025-11-01 11:20:58,2025-11-01 11:39:58,mobile,/category/electronics,,False
4768,157,2025-05-12 19:47:03,2025-05-12 20:11:03,mobile,/blog,14,False
4769,,2024-07-01 03:46:46,2024-07-01 04:08:46,desktop,/product-search,,False
4770,1487,2025-08-09 10:18:24,2025-08-09 10:56:24,mobile,/product-search,,False
4771,1113,2025-12-28 13:05:33,2025-12-28 13:27:33,desktop,/home,,False
4772,283,2025-01-30 02:45:58,2025-01-30 02:54:58,mobile,/category/apparel,,False
4773,,2025-04-19 10:38:54,2025-04-19 10:59:54,mobile,/deals,,False
4774,,2024-08-23 12:28:36,2024-08-23 12:43:36,tablet,/category/electronics,,False
4775,,2025-01-13 16:02:12,2025-01-13 16:32:12,mobile,/deals,6,False
4776,1128,2025-03-09 14:19:50,2025-03-09 14:56:50,desktop,/deals,,True
4777,438,2024-08-10 08:55:18,2024-08-10 09:06:18,tablet,/category/apparel,,True
4778,1436,2024-10-23 18:41:48,2024-10-23 19:26:48,mobile,/home,,False
4779,,2024-05-11 04:01:13,2024-05-11 04:06:13,tablet,/category/apparel,,False
4780,248,2025-12-14 03:43:32,2025-12-14 04:05:32,desktop,/product-search,15,False
4781,1241,2025-03-20 10:01:15,2025-03-20 10:46:15,tablet,/category/electronics,2,True
4782,,2025-05-16 01:16:45,2025-05-16 01:53:45,mobile,/product-search,13,False
4783,552,2024-07-19 04:19:34,2024-07-19 04:56:34,mobile,/category/apparel,11,False
4784,1444,2025-08-19 19:38:30,2025-08-19 19:45:30,mobile,/category/electronics,4,True
4785,,2024-07-29 19:28:28,2024-07-29 19:48:28,tablet,/blog,,False
4786,284,2025-07-25 02:37:16,2025-07-25 03:09:16,tablet,/product-search,15,False
4787,1449,2025-11-26 00:17:33,2025-11-26 00:55:33,desktop,/blog,,False
4788,1246,2025-12-30 21:53:42,2025-12-30 22:21:42,desktop,/deals,,False
4789,972,2025-10-30 07:10:54,2025-10-30 07:37:54,mobile,/product-search,,False
4790,1197,2024-11-02 16:03:25,2024-11-02 16:21:25,mobile,/category/apparel,3,False
4791,,2024-08-22 02:44:59,2024-08-22 03:28:59,desktop,/category/apparel,8,False
4792,475,2024-10-17 06:31:42,2024-10-17 06:41:42,mobile,/blog,,False
4793,,2024-01-20 02:48:23,2024-01-20 02:58:23,tablet,/product-search,,False
4794,236,2025-09-22 02:35:18,2025-09-22 03:02:18,desktop,/deals,,False
4795,137,2025-09-27 01:41:53,2025-09-27 01:45:53,mobile,/home,9,False
4796,,2024-06-19 11:15:37,2024-06-19 11:57:37,desktop,/home,9,False
4797,,2025-01-04 03:45:49,2025-01-04 04:29:49,desktop,/home,9,False
4798,765,2024-05-15 02:39:14,2024-05-15 03:05:14,tablet,/category/apparel,,False
4799,453,2024-10-11 10:44:22,2024-10-11 11:12:22,mobile,/home,6,False
4800,407,2025-04-17 06:40:13,2025-04-17 07:11:13,tablet,/blog,,False
4801,1165,2025-08-16 06:22:56,2025-08-16 06:33:56,tablet,/product-search,3,False
4802,,2025-01-22 22:47:59,2025-01-22 22:58:59,desktop,/deals,,False
4803,926,2024-05-28 21:31:41,2024-05-28 21:42:41,tablet,/category/electronics,,False
4804,646,2025-12-10 13:46:11,2025-12-10 14:19:11,mobile,/category/apparel,,False
4805,1037,2025-11-01 01:30:25,2025-11-01 02:10:25,mobile,/category/apparel,,False
4806,888,2025-12-15 07:09:01,2025-12-15 07:46:01,tablet,/deals,12,False
4807,,2025-06-12 10:07:34,2025-06-12 10:43:34,mobile,/product-search,,False
4808,1371,2025-12-12 01:54:28,2025-12-12 02:12:28,desktop,/category/apparel,2,False
4809,703,2025-08-26 19:06:33,2025-08-26 19:14:33,tablet,/deals,5,False
4810,,2024-09-07 00:29:58,2024-09-07 01:08:58,desktop,/product-search,2,False
4811,398,2025-10-20 15:23:13,2025-10-20 15:57:13,tablet,/home,,False
4812,902,2024-06-16 13:23:50,2024-06-16 13:45:50,tablet,/category/electronics,7,True
4813,,2025-11-01 17:42:35,2025-11-01 17:43:35,desktop,/product-search,2,False
4814,1354,2025-12-01 14:54:48,2025-12-01 15:07:48,tablet,/blog,,False
4815,1343,2025-05-12 23:55:10,2025-05-13 00:00:10,tablet,/deals,11,True
4816,,2024-02-20 17:30:50,2024-02-20 17:57:50,desktop,/deals,7,True
4817,,2025-07-31 00:40:51,2025-07-31 01:22:51,tablet,/home,,False
4818,1373,2025-06-12 21:56:26,2025-06-12 22:31:26,mobile,/category/electronics,9,False
4819,,2024-10-16 04:52:44,2024-10-16 05:01:44,desktop,/deals,4,False
4820,,2024-10-10 00:20:57,2024-10-10 00:48:57,mobile,/product-search,14,False
4821,,2024-04-29 20:30:58,2024-04-29 21:08:58,tablet,/home,,False
4822,55,2025-12-01 01:12:44,2025-12-01 01:21:44,desktop,/home,,True
4823,589,2024-03-12 05:32:16,2024-03-12 05:33:16,desktop,/home,,True
4824,1118,2024-08-25 21:09:01,2024-08-25 21:28:01,tablet,/home,6,False
4825,978,2025-03-24 02:19:17,2025-03-24 02:43:17,mobile,/category/electronics,,False
4826,1161,2025-05-08 10:30:51,2025-05-08 10:32:51,tablet,/blog,2,False
4827,,2024-01-13 05:54:53,2024-01-13 06:07:53,mobile,/category/apparel,9,False
4828,943,2025-08-13 09:02:07,2025-08-13 09:14:07,tablet,/category/electronics,,False
4829,673,2024-10-05 20:06:09,2024-10-05 20:34:09,tablet,/home,13,True
4830,,2025-07-24 19:09:31,2025-07-24 19:19:31,mobile,/category/apparel,10,False
4831,1392,2025-10-15 17:23:58,2025-10-15 18:08:58,desktop,/deals,12,True
4832,28,2025-05-03 18:27:44,2025-05-03 18:54:44,mobile,/blog,,False
4833,983,2025-11-09 22:47:46,2025-11-09 23:31:46,tablet,/product-search,6,True
4834,675,2025-05-18 15:55:57,2025-05-18 16:39:57,mobile,/home,,True
4835,87,2025-08-18 14:31:24,2025-08-18 15:00:24,desktop,/blog,,False
4836,715,2025-05-17 13:29:55,2025-05-17 13:32:55,mobile,/category/electronics,9,False
4837,,2024-05-28 14:40:16,2024-05-28 15:12:16,tablet,/product-search,6,False
4838,,2024-12-11 22:24:07,2024-12-11 23:01:07,mobile,/blog,,False
4839,1262,2025-12-22 11:38:10,2025-12-22 12:06:10,mobile,/product-search,,False
4840,593,2025-08-26 21:12:21,2025-08-26 21:39:21,tablet,/blog,12,False
4841,,2025-02-27 16:47:01,2025-02-27 17:22:01,tablet,/home,,False
4842,775,2025-02-15 00:20:40,2025-02-15 00:51:40,desktop,/category/apparel,,False
4843,401,2025-08-29 13:38:50,2025-08-29 13:54:50,desktop,/product-search,8,False
4844,,2025-07-23 04:12:12,2025-07-23 04:42:12,tablet,/category/apparel,,True
4845,1267,2024-04-23 04:41:59,2024-04-23 05:02:59,desktop,/deals,13,False
4846,,2025-04-26 23:01:39,2025-04-26 23:40:39,tablet,/category/electronics,7,False
4847,982,2025-12-09 06:43:43,2025-12-09 07:27:43,mobile,/home,,False
4848,,2024-07-24 19:03:30,2024-07-24 19:39:30,tablet,/product-search,13,False
4849,1471,2025-12-22 02:42:01,2025-12-22 03:07:01,desktop,/deals,,False
4850,1262,2025-11-02 06:28:12,2025-11-02 06:48:12,desktop,/home,14,False
4851,366,2025-07-22 13:36:23,2025-07-22 13:46:23,desktop,/product-search,2,False
4852,746,2025-12-19 08:36:55,2025-12-19 09:18:55,tablet,/home,,False
4853,888,2025-12-28 07:53:31,2025-12-28 08:29:31,desktop,/blog,14,True
4854,626,2025-09-28 12:34:57,2025-09-28 12:50:57,mobile,/category/electronics,12,False
4855,,2024-08-30 09:59:09,2024-08-30 10:04:09,desktop,/product-search,8,False
4856,,2024-04-26 09:02:16,2024-04-26 09:07:16,mobile,/category/apparel,7,False
4857,593,2025-07-28 12:33:18,2025-07-28 12:44:18,mobile,/home,,False
4858,828,2025-04-26 01:23:34,2025-04-26 01:41:34,desktop,/blog,,True
4859,63,2025-12-04 23:13:50,2025-12-04 23:53:50,desktop,/product-search,,False
4860,,2025-05-13 19:12:27,2025-05-13 19:25:27,desktop,/deals,,False
4861,864,2025-10-22 05:27:54,2025-10-22 06:03:54,desktop,/blog,,False
4862,,2024-08-06 10:07:47,2024-08-06 10:51:47,tablet,/category/electronics,7,False
4863,1346,2024-07-16 04:25:13,2024-07-16 04:30:13,tablet,/home,,False
4864,,2024-04-14 03:33:15,2024-04-14 03:49:15,mobile,/blog,,True
4865,59,2025-10-04 19:16:33,2025-10-04 19:53:33,desktop,/blog,4,False
4866,,2024-12-15 18:56:47,2024-12-15 19:40:47,tablet,/deals,,False
4867,1295,2025-11-08 09:32:32,2025-11-08 09:53:32,desktop,/category/electronics,9,False
4868,864,2025-09-06 07:52:38,2025-09-06 08:32:38,mobile,/home,,False
4869,,2024-04-14 21:06:48,2024-04-14 21:11:48,desktop,/home,,False
4870,350,2025-11-16 02:48:02,2025-11-16 03:04:02,mobile,/home,,False
4871,,2025-07-11 15:39:03,2025-07-11 15:41:03,desktop,/deals,,False
4872,,2025-09-08 08:30:14,2025-09-08 08:49:14,tablet,/product-search,6,False
4873,,2024-11-17 19:24:43,2024-11-17 19:32:43,mobile,/category/electronics,,False
4874,992,2025-06-16 07:28:43,2025-06-16 08:06:43,mobile,/home,,False
4875,1204,2025-12-09 08:28:50,2025-12-09 08:39:50,tablet,/category/electronics,9,False
4876,449,2025-07-16 02:23:36,2025-07-16 02:56:36,tablet,/category/apparel,8,True
4877,562,2025-09-23 09:53:35,2025-09-23 10:20:35,mobile,/deals,,False
4878,771,2025-08-15 16:24:45,2025-08-15 16:59:45,desktop,/category/electronics,,True
4879,1009,2025-06-02 20:53:35,2025-06-02 21:23:35,mobile,/product-search,,False
4880,52,2025-07-30 08:30:35,2025-07-30 08:46:35,tablet,/home,,False
4881,852,2025-01-16 01:05:55,2025-01-16 01:44:55,mobile,/product-search,,False
4882,1348,2025-10-19 03:19:45,2025-10-19 03:31:45,tablet,/blog,13,False
4883,,2024-02-28 18:48:54,2024-02-28 19:23:54,desktop,/category/apparel,,False
4884,1111,2025-11-27 07:42:52,2025-11-27 07:46:52,desktop,/blog,10,False
4885,998,2025-03-13 05:12:05,2025-03-13 05:39:05,mobile,/deals,,False
4886,133,2025-12-27 16:54:01,2025-12-27 17:20:01,mobile,/blog,,False
4887,1316,2024-12-15 23:39:36,2024-12-15 23:43:36,mobile,/blog,13,False
4888,543,2025-11-21 04:04:39,2025-11-21 04:36:39,desktop,/category/electronics,,False
4889,771,2025-08-27 02:12:35,2025-08-27 02:43:35,tablet,/deals,14,False
4890,845,2025-12-19 00:01:33,2025-12-19 00:21:33,mobile,/deals,15,False
4891,534,2025-03-23 23:51:06,2025-03-24 00:02:06,desktop,/category/electronics,,False
4892,19,2025-11-26 11:58:14,2025-11-26 12:15:14,desktop,/category/apparel,12,True
4893,281,2025-11-28 13:28:56,2025-11-28 13:54:56,mobile,/category/electronics,1,False
4894,55,2025-10-08 04:26:29,2025-10-08 05:01:29,tablet,/product-search,5,False
4895,824,2025-12-21 04:22:05,2025-12-21 05:01:05,mobile,/category/apparel,,False
4896,,2025-05-14 21:42:59,2025-05-14 22:16:59,desktop,/category/electronics,,False
4897,222,2025-07-10 01:43:12,2025-07-10 02:06:12,desktop,/category/electronics,,False
4898,1010,2024-08-27 09:49:35,2024-08-27 10:29:35,tablet,/product-search,,False
4899,,2025-04-20 22:53:03,2025-04-20 23:06:03,tablet,/deals,,False
4900,1246,2025-12-30 10:09:41,2025-12-30 10:23:41,tablet,/category/electronics,8,True
4901,979,2025-11-17 00:49:20,2025-11-17 01:04:20,desktop,/category/apparel,,False
4902,1081,2025-11-19 18:55:56,2025-11-19 19:21:56,desktop,/category/electronics,,False
4903,1228,2025-03-10 04:34:27,2025-03-10 04:44:27,desktop,/home,2,True
4904,,2025-09-11 22:01:22,2025-09-11 22:28:22,mobile,/blog,,False
4905,,2024-05-28 21:44:35,2024-05-28 22:02:35,desktop,/blog,,False
4906,,2024-05-30 23:13:33,2024-05-30 23:54:33,mobile,/deals,,False
4907,1443,2025-11-21 03:25:45,2025-11-21 04:02:45,mobile,/deals,1,True
4908,737,2025-02-27 02:42:30,2025-02-27 03:27:30,desktop,/category/apparel,12,False
4909,547,2024-08-11 19:45:20,2024-08-11 20:29:20,desktop,/deals,11,False
4910,,2025-08-15 07:07:47,2025-08-15 07:18:47,desktop,/category/apparel,,False
4911,,2025-01-06 01:14:20,2025-01-06 01:43:20,tablet,/home,,False
4912,,2024-06-02 11:40:29,2024-06-02 12:10:29,mobile,/blog,,False
4913,222,2025-06-30 13:04:00,2025-06-30 13:43:00,tablet,/category/apparel,,False
4914,,2025-10-17 20:22:00,2025-10-17 20:25:00,desktop,/blog,9,False
4915,706,2025-09-01 15:53:06,2025-09-01 16:38:06,tablet,/category/electronics,,True
4916,465,2025-06-08 10:18:51,2025-06-08 10:19:51,desktop,/deals,15,False
4917,725,2025-04-13 21:54:15,2025-04-13 22:10:15,desktop,/deals,,False
4918,1124,2025-08-07 13:08:37,2025-08-07 13:51:37,desktop,/product-search,,False
4919,,2025-01-11 00:53:21,2025-01-11 01:33:21,desktop,/blog,,False
4920,295,2025-12-30 04:37:48,2025-12-30 05:01:48,tablet,/category/apparel,8,False
4921,880,2025-08-21 03:23:48,2025-08-21 03:54:48,desktop,/category/apparel,12,True
4922,1202,2025-11-21 00:44:51,2025-11-21 00:45:51,mobile,/category/electronics,6,False
4923,1449,2025-03-23 08:17:18,2025-03-23 08:35:18,tablet,/product-search,11,False
4924,,2024-12-01 03:33:35,2024-12-01 03:41:35,desktop,/blog,,False
4925,331,2025-11-13 21:02:03,2025-11-13 21:24:03,desktop,/product-search,,False
4926,1303,2025-08-15 19:12:28,2025-08-15 19:56:28,mobile,/category/apparel,4,True
4927,,2024-06-24 13:24:50,2024-06-24 13:59:50,tablet,/category/electronics,6,False
4928,28,2025-05-29 10:22:05,2025-05-29 10:38:05,desktop,/product-search,,False
4929,,2024-06-02 04:42:49,2024-06-02 05:01:49,tablet,/category/electronics,,False
4930,242,2025-05-11 07:02:00,2025-05-11 07:17:00,tablet,/deals,,False
4931,274,2025-12-30 21:57:35,2025-12-30 22:32:35,tablet,/product-search,2,False
4932,76,2025-03-21 09:49:22,2025-03-21 09:59:22,desktop,/category/electronics,8,True
4933,1138,2025-06-30 19:01:15,2025-06-30 19:37:15,desktop,/home,13,True
4934,,2025-09-16 03:21:14,2025-09-16 04:02:14,mobile,/category/electronics,10,False
4935,9,2025-06-20 02:50:54,2025-06-20 02:54:54,mobile,/home,,False
4936,,2025-05-31 06:58:09,2025-05-31 07:04:09,desktop,/blog,3,False
4937,,2025-09-14 07:25:31,2025-09-14 07:55:31,desktop,/category/apparel,,False
4938,1324,2025-12-06 05:08:07,2025-12-06 05:10:07,tablet,/category/electronics,,False
4939,934,2025-06-14 19:46:40,2025-06-14 19:51:40,tablet,/deals,13,False
4940,287,2025-09-02 00:10:50,2025-09-02 00:53:50,desktop,/product-search,,False
4941,807,2025-02-22 14:03:11,2025-02-22 14:28:11,tablet,/product-search,,True
4942,958,2024-07-13 05:57:29,2024-07-13 06:38:29,mobile,/home,9,False
4943,343,2025-12-31 19:32:40,2025-12-31 19:59:40,desktop,/home,,False
4944,,2024-05-08 03:56:56,2024-05-08 04:25:56,tablet,/home,,False
4945,155,2025-04-20 00:40:43,2025-04-20 01:07:43,tablet,/deals,,False
4946,1382,2025-04-22 06:38:28,2025-04-22 07:04:28,mobile,/category/apparel,13,False
4947,1035,2025-05-20 10:46:12,2025-05-20 11:01:12,tablet,/product-search,,False
4948,215,2024-12-25 18:18:24,2024-12-25 18:21:24,mobile,/category/apparel,,False
4949,688,2025-12-05 05:07:42,2025-12-05 05:19:42,tablet,/product-search,,False
4950,,2024-11-04 17:36:10,2024-11-04 18:02:10,desktop,/product-search,,False
4951,548,2024-08-02 05:57:18,2024-08-02 06:33:18,desktop,/category/apparel,11,False
4952,,2025-08-13 08:02:51,2025-08-13 08:12:51,mobile,/blog,,False
4953,782,2025-10-08 21:37:44,2025-10-08 21:52:44,tablet,/deals,,False
4954,720,2025-10-19 15:43:17,2025-10-19 15:58:17,tablet,/home,8,False
4955,1348,2025-10-05 19:56:57,2025-10-05 20:13:57,desktop,/category/electronics,,False
4956,,2024-03-12 05:09:35,2024-03-12 05:48:35,desktop,/product-search,,False
4957,1127,2025-12-08 19:12:41,2025-12-08 19:20:41,desktop,/deals,,True
4958,799,2024-07-15 21:55:58,2024-07-15 21:58:58,mobile,/category/apparel,11,True
4959,1201,2025-11-10 05:48:04,2025-11-10 06:18:04,mobile,/category/electronics,6,False
4960,931,2025-11-05 01:50:01,2025-11-05 02:07:01,desktop,/product-search,,False
4961,,2024-11-29 04:26:23,2024-11-29 05:03:23,desktop,/category/apparel,,False
4962,793,2025-11-02 14:48:22,2025-11-02 15:00:22,mobile,/category/electronics,,True
4963,,2025-03-28 23:39:42,2025-03-29 00:18:42,tablet,/home,9,False
4964,613,2025-03-17 20:55:28,2025-03-17 21:38:28,tablet,/product-search,,True
4965,,2025-10-14 11:06:41,2025-10-14 11:07:41,desktop,/blog,,False
4966,426,2025-01-28 21:50:54,2025-01-28 22:03:54,tablet,/deals,2,False
4967,433,2025-09-28 18:13:57,2025-09-28 18:26:57,mobile,/home,,False
4968,,2024-07-01 07:03:49,2024-07-01 07:25:49,desktop,/deals,,False
4969,1328,2025-12-16 09:12:01,2025-12-16 09:40:01,tablet,/deals,4,False
4970,,2024-11-22 17:42:55,2024-11-22 17:43:55,tablet,/product-search,,False
4971,475,2024-05-10 09:54:28,2024-05-10 10:09:28,mobile,/home,,False
4972,767,2025-10-18 16:38:49,2025-10-18 17:12:49,tablet,/deals,2,False
4973,1106,2025-02-18 12:04:42,2025-02-18 12:24:42,desktop,/category/electronics,,False
4974,,2024-09-04 04:11:11,2024-09-04 04:48:11,mobile,/category/apparel,,False
4975,177,2025-09-24 07:02:25,2025-09-24 07:44:25,tablet,/blog,15,False
4976,87,2025-08-21 16:09:22,2025-08-21 16:40:22,mobile,/blog,,False
4977,1128,2024-12-30 05:04:00,2024-12-30 05:16:00,mobile,/product-search,,False
4978,931,2025-11-14 22:22:38,2025-11-14 22:39:38,tablet,/home,,False
4979,1111,2025-12-19 18:17:05,2025-12-19 18:59:05,desktop,/blog,4,False
4980,996,2025-12-09 07:40:10,2025-12-09 07:41:10,tablet,/blog,,False
4981,805,2024-09-24 16:34:48,2024-09-24 16:50:48,mobile,/home,9,False
4982,435,2025-09-03 18:56:16,2025-09-03 19:35:16,desktop,/product-search,7,True
4983,,2025-03-26 10:54:33,2025-03-26 11:06:33,tablet,/category/electronics,,False
4984,,2024-08-21 09:04:51,2024-08-21 09:15:51,tablet,/blog,8,False
4985,338,2025-12-14 21:39:02,2025-12-14 21:44:02,desktop,/category/apparel,7,True
4986,,2025-02-22 12:59:53,2025-02-22 13:07:53,desktop,/category/electronics,10,False
4987,,2025-06-20 08:32:20,2025-06-20 08:38:20,tablet,/home,,False
4988,1179,2024-09-22 19:44:20,2024-09-22 20:19:20,desktop,/category/apparel,12,False
4989,566,2025-08-16 21:25:57,2025-08-16 21:40:57,desktop,/product-search,3,False
4990,431,2025-12-24 03:53:02,2025-12-24 04:24:02,desktop,/category/apparel,,False
4991,1377,2025-11-12 03:56:10,2025-11-12 04:39:10,desktop,/category/electronics,,False
4992,,2025-07-28 08:04:12,2025-07-28 08:30:12,mobile,/category/electronics,3,False
4993,997,2025-08-05 15:50:00,2025-08-05 15:54:00,mobile,/blog,,False
4994,692,2025-04-14 11:01:44,2025-04-14 11:18:44,mobile,/category/electronics,15,False
4995,245,2024-11-25 08:46:00,2024-11-25 09:03:00,desktop,/deals,,False
4996,1479,2025-12-31 04:49:41,2025-12-31 05:13:41,mobile,/category/apparel,,False
4997,1279,2025-07-28 15:45:10,2025-07-28 16:13:10,tablet,/blog,,False
4998,1215,2025-06-11 19:23:18,2025-06-11 19:34:18,tablet,/category/apparel,,False
4999,1247,2024-02-25 15:08:03,2024-02-25 15:51:03,desktop,/category/electronics,15,False
5000,225,2024-06-29 04:18:58,2024-06-29 04:36:58,desktop,/category/electronics,,False
5001,614,2024-11-18 12:42:45,2024-11-18 13:25:45,tablet,/category/electronics,,False
5002,,2025-08-19 09:43:42,2025-08-19 09:54:42,mobile,/category/electronics,3,False
5003,1217,2025-12-03 15:16:55,2025-12-03 15:23:55,desktop,/category/apparel,,False
5004,,2024-10-24 05:24:55,2024-10-24 06:06:55,desktop,/blog,,False
5005,,2024-01-28 22:12:43,2024-01-28 22:54:43,mobile,/category/apparel,13,False
5006,1352,2025-12-31 20:36:41,2025-12-31 21:04:41,mobile,/category/apparel,14,False
5007,,2024-01-08 15:34:21,2024-01-08 15:51:21,desktop,/category/apparel,10,False
5008,9,2025-06-30 07:38:19,2025-06-30 07:53:19,desktop,/category/electronics,7,False
5009,,2024-06-24 16:34:49,2024-06-24 16:51:49,desktop,/home,13,False
5010,118,2024-07-10 13:16:08,2024-07-10 13:42:08,desktop,/category/apparel,,False
5011,,2025-05-13 19:09:15,2025-05-13 19:47:15,mobile,/product-search,5,False
5012,149,2025-05-22 22:29:59,2025-05-22 22:44:59,tablet,/blog,,False
5013,528,2025-08-30 21:43:56,2025-08-30 22:27:56,desktop,/blog,1,False
5014,1320,2025-07-28 22:08:05,2025-07-28 22:39:05,desktop,/product-search,,False
5015,1479,2024-11-26 01:17:12,2024-11-26 01:55:12,desktop,/category/apparel,,False
5016,1407,2025-11-27 18:41:11,2025-11-27 19:22:11,desktop,/home,,True
5017,43,2025-12-05 06:57:27,2025-12-05 07:01:27,mobile,/category/electronics,,True
5018,562,2025-11-30 17:16:17,2025-11-30 18:01:17,tablet,/blog,,False
5019,198,2024-10-03 02:24:58,2024-10-03 02:51:58,mobile,/blog,9,True
5020,90,2025-10-30 15:35:40,2025-10-30 15:59:40,tablet,/home,1,False
5021,709,2025-12-22 10:27:20,2025-12-22 10:34:20,mobile,/category/electronics,6,False
5022,,2025-06-18 23:29:35,2025-06-18 23:37:35,desktop,/category/apparel,,False
5023,153,2025-03-24 02:36:01,2025-03-24 03:15:01,desktop,/deals,,False
5024,1490,2025-04-29 10:57:09,2025-04-29 11:26:09,mobile,/category/apparel,,False
5025,1146,2025-10-07 20:54:09,2025-10-07 21:18:09,desktop,/blog,,False
5026,211,2025-07-29 09:30:59,2025-07-29 09:43:59,desktop,/home,14,False
5027,1367,2025-12-16 01:10:41,2025-12-16 01:25:41,mobile,/home,,False
5028,,2025-02-12 18:35:20,2025-02-12 18:52:20,desktop,/product-search,14,False
5029,,2024-12-30 15:19:02,2024-12-30 15:22:02,mobile,/deals,,False
5030,,2025-08-13 01:00:24,2025-08-13 01:16:24,desktop,/category/apparel,12,False
5031,23,2025-06-26 19:38:12,2025-06-26 19:39:12,mobile,/blog,15,False
5032,1115,2024-06-03 15:57:22,2024-06-03 16:15:22,desktop,/blog,,True
5033,1362,2025-12-17 05:10:25,2025-12-17 05:40:25,mobile,/blog,14,False
5034,504,2025-07-15 18:51:55,2025-07-15 19:35:55,desktop,/blog,,True
5035,,2025-05-18 06:38:56,2025-05-18 06:46:56,mobile,/home,,False
5036,643,2025-06-26 05:01:33,2025-06-26 05:27:33,desktop,/home,8,False
5037,,2024-07-21 10:22:27,2024-07-21 10:52:27,tablet,/product-search,10,False
5038,1175,2025-11-29 23:01:12,2025-11-29 23:20:12,tablet,/deals,,False
5039,819,2025-03-06 09:39:55,2025-03-06 09:59:55,desktop,/blog,,True
5040,1110,2025-04-09 21:40:53,2025-04-09 21:53:53,desktop,/category/apparel,,True
5041,1116,2025-12-09 11:29:16,2025-12-09 11:38:16,desktop,/deals,10,False
5042,577,2025-12-17 00:45:39,2025-12-17 01:10:39,desktop,/deals,,False
5043,218,2025-08-10 15:24:49,2025-08-10 15:48:49,mobile,/home,15,False
5044,511,2025-07-13 03:23:16,2025-07-13 03:53:16,tablet,/category/apparel,,False
5045,564,2025-05-19 09:39:50,2025-05-19 09:46:50,desktop,/home,,False
5046,321,2025-07-11 10:12:25,2025-07-11 10:33:25,tablet,/category/electronics,9,False
5047,384,2025-10-02 23:50:41,2025-10-02 23:52:41,mobile,/deals,,True
5048,,2024-12-15 23:35:33,2024-12-15 23:54:33,mobile,/category/apparel,,False
5049,,2025-08-29 02:18:00,2025-08-29 02:54:00,desktop,/product-search,14,False
5050,,2024-08-24 18:59:27,2024-08-24 19:15:27,desktop,/deals,,True
5051,633,2025-09-21 18:20:16,2025-09-21 18:52:16,desktop,/product-search,,False
5052,,2024-01-06 20:06:42,2024-01-06 20:19:42,desktop,/deals,,False
5053,129,2025-04-09 19:18:50,2025-04-09 19:28:50,tablet,/category/apparel,,False
5054,54,2025-04-29 22:32:21,2025-04-29 23:12:21,mobile,/blog,,False
5055,,2024-03-28 00:06:20,2024-03-28 00:12:20,mobile,/blog,,False
5056,361,2025-10-16 17:44:54,2025-10-16 18:05:54,desktop,/category/apparel,,False
5057,109,2025-11-11 14:43:18,2025-11-11 15:04:18,desktop,/deals,11,False
5058,922,2025-07-28 00:28:16,2025-07-28 00:31:16,desktop,/product-search,8,True
5059,,2024-07-25 02:00:40,2024-07-25 02:17:40,tablet,/product-search,,False
5060,,2024-10-30 19:51:33,2024-10-30 19:52:33,tablet,/category/apparel,,False
5061,263,2024-05-10 13:41:16,2024-05-10 14:16:16,desktop,/deals,,True
5062,736,2025-08-26 17:50:01,2025-08-26 18:10:01,desktop,/home,,False
5063,533,2025-12-11 04:58:17,2025-12-11 05:39:17,mobile,/product-search,,True
5064,,2024-10-14 13:09:56,2024-10-14 13:39:56,tablet,/home,,False
5065,,2025-03-25 18:38:16,2025-03-25 18:47:16,desktop,/product-search,,False
5066,399,2025-11-20 20:03:55,2025-11-20 20:31:55,mobile,/product-search,,False
5067,1256,2025-10-14 20:51:00,2025-10-14 21:02:00,tablet,/category/electronics,,False
5068,677,2025-11-16 22:17:56,2025-11-16 22:46:56,tablet,/deals,,False
5069,912,2025-08-23 14:44:57,2025-08-23 15:27:57,tablet,/home,,True
5070,595,2025-10-08 09:16:21,2025-10-08 09:55:21,tablet,/product-search,15,False
5071,,2025-07-07 06:41:14,2025-07-07 06:47:14,mobile,/blog,,False
5072,,2025-09-17 23:23:28,2025-09-17 23:55:28,tablet,/home,,False
5073,1153,2025-03-13 19:26:17,2025-03-13 19:42:17,tablet,/home,10,False
5074,797,2025-07-26 10:04:07,2025-07-26 10:08:07,mobile,/category/apparel,6,False
5075,,2024-09-20 04:38:33,2024-09-20 05:23:33,mobile,/home,5,False
5076,39,2025-01-11 12:32:08,2025-01-11 13:08:08,mobile,/category/apparel,,False
5077,,2024-08-07 02:19:52,2024-08-07 02:29:52,desktop,/category/apparel,,False
5078,1381,2025-08-14 15:47:12,2025-08-14 16:13:12,mobile,/home,,False
5079,,2025-03-10 23:55:52,2025-03-11 00:13:52,mobile,/deals,,False
5080,36,2024-05-31 04:22:06,2024-05-31 04:41:06,tablet,/product-search,,False
5081,,2024-11-29 04:34:42,2024-11-29 04:52:42,desktop,/product-search,4,False
5082,589,2024-08-07 05:52:53,2024-08-07 06:35:53,desktop,/product-search,,False
5083,753,2025-09-20 07:30:59,2025-09-20 07:42:59,tablet,/home,,False
5084,507,2025-02-26 12:42:50,2025-02-26 12:58:50,desktop,/product-search,5,False
5085,278,2025-12-04 08:13:06,2025-12-04 08:53:06,tablet,/blog,,False
5086,,2024-05-27 19:49:09,2024-05-27 20:31:09,tablet,/home,2,False
5087,,2025-12-02 15:02:34,2025-12-02 15:39:34,tablet,/category/apparel,,False
5088,102,2025-02-13 10:35:29,2025-02-13 11:14:29,tablet,/product-search,,False
5089,1296,2025-12-22 07:25:07,2025-12-22 07:32:07,desktop,/deals,13,False
5090,432,2025-02-01 20:07:40,2025-02-01 20:20:40,tablet,/category/apparel,4,False
5091,67,2025-04-18 02:26:37,2025-04-18 02:38:37,mobile,/blog,,False
5092,1299,2025-06-12 03:25:54,2025-06-12 03:57:54,mobile,/category/apparel,5,True
5093,1478,2025-11-09 05:58:02,2025-11-09 06:31:02,mobile,/category/apparel,,False
5094,,2025-08-12 15:33:18,2025-08-12 16:06:18,desktop,/product-search,5,False
5095,,2024-10-06 02:43:01,2024-10-06 03:27:01,mobile,/product-search,,False
5096,1029,2025-03-20 12:44:29,2025-03-20 12:49:29,desktop,/home,13,False
5097,,2025-08-18 22:36:24,2025-08-18 23:07:24,mobile,/product-search,,False
5098,891,2025-02-09 08:22:07,2025-02-09 08:55:07,tablet,/deals,,False
5099,,2024-08-08 14:56:42,2024-08-08 15:31:42,desktop,/category/apparel,,False
5100,1102,2025-11-17 11:28:03,2025-11-17 12:06:03,mobile,/product-search,2,False
5101,969,2025-02-28 11:33:21,2025-02-28 11:47:21,desktop,/product-search,,True
5102,213,2025-08-02 18:15:05,2025-08-02 18:17:05,tablet,/product-search,6,False
5103,382,2025-06-07 12:39:47,2025-06-07 12:51:47,tablet,/product-search,,False
5104,,2025-12-12 19:44:05,2025-12-12 19:55:05,mobile,/category/electronics,,False
5105,1266,2025-08-02 14:24:32,2025-08-02 14:57:32,desktop,/blog,1,False
5106,302,2025-11-05 08:42:36,2025-11-05 09:05:36,desktop,/blog,,False
5107,504,2025-01-26 15:20:39,2025-01-26 15:43:39,tablet,/category/electronics,,False
5108,675,2025-12-29 07:42:02,2025-12-29 08:00:02,mobile,/blog,12,False
5109,938,2025-01-29 17:58:51,2025-01-29 18:26:51,desktop,/product-search,1,False
5110,1157,2025-09-26 20:21:12,2025-09-26 20:51:12,tablet,/home,6,False
5111,1354,2025-11-18 10:07:25,2025-11-18 10:45:25,tablet,/deals,14,False
5112,,2025-03-17 02:15:16,2025-03-17 02:36:16,tablet,/category/apparel,7,False
5113,71,2025-05-04 00:47:26,2025-05-04 00:55:26,desktop,/home,7,False
5114,,2025-04-09 08:00:57,2025-04-09 08:24:57,tablet,/blog,,False
5115,988,2025-07-25 18:12:30,2025-07-25 18:21:30,tablet,/deals,,False
5116,300,2025-06-03 03:02:36,2025-06-03 03:41:36,desktop,/blog,11,True
5117,,2024-03-18 15:55:52,2024-03-18 16:34:52,desktop,/category/apparel,13,False
5118,1106,2025-12-10 06:09:31,2025-12-10 06:33:31,desktop,/category/apparel,,False
5119,513,2025-06-26 16:45:12,2025-06-26 17:13:12,desktop,/deals,7,False
5120,811,2025-06-12 18:16:35,2025-06-12 18:30:35,desktop,/category/electronics,,False
5121,,2025-06-24 23:12:25,2025-06-24 23:18:25,tablet,/home,6,False
5122,,2025-02-10 05:54:44,2025-02-10 06:31:44,mobile,/deals,4,False
5123,101,2025-10-25 00:07:20,2025-10-25 00:36:20,desktop,/category/electronics,15,False
5124,899,2025-03-07 04:41:30,2025-03-07 05:09:30,mobile,/deals,2,True
5125,,2024-04-30 09:22:11,2024-04-30 09:53:11,tablet,/deals,,False
5126,603,2025-11-10 22:57:09,2025-11-10 23:06:09,desktop,/product-search,,False
5127,295,2025-12-13 18:16:33,2025-12-13 18:31:33,tablet,/category/apparel,11,False
5128,,2025-09-29 08:28:11,2025-09-29 08:56:11,tablet,/category/electronics,2,False
5129,1438,2025-09-19 22:08:41,2025-09-19 22:16:41,desktop,/product-search,,True
5130,,2024-09-20 06:44:05,2024-09-20 07:02:05,tablet,/home,6,False
5131,534,2024-12-08 20:58:29,2024-12-08 21:18:29,desktop,/home,2,True
5132,218,2025-11-03 08:50:17,2025-11-03 09:08:17,tablet,/category/apparel,3,False
5133,,2025-12-22 03:54:25,2025-12-22 03:56:25,tablet,/home,6,False
5134,80,2025-06-02 14:13:40,2025-06-02 14:56:40,mobile,/product-search,,False
5135,218,2025-11-29 01:16:47,2025-11-29 01:26:47,desktop,/home,15,False
5136,1334,2025-03-29 20:01:04,2025-03-29 20:40:04,desktop,/blog,,False
5137,1076,2025-01-28 14:18:44,2025-01-28 14:50:44,mobile,/product-search,3,False
5138,577,2025-11-25 17:58:56,2025-11-25 18:03:56,mobile,/deals,4,False
5139,,2024-10-17 04:38:03,2024-10-17 05:06:03,tablet,/home,,True
5140,321,2025-06-08 13:09:20,2025-06-08 13:31:20,mobile,/product-search,10,False
5141,,2025-04-15 20:36:33,2025-04-15 20:39:33,desktop,/deals,15,False
5142,,2025-10-11 14:13:54,2025-10-11 14:19:54,desktop,/category/electronics,2,False
5143,,2025-03-05 13:16:31,2025-03-05 13:27:31,desktop,/category/electronics,7,False
5144,730,2025-07-20 16:54:12,2025-07-20 17:25:12,tablet,/product-search,,True
5145,505,2025-06-14 20:29:53,2025-06-14 20:37:53,desktop,/deals,,False
5146,,2024-01-19 16:04:39,2024-01-19 16:23:39,mobile,/home,,False
5147,1318,2025-07-21 15:14:08,2025-07-21 15:48:08,mobile,/category/apparel,,False
5148,449,2025-05-07 01:24:52,2025-05-07 02:00:52,tablet,/category/electronics,3,True
5149,,2024-12-10 07:36:38,2024-12-10 07:45:38,tablet,/product-search,3,False
5150,138,2024-11-07 21:15:10,2024-11-07 21:29:10,tablet,/home,,False
5151,,2025-01-12 23:08:28,2025-01-12 23:14:28,desktop,/blog,1,False
5152,37,2025-05-10 07:27:20,2025-05-10 07:58:20,desktop,/product-search,6,False
5153,452,2025-12-04 13:56:30,2025-12-04 14:00:30,desktop,/category/electronics,13,False
5154,713,2025-06-06 14:06:02,2025-06-06 14:44:02,desktop,/category/apparel,,False
5155,427,2025-02-07 16:22:42,2025-02-07 16:27:42,desktop,/deals,,False
5156,152,2025-04-17 02:06:08,2025-04-17 02:10:08,mobile,/home,,False
5157,,2025-08-14 14:32:23,2025-08-14 15:14:23,tablet,/product-search,,False
5158,934,2025-11-03 12:51:25,2025-11-03 13:03:25,tablet,/blog,2,False
5159,739,2025-06-03 02:16:08,2025-06-03 02:30:08,mobile,/category/electronics,9,False
5160,,2025-11-12 10:09:28,2025-11-12 10:36:28,desktop,/product-search,,False
5161,1347,2025-12-14 21:46:53,2025-12-14 22:10:53,tablet,/blog,,False
5162,455,2025-01-29 12:07:17,2025-01-29 12:43:17,desktop,/category/apparel,9,False
5163,,2025-06-05 19:21:11,2025-06-05 19:33:11,desktop,/deals,6,False
5164,803,2025-11-17 14:04:55,2025-11-17 14:14:55,mobile,/blog,,True
5165,1034,2025-12-27 07:26:39,2025-12-27 08:04:39,tablet,/deals,,False
5166,426,2025-08-26 22:08:45,2025-08-26 22:27:45,mobile,/home,,False
5167,476,2025-02-28 18:21:01,2025-02-28 18:43:01,tablet,/home,3,False
5168,1249,2025-06-11 18:06:21,2025-06-11 18:30:21,tablet,/home,,False
5169,,2025-12-01 04:40:48,2025-12-01 05:25:48,tablet,/home,9,False
5170,42,2025-12-29 11:17:42,2025-12-29 11:52:42,tablet,/product-search,3,False
5171,674,2025-10-25 08:32:30,2025-10-25 09:14:30,tablet,/home,,False
5172,646,2025-12-29 10:06:15,2025-12-29 10:27:15,mobile,/deals,,False
5173,,2025-02-02 05:15:16,2025-02-02 05:59:16,mobile,/home,,False
5174,,2025-03-26 19:01:04,2025-03-26 19:32:04,mobile,/category/apparel,13,False
5175,95,2025-05-22 02:17:13,2025-05-22 02:19:13,desktop,/home,10,False
5176,,2025-05-17 20:54:36,2025-05-17 21:00:36,desktop,/product-search,,False
5177,639,2025-02-12 01:22:55,2025-02-12 01:50:55,tablet,/blog,9,False
5178,685,2024-12-20 15:08:05,2024-12-20 15:20:05,mobile,/category/electronics,6,False
5179,53,2025-09-10 13:47:34,2025-09-10 14:05:34,mobile,/category/electronics,12,True
5180,484,2025-09-06 15:48:46,2025-09-06 16:18:46,desktop,/deals,,False
5181,,2024-12-24 02:41:23,2024-12-24 03:13:23,desktop,/home,,False
5182,,2025-07-25 07:06:47,2025-07-25 07:14:47,tablet,/blog,9,False
5183,380,2024-09-04 18:48:51,2024-09-04 18:59:51,mobile,/blog,,False
5184,766,2025-01-29 18:01:32,2025-01-29 18:25:32,mobile,/category/apparel,10,True
5185,,2024-01-20 21:35:20,2024-01-20 21:56:20,desktop,/category/electronics,,False
5186,,2025-09-29 16:44:38,2025-09-29 17:15:38,tablet,/deals,,False
5187,1409,2024-09-30 11:27:53,2024-09-30 11:32:53,desktop,/deals,7,False
5188,367,2025-12-27 20:21:59,2025-12-27 20:35:59,desktop,/category/apparel,,False
5189,,2025-10-01 13:14:16,2025-10-01 13:51:16,desktop,/category/apparel,,False
5190,908,2025-03-08 02:50:16,2025-03-08 03:26:16,desktop,/blog,2,False
5191,1279,2025-09-12 20:54:54,2025-09-12 21:02:54,tablet,/blog,15,True
5192,897,2024-09-18 02:46:01,2024-09-18 03:24:01,desktop,/category/apparel,,False
5193,1441,2025-06-10 01:55:33,2025-06-10 02:09:33,mobile,/blog,,False
5194,,2024-12-28 20:46:14,2024-12-28 20:54:14,mobile,/deals,,False
5195,1275,2025-09-29 20:22:39,2025-09-29 21:05:39,desktop,/category/apparel,12,True
5196,334,2025-10-12 08:35:06,2025-10-12 09:10:06,desktop,/blog,,True
5197,185,2025-06-07 22:30:18,2025-06-07 23:06:18,mobile,/category/electronics,,True
5198,1054,2024-12-25 21:56:41,2024-12-25 22:13:41,tablet,/product-search,,False
5199,408,2025-12-26 05:17:43,2025-12-26 05:40:43,tablet,/product-search,,False
5200,,2024-05-07 15:43:24,2024-05-07 16:14:24,desktop,/blog,4,False
5201,836,2025-11-10 22:52:11,2025-11-10 23:15:11,mobile,/blog,,False
5202,,2024-08-16 00:58:31,2024-08-16 01:19:31,mobile,/product-search,,False
5203,1426,2025-12-14 06:05:28,2025-12-14 06:15:28,tablet,/deals,,False
5204,,2024-08-18 10:44:03,2024-08-18 11:16:03,tablet,/deals,,False
5205,1051,2025-06-23 18:28:47,2025-06-23 18:45:47,mobile,/home,,True
5206,307,2024-06-18 03:58:27,2024-06-18 04:01:27,tablet,/deals,,True
5207,,2025-02-24 02:21:31,2025-02-24 03:01:31,mobile,/product-search,,False
5208,927,2025-05-20 02:50:55,2025-05-20 03:11:55,mobile,/product-search,,False
5209,876,2025-12-18 07:05:01,2025-12-18 07:39:01,tablet,/home,,False
5210,357,2025-07-15 13:55:36,2025-07-15 14:39:36,tablet,/deals,,False
5211,566,2024-11-13 00:53:43,2024-11-13 01:35:43,desktop,/home,,False
5212,61,2025-07-30 13:42:48,2025-07-30 13:53:48,mobile,/product-search,,True
5213,1459,2025-03-02 19:09:37,2025-03-02 19:42:37,tablet,/category/apparel,1,True
5214,,2024-06-08 00:16:37,2024-06-08 00:58:37,tablet,/deals,,False
5215,569,2024-08-15 03:59:40,2024-08-15 04:21:40,mobile,/category/electronics,,False
5216,,2025-06-14 11:33:41,2025-06-14 11:38:41,mobile,/category/electronics,,False
5217,457,2024-12-02 16:06:04,2024-12-02 16:45:04,mobile,/blog,15,False
5218,1389,2024-07-28 13:21:25,2024-07-28 13:25:25,tablet,/product-search,7,False
5219,1028,2025-06-01 22:59:46,2025-06-01 23:04:46,tablet,/category/apparel,,False
5220,1306,2024-10-13 14:46:10,2024-10-13 15:17:10,desktop,/deals,,False
5221,,2025-04-27 06:26:35,2025-04-27 06:36:35,mobile,/product-search,8,False
5222,,2024-01-24 07:16:10,2024-01-24 07:29:10,mobile,/product-search,6,False
5223,,2025-06-30 09:20:36,2025-06-30 09:55:36,desktop,/home,,False
5224,728,2025-11-09 23:13:46,2025-11-09 23:16:46,tablet,/home,1,False
5225,,2024-02-12 00:46:48,2024-02-12 01:30:48,mobile,/deals,,False
5226,,2025-06-08 13:48:08,2025-06-08 13:55:08,tablet,/blog,,False
5227,22,2025-12-13 16:21:30,2025-12-13 16:58:30,mobile,/category/apparel,8,False
5228,285,2025-10-03 06:56:38,2025-10-03 07:13:38,mobile,/home,7,False
5229,1105,2025-04-05 16:22:41,2025-04-05 16:53:41,desktop,/home,,True
5230,696,2025-04-04 12:03:43,2025-04-04 12:41:43,mobile,/blog,14,False
5231,,2025-01-10 17:10:27,2025-01-10 17:49:27,tablet,/category/electronics,,False
5232,,2025-03-30 15:58:56,2025-03-30 16:08:56,desktop,/category/electronics,6,False
5233,1144,2025-08-27 20:14:17,2025-08-27 20:24:17,mobile,/category/apparel,,False
5234,250,2025-07-27 01:40:41,2025-07-27 02:19:41,desktop,/home,,False
5235,88,2025-12-10 02:26:44,2025-12-10 02:41:44,desktop,/home,3,False
5236,1260,2025-08-19 01:06:11,2025-08-19 01:42:11,desktop,/category/apparel,2,False
5237,126,2024-12-18 03:12:03,2024-12-18 03:25:03,mobile,/blog,6,False
5238,1142,2025-11-25 12:38:50,2025-11-25 13:21:50,desktop,/category/apparel,,False
5239,,2024-07-27 08:33:42,2024-07-27 09:10:42,mobile,/category/apparel,5,False
5240,,2025-07-07 02:41:54,2025-07-07 03:10:54,tablet,/home,,False
5241,645,2025-10-03 11:04:33,2025-10-03 11:40:33,mobile,/blog,2,False
5242,35,2025-12-07 16:56:41,2025-12-07 17:28:41,tablet,/category/apparel,6,False
5243,144,2025-11-18 08:52:35,2025-11-18 09:10:35,tablet,/home,,True
5244,4,2025-04-25 18:42:43,2025-04-25 19:07:43,desktop,/home,15,False
5245,1356,2025-07-17 09:35:44,2025-07-17 09:43:44,tablet,/category/electronics,,True
5246,,2025-08-28 08:20:21,2025-08-28 09:01:21,mobile,/product-search,,False
5247,,2024-10-30 23:36:36,2024-10-31 00:20:36,tablet,/category/apparel,2,False
5248,680,2025-02-04 14:40:19,2025-02-04 14:55:19,mobile,/category/electronics,,True
5249,1496,2025-04-30 21:14:07,2025-04-30 21:40:07,desktop,/category/electronics,,False
5250,835,2024-02-10 08:34:41,2024-02-10 09:15:41,mobile,/category/apparel,15,False
5251,682,2025-02-16 03:22:18,2025-02-16 03:50:18,mobile,/home,,False
5252,608,2024-10-29 21:32:59,2024-10-29 21:44:59,tablet,/home,,False
5253,1253,2025-08-16 08:14:53,2025-08-16 08:15:53,desktop,/product-search,,True
5254,923,2025-01-13 05:26:09,2025-01-13 05:28:09,desktop,/deals,,False
5255,548,2025-05-21 18:52:32,2025-05-21 19:08:32,tablet,/home,10,False
5256,,2025-01-22 03:41:59,2025-01-22 04:04:59,mobile,/category/electronics,,False
5257,654,2025-12-24 12:12:38,2025-12-24 12:53:38,desktop,/category/electronics,1,False
5258,1121,2025-10-19 03:24:03,2025-10-19 03:27:03,mobile,/deals,7,False
5259,1252,2025-06-06 23:44:46,2025-06-07 00:14:46,tablet,/category/apparel,,False
5260,307,2024-09-11 15:44:32,2024-09-11 16:16:32,tablet,/product-search,,False
5261,225,2025-05-08 10:33:48,2025-05-08 10:35:48,tablet,/blog,,False
5262,,2025-12-20 15:19:30,2025-12-20 15:31:30,mobile,/product-search,6,False
5263,,2025-06-06 20:48:11,2025-06-06 21:27:11,mobile,/category/electronics,12,False
5264,889,2025-08-04 04:00:11,2025-08-04 04:21:11,mobile,/blog,,True
5265,,2024-03-11 01:48:02,2024-03-11 02:06:02,tablet,/home,,False
5266,241,2025-11-10 10:45:26,2025-11-10 10:57:26,tablet,/product-search,6,True
5267,761,2025-09-22 10:09:38,2025-09-22 10:10:38,desktop,/home,,True
5268,216,2025-03-08 17:02:48,2025-03-08 17:36:48,tablet,/category/apparel,,True
5269,,2025-09-23 13:15:07,2025-09-23 13:41:07,desktop,/category/apparel,,True
5270,,2024-12-30 23:54:31,2024-12-30 23:56:31,mobile,/category/electronics,10,False
5271,725,2025-09-04 13:14:26,2025-09-04 13:23:26,tablet,/deals,1,False
5272,,2024-05-16 00:38:41,2024-05-16 01:05:41,desktop,/category/electronics,,False
5273,,2025-01-24 05:14:21,2025-01-24 05:32:21,desktop,/home,,False
5274,1269,2025-11-17 12:21:14,2025-11-17 12:51:14,desktop,/category/apparel,,False
5275,1244,2025-07-06 09:08:40,2025-07-06 09:16:40,desktop,/category/electronics,14,False
5276,392,2025-09-25 15:23:42,2025-09-25 15:36:42,tablet,/product-search,,False
5277,551,2025-12-04 21:13:07,2025-12-04 21:53:07,mobile,/home,,False
5278,,2025-05-24 04:56:27,2025-05-24 05:26:27,desktop,/home,,False
5279,,2024-07-19 09:52:19,2024-07-19 10:15:19,mobile,/category/apparel,2,False
5280,,2025-11-25 03:18:08,2025-11-25 03:27:08,mobile,/category/electronics,,False
5281,113,2025-02-21 20:00:21,2025-02-21 20:15:21,mobile,/product-search,,False
5282,,2025-03-18 21:41:09,2025-03-18 22:25:09,mobile,/home,1,False
5283,1343,2025-11-18 14:10:30,2025-11-18 14:54:30,tablet,/deals,,True
5284,1043,2025-09-01 17:27:45,2025-09-01 18:08:45,mobile,/product-search,,False
5285,166,2025-03-11 17:18:26,2025-03-11 17:35:26,desktop,/blog,,False
5286,163,2025-08-04 22:17:13,2025-08-04 22:31:13,desktop,/blog,,False
5287,957,2025-05-12 18:10:17,2025-05-12 18:25:17,desktop,/blog,8,False
5288,1189,2024-11-30 13:07:00,2024-11-30 13:52:00,tablet,/category/apparel,,False
5289,103,2025-09-19 08:15:27,2025-09-19 08:25:27,tablet,/category/electronics,10,True
5290,,2024-07-20 05:36:58,2024-07-20 05:53:58,tablet,/home,,False
5291,646,2025-12-13 21:33:35,2025-12-13 21:58:35,tablet,/category/apparel,12,True
5292,1444,2025-03-19 05:09:00,2025-03-19 05:29:00,tablet,/deals,14,True
5293,,2025-08-03 13:18:16,2025-08-03 13:57:16,desktop,/blog,11,False
5294,1168,2025-10-23 03:29:57,2025-10-23 03:54:57,mobile,/category/apparel,,False
5295,418,2024-10-07 16:35:15,2024-10-07 17:02:15,tablet,/category/apparel,7,False
5296,,2024-09-29 02:42:04,2024-09-29 03:02:04,mobile,/category/electronics,5,False
5297,1045,2025-12-19 03:35:49,2025-12-19 04:11:49,mobile,/home,13,True
5298,638,2025-09-16 03:55:19,2025-09-16 04:13:19,tablet,/deals,,False
5299,,2025-07-13 06:08:37,2025-07-13 06:40:37,tablet,/blog,9,False
5300,455,2025-07-02 08:50:27,2025-07-02 09:25:27,mobile,/blog,6,False
5301,,2024-10-03 17:26:15,2024-10-03 18:08:15,mobile,/blog,,False
5302,701,2024-12-17 05:57:35,2024-12-17 06:10:35,tablet,/product-search,6,False
5303,,2024-11-08 07:42:22,2024-11-08 08:27:22,tablet,/category/electronics,12,False
5304,790,2025-09-15 08:40:08,2025-09-15 08:59:08,mobile,/category/apparel,14,False
5305,49,2025-08-29 13:03:17,2025-08-29 13:45:17,desktop,/blog,12,False
5306,498,2025-10-29 13:49:00,2025-10-29 14:16:00,mobile,/category/apparel,4,False
5307,,2025-09-02 21:48:27,2025-09-02 22:23:27,mobile,/home,12,False
5308,1069,2025-02-16 23:13:22,2025-02-16 23:41:22,mobile,/product-search,7,False
5309,422,2025-08-03 08:26:08,2025-08-03 08:45:08,mobile,/home,15,False
5310,,2025-09-26 19:11:02,2025-09-26 19:27:02,tablet,/category/apparel,,False
5311,,2025-12-12 23:22:42,2025-12-12 23:53:42,tablet,/deals,12,False
5312,568,2025-12-18 02:38:04,2025-12-18 02:51:04,desktop,/product-search,,True
5313,1307,2025-03-20 13:40:53,2025-03-20 14:25:53,mobile,/category/apparel,,False
5314,,2024-11-18 01:19:37,2024-11-18 01:30:37,desktop,/home,2,False
5315,381,2025-12-24 03:04:20,2025-12-24 03:18:20,tablet,/category/apparel,,False
5316,759,2025-10-31 20:39:04,2025-10-31 20:55:04,tablet,/category/electronics,,False
5317,,2024-05-20 15:22:04,2024-05-20 15:58:04,mobile,/product-search,7,False
5318,,2025-11-16 15:18:06,2025-11-16 15:25:06,tablet,/category/electronics,,False
5319,168,2025-10-06 23:37:52,2025-10-06 23:45:52,tablet,/home,,False
5320,,2024-12-05 06:47:02,2024-12-05 06:51:02,desktop,/product-search,14,False
5321,700,2025-12-03 03:09:03,2025-12-03 03:27:03,mobile,/home,,False
5322,1155,2024-02-26 02:12:42,2024-02-26 02:20:42,desktop,/category/electronics,,True
5323,735,2025-01-16 14:52:49,2025-01-16 15:03:49,desktop,/home,3,False
5324,1250,2024-12-08 12:10:32,2024-12-08 12:40:32,desktop,/product-search,,False
5325,1033,2025-05-19 10:53:26,2025-05-19 11:29:26,tablet,/deals,,False
5326,214,2025-06-04 08:48:41,2025-06-04 08:59:41,desktop,/deals,,True
5327,86,2025-04-11 04:24:37,2025-04-11 04:44:37,desktop,/blog,1,False
5328,1310,2025-03-18 22:05:22,2025-03-18 22:32:22,desktop,/product-search,,False
5329,1198,2025-02-06 11:59:49,2025-02-06 12:02:49,desktop,/blog,,False
5330,20,2025-02-04 19:42:12,2025-02-04 20:17:12,mobile,/product-search,9,False
5331,913,2025-12-26 18:23:30,2025-12-26 18:54:30,tablet,/category/apparel,2,True
5332,1338,2024-07-01 06:09:50,2024-07-01 06:10:50,desktop,/category/electronics,,False
5333,,2024-12-19 04:07:12,2024-12-19 04:18:12,tablet,/blog,,False
5334,997,2025-08-03 10:32:00,2025-08-03 10:47:00,mobile,/category/apparel,2,False
5335,841,2024-12-14 09:02:35,2024-12-14 09:19:35,mobile,/blog,4,True
5336,1259,2024-11-25 00:33:19,2024-11-25 00:44:19,desktop,/blog,,True
5337,430,2025-05-12 05:30:50,2025-05-12 05:49:50,mobile,/home,7,False
5338,1100,2025-08-28 10:20:54,2025-08-28 10:43:54,desktop,/home,,False
5339,1069,2025-12-15 06:47:35,2025-12-15 07:30:35,desktop,/deals,7,False
5340,250,2025-05-29 06:30:46,2025-05-29 06:46:46,tablet,/blog,,True
5341,358,2024-09-23 16:14:57,2024-09-23 16:21:57,mobile,/blog,,False
5342,109,2025-11-04 01:29:22,2025-11-04 01:41:22,mobile,/home,,True
5343,1072,2025-08-19 09:32:41,2025-08-19 09:58:41,tablet,/home,,True
5344,848,2024-11-28 20:33:24,2024-11-28 20:35:24,tablet,/category/electronics,,False
5345,,2024-03-05 20:13:03,2024-03-05 20:50:03,tablet,/product-search,10,False
5346,1162,2025-12-23 12:07:46,2025-12-23 12:38:46,tablet,/deals,,False
5347,1481,2025-08-29 03:36:38,2025-08-29 04:15:38,tablet,/deals,,False
5348,803,2025-12-14 11:39:36,2025-12-14 11:50:36,mobile,/blog,7,False
5349,446,2025-11-08 11:05:08,2025-11-08 11:28:08,mobile,/category/apparel,,True
5350,1199,2025-07-24 21:31:08,2025-07-24 21:50:08,desktop,/product-search,10,False
5351,,2024-06-11 13:02:46,2024-06-11 13:08:46,mobile,/deals,,False
5352,,2024-04-25 00:32:50,2024-04-25 01:03:50,desktop,/product-search,,False
5353,,2025-05-05 04:32:25,2025-05-05 05:02:25,mobile,/blog,14,False
5354,389,2025-12-12 11:10:30,2025-12-12 11:13:30,tablet,/category/electronics,,False
5355,1247,2024-04-06 22:41:18,2024-04-06 23:07:18,tablet,/deals,,True
5356,766,2025-08-02 20:03:56,2025-08-02 20:33:56,desktop,/category/electronics,,False
5357,282,2025-08-09 00:58:53,2025-08-09 01:14:53,tablet,/category/electronics,2,False
5358,367,2025-11-25 12:13:54,2025-11-25 12:44:54,desktop,/category/electronics,2,False
5359,,2024-02-03 18:48:05,2024-02-03 19:13:05,tablet,/category/electronics,2,False
5360,967,2024-12-09 21:59:23,2024-12-09 22:19:23,desktop,/category/electronics,,False
5361,,2024-02-13 00:58:32,2024-02-13 01:03:32,desktop,/home,8,False
5362,,2024-01-14 19:37:26,2024-01-14 19:44:26,desktop,/deals,,False
5363,569,2024-12-03 12:32:57,2024-12-03 12:55:57,mobile,/product-search,9,False
5364,,2025-06-30 21:12:19,2025-06-30 21:15:19,mobile,/category/apparel,2,False
5365,1119,2025-12-29 15:49:07,2025-12-29 16:07:07,mobile,/blog,,False
5366,,2025-07-25 00:04:26,2025-07-25 00:07:26,tablet,/deals,10,False
5367,,2024-12-07 11:00:49,2024-12-07 11:22:49,desktop,/deals,15,False
5368,1088,2025-02-24 02:26:41,2025-02-24 02:58:41,tablet,/deals,1,False
5369,1355,2025-12-30 10:47:18,2025-12-30 11:26:18,desktop,/category/apparel,,False
5370,1422,2025-12-05 12:48:50,2025-12-05 13:19:50,mobile,/product-search,13,False
5371,728,2025-02-13 22:05:15,2025-02-13 22:46:15,desktop,/category/apparel,14,False
5372,1147,2025-07-08 09:06:07,2025-07-08 09:48:07,mobile,/product-search,,False
5373,1334,2025-06-15 13:16:43,2025-06-15 13:59:43,desktop,/blog,10,True
5374,994,2025-02-13 11:04:45,2025-02-13 11:11:45,tablet,/category/apparel,15,False
5375,,2025-07-30 01:01:00,2025-07-30 01:09:00,mobile,/product-search,,False
5376,591,2024-12-22 22:02:17,2024-12-22 22:26:17,tablet,/product-search,,False
5377,,2025-03-21 10:40:15,2025-03-21 10:59:15,tablet,/blog,8,False
5378,1373,2025-07-13 04:19:29,2025-07-13 04:52:29,desktop,/deals,,False
5379,1374,2025-10-19 22:57:34,2025-10-19 23:28:34,tablet,/blog,11,True
5380,,2024-10-31 18:24:50,2024-10-31 18:52:50,tablet,/category/apparel,,False
5381,1446,2025-12-26 07:38:26,2025-12-26 08:04:26,tablet,/home,,False
5382,149,2025-05-24 00:47:57,2025-05-24 00:57:57,mobile,/product-search,10,False
5383,760,2025-12-17 04:44:35,2025-12-17 05:02:35,mobile,/category/electronics,14,True
5384,1378,2025-08-14 19:46:09,2025-08-14 20:00:09,desktop,/category/electronics,15,False
5385,,2024-06-18 10:25:31,2024-06-18 11:03:31,desktop,/home,1,False
5386,443,2025-07-02 18:25:23,2025-07-02 19:10:23,mobile,/blog,13,False
5387,,2024-01-09 04:52:18,2024-01-09 04:58:18,desktop,/product-search,9,False
5388,773,2025-11-01 03:56:31,2025-11-01 04:26:31,mobile,/deals,,True
5389,1177,2025-09-04 18:22:48,2025-09-04 18:36:48,desktop,/home,6,False
5390,162,2025-12-19 02:40:33,2025-12-19 02:58:33,mobile,/home,,True
5391,1242,2025-09-09 07:04:23,2025-09-09 07:16:23,tablet,/deals,,False
5392,,2025-03-29 07:45:15,2025-03-29 08:09:15,mobile,/deals,,False
5393,,2025-10-02 04:49:54,2025-10-02 05:29:54,mobile,/home,1,False
5394,,2024-04-05 01:46:39,2024-04-05 02:11:39,mobile,/blog,9,False
5395,508,2025-03-06 04:07:24,2025-03-06 04:52:24,mobile,/deals,4,False
5396,465,2025-02-23 14:06:44,2025-02-23 14:25:44,mobile,/blog,,True
5397,320,2025-10-20 04:18:38,2025-10-20 04:39:38,tablet,/category/electronics,,True
5398,,2024-07-07 10:27:23,2024-07-07 11:12:23,tablet,/blog,,False
5399,,2024-03-10 17:40:26,2024-03-10 18:05:26,desktop,/blog,,False
5400,629,2025-07-08 19:28:00,2025-07-08 20:01:00,mobile,/product-search,,False
5401,375,2024-10-29 21:36:27,2024-10-29 22:05:27,desktop,/deals,5,False
5402,660,2025-11-21 15:46:59,2025-11-21 16:11:59,mobile,/deals,10,False
5403,1232,2025-12-17 03:24:43,2025-12-17 03:45:43,tablet,/deals,,False
5404,120,2025-12-08 15:00:19,2025-12-08 15:42:19,tablet,/home,,False
5405,589,2024-04-23 12:45:51,2024-04-23 13:19:51,desktop,/category/electronics,11,True
5406,1367,2025-08-16 22:25:30,2025-08-16 22:44:30,tablet,/blog,,False
5407,1130,2025-12-13 02:02:23,2025-12-13 02:29:23,desktop,/blog,11,False
5408,,2025-06-15 16:46:20,2025-06-15 17:22:20,tablet,/category/electronics,6,False
5409,285,2025-11-30 04:30:04,2025-11-30 05:01:04,tablet,/product-search,13,False
5410,379,2025-08-18 18:29:03,2025-08-18 18:53:03,desktop,/product-search,,True
5411,,2025-12-05 03:55:59,2025-12-05 04:25:59,tablet,/home,,False
5412,554,2025-12-17 13:45:06,2025-12-17 14:04:06,tablet,/blog,,False
5413,485,2025-09-06 22:42:51,2025-09-06 22:47:51,mobile,/product-search,,True
5414,1338,2025-11-07 09:24:26,2025-11-07 10:08:26,desktop,/deals,,False
5415,1113,2025-12-01 07:51:34,2025-12-01 08:27:34,desktop,/blog,,False
5416,622,2025-10-20 12:19:58,2025-10-20 13:03:58,desktop,/product-search,,False
5417,,2024-04-01 12:18:04,2024-04-01 12:45:04,tablet,/blog,,False
5418,1348,2025-12-19 06:52:18,2025-12-19 07:13:18,mobile,/category/apparel,,False
5419,,2025-10-28 09:36:25,2025-10-28 10:21:25,tablet,/category/apparel,,False
5420,532,2025-11-26 06:02:03,2025-11-26 06:42:03,tablet,/deals,,False
5421,1288,2025-10-12 15:50:28,2025-10-12 15:58:28,mobile,/product-search,,False
5422,,2025-12-26 23:13:29,2025-12-26 23:54:29,tablet,/blog,,False
5423,1086,2025-12-22 03:27:49,2025-12-22 03:29:49,mobile,/blog,,False
5424,1397,2025-11-19 12:04:44,2025-11-19 12:19:44,tablet,/category/apparel,,False
5425,,2025-09-01 08:52:46,2025-09-01 09:18:46,mobile,/category/apparel,,False
5426,362,2025-05-29 04:31:40,2025-05-29 04:44:40,mobile,/home,3,False
5427,1195,2025-02-24 09:26:06,2025-02-24 10:03:06,tablet,/blog,,False
5428,,2025-07-05 08:50:30,2025-07-05 09:30:30,tablet,/category/apparel,8,False
5429,769,2025-12-12 02:07:06,2025-12-12 02:35:06,tablet,/deals,,False
5430,206,2025-05-10 20:09:58,2025-05-10 20:51:58,tablet,/blog,,False
5431,222,2025-12-27 10:50:37,2025-12-27 11:19:37,tablet,/product-search,,False
5432,,2024-08-23 04:23:38,2024-08-23 05:03:38,tablet,/product-search,,False
5433,791,2025-02-08 05:21:50,2025-02-08 05:51:50,mobile,/home,,True
5434,322,2025-03-05 01:10:53,2025-03-05 01:36:53,mobile,/category/electronics,1,False
5435,169,2025-10-20 01:38:49,2025-10-20 01:40:49,mobile,/product-search,,False
5436,,2025-08-22 04:21:32,2025-08-22 04:23:32,desktop,/product-search,7,False
5437,1114,2025-10-28 03:43:22,2025-10-28 04:12:22,mobile,/category/electronics,5,False
5438,1459,2024-08-21 07:36:15,2024-08-21 07:49:15,tablet,/category/electronics,,True
5439,15,2025-01-18 02:30:03,2025-01-18 02:47:03,tablet,/blog,,False
5440,1133,2025-10-17 10:12:49,2025-10-17 10:49:49,tablet,/deals,13,True
5441,1048,2025-09-14 07:11:14,2025-09-14 07:13:14,desktop,/product-search,,True
5442,944,2025-01-06 12:32:02,2025-01-06 12:33:02,desktop,/deals,,False
5443,688,2025-09-30 11:49:38,2025-09-30 12:05:38,tablet,/home,11,False
5444,1048,2025-12-29 13:59:29,2025-12-29 14:17:29,mobile,/home,,False
5445,219,2025-03-19 05:36:41,2025-03-19 06:20:41,desktop,/category/apparel,,False
5446,820,2025-12-16 14:14:41,2025-12-16 14:15:41,desktop,/deals,,True
5447,304,2024-09-11 12:26:46,2024-09-11 13:09:46,desktop,/category/electronics,,False
5448,142,2025-06-01 09:58:21,2025-06-01 10:39:21,desktop,/category/electronics,,False
5449,849,2025-06-01 22:54:20,2025-06-01 23:30:20,mobile,/deals,,False
5450,,2025-05-20 01:28:37,2025-05-20 01:39:37,desktop,/deals,10,False
5451,17,2024-09-10 06:36:17,2024-09-10 06:53:17,desktop,/category/electronics,,False
5452,1428,2025-08-09 07:29:16,2025-08-09 07:44:16,mobile,/category/electronics,7,False
5453,,2025-01-28 06:51:16,2025-01-28 07:04:16,desktop,/home,5,False
5454,949,2025-10-09 17:11:46,2025-10-09 17:54:46,mobile,/blog,,False
5455,1345,2025-11-20 22:50:32,2025-11-20 23:19:32,desktop,/category/apparel,13,False
5456,,2025-04-04 19:37:33,2025-04-04 20:14:33,desktop,/category/apparel,,False
5457,815,2025-09-17 02:56:41,2025-09-17 03:00:41,mobile,/blog,,True
5458,760,2025-11-29 22:35:49,2025-11-29 22:49:49,tablet,/category/apparel,13,False
5459,,2024-06-20 06:20:18,2024-06-20 06:36:18,mobile,/deals,11,False
5460,965,2025-06-26 22:48:31,2025-06-26 23:17:31,mobile,/product-search,,False
5461,331,2025-08-16 09:52:27,2025-08-16 10:30:27,desktop,/deals,,True
5462,575,2025-10-26 04:36:49,2025-10-26 05:19:49,mobile,/blog,,False
5463,,2025-01-24 20:47:00,2025-01-24 20:53:00,desktop,/category/apparel,,False
5464,,2024-09-12 00:42:05,2024-09-12 01:23:05,desktop,/category/electronics,9,False
5465,,2025-02-23 12:32:55,2025-02-23 13:10:55,mobile,/category/apparel,,False
5466,,2025-06-09 14:37:05,2025-06-09 14:52:05,mobile,/deals,14,False
5467,703,2025-10-25 04:09:04,2025-10-25 04:38:04,tablet,/category/apparel,,False
5468,499,2025-12-12 00:01:37,2025-12-12 00:45:37,tablet,/product-search,5,False
5469,,2025-12-11 04:48:13,2025-12-11 05:05:13,mobile,/category/electronics,15,False
5470,383,2025-06-01 15:59:37,2025-06-01 16:40:37,mobile,/category/apparel,3,False
5471,1299,2025-07-09 10:03:16,2025-07-09 10:17:16,tablet,/category/apparel,9,False
5472,,2025-02-07 15:10:37,2025-02-07 15:33:37,tablet,/home,,False
5473,1376,2025-11-26 13:23:54,2025-11-26 13:24:54,desktop,/deals,,False
5474,136,2025-06-04 11:57:06,2025-06-04 12:10:06,desktop,/category/electronics,,False
5475,,2024-05-10 21:23:25,2024-05-10 21:34:25,desktop,/home,,False
5476,,2025-08-21 21:52:01,2025-08-21 22:03:01,mobile,/category/electronics,,False
5477,,2024-12-27 11:46:09,2024-12-27 11:55:09,mobile,/category/electronics,7,False
5478,,2024-06-11 16:18:55,2024-06-11 16:19:55,mobile,/blog,,False
5479,524,2025-12-28 16:51:55,2025-12-28 17:19:55,desktop,/product-search,2,False
5480,1054,2025-09-17 03:02:47,2025-09-17 03:18:47,tablet,/category/electronics,8,True
5481,1418,2025-11-12 00:46:32,2025-11-12 00:56:32,tablet,/deals,,False
5482,164,2025-12-25 08:54:16,2025-12-25 09:27:16,mobile,/home,,False
5483,553,2024-07-12 07:52:16,2024-07-12 08:02:16,mobile,/blog,,False
5484,781,2025-12-25 22:21:56,2025-12-25 22:36:56,tablet,/deals,,False
5485,1208,2025-05-17 06:35:20,2025-05-17 07:18:20,mobile,/home,,True
5486,1304,2025-10-24 20:31:54,2025-10-24 21:03:54,tablet,/deals,7,False
5487,400,2025-11-16 21:21:22,2025-11-16 21:31:22,tablet,/deals,,False
5488,56,2025-12-17 18:37:08,2025-12-17 19:14:08,tablet,/home,,False
5489,,2025-03-10 16:19:46,2025-03-10 16:33:46,tablet,/category/electronics,,False
5490,,2025-02-26 01:14:26,2025-02-26 01:19:26,mobile,/deals,9,False
5491,,2024-04-26 11:52:16,2024-04-26 11:56:16,tablet,/home,3,False
5492,677,2025-11-13 00:32:29,2025-11-13 01:02:29,mobile,/category/apparel,11,False
5493,703,2025-08-10 04:30:40,2025-08-10 04:38:40,tablet,/category/electronics,,False
5494,524,2025-12-28 01:45:41,2025-12-28 02:03:41,tablet,/category/apparel,,False
5495,,2024-08-29 00:56:00,2024-08-29 01:09:00,mobile,/deals,,True
5496,87,2025-04-05 12:53:50,2025-04-05 13:25:50,tablet,/home,,True
5497,,2024-06-01 05:10:08,2024-06-01 05:32:08,tablet,/home,,False
5498,1446,2025-09-17 14:54:58,2025-09-17 14:56:58,tablet,/category/apparel,,False
5499,,2024-06-26 03:21:30,2024-06-26 03:31:30,mobile,/category/electronics,13,False
5500,,2025-10-12 05:01:27,2025-10-12 05:40:27,desktop,/deals,,False
5501,204,2025-09-07 06:12:31,2025-09-07 06:45:31,mobile,/category/electronics,5,False
5502,766,2024-11-22 11:03:21,2024-11-22 11:40:21,mobile,/deals,9,False
5503,755,2024-07-26 14:14:13,2024-07-26 14:29:13,mobile,/home,,False
5504,,2024-01-15 02:21:40,2024-01-15 02:36:40,desktop,/home,,True
5505,,2025-12-28 11:56:01,2025-12-28 12:28:01,tablet,/category/apparel,7,False
5506,143,2025-11-06 17:04:37,2025-11-06 17:18:37,tablet,/home,,False
5507,,2024-01-20 00:53:32,2024-01-20 01:28:32,mobile,/category/apparel,,False
5508,913,2025-12-01 02:01:55,2025-12-01 02:13:55,mobile,/home,,False
5509,160,2025-11-22 07:06:38,2025-11-22 07:48:38,tablet,/product-search,,False
5510,1099,2025-06-18 10:02:58,2025-06-18 10:45:58,desktop,/product-search,1,False
5511,39,2025-06-06 04:10:27,2025-06-06 04:19:27,tablet,/product-search,,True
5512,,2024-03-29 08:58:31,2024-03-29 09:40:31,tablet,/home,,False
5513,,2024-03-27 20:45:15,2024-03-27 21:03:15,tablet,/home,7,False
5514,418,2025-10-11 11:35:21,2025-10-11 11:55:21,tablet,/product-search,,False
5515,,2024-06-27 15:03:10,2024-06-27 15:33:10,desktop,/home,,False
5516,702,2025-12-30 19:55:50,2025-12-30 20:26:50,desktop,/category/apparel,,False
5517,1032,2025-10-03 08:43:54,2025-10-03 09:24:54,desktop,/category/electronics,9,False
5518,,2025-03-13 04:43:12,2025-03-13 05:05:12,desktop,/category/apparel,15,False
5519,,2025-12-15 12:20:08,2025-12-15 12:44:08,tablet,/home,10,False
5520,403,2024-10-27 20:00:36,2024-10-27 20:38:36,desktop,/category/electronics,3,False
5521,137,2025-11-06 09:06:34,2025-11-06 09:25:34,mobile,/category/electronics,2,False
5522,,2025-10-07 12:51:19,2025-10-07 13:11:19,mobile,/blog,,False
5523,624,2025-11-22 15:18:36,2025-11-22 15:28:36,tablet,/blog,,False
5524,,2025-07-21 03:18:19,2025-07-21 03:22:19,mobile,/home,,False
5525,26,2025-05-30 05:40:06,2025-05-30 06:21:06,mobile,/deals,,True
5526,777,2025-06-22 11:07:34,2025-06-22 11:41:34,mobile,/category/apparel,,False
5527,99,2025-08-13 01:02:55,2025-08-13 01:13:55,desktop,/blog,11,True
5528,210,2024-05-21 12:02:46,2024-05-21 12:04:46,mobile,/category/electronics,,False
5529,1403,2024-08-29 09:22:48,2024-08-29 09:57:48,desktop,/blog,9,False
5530,33,2025-09-08 17:56:26,2025-09-08 18:00:26,tablet,/category/electronics,12,True
5531,1277,2024-04-30 09:48:05,2024-04-30 10:28:05,desktop,/product-search,15,False
5532,,2024-05-06 13:03:06,2024-05-06 13:04:06,mobile,/category/electronics,,False
5533,,2025-10-14 13:25:53,2025-10-14 13:48:53,mobile,/blog,,False
5534,777,2025-11-15 03:00:45,2025-11-15 03:01:45,mobile,/category/apparel,1,False
5535,422,2025-03-30 21:57:12,2025-03-30 22:28:12,desktop,/category/electronics,,False
5536,,2024-07-13 00:43:21,2024-07-13 01:27:21,mobile,/blog,3,False
5537,,2024-12-15 16:51:22,2024-12-15 17:24:22,tablet,/home,,False
5538,1191,2025-12-10 21:48:53,2025-12-10 22:33:53,desktop,/blog,,True
5539,,2024-12-02 12:13:07,2024-12-02 12:41:07,tablet,/deals,,False
5540,1328,2025-08-08 03:25:20,2025-08-08 03:33:20,tablet,/deals,11,True
5541,,2024-12-30 15:33:57,2024-12-30 15:38:57,desktop,/home,15,False
5542,,2025-09-12 08:37:17,2025-09-12 09:20:17,mobile,/product-search,,False
5543,267,2025-07-04 18:10:04,2025-07-04 18:48:04,mobile,/blog,,False
5544,1244,2025-12-31 22:17:52,2025-12-31 22:28:52,tablet,/category/electronics,13,False
5545,,2025-09-05 12:25:23,2025-09-05 12:47:23,mobile,/home,6,False
5546,,2024-09-04 17:40:34,2024-09-04 18:18:34,tablet,/category/electronics,5,False
5547,468,2025-11-02 03:16:40,2025-11-02 03:29:40,desktop,/deals,,False
5548,717,2025-10-20 05:51:59,2025-10-20 06:23:59,desktop,/blog,,False
5549,,2024-04-24 00:43:14,2024-04-24 01:25:14,tablet,/category/electronics,13,False
5550,,2024-01-05 01:13:22,2024-01-05 01:55:22,tablet,/blog,,True
5551,,2024-03-28 08:33:19,2024-03-28 09:14:19,desktop,/blog,6,False
5552,,2025-10-18 02:31:53,2025-10-18 03:04:53,tablet,/blog,,False
5553,391,2025-05-29 04:49:46,2025-05-29 05:04:46,tablet,/home,6,False
5554,1040,2025-05-13 15:07:35,2025-05-13 15:16:35,tablet,/deals,,False
5555,676,2025-10-01 08:21:25,2025-10-01 08:55:25,mobile,/category/electronics,10,False
5556,580,2025-10-02 05:46:18,2025-10-02 05:50:18,tablet,/blog,,False
5557,,2024-03-27 01:54:05,2024-03-27 02:31:05,desktop,/blog,,False
5558,,2025-07-19 20:17:16,2025-07-19 20:32:16,mobile,/deals,3,False
5559,458,2025-07-29 00:49:13,2025-07-29 00:50:13,desktop,/deals,5,False
5560,,2025-08-18 07:54:17,2025-08-18 08:39:17,tablet,/category/apparel,,False
5561,42,2025-12-30 22:30:23,2025-12-30 23:03:23,mobile,/category/electronics,,False
5562,,2025-12-04 19:32:51,2025-12-04 20:11:51,mobile,/blog,,False
5563,819,2024-10-06 21:10:17,2024-10-06 21:44:17,desktop,/category/electronics,,True
5564,1215,2025-02-26 16:34:28,2025-02-26 16:35:28,tablet,/home,4,True
5565,,2025-02-13 15:05:32,2025-02-13 15:34:32,tablet,/category/electronics,,False
5566,610,2025-12-29 22:28:03,2025-12-29 22:58:03,tablet,/deals,,False
5567,19,2025-11-26 09:57:00,2025-11-26 10:14:00,mobile,/deals,,False
5568,,2024-09-30 12:52:13,2024-09-30 13:06:13,mobile,/blog,6,False
5569,229,2024-12-15 05:05:34,2024-12-15 05:26:34,tablet,/home,8,False
5570,403,2025-09-18 13:59:37,2025-09-18 14:17:37,mobile,/deals,,False
5571,,2024-12-18 14:06:10,2024-12-18 14:26:10,mobile,/home,,False
5572,281,2024-05-09 05:56:29,2024-05-09 06:36:29,tablet,/category/apparel,,False
5573,1235,2025-08-25 18:51:19,2025-08-25 19:19:19,mobile,/category/apparel,,False
5574,1219,2025-06-04 15:46:01,2025-06-04 15:49:01,tablet,/blog,,False
5575,1208,2025-03-16 04:24:07,2025-03-16 04:38:07,tablet,/category/electronics,4,False
5576,1277,2024-08-30 09:13:39,2024-08-30 09:21:39,tablet,/deals,,False
5577,530,2025-12-25 19:35:06,2025-12-25 19:41:06,desktop,/product-search,,True
5578,,2025-10-28 13:45:57,2025-10-28 13:53:57,tablet,/product-search,,False
5579,1410,2025-10-13 15:49:59,2025-10-13 15:52:59,mobile,/product-search,,True
5580,935,2025-12-03 23:25:17,2025-12-03 23:45:17,tablet,/deals,9,True
5581,972,2025-10-30 09:28:32,2025-10-30 09:39:32,desktop,/category/apparel,,False
5582,936,2025-02-14 14:37:09,2025-02-14 15:13:09,mobile,/category/electronics,11,False
5583,,2025-11-07 03:34:28,2025-11-07 03:51:28,tablet,/deals,5,False
5584,140,2025-07-14 18:23:55,2025-07-14 18:55:55,mobile,/category/electronics,7,False
5585,,2025-03-31 02:27:07,2025-03-31 02:42:07,mobile,/blog,,False
5586,1315,2025-01-29 04:39:50,2025-01-29 04:58:50,tablet,/home,,False
5587,,2024-06-10 22:57:19,2024-06-10 23:34:19,desktop,/product-search,12,False
5588,,2025-09-26 19:20:30,2025-09-26 19:33:30,tablet,/blog,,False
5589,1001,2025-01-04 06:32:30,2025-01-04 06:40:30,desktop,/product-search,1,False
5590,1201,2025-08-22 11:36:09,2025-08-22 12:04:09,mobile,/blog,9,True
5591,473,2025-06-21 23:34:29,2025-06-21 23:59:29,mobile,/home,,True
5592,77,2025-10-07 03:24:00,2025-10-07 03:41:00,desktop,/deals,,False
5593,1122,2025-11-17 08:36:19,2025-11-17 09:21:19,mobile,/product-search,,False
5594,172,2025-10-10 14:15:46,2025-10-10 14:50:46,mobile,/category/electronics,,False
5595,203,2025-05-27 20:26:24,2025-05-27 20:52:24,mobile,/deals,12,False
5596,398,2025-07-03 02:05:05,2025-07-03 02:49:05,mobile,/deals,,False
5597,,2025-04-14 23:03:40,2025-04-14 23:28:40,mobile,/deals,7,False
5598,373,2024-11-22 00:35:48,2024-11-22 00:41:48,mobile,/deals,14,False
5599,72,2025-01-27 12:07:02,2025-01-27 12:26:02,tablet,/home,,False
5600,,2024-04-19 11:28:09,2024-04-19 12:08:09,tablet,/deals,2,False
5601,85,2025-12-12 20:25:41,2025-12-12 21:03:41,tablet,/deals,,True
5602,924,2025-10-11 14:33:32,2025-10-11 14:49:32,desktop,/blog,13,False
5603,480,2025-12-08 08:08:10,2025-12-08 08:09:10,mobile,/home,8,False
5604,,2024-10-22 09:59:56,2024-10-22 10:20:56,desktop,/deals,,False
5605,,2025-09-23 09:32:29,2025-09-23 09:48:29,tablet,/category/electronics,,False
5606,,2024-05-18 20:33:53,2024-05-18 21:16:53,mobile,/deals,6,False
5607,,2025-01-09 19:14:03,2025-01-09 19:56:03,mobile,/category/apparel,,False
5608,68,2025-11-22 13:02:05,2025-11-22 13:37:05,mobile,/blog,,False
5609,630,2025-06-10 15:58:07,2025-06-10 16:34:07,mobile,/blog,,False
5610,1073,2025-12-14 20:15:02,2025-12-14 20:35:02,desktop,/home,,True
5611,1077,2025-10-23 12:13:57,2025-10-23 12:49:57,desktop,/deals,,True
5612,815,2025-03-30 17:19:14,2025-03-30 17:48:14,desktop,/home,,False
5613,1113,2025-11-11 03:22:36,2025-11-11 03:46:36,tablet,/home,,False
5614,1245,2025-06-03 01:56:57,2025-06-03 02:39:57,desktop,/deals,,False
5615,976,2025-11-28 17:51:22,2025-11-28 18:06:22,desktop,/home,,False
5616,,2024-01-18 00:42:16,2024-01-18 00:52:16,mobile,/category/apparel,,False
5617,267,2024-07-14 22:00:20,2024-07-14 22:18:20,mobile,/category/electronics,,False
5618,,2024-09-06 23:38:36,2024-09-07 00:13:36,mobile,/blog,,False
5619,563,2025-11-06 11:22:40,2025-11-06 11:47:40,tablet,/category/electronics,,False
5620,,2024-07-24 04:28:32,2024-07-24 05:08:32,desktop,/home,,False
5621,224,2025-11-22 00:41:13,2025-11-22 01:23:13,mobile,/home,9,False
5622,510,2025-12-31 07:29:48,2025-12-31 07:43:48,tablet,/blog,2,False
5623,595,2025-10-02 12:45:56,2025-10-02 12:53:56,desktop,/category/apparel,2,False
5624,,2025-09-14 17:51:18,2025-09-14 18:02:18,mobile,/blog,6,False
5625,,2025-03-02 04:26:33,2025-03-02 04:50:33,desktop,/category/electronics,,False
5626,31,2025-09-28 23:30:12,2025-09-28 23:58:12,desktop,/category/apparel,,True
5627,1072,2025-09-28 08:36:13,2025-09-28 08:49:13,tablet,/deals,,False
5628,1472,2025-10-31 02:57:18,2025-10-31 03:34:18,tablet,/category/electronics,,True
5629,807,2024-03-02 18:29:30,2024-03-02 18:46:30,desktop,/category/electronics,2,False
5630,433,2025-12-30 11:46:35,2025-12-30 12:08:35,tablet,/deals,7,False
5631,,2024-01-14 23:56:02,2024-01-15 00:36:02,tablet,/deals,,False
5632,1205,2025-10-02 19:23:52,2025-10-02 20:08:52,tablet,/deals,8,True
5633,,2024-04-29 02:12:01,2024-04-29 02:32:01,mobile,/category/electronics,13,False
5634,1141,2025-11-05 08:24:29,2025-11-05 08:32:29,tablet,/deals,,False
5635,,2024-02-08 16:50:52,2024-02-08 17:00:52,desktop,/deals,,False
5636,,2024-09-30 02:56:13,2024-09-30 03:04:13,mobile,/deals,,False
5637,,2025-07-02 22:54:25,2025-07-02 23:05:25,mobile,/deals,,False
5638,91,2025-04-11 09:21:37,2025-04-11 10:00:37,mobile,/blog,,False
5639,,2024-04-13 11:33:36,2024-04-13 11:35:36,tablet,/product-search,7,False
5640,139,2025-12-30 04:25:40,2025-12-30 04:29:40,mobile,/category/apparel,,True
5641,1322,2025-09-15 15:10:00,2025-09-15 15:50:00,tablet,/category/apparel,,True
5642,324,2025-10-16 07:33:07,2025-10-16 07:45:07,tablet,/deals,,False
5643,148,2025-05-20 05:15:16,2025-05-20 05:16:16,desktop,/blog,14,False
5644,553,2024-08-16 02:08:12,2024-08-16 02:21:12,mobile,/deals,7,False
5645,436,2025-10-01 14:21:34,2025-10-01 14:23:34,tablet,/category/electronics,,False
5646,,2025-10-28 10:04:28,2025-10-28 10:17:28,tablet,/blog,7,False
5647,,2025-04-27 08:27:49,2025-04-27 09:11:49,tablet,/home,11,False
5648,,2025-03-16 01:43:30,2025-03-16 02:14:30,mobile,/blog,2,False
5649,,2024-03-05 19:26:16,2024-03-05 19:42:16,desktop,/category/apparel,,False
5650,1324,2025-11-20 03:21:24,2025-11-20 03:25:24,desktop,/deals,,False
5651,,2025-04-25 07:52:34,2025-04-25 08:11:34,desktop,/home,,False
5652,841,2024-08-15 06:11:26,2024-08-15 06:37:26,mobile,/deals,,False
5653,,2024-05-18 04:21:31,2024-05-18 04:30:31,tablet,/blog,9,False
5654,390,2025-12-16 21:33:53,2025-12-16 22:06:53,mobile,/home,,True
5655,1166,2025-11-08 16:42:24,2025-11-08 16:50:24,desktop,/deals,5,False
5656,,2025-08-28 01:45:15,2025-08-28 01:53:15,mobile,/category/electronics,,False
5657,,2024-08-26 20:37:10,2024-08-26 20:43:10,desktop,/category/apparel,5,False
5658,696,2025-07-18 04:55:02,2025-07-18 05:39:02,desktop,/deals,4,False
5659,,2025-05-04 07:10:20,2025-05-04 07:13:20,tablet,/category/electronics,,False
5660,81,2025-11-14 15:18:18,2025-11-14 15:58:18,desktop,/category/electronics,,False
5661,1210,2025-01-09 14:01:16,2025-01-09 14:46:16,mobile,/deals,2,False
5662,1323,2025-06-01 18:21:16,2025-06-01 18:30:16,tablet,/category/electronics,,False
5663,,2025-05-13 01:17:20,2025-05-13 01:32:20,tablet,/category/apparel,,False
5664,1130,2025-12-28 05:28:15,2025-12-28 05:54:15,desktop,/category/electronics,11,True
5665,712,2025-08-27 16:27:24,2025-08-27 16:34:24,tablet,/blog,14,False
5666,1050,2024-11-04 16:47:19,2024-11-04 16:54:19,desktop,/category/apparel,,False
5667,636,2025-12-15 03:27:52,2025-12-15 03:35:52,mobile,/blog,,False
5668,,2024-10-18 08:48:05,2024-10-18 09:28:05,desktop,/category/electronics,12,False
5669,299,2025-05-26 01:11:24,2025-05-26 01:30:24,desktop,/product-search,2,True
5670,,2024-09-27 00:34:38,2024-09-27 00:55:38,mobile,/product-search,,False
5671,22,2024-12-19 13:28:03,2024-12-19 13:45:03,desktop,/home,4,False
5672,461,2024-09-06 01:22:43,2024-09-06 01:46:43,desktop,/product-search,5,False
5673,348,2025-06-17 03:32:48,2025-06-17 03:34:48,tablet,/category/electronics,,False
5674,1316,2025-11-04 16:35:25,2025-11-04 17:13:25,desktop,/home,2,True
5675,913,2025-11-18 23:49:11,2025-11-19 00:01:11,desktop,/product-search,,False
5676,1242,2025-12-19 12:17:30,2025-12-19 12:28:30,desktop,/deals,,False
5677,,2024-04-15 14:24:44,2024-04-15 14:42:44,mobile,/home,,False
5678,,2024-04-19 18:57:12,2024-04-19 19:00:12,tablet,/deals,,False
5679,,2024-04-12 08:53:44,2024-04-12 08:57:44,tablet,/product-search,15,False
5680,619,2025-08-27 09:14:29,2025-08-27 09:45:29,tablet,/product-search,6,False
5681,,2024-08-30 12:51:27,2024-08-30 13:08:27,mobile,/product-search,,False
5682,628,2025-12-04 11:00:05,2025-12-04 11:02:05,desktop,/product-search,,False
5683,659,2024-11-29 18:30:04,2024-11-29 18:54:04,tablet,/product-search,,True
5684,1323,2025-07-21 23:54:03,2025-07-22 00:34:03,tablet,/home,,True
5685,1187,2024-08-26 18:13:22,2024-08-26 18:40:22,mobile,/category/apparel,,False
5686,367,2025-11-25 07:28:56,2025-11-25 07:30:56,tablet,/blog,,False
5687,,2025-02-25 23:34:18,2025-02-26 00:12:18,desktop,/deals,,False
5688,,2024-04-28 19:15:48,2024-04-28 19:37:48,tablet,/category/electronics,,False
5689,953,2025-10-16 19:03:26,2025-10-16 19:04:26,desktop,/category/apparel,,False
5690,584,2025-06-25 16:02:03,2025-06-25 16:15:03,tablet,/category/apparel,,False
5691,881,2025-11-01 07:25:47,2025-11-01 07:44:47,tablet,/category/apparel,6,False
5692,504,2024-09-22 11:28:07,2024-09-22 11:35:07,desktop,/deals,1,True
5693,384,2025-10-10 00:38:35,2025-10-10 00:59:35,desktop,/product-search,,True
5694,392,2024-11-18 05:53:58,2024-11-18 06:01:58,desktop,/product-search,5,False
5695,135,2025-04-16 11:35:41,2025-04-16 11:43:41,desktop,/blog,,True
5696,769,2025-11-14 00:06:30,2025-11-14 00:40:30,tablet,/deals,,False
5697,449,2025-05-20 14:23:48,2025-05-20 14:53:48,tablet,/blog,,True
5698,522,2025-11-14 07:43:51,2025-11-14 08:14:51,tablet,/category/electronics,,False
5699,715,2025-03-24 02:07:25,2025-03-24 02:09:25,desktop,/category/electronics,,False
5700,176,2025-11-29 10:19:23,2025-11-29 10:45:23,mobile,/deals,,True
5701,,2025-05-29 10:06:29,2025-05-29 10:34:29,desktop,/category/electronics,,False
5702,771,2025-12-13 11:32:01,2025-12-13 11:56:01,tablet,/deals,10,False
5703,865,2024-10-24 14:50:38,2024-10-24 14:59:38,mobile,/product-search,,False
5704,,2024-04-13 01:25:49,2024-04-13 01:36:49,mobile,/blog,8,False
5705,1394,2025-12-08 14:47:00,2025-12-08 14:54:00,mobile,/category/electronics,6,False
5706,838,2025-04-20 20:09:59,2025-04-20 20:54:59,desktop,/product-search,,False
5707,,2025-10-31 15:30:45,2025-10-31 16:07:45,desktop,/deals,15,False
5708,1144,2025-12-23 13:36:13,2025-12-23 14:08:13,desktop,/product-search,1,True
5709,1228,2025-11-20 03:25:29,2025-11-20 03:45:29,mobile,/home,,False
5710,464,2025-11-06 10:21:45,2025-11-06 10:39:45,tablet,/category/electronics,6,False
5711,632,2025-01-27 08:48:21,2025-01-27 09:17:21,desktop,/product-search,,True
5712,1015,2024-12-15 16:17:35,2024-12-15 16:18:35,desktop,/product-search,12,True
5713,,2024-01-12 10:33:42,2024-01-12 10:40:42,desktop,/deals,14,False
5714,,2025-10-09 03:46:32,2025-10-09 04:10:32,desktop,/category/apparel,14,False
5715,,2025-09-15 23:19:45,2025-09-15 23:24:45,mobile,/deals,,False
5716,1137,2025-09-29 04:53:04,2025-09-29 05:33:04,tablet,/deals,3,False
5717,,2024-09-27 21:02:35,2024-09-27 21:27:35,desktop,/blog,,False
5718,,2025-01-26 16:16:51,2025-01-26 16:49:51,tablet,/home,,False
5719,,2024-12-03 12:15:03,2024-12-03 12:52:03,tablet,/product-search,5,False
5720,1402,2025-09-22 19:11:58,2025-09-22 19:38:58,mobile,/deals,,False
5721,767,2025-11-18 21:06:36,2025-11-18 21:50:36,mobile,/product-search,13,True
5722,702,2025-12-29 03:22:56,2025-12-29 03:54:56,mobile,/category/apparel,7,False
5723,,2025-03-22 22:53:47,2025-03-22 22:58:47,desktop,/product-search,,False
5724,148,2025-03-12 08:59:15,2025-03-12 09:04:15,mobile,/blog,,True
5725,52,2025-09-02 13:37:07,2025-09-02 13:42:07,tablet,/product-search,3,False
5726,304,2024-08-28 08:05:17,2024-08-28 08:36:17,mobile,/deals,,False
5727,,2024-11-22 18:23:53,2024-11-22 18:31:53,mobile,/product-search,,False
5728,,2024-12-09 18:27:26,2024-12-09 18:40:26,mobile,/category/apparel,,False
5729,,2024-07-11 20:06:32,2024-07-11 20:41:32,tablet,/home,,False
5730,904,2025-10-29 03:03:03,2025-10-29 03:04:03,desktop,/category/electronics,10,True
5731,410,2025-12-18 20:00:39,2025-12-18 20:36:39,mobile,/blog,13,False
5732,,2025-11-16 02:31:09,2025-11-16 03:09:09,mobile,/home,,False
5733,630,2025-12-03 13:45:41,2025-12-03 14:26:41,desktop,/deals,10,False
5734,,2024-11-12 09:20:55,2024-11-12 09:33:55,desktop,/home,,False
5735,,2025-11-17 21:54:57,2025-11-17 22:13:57,mobile,/category/electronics,10,False
5736,,2025-05-01 23:56:25,2025-05-02 00:28:25,desktop,/blog,,False
5737,943,2025-04-27 19:07:27,2025-04-27 19:22:27,tablet,/category/apparel,,True
5738,677,2025-12-10 15:37:37,2025-12-10 16:05:37,mobile,/blog,,True
5739,,2024-01-04 01:30:45,2024-01-04 01:55:45,desktop,/blog,14,False
5740,1362,2025-11-08 13:02:42,2025-11-08 13:35:42,tablet,/category/apparel,,False
5741,1198,2025-08-30 22:18:38,2025-08-30 22:49:38,desktop,/blog,,False
5742,897,2025-05-31 18:29:43,2025-05-31 18:46:43,desktop,/category/electronics,,True
5743,,2025-12-06 01:53:24,2025-12-06 02:16:24,tablet,/product-search,,False
5744,408,2025-09-24 00:51:29,2025-09-24 01:24:29,desktop,/blog,,True
5745,1026,2025-12-28 02:55:48,2025-12-28 03:05:48,tablet,/product-search,,True
5746,673,2025-01-15 16:18:28,2025-01-15 16:32:28,tablet,/category/apparel,,True
5747,255,2025-09-05 21:23:23,2025-09-05 22:05:23,desktop,/product-search,,False
5748,246,2025-01-30 20:40:19,2025-01-30 21:09:19,tablet,/deals,,False
5749,771,2024-12-30 07:44:55,2024-12-30 08:03:55,tablet,/blog,,False
5750,,2024-03-31 12:55:22,2024-03-31 13:15:22,mobile,/category/apparel,,False
5751,532,2025-10-29 00:47:47,2025-10-29 01:18:47,desktop,/category/electronics,,False
5752,69,2024-11-15 21:51:39,2024-11-15 22:15:39,mobile,/deals,12,False
5753,534,2025-05-29 16:28:38,2025-05-29 16:33:38,tablet,/home,,False
5754,,2024-08-11 03:17:58,2024-08-11 03:43:58,tablet,/product-search,,False
5755,848,2025-06-19 09:33:53,2025-06-19 10:08:53,tablet,/category/apparel,7,False
5756,,2025-03-06 14:02:06,2025-03-06 14:18:06,mobile,/home,7,False
5757,290,2025-12-29 00:47:34,2025-12-29 01:29:34,mobile,/product-search,1,False
5758,480,2025-11-27 23:00:25,2025-11-27 23:35:25,tablet,/home,,False
5759,415,2025-12-14 15:58:42,2025-12-14 16:02:42,mobile,/category/electronics,,False
5760,,2024-04-30 05:49:16,2024-04-30 06:09:16,mobile,/category/electronics,,False
5761,1165,2025-12-25 11:41:29,2025-12-25 11:59:29,tablet,/category/electronics,,False
5762,226,2025-10-06 20:31:37,2025-10-06 21:03:37,mobile,/category/apparel,,True
5763,,2024-09-12 07:40:45,2024-09-12 07:44:45,tablet,/deals,,False
5764,1321,2025-12-24 01:19:57,2025-12-24 01:34:57,desktop,/category/electronics,10,True
5765,1411,2025-12-12 03:26:20,2025-12-12 03:41:20,desktop,/category/electronics,13,True
5766,76,2025-05-08 12:49:59,2025-05-08 13:17:59,mobile,/deals,,False
5767,,2025-04-09 16:44:47,2025-04-09 17:06:47,desktop,/deals,1,False
5768,,2024-01-27 03:27:24,2024-01-27 04:11:24,tablet,/blog,2,False
5769,,2024-05-20 20:19:39,2024-05-20 20:32:39,tablet,/category/electronics,8,False
5770,366,2024-03-06 13:50:35,2024-03-06 14:19:35,desktop,/home,1,False
5771,913,2025-12-13 19:29:42,2025-12-13 20:08:42,desktop,/product-search,,False
5772,877,2025-04-08 06:53:11,2025-04-08 07:25:11,desktop,/blog,14,False
5773,,2024-03-22 21:30:04,2024-03-22 22:03:04,mobile,/category/electronics,5,False
5774,1298,2025-08-14 06:49:14,2025-08-14 07:00:14,mobile,/blog,,False
5775,805,2025-09-13 05:37:16,2025-09-13 05:42:16,tablet,/home,14,False
5776,,2025-04-03 03:54:43,2025-04-03 04:13:43,desktop,/category/apparel,,False
5777,1008,2025-11-20 15:57:14,2025-11-20 16:28:14,mobile,/category/apparel,6,True
5778,,2024-08-20 19:33:23,2024-08-20 19:42:23,tablet,/blog,,False
5779,,2024-03-15 19:27:43,2024-03-15 19:33:43,desktop,/blog,11,False
5780,1061,2025-12-03 21:30:36,2025-12-03 22:07:36,mobile,/home,13,False
5781,840,2024-12-26 11:17:21,2024-12-26 11:29:21,tablet,/category/electronics,11,True
5782,1286,2025-05-23 10:50:26,2025-05-23 11:26:26,desktop,/blog,,True
5783,1328,2025-08-11 18:19:40,2025-08-11 18:34:40,mobile,/product-search,9,True
5784,,2025-11-17 09:57:09,2025-11-17 10:35:09,desktop,/home,,False
5785,,2024-07-20 08:30:12,2024-07-20 08:42:12,mobile,/category/apparel,,False
5786,460,2025-09-19 21:59:09,2025-09-19 22:32:09,desktop,/deals,14,False
5787,71,2025-07-22 06:12:39,2025-07-22 06:45:39,mobile,/category/apparel,,False
5788,365,2025-12-29 15:42:35,2025-12-29 15:46:35,desktop,/product-search,8,False
5789,,2024-07-26 13:06:52,2024-07-26 13:14:52,mobile,/category/apparel,4,False
5790,508,2024-08-04 04:56:30,2024-08-04 04:58:30,mobile,/product-search,,False
5791,,2025-04-02 22:45:41,2025-04-02 23:30:41,mobile,/home,,False
5792,,2025-05-16 13:08:58,2025-05-16 13:33:58,mobile,/blog,3,False
5793,1159,2024-06-13 09:15:42,2024-06-13 09:44:42,tablet,/home,,False
5794,1421,2025-08-10 02:18:43,2025-08-10 02:38:43,tablet,/category/apparel,,False
5795,,2024-04-17 08:38:43,2024-04-17 08:50:43,tablet,/category/apparel,1,False
5796,773,2025-12-08 06:10:19,2025-12-08 06:35:19,mobile,/blog,,False
5797,1241,2025-03-08 11:35:49,2025-03-08 12:10:49,mobile,/product-search,,False
5798,,2025-11-19 14:05:04,2025-11-19 14:44:04,tablet,/blog,,False
5799,,2025-05-16 07:31:04,2025-05-16 07:55:04,tablet,/product-search,2,False
5800,648,2025-12-29 09:14:33,2025-12-29 09:23:33,tablet,/deals,11,False
5801,,2025-05-21 15:38:02,2025-05-21 16:01:02,mobile,/category/apparel,,False
5802,,2024-08-05 13:55:57,2024-08-05 14:23:57,tablet,/category/apparel,,False
5803,456,2025-10-27 17:05:15,2025-10-27 17:11:15,tablet,/category/apparel,6,False
5804,355,2025-08-04 23:31:11,2025-08-05 00:12:11,tablet,/deals,15,True
5805,1303,2025-10-03 05:01:03,2025-10-03 05:04:03,desktop,/deals,,False
5806,,2024-04-20 21:01:15,2024-04-20 21:31:15,tablet,/category/electronics,,False
5807,515,2025-05-07 15:23:39,2025-05-07 15:41:39,desktop,/category/electronics,,False
5808,,2024-01-28 15:49:26,2024-01-28 15:52:26,tablet,/deals,15,False
5809,,2025-12-07 15:51:06,2025-12-07 15:59:06,desktop,/deals,,False
5810,1179,2025-06-22 02:40:31,2025-06-22 03:23:31,mobile,/category/electronics,3,True
5811,588,2025-12-16 00:58:40,2025-12-16 01:40:40,mobile,/home,1,False
5812,1325,2025-05-28 09:51:30,2025-05-28 10:07:30,desktop,/deals,7,True
5813,,2025-02-10 10:55:11,2025-02-10 11:32:11,tablet,/blog,12,False
5814,421,2025-08-28 19:58:06,2025-08-28 20:38:06,desktop,/home,,False
5815,,2024-08-25 16:09:30,2024-08-25 16:53:30,tablet,/category/electronics,,False
5816,,2025-09-27 02:56:57,2025-09-27 03:12:57,tablet,/blog,9,False
5817,,2024-11-19 11:37:26,2024-11-19 11:48:26,desktop,/home,,False
5818,992,2025-02-26 06:14:50,2025-02-26 06:48:50,tablet,/deals,,False
5819,,2025-07-01 02:25:58,2025-07-01 03:05:58,mobile,/category/apparel,12,False
5820,260,2025-02-13 06:02:11,2025-02-13 06:45:11,desktop,/category/apparel,15,False
5821,1139,2025-04-22 20:04:18,2025-04-22 20:31:18,mobile,/deals,,False
5822,,2025-05-31 19:14:35,2025-05-31 19:57:35,mobile,/blog,,False
5823,726,2024-12-12 10:59:34,2024-12-12 11:35:34,tablet,/category/electronics,5,True
5824,323,2025-08-08 04:41:49,2025-08-08 05:23:49,desktop,/product-search,8,False
5825,,2024-05-01 18:13:04,2024-05-01 18:37:04,mobile,/product-search,,False
5826,1380,2025-06-12 22:02:13,2025-06-12 22:05:13,desktop,/category/apparel,,False
5827,233,2024-06-24 20:33:09,2024-06-24 21:06:09,desktop,/category/apparel,14,True
5828,151,2025-02-20 18:12:40,2025-02-20 18:50:40,tablet,/product-search,,False
5829,,2024-05-09 11:33:26,2024-05-09 12:11:26,desktop,/category/electronics,,False
5830,,2024-04-08 16:38:23,2024-04-08 16:46:23,mobile,/category/apparel,15,False
5831,,2025-10-21 04:33:46,2025-10-21 05:18:46,desktop,/deals,,False
5832,,2024-09-16 04:21:35,2024-09-16 05:00:35,desktop,/blog,,False
5833,,2024-05-02 15:19:22,2024-05-02 15:35:22,desktop,/blog,,False
5834,1428,2025-06-22 08:48:03,2025-06-22 09:18:03,desktop,/category/apparel,,False
5835,672,2025-05-28 13:04:30,2025-05-28 13:38:30,mobile,/category/electronics,9,True
5836,,2024-01-15 04:37:12,2024-01-15 04:53:12,mobile,/blog,,False
5837,1061,2025-08-21 12:45:59,2025-08-21 13:27:59,mobile,/deals,,False
5838,3,2025-12-31 18:37:34,2025-12-31 18:53:34,desktop,/category/apparel,6,False
5839,564,2025-06-09 11:53:01,2025-06-09 12:14:01,mobile,/category/electronics,15,True
5840,1067,2025-12-28 19:22:40,2025-12-28 20:06:40,mobile,/product-search,,False
5841,,2025-12-16 14:10:00,2025-12-16 14:28:00,desktop,/category/apparel,15,False
5842,598,2025-02-11 09:04:11,2025-02-11 09:33:11,tablet,/deals,,False
5843,500,2025-01-26 16:19:47,2025-01-26 16:42:47,tablet,/product-search,,False
5844,1193,2024-08-08 16:43:35,2024-08-08 16:50:35,desktop,/product-search,,False
5845,,2025-10-21 17:22:08,2025-10-21 17:24:08,mobile,/category/electronics,7,False
5846,620,2025-01-09 06:32:02,2025-01-09 07:17:02,mobile,/home,,False
5847,448,2024-04-29 18:12:32,2024-04-29 18:30:32,mobile,/product-search,6,False
5848,1306,2025-08-15 13:43:13,2025-08-15 14:05:13,desktop,/home,8,False
5849,,2025-11-04 08:43:52,2025-11-04 08:44:52,mobile,/category/electronics,3,False
5850,481,2025-10-17 21:30:23,2025-10-17 22:01:23,mobile,/category/apparel,,False
5851,1281,2025-03-31 18:30:45,2025-03-31 19:12:45,tablet,/category/electronics,15,False
5852,,2024-11-06 05:07:30,2024-11-06 05:10:30,mobile,/category/apparel,,False
5853,1316,2025-11-06 07:49:25,2025-11-06 08:29:25,desktop,/deals,,False
5854,249,2025-01-28 10:57:26,2025-01-28 11:41:26,desktop,/category/apparel,,False
5855,,2024-12-20 06:05:28,2024-12-20 06:07:28,desktop,/category/apparel,,False
5856,,2025-06-14 16:14:40,2025-06-14 16:42:40,mobile,/category/apparel,,False
5857,119,2025-05-13 05:06:54,2025-05-13 05:22:54,mobile,/deals,2,True
5858,,2024-11-17 05:38:43,2024-11-17 06:01:43,mobile,/category/electronics,,False
5859,1470,2025-07-24 13:23:47,2025-07-24 13:32:47,mobile,/category/apparel,,False
5860,753,2025-12-31 21:15:34,2025-12-31 21:59:34,desktop,/home,6,True
5861,462,2024-11-29 11:15:50,2024-11-29 11:50:50,desktop,/blog,9,False
5862,779,2024-12-17 23:30:46,2024-12-17 23:38:46,desktop,/category/electronics,3,False
5863,,2024-09-16 12:07:39,2024-09-16 12:13:39,tablet,/product-search,,False
5864,974,2024-06-04 12:33:37,2024-06-04 13:13:37,mobile,/category/apparel,,False
5865,617,2025-10-22 21:07:04,2025-10-22 21:50:04,desktop,/product-search,10,False
5866,851,2025-11-13 12:07:18,2025-11-13 12:08:18,mobile,/deals,9,False
5867,,2025-03-16 09:31:01,2025-03-16 09:38:01,desktop,/deals,,False
5868,,2025-03-29 08:33:19,2025-03-29 08:40:19,desktop,/home,,False
5869,3,2025-11-07 01:09:31,2025-11-07 01:10:31,desktop,/category/electronics,14,False
5870,1052,2025-05-09 23:37:01,2025-05-10 00:16:01,mobile,/product-search,14,False
5871,326,2025-01-31 02:48:53,2025-01-31 02:49:53,desktop,/product-search,,False
5872,923,2024-12-21 07:46:13,2024-12-21 08:03:13,mobile,/deals,,True
5873,373,2024-07-25 20:23:55,2024-07-25 20:59:55,desktop,/category/apparel,5,True
5874,691,2025-02-22 13:33:14,2025-02-22 13:46:14,tablet,/home,14,False
5875,921,2025-12-09 03:18:29,2025-12-09 03:37:29,mobile,/category/apparel,14,False
5876,,2025-09-17 03:24:41,2025-09-17 03:41:41,desktop,/category/electronics,,False
5877,,2024-06-28 21:51:34,2024-06-28 22:03:34,tablet,/deals,1,False
5878,1388,2025-12-18 17:25:49,2025-12-18 17:47:49,mobile,/deals,3,True
5879,887,2024-07-21 15:25:49,2024-07-21 15:59:49,desktop,/product-search,,False
5880,1411,2024-09-18 21:15:21,2024-09-18 21:42:21,tablet,/deals,,False
5881,1482,2025-11-04 17:26:05,2025-11-04 17:30:05,tablet,/category/electronics,,False
5882,,2024-06-28 08:05:15,2024-06-28 08:31:15,tablet,/category/apparel,,False
5883,997,2025-08-25 20:54:19,2025-08-25 21:03:19,mobile,/category/electronics,,False
5884,,2025-12-14 19:15:58,2025-12-14 19:49:58,desktop,/category/electronics,,False
5885,672,2025-06-20 01:31:59,2025-06-20 02:01:59,desktop,/deals,,True
5886,,2025-06-01 03:33:23,2025-06-01 03:49:23,tablet,/home,14,False
5887,698,2025-11-28 22:07:00,2025-11-28 22:42:00,mobile,/category/apparel,,False
5888,445,2025-12-10 02:02:36,2025-12-10 02:47:36,mobile,/blog,,False
5889,1223,2025-12-14 21:41:01,2025-12-14 22:20:01,desktop,/category/electronics,,False
5890,1208,2025-04-10 03:00:32,2025-04-10 03:37:32,tablet,/category/apparel,,False
5891,953,2025-04-22 19:50:35,2025-04-22 20:31:35,mobile,/category/apparel,,False
5892,830,2025-11-13 04:47:20,2025-11-13 05:25:20,mobile,/category/apparel,5,False
5893,,2025-02-01 20:25:41,2025-02-01 21:04:41,tablet,/product-search,,False
5894,422,2025-10-10 01:34:20,2025-10-10 01:43:20,tablet,/category/electronics,2,False
5895,1001,2025-06-27 12:43:30,2025-06-27 13:10:30,desktop,/blog,6,False
5896,722,2025-12-15 16:55:53,2025-12-15 17:24:53,tablet,/product-search,,False
5897,1162,2025-11-01 03:38:35,2025-11-01 03:46:35,mobile,/product-search,6,False
5898,363,2025-11-11 11:53:48,2025-11-11 12:29:48,desktop,/home,,True
5899,115,2025-05-08 02:52:01,2025-05-08 03:16:01,tablet,/deals,,False
5900,293,2025-02-03 21:15:54,2025-02-03 21:52:54,desktop,/product-search,,False
5901,,2025-09-27 06:42:16,2025-09-27 07:20:16,mobile,/category/electronics,,False
5902,400,2025-02-22 15:50:58,2025-02-22 15:56:58,desktop,/product-search,,False
5903,127,2025-10-03 16:37:15,2025-10-03 16:46:15,desktop,/product-search,5,False
5904,112,2024-07-17 00:36:28,2024-07-17 01:03:28,tablet,/product-search,,False
5905,891,2025-04-08 12:24:37,2025-04-08 12:53:37,tablet,/category/electronics,,False
5906,,2024-10-27 16:12:24,2024-10-27 16:29:24,tablet,/product-search,7,True
5907,106,2025-02-17 10:46:48,2025-02-17 10:56:48,tablet,/product-search,,False
5908,,2025-10-13 18:07:52,2025-10-13 18:16:52,desktop,/category/apparel,,False
5909,1223,2025-12-04 07:44:05,2025-12-04 07:59:05,tablet,/blog,,True
5910,294,2025-12-30 01:49:04,2025-12-30 02:13:04,tablet,/home,10,False
5911,,2025-01-02 18:28:51,2025-01-02 18:38:51,mobile,/blog,,False
5912,645,2024-11-21 05:54:31,2024-11-21 06:05:31,tablet,/product-search,8,True
5913,,2024-12-17 23:08:53,2024-12-17 23:51:53,mobile,/deals,,False
5914,1374,2025-10-16 19:07:48,2025-10-16 19:39:48,mobile,/deals,,True
5915,595,2025-12-31 07:44:07,2025-12-31 08:00:07,desktop,/deals,,False
5916,,2024-05-05 04:27:31,2024-05-05 04:44:31,desktop,/deals,,False
5917,843,2024-12-27 01:30:24,2024-12-27 02:15:24,tablet,/home,,False
5918,1409,2024-10-26 19:22:25,2024-10-26 19:40:25,tablet,/blog,,True
5919,1500,2025-08-02 09:57:32,2025-08-02 10:39:32,tablet,/product-search,,True
5920,687,2025-08-06 15:11:54,2025-08-06 15:51:54,tablet,/product-search,,False
5921,,2024-03-03 16:37:20,2024-03-03 17:05:20,tablet,/category/electronics,,False
5922,1371,2025-12-31 13:54:25,2025-12-31 13:55:25,desktop,/category/apparel,,False
5923,912,2025-11-15 00:18:36,2025-11-15 00:38:36,desktop,/deals,,True
5924,1276,2024-12-30 04:39:35,2024-12-30 04:59:35,tablet,/home,,False
5925,966,2025-10-08 13:23:15,2025-10-08 13:45:15,tablet,/deals,,True
5926,329,2025-09-11 12:48:04,2025-09-11 13:22:04,desktop,/category/electronics,15,True
5927,,2024-09-28 10:27:12,2024-09-28 10:57:12,tablet,/deals,13,False
5928,,2024-08-26 17:12:08,2024-08-26 17:36:08,tablet,/home,6,False
5929,359,2025-07-04 14:34:17,2025-07-04 14:35:17,mobile,/deals,,True
5930,105,2025-05-02 11:03:00,2025-05-02 11:40:00,mobile,/product-search,,False
5931,,2025-07-18 03:01:47,2025-07-18 03:26:47,tablet,/home,,False
5932,383,2025-02-18 12:56:21,2025-02-18 13:04:21,desktop,/product-search,,True
5933,464,2025-09-08 10:48:49,2025-09-08 11:31:49,mobile,/product-search,,True
5934,,2025-06-16 00:20:19,2025-06-16 00:36:19,mobile,/category/apparel,8,False
5935,77,2025-10-26 18:14:52,2025-10-26 18:54:52,mobile,/category/electronics,,False
5936,214,2025-08-23 01:21:04,2025-08-23 01:47:04,mobile,/deals,,False
5937,297,2025-09-15 18:48:25,2025-09-15 19:24:25,mobile,/deals,,False
5938,1428,2025-11-06 00:49:23,2025-11-06 01:11:23,mobile,/deals,12,False
5939,,2025-09-20 05:54:23,2025-09-20 06:11:23,desktop,/blog,15,False
5940,479,2025-10-11 03:13:57,2025-10-11 03:40:57,desktop,/category/apparel,11,False
5941,,2025-05-13 13:31:52,2025-05-13 14:14:52,desktop,/blog,,False
5942,,2025-12-01 11:53:41,2025-12-01 12:14:41,desktop,/blog,,False
5943,141,2024-06-16 03:56:26,2024-06-16 03:57:26,desktop,/product-search,2,True
5944,352,2024-04-12 18:03:40,2024-04-12 18:44:40,tablet,/blog,,True
5945,805,2025-06-02 06:37:53,2025-06-02 06:56:53,mobile,/deals,,False
5946,527,2025-11-22 15:06:59,2025-11-22 15:09:59,tablet,/home,9,False
5947,,2024-06-25 03:42:19,2024-06-25 04:20:19,tablet,/category/electronics,,False
5948,,2025-10-04 14:29:12,2025-10-04 14:31:12,mobile,/product-search,14,False
5949,,2025-09-08 18:43:48,2025-09-08 18:54:48,tablet,/deals,,False
5950,2,2025-04-22 00:08:14,2025-04-22 00:40:14,tablet,/home,,False
5951,872,2025-12-25 22:01:45,2025-12-25 22:33:45,desktop,/blog,12,False
5952,1415,2025-08-19 01:02:16,2025-08-19 01:29:16,tablet,/product-search,,False
5953,252,2024-11-04 07:54:53,2024-11-04 08:13:53,mobile,/blog,4,False
5954,,2024-05-05 17:16:39,2024-05-05 18:00:39,desktop,/category/electronics,,False
5955,781,2025-12-24 10:23:35,2025-12-24 10:49:35,desktop,/deals,,False
5956,146,2025-12-31 15:38:38,2025-12-31 15:45:38,desktop,/product-search,,False
5957,564,2025-11-21 11:27:06,2025-11-21 11:57:06,tablet,/category/electronics,,True
5958,144,2025-12-24 01:46:06,2025-12-24 02:07:06,mobile,/product-search,7,False
5959,,2024-04-25 18:53:22,2024-04-25 19:04:22,tablet,/product-search,9,False
5960,,2024-01-05 15:07:49,2024-01-05 15:13:49,mobile,/product-search,,True
5961,1099,2025-11-06 09:59:10,2025-11-06 10:02:10,tablet,/deals,,False
5962,128,2025-04-17 05:35:02,2025-04-17 06:09:02,mobile,/product-search,,False
5963,729,2025-01-06 13:55:47,2025-01-06 14:19:47,desktop,/product-search,,False
5964,1334,2025-04-06 00:54:10,2025-04-06 01:31:10,desktop,/category/electronics,,False
5965,159,2024-12-20 23:20:57,2024-12-20 23:37:57,desktop,/category/electronics,,False
5966,691,2025-04-13 22:57:11,2025-04-13 23:23:11,tablet,/category/apparel,6,False
5967,,2024-02-01 07:57:43,2024-02-01 08:29:43,tablet,/category/electronics,,False
5968,1132,2025-04-03 14:49:17,2025-04-03 15:11:17,mobile,/category/electronics,3,True
5969,1225,2025-10-14 06:11:59,2025-10-14 06:54:59,tablet,/product-search,,True
5970,,2024-12-10 09:41:58,2024-12-10 09:43:58,tablet,/category/electronics,7,False
5971,1239,2025-07-23 21:03:57,2025-07-23 21:10:57,desktop,/category/apparel,,False
5972,473,2025-08-20 23:51:13,2025-08-21 00:35:13,desktop,/deals,,True
5973,,2025-12-08 03:30:13,2025-12-08 04:08:13,mobile,/category/apparel,,False
5974,904,2024-12-02 00:16:56,2024-12-02 00:56:56,mobile,/category/apparel,,True
5975,266,2025-04-12 06:01:14,2025-04-12 06:30:14,desktop,/blog,15,False
5976,,2024-07-18 02:03:19,2024-07-18 02:24:19,mobile,/product-search,,False
5977,,2024-01-23 07:36:29,2024-01-23 07:58:29,tablet,/product-search,,False
5978,,2024-01-02 11:59:11,2024-01-02 12:24:11,desktop,/blog,,False
5979,394,2025-02-15 21:18:01,2025-02-15 21:37:01,tablet,/blog,13,True
5980,,2024-04-13 06:54:28,2024-04-13 07:38:28,desktop,/product-search,,False
5981,,2024-05-16 08:57:17,2024-05-16 09:06:17,mobile,/blog,,True
5982,79,2024-10-31 13:20:07,2024-10-31 13:37:07,tablet,/category/apparel,11,False
5983,1367,2025-12-19 23:21:58,2025-12-19 23:23:58,tablet,/home,,False
5984,1390,2025-11-18 19:18:52,2025-11-18 19:35:52,tablet,/category/apparel,10,False
5985,1458,2025-12-13 10:28:12,2025-12-13 10:48:12,mobile,/category/electronics,1,False
5986,1395,2025-07-06 02:40:09,2025-07-06 03:09:09,mobile,/home,14,False
5987,857,2024-08-23 10:37:00,2024-08-23 10:47:00,desktop,/category/apparel,3,False
5988,,2025-12-10 10:55:20,2025-12-10 11:08:20,desktop,/blog,,False
5989,462,2024-11-12 04:42:53,2024-11-12 05:05:53,mobile,/deals,,True
5990,,2025-04-14 10:29:28,2025-04-14 11:06:28,mobile,/blog,10,False
5991,,2025-09-22 04:04:21,2025-09-22 04:29:21,tablet,/category/apparel,15,False
5992,1029,2025-05-23 06:28:25,2025-05-23 06:47:25,tablet,/deals,9,False
5993,,2024-06-12 15:12:26,2024-06-12 15:34:26,mobile,/category/electronics,,False
5994,,2024-12-21 20:57:43,2024-12-21 21:06:43,tablet,/category/apparel,4,False
5995,202,2025-11-15 21:52:25,2025-11-15 22:27:25,desktop,/blog,,False
5996,926,2024-08-27 11:04:08,2024-08-27 11:13:08,mobile,/product-search,,False
5997,1423,2025-06-13 13:01:18,2025-06-13 13:05:18,mobile,/home,,False
5998,306,2025-12-30 01:11:24,2025-12-30 01:55:24,tablet,/home,,False
5999,,2024-08-15 21:23:50,2024-08-15 21:43:50,mobile,/blog,12,False
6000,,2024-10-11 12:53:29,2024-10-11 13:00:29,mobile,/product-search,,False
6001,,2024-05-05 11:24:57,2024-05-05 11:47:57,mobile,/category/electronics,,False
6002,682,2024-06-22 06:36:51,2024-06-22 06:56:51,desktop,/product-search,13,False
6003,83,2024-11-18 07:20:59,2024-11-18 07:42:59,mobile,/category/electronics,,False
6004,1445,2025-04-12 12:28:23,2025-04-12 12:52:23,tablet,/blog,4,False
6005,124,2025-11-12 07:08:50,2025-11-12 07:33:50,desktop,/home,12,False
6006,11,2025-10-28 01:19:44,2025-10-28 02:02:44,tablet,/category/apparel,,False
6007,680,2025-10-15 23:46:37,2025-10-15 23:48:37,tablet,/deals,15,False
6008,420,2025-11-20 09:08:37,2025-11-20 09:27:37,desktop,/deals,,True
6009,,2024-02-08 22:45:18,2024-02-08 23:17:18,tablet,/deals,,False
6010,1312,2025-02-08 18:32:57,2025-02-08 18:56:57,tablet,/blog,1,False
6011,1122,2025-11-07 18:32:59,2025-11-07 18:51:59,mobile,/category/electronics,,False
6012,,2024-02-06 02:35:40,2024-02-06 02:37:40,mobile,/category/apparel,1,False
6013,1312,2024-08-30 13:12:18,2024-08-30 13:50:18,mobile,/deals,,False
6014,442,2025-11-29 14:08:48,2025-11-29 14:28:48,mobile,/product-search,,False
6015,1199,2025-09-06 17:46:19,2025-09-06 18:17:19,tablet,/blog,13,True
6016,6,2025-09-09 13:10:32,2025-09-09 13:55:32,mobile,/product-search,12,False
6017,1417,2025-04-26 18:07:31,2025-04-26 18:29:31,tablet,/home,,True
6018,682,2024-12-17 22:03:15,2024-12-17 22:37:15,mobile,/product-search,6,True
6019,1103,2024-11-01 08:27:21,2024-11-01 08:34:21,desktop,/home,2,False
6020,,2024-10-20 00:12:09,2024-10-20 00:24:09,desktop,/product-search,3,False
6021,,2025-11-18 00:37:38,2025-11-18 01:01:38,desktop,/category/electronics,,False
6022,906,2025-04-12 02:13:06,2025-04-12 02:42:06,mobile,/deals,8,False
6023,,2024-12-26 22:43:51,2024-12-26 23:18:51,mobile,/category/electronics,,False
6024,,2024-11-12 15:37:50,2024-11-12 15:52:50,tablet,/home,,False
6025,793,2025-10-26 18:10:13,2025-10-26 18:45:13,tablet,/blog,,False
6026,,2025-03-30 15:46:36,2025-03-30 16:19:36,desktop,/deals,,False
6027,1065,2025-12-25 05:10:56,2025-12-25 05:47:56,mobile,/home,,False
6028,1205,2025-10-10 19:35:36,2025-10-10 19:55:36,tablet,/home,9,False
6029,459,2025-09-13 01:26:57,2025-09-13 01:57:57,desktop,/product-search,1,False
6030,1258,2025-06-16 03:55:32,2025-06-16 04:34:32,mobile,/deals,,True
6031,737,2025-06-11 21:08:09,2025-06-11 21:27:09,mobile,/product-search,,True
6032,1486,2025-09-27 01:51:35,2025-09-27 02:06:35,tablet,/deals,1,False
6033,,2024-07-18 08:43:47,2024-07-18 09:23:47,desktop,/blog,,False
6034,,2024-04-06 21:50:49,2024-04-06 22:01:49,tablet,/product-search,,False
6035,932,2025-04-23 02:33:03,2025-04-23 03:17:03,mobile,/home,,False
6036,848,2024-12-06 01:25:13,2024-12-06 01:38:13,mobile,/deals,,False
6037,707,2025-11-13 22:21:38,2025-11-13 22:55:38,mobile,/deals,14,False
6038,430,2025-07-27 04:14:17,2025-07-27 04:46:17,mobile,/category/apparel,,False
6039,671,2025-11-01 14:17:10,2025-11-01 14:47:10,desktop,/deals,,False
6040,,2025-03-18 09:54:37,2025-03-18 10:05:37,desktop,/home,,False
6041,610,2025-11-04 04:37:25,2025-11-04 05:21:25,tablet,/product-search,2,False
6042,45,2025-07-22 14:36:47,2025-07-22 14:59:47,desktop,/deals,,False
6043,,2024-09-22 01:09:22,2024-09-22 01:41:22,desktop,/product-search,14,False
6044,695,2025-11-25 00:36:48,2025-11-25 01:12:48,tablet,/blog,11,False
6045,1064,2025-10-26 22:26:04,2025-10-26 22:30:04,mobile,/category/electronics,,False
6046,,2025-11-12 15:45:17,2025-11-12 16:29:17,mobile,/product-search,,False
6047,807,2024-08-21 17:34:37,2024-08-21 17:53:37,desktop,/product-search,,False
6048,1350,2024-07-31 01:09:34,2024-07-31 01:35:34,tablet,/home,6,False
6049,,2025-08-01 13:54:30,2025-08-01 14:17:30,mobile,/product-search,,False
6050,1043,2025-03-13 02:38:59,2025-03-13 03:06:59,desktop,/deals,,True
6051,805,2025-10-06 11:48:47,2025-10-06 11:57:47,tablet,/home,,False
6052,1331,2025-02-08 18:43:52,2025-02-08 19:14:52,tablet,/deals,,False
6053,991,2025-07-30 09:40:34,2025-07-30 10:01:34,tablet,/category/electronics,,False
6054,,2025-07-02 14:43:42,2025-07-02 15:19:42,tablet,/home,8,False
6055,,2024-10-17 23:45:47,2024-10-18 00:17:47,desktop,/category/apparel,,False
6056,100,2024-12-24 06:01:43,2024-12-24 06:26:43,desktop,/product-search,,True
6057,1432,2025-11-10 09:34:59,2025-11-10 09:50:59,desktop,/blog,,False
6058,1282,2024-08-14 01:13:45,2024-08-14 01:58:45,tablet,/home,15,False
6059,682,2024-11-16 14:06:42,2024-11-16 14:35:42,tablet,/product-search,10,False
6060,1310,2025-07-10 03:12:28,2025-07-10 03:30:28,tablet,/product-search,13,False
6061,727,2025-11-20 08:42:58,2025-11-20 09:17:58,mobile,/category/apparel,,False
6062,,2025-11-24 04:22:27,2025-11-24 05:03:27,mobile,/product-search,4,False
6063,,2025-11-09 01:40:44,2025-11-09 01:41:44,tablet,/blog,6,False
6064,776,2025-04-11 05:10:44,2025-04-11 05:28:44,mobile,/home,,False
6065,974,2024-12-02 04:45:07,2024-12-02 05:16:07,tablet,/product-search,9,False
6066,,2025-05-25 12:25:13,2025-05-25 12:30:13,tablet,/home,11,False
6067,,2025-10-04 01:23:46,2025-10-04 01:50:46,mobile,/category/electronics,,False
6068,417,2025-11-07 14:22:32,2025-11-07 14:35:32,tablet,/home,11,False
6069,,2024-06-28 23:07:05,2024-06-28 23:21:05,desktop,/category/electronics,14,False
6070,209,2025-01-15 07:53:01,2025-01-15 08:06:01,tablet,/home,3,False
6071,641,2024-06-23 04:15:08,2024-06-23 04:27:08,mobile,/deals,10,False
6072,796,2025-07-25 09:41:17,2025-07-25 10:22:17,desktop,/deals,,True
6073,,2025-05-25 20:49:35,2025-05-25 21:23:35,mobile,/product-search,,False
6074,,2025-08-28 16:48:08,2025-08-28 17:11:08,mobile,/home,,False
6075,270,2025-05-16 09:25:16,2025-05-16 09:33:16,tablet,/category/electronics,3,False
6076,,2024-09-03 00:43:18,2024-09-03 01:24:18,desktop,/home,3,False
6077,1148,2025-12-27 03:50:47,2025-12-27 04:13:47,desktop,/deals,,False
6078,939,2025-10-17 01:48:54,2025-10-17 01:59:54,mobile,/deals,,False
6079,983,2025-10-21 08:31:19,2025-10-21 09:15:19,desktop,/deals,,False
6080,1204,2025-10-27 02:35:10,2025-10-27 02:44:10,desktop,/blog,7,False
6081,1347,2024-09-28 23:31:53,2024-09-28 23:58:53,tablet,/product-search,6,False
6082,,2024-06-22 01:48:53,2024-06-22 02:24:53,desktop,/category/electronics,15,False
6083,,2025-07-17 13:47:38,2025-07-17 13:54:38,desktop,/blog,12,False
6084,,2024-03-28 02:25:02,2024-03-28 02:50:02,mobile,/home,4,False
6085,1435,2025-11-16 13:58:27,2025-11-16 14:37:27,desktop,/blog,3,False
6086,132,2025-01-22 05:55:37,2025-01-22 06:30:37,tablet,/deals,2,False
6087,,2025-09-04 01:52:14,2025-09-04 02:27:14,mobile,/deals,,False
6088,,2024-02-27 08:31:57,2024-02-27 09:12:57,mobile,/product-search,,False
6089,1284,2025-12-22 15:04:23,2025-12-22 15:27:23,desktop,/home,,True
6090,89,2025-08-27 13:37:04,2025-08-27 13:43:04,tablet,/product-search,12,False
6091,,2024-03-30 12:43:13,2024-03-30 13:11:13,desktop,/deals,,False
6092,1201,2025-11-13 01:29:15,2025-11-13 01:55:15,mobile,/blog,,True
6093,932,2025-03-18 13:29:44,2025-03-18 13:32:44,tablet,/blog,,False
6094,956,2025-10-26 07:23:10,2025-10-26 07:47:10,desktop,/home,,True
6095,1496,2025-06-25 04:09:06,2025-06-25 04:41:06,mobile,/blog,7,True
6096,,2025-03-07 03:01:44,2025-03-07 03:12:44,tablet,/category/apparel,,False
6097,,2025-08-15 04:29:32,2025-08-15 05:11:32,desktop,/category/apparel,13,False
6098,,2025-06-22 18:31:20,2025-06-22 18:32:20,tablet,/deals,11,False
6099,518,2024-12-17 18:28:46,2024-12-17 19:07:46,mobile,/deals,8,False
6100,637,2025-09-07 08:40:25,2025-09-07 09:14:25,tablet,/home,1,False
6101,,2024-09-09 12:56:44,2024-09-09 13:11:44,tablet,/product-search,14,False
6102,255,2025-04-07 10:44:37,2025-04-07 10:48:37,tablet,/product-search,,False
6103,48,2025-12-12 16:29:29,2025-12-12 17:09:29,desktop,/product-search,,False
6104,,2024-09-06 09:22:33,2024-09-06 09:27:33,mobile,/blog,8,True
6105,1047,2025-09-25 06:51:36,2025-09-25 07:27:36,desktop,/deals,,False
6106,,2024-01-08 02:31:18,2024-01-08 03:07:18,desktop,/category/electronics,,False
6107,272,2025-08-07 04:43:59,2025-08-07 05:10:59,desktop,/category/electronics,2,False
6108,,2024-08-14 07:37:45,2024-08-14 08:15:45,desktop,/blog,,False
6109,801,2025-07-26 07:06:00,2025-07-26 07:51:00,mobile,/category/apparel,,False
6110,,2025-09-06 12:18:44,2025-09-06 12:19:44,desktop,/deals,5,False
6111,35,2025-08-12 21:49:26,2025-08-12 22:11:26,mobile,/deals,3,False
6112,1056,2025-11-19 03:53:26,2025-11-19 04:24:26,desktop,/category/apparel,,True
6113,492,2025-01-22 21:30:37,2025-01-22 22:01:37,desktop,/category/apparel,,False
6114,89,2025-04-06 07:49:27,2025-04-06 08:18:27,desktop,/deals,,False
6115,240,2025-10-26 10:32:38,2025-10-26 11:00:38,tablet,/category/electronics,15,False
6116,,2025-05-11 17:07:37,2025-05-11 17:12:37,desktop,/blog,7,False
6117,58,2025-09-24 14:50:22,2025-09-24 15:29:22,desktop,/deals,,False
6118,59,2025-06-02 02:24:13,2025-06-02 02:27:13,mobile,/blog,,False
6119,1313,2025-09-01 15:19:16,2025-09-01 15:45:16,mobile,/category/electronics,10,False
6120,,2024-08-29 09:01:56,2024-08-29 09:04:56,desktop,/category/electronics,,False
6121,1087,2025-09-18 03:26:39,2025-09-18 03:41:39,desktop,/deals,10,False
6122,,2025-09-20 09:37:35,2025-09-20 10:05:35,desktop,/product-search,8,False
6123,1306,2024-11-05 06:52:29,2024-11-05 07:28:29,mobile,/category/apparel,,True
6124,1448,2025-10-28 00:32:47,2025-10-28 01:05:47,desktop,/category/electronics,,False
6125,,2025-07-03 12:19:18,2025-07-03 12:34:18,desktop,/category/apparel,,False
6126,,2024-10-07 12:27:18,2024-10-07 12:47:18,tablet,/deals,12,False
6127,120,2025-01-06 15:40:02,2025-01-06 16:19:02,desktop,/category/electronics,3,True
6128,110,2024-12-15 12:09:30,2024-12-15 12:28:30,tablet,/blog,,False
6129,27,2024-08-23 04:24:15,2024-08-23 04:51:15,desktop,/deals,,False
6130,1231,2025-11-04 23:54:24,2025-11-05 00:35:24,tablet,/deals,,False
6131,711,2025-12-04 01:02:32,2025-12-04 01:46:32,tablet,/category/apparel,,True
6132,304,2024-05-21 05:31:33,2024-05-21 05:36:33,tablet,/home,7,False
6133,1337,2024-08-14 11:47:36,2024-08-14 11:55:36,desktop,/product-search,,False
6134,244,2025-05-25 14:16:10,2025-05-25 14:17:10,desktop,/category/electronics,,False
6135,718,2025-11-23 12:47:32,2025-11-23 13:18:32,tablet,/category/apparel,,False
6136,,2025-04-12 21:03:02,2025-04-12 21:27:02,desktop,/deals,,False
6137,,2024-12-12 19:54:03,2024-12-12 20:39:03,tablet,/blog,,False
6138,117,2025-07-10 19:26:51,2025-07-10 19:36:51,tablet,/deals,7,False
6139,86,2024-12-01 11:00:37,2024-12-01 11:16:37,desktop,/product-search,,False
6140,1106,2024-09-12 17:02:13,2024-09-12 17:23:13,mobile,/deals,,False
6141,937,2025-10-15 17:38:56,2025-10-15 17:41:56,tablet,/category/electronics,4,False
6142,612,2025-12-31 11:31:33,2025-12-31 11:34:33,desktop,/category/electronics,,False
6143,,2025-01-16 04:36:33,2025-01-16 05:02:33,tablet,/deals,,False
6144,472,2025-11-05 15:33:21,2025-11-05 15:41:21,tablet,/deals,7,False
6145,,2024-05-27 11:33:53,2024-05-27 11:37:53,desktop,/product-search,,False
6146,189,2024-06-13 19:30:12,2024-06-13 19:43:12,tablet,/deals,13,True
6147,873,2025-12-19 00:06:27,2025-12-19 00:34:27,mobile,/deals,12,False
6148,,2025-07-15 12:53:07,2025-07-15 13:35:07,mobile,/deals,,False
6149,,2024-05-18 07:34:30,2024-05-18 07:48:30,mobile,/category/apparel,,False
6150,295,2025-12-19 06:20:54,2025-12-19 06:22:54,mobile,/category/apparel,,False
6151,1273,2025-01-08 04:59:56,2025-01-08 05:42:56,mobile,/home,,False
6152,935,2025-12-17 08:37:12,2025-12-17 09:21:12,desktop,/deals,11,False
6153,937,2024-11-08 07:27:31,2024-11-08 08:11:31,desktop,/home,,False
6154,442,2025-05-28 23:55:11,2025-05-29 00:01:11,tablet,/blog,,False
6155,1382,2025-07-26 16:11:56,2025-07-26 16:52:56,mobile,/deals,,True
6156,580,2025-03-19 11:25:40,2025-03-19 11:58:40,desktop,/home,8,False
6157,1321,2025-12-26 05:05:40,2025-12-26 05:29:40,mobile,/home,2,True
6158,1336,2025-08-17 09:15:13,2025-08-17 09:28:13,mobile,/deals,11,True
6159,,2025-04-02 20:16:04,2025-04-02 20:39:04,tablet,/product-search,,False
6160,519,2025-12-11 18:01:02,2025-12-11 18:15:02,mobile,/category/electronics,,False
6161,,2024-05-21 01:09:55,2024-05-21 01:40:55,desktop,/product-search,10,False
6162,35,2025-07-20 05:39:11,2025-07-20 05:52:11,desktop,/home,,False
6163,,2025-09-25 10:57:33,2025-09-25 11:38:33,tablet,/blog,1,False
6164,1287,2024-12-26 12:19:47,2024-12-26 12:34:47,tablet,/home,,False
6165,,2024-12-21 19:54:48,2024-12-21 19:58:48,mobile,/home,,False
6166,1353,2025-12-26 09:42:23,2025-12-26 10:15:23,tablet,/product-search,,False
6167,,2024-07-06 08:04:35,2024-07-06 08:11:35,tablet,/deals,,False
6168,,2025-11-24 02:23:11,2025-11-24 02:57:11,mobile,/home,4,False
6169,645,2024-12-22 18:19:40,2024-12-22 18:57:40,mobile,/category/electronics,5,False
6170,439,2025-10-24 18:25:20,2025-10-24 18:30:20,tablet,/category/electronics,5,False
6171,139,2025-12-10 15:55:51,2025-12-10 16:14:51,desktop,/home,,False
6172,,2025-06-04 00:03:36,2025-06-04 00:26:36,tablet,/product-search,,False
6173,1020,2024-06-01 02:53:47,2024-06-01 03:03:47,mobile,/home,,False
6174,,2025-08-07 17:56:52,2025-08-07 18:27:52,desktop,/category/apparel,,False
6175,,2025-04-10 06:05:09,2025-04-10 06:39:09,desktop,/product-search,11,False
6176,285,2025-10-09 14:53:45,2025-10-09 15:14:45,desktop,/home,1,True
6177,,2024-01-07 01:14:33,2024-01-07 01:24:33,mobile,/blog,4,False
6178,,2024-06-13 22:15:49,2024-06-13 22:58:49,mobile,/product-search,12,True
6179,852,2025-11-14 16:48:54,2025-11-14 17:15:54,mobile,/home,,False
6180,1183,2024-11-10 22:02:19,2024-11-10 22:47:19,mobile,/category/electronics,10,True
6181,1140,2025-12-18 02:15:13,2025-12-18 02:24:13,tablet,/category/apparel,,False
6182,1448,2025-12-16 18:38:10,2025-12-16 19:20:10,mobile,/blog,9,False
6183,1262,2025-05-27 11:15:43,2025-05-27 11:57:43,mobile,/blog,,False
6184,1425,2025-05-13 05:06:01,2025-05-13 05:38:01,mobile,/blog,,False
6185,,2025-06-01 18:33:11,2025-06-01 19:04:11,mobile,/category/apparel,5,False
6186,1113,2025-11-13 09:26:01,2025-11-13 09:33:01,mobile,/deals,,False
6187,,2025-08-29 00:35:32,2025-08-29 01:05:32,desktop,/deals,,False
6188,1359,2025-04-16 17:02:33,2025-04-16 17:09:33,mobile,/category/apparel,8,True
6189,1072,2025-08-04 05:04:11,2025-08-04 05:31:11,tablet,/product-search,,False
6190,423,2024-08-31 21:54:21,2024-08-31 22:05:21,mobile,/category/electronics,,False
6191,334,2025-11-14 14:19:22,2025-11-14 15:03:22,desktop,/home,9,False
6192,,2024-06-08 15:14:45,2024-06-08 15:20:45,mobile,/deals,,False
6193,,2024-12-13 01:26:38,2024-12-13 01:51:38,desktop,/category/apparel,,False
6194,,2025-10-05 14:11:26,2025-10-05 14:55:26,desktop,/blog,,False
6195,409,2025-12-26 13:09:50,2025-12-26 13:26:50,mobile,/product-search,3,False
6196,839,2025-11-10 23:33:25,2025-11-10 23:51:25,tablet,/category/apparel,,False
6197,62,2024-06-03 14:17:51,2024-06-03 14:59:51,tablet,/category/apparel,2,False
6198,,2024-08-19 16:06:00,2024-08-19 16:17:00,tablet,/deals,11,True
6199,1041,2024-02-15 03:19:20,2024-02-15 03:50:20,mobile,/category/electronics,9,True
6200,1035,2025-08-24 14:15:55,2025-08-24 14:34:55,mobile,/home,14,False
6201,438,2025-10-12 10:30:48,2025-10-12 10:39:48,desktop,/home,,False
6202,1186,2024-05-24 11:07:18,2024-05-24 11:14:18,desktop,/deals,11,False
6203,262,2024-08-19 15:45:11,2024-08-19 16:19:11,mobile,/blog,10,False
6204,405,2025-10-16 06:12:03,2025-10-16 06:36:03,mobile,/home,,True
6205,934,2025-03-24 23:50:19,2025-03-25 00:27:19,desktop,/product-search,,False
6206,1333,2025-10-08 15:52:14,2025-10-08 15:55:14,mobile,/product-search,11,True
6207,1007,2025-10-05 00:59:54,2025-10-05 01:42:54,tablet,/category/apparel,1,False
6208,1036,2025-10-13 13:23:51,2025-10-13 14:01:51,mobile,/deals,2,False
6209,426,2025-10-01 01:32:51,2025-10-01 01:34:51,mobile,/category/apparel,12,False
6210,1320,2024-08-28 09:08:15,2024-08-28 09:17:15,desktop,/deals,,True
6211,1145,2025-11-24 04:38:44,2025-11-24 04:52:44,desktop,/category/electronics,15,False
6212,178,2025-06-26 04:36:04,2025-06-26 05:13:04,desktop,/deals,7,False
6213,1485,2025-11-21 21:10:58,2025-11-21 21:40:58,tablet,/home,12,True
6214,,2025-04-19 11:27:25,2025-04-19 12:01:25,mobile,/product-search,,False
6215,1187,2025-09-12 09:12:45,2025-09-12 09:24:45,desktop,/category/apparel,10,True
6216,,2025-11-18 23:55:18,2025-11-18 23:57:18,tablet,/category/apparel,14,False
6217,,2025-01-06 15:45:42,2025-01-06 15:51:42,mobile,/blog,4,False
6218,427,2025-07-09 18:34:38,2025-07-09 19:19:38,mobile,/category/electronics,,False
6219,917,2025-12-13 21:25:53,2025-12-13 21:53:53,tablet,/deals,,False
6220,1229,2025-04-10 03:07:56,2025-04-10 03:19:56,tablet,/blog,,True
6221,,2024-04-17 11:46:01,2024-04-17 12:11:01,tablet,/product-search,,False
6222,618,2025-03-21 12:40:23,2025-03-21 12:46:23,mobile,/category/electronics,,False
6223,,2024-01-31 23:04:10,2024-01-31 23:39:10,mobile,/category/electronics,1,False
6224,1297,2025-10-29 09:56:38,2025-10-29 10:32:38,desktop,/blog,5,True
6225,,2025-05-30 21:09:03,2025-05-30 21:54:03,tablet,/product-search,,False
6226,1080,2025-08-08 05:37:00,2025-08-08 06:20:00,mobile,/category/apparel,,True
6227,211,2025-10-19 17:08:49,2025-10-19 17:09:49,desktop,/category/electronics,,False
6228,1390,2025-07-02 09:44:13,2025-07-02 09:54:13,desktop,/product-search,,True
6229,,2024-07-23 18:23:50,2024-07-23 18:54:50,mobile,/category/electronics,,False
6230,525,2025-11-06 10:10:03,2025-11-06 10:42:03,mobile,/category/electronics,,False
6231,,2025-12-16 12:12:06,2025-12-16 12:53:06,mobile,/deals,15,False
6232,,2025-10-01 20:47:09,2025-10-01 21:08:09,desktop,/blog,13,False
6233,1320,2024-11-10 02:14:24,2024-11-10 02:54:24,desktop,/product-search,,False
6234,159,2025-12-04 00:37:29,2025-12-04 00:53:29,tablet,/blog,,False
6235,1111,2025-12-27 06:26:14,2025-12-27 06:45:14,tablet,/category/apparel,,False
6236,221,2025-12-09 06:21:32,2025-12-09 06:34:32,desktop,/category/electronics,,False
6237,,2025-01-03 10:02:52,2025-01-03 10:16:52,mobile,/home,11,False
6238,,2024-10-03 00:29:25,2024-10-03 00:40:25,desktop,/category/apparel,12,False
6239,,2024-05-08 00:59:26,2024-05-08 01:41:26,tablet,/category/apparel,12,False
6240,,2024-02-19 17:27:09,2024-02-19 17:29:09,desktop,/category/electronics,,False
6241,1042,2025-12-17 13:34:19,2025-12-17 13:40:19,desktop,/home,5,False
6242,1109,2025-12-10 00:26:35,2025-12-10 00:46:35,desktop,/home,,False
6243,,2024-07-15 00:21:27,2024-07-15 00:35:27,tablet,/deals,,False
6244,1158,2025-12-29 15:53:53,2025-12-29 16:21:53,desktop,/product-search,,False
6245,657,2025-10-05 14:57:07,2025-10-05 15:04:07,tablet,/category/apparel,15,False
6246,581,2025-10-19 20:02:56,2025-10-19 20:13:56,tablet,/product-search,5,False
6247,1410,2025-07-31 02:29:35,2025-07-31 03:03:35,tablet,/category/apparel,10,False
6248,,2024-11-05 06:04:59,2024-11-05 06:46:59,desktop,/home,,False
6249,1431,2025-10-22 10:29:18,2025-10-22 10:54:18,desktop,/deals,11,False
6250,576,2025-04-06 14:11:06,2025-04-06 14:44:06,mobile,/home,,True
6251,378,2025-12-22 04:31:04,2025-12-22 05:07:04,desktop,/blog,9,False
6252,,2025-10-16 20:59:09,2025-10-16 21:44:09,mobile,/product-search,,False
6253,699,2025-10-22 04:31:46,2025-10-22 05:01:46,mobile,/deals,,False
6254,74,2025-10-04 22:13:59,2025-10-04 22:32:59,desktop,/deals,,False
6255,,2025-05-11 13:22:05,2025-05-11 13:32:05,mobile,/category/electronics,,False
6256,,2025-05-25 07:31:11,2025-05-25 08:09:11,desktop,/category/electronics,,False
6257,474,2025-08-11 16:57:47,2025-08-11 17:07:47,tablet,/home,,True
6258,,2024-01-08 08:10:10,2024-01-08 08:38:10,desktop,/home,1,False
6259,140,2025-05-30 02:44:30,2025-05-30 02:53:30,desktop,/deals,7,False
6260,,2025-03-08 15:03:54,2025-03-08 15:34:54,desktop,/blog,1,False
6261,916,2025-07-01 06:00:57,2025-07-01 06:39:57,tablet,/home,,False
6262,462,2025-09-08 13:13:51,2025-09-08 13:51:51,desktop,/category/electronics,1,False
6263,1386,2025-11-25 19:26:21,2025-11-25 19:40:21,mobile,/blog,,False
6264,202,2025-12-25 08:26:26,2025-12-25 09:09:26,desktop,/home,,True
6265,1468,2025-12-25 15:27:14,2025-12-25 15:50:14,desktop,/deals,,False
6266,,2025-05-25 21:43:02,2025-05-25 22:28:02,tablet,/blog,,True
6267,1265,2024-11-08 17:30:56,2024-11-08 17:52:56,mobile,/blog,,False
6268,,2024-03-16 18:22:48,2024-03-16 18:23:48,mobile,/home,,False
6269,,2025-11-06 05:42:46,2025-11-06 05:59:46,tablet,/product-search,,False
6270,856,2025-01-03 09:10:53,2025-01-03 09:15:53,tablet,/category/electronics,,False
6271,316,2025-07-27 15:23:17,2025-07-27 15:59:17,tablet,/category/apparel,,False
6272,,2024-08-30 22:28:07,2024-08-30 22:56:07,desktop,/blog,9,False
6273,,2025-05-20 18:10:41,2025-05-20 18:31:41,tablet,/home,,False
6274,1375,2025-12-29 04:36:02,2025-12-29 05:21:02,mobile,/blog,,True
6275,1043,2025-05-27 02:02:49,2025-05-27 02:04:49,desktop,/blog,,False
6276,139,2025-12-26 01:40:58,2025-12-26 02:11:58,tablet,/deals,,False
6277,,2024-06-29 23:43:21,2024-06-30 00:21:21,desktop,/deals,,False
6278,,2025-06-27 12:23:32,2025-06-27 12:32:32,tablet,/blog,5,False
6279,869,2024-05-15 12:30:37,2024-05-15 13:09:37,desktop,/deals,,False
6280,,2025-08-06 11:55:25,2025-08-06 12:32:25,mobile,/deals,,False
6281,,2024-06-01 02:41:14,2024-06-01 02:50:14,tablet,/category/apparel,4,False
6282,1490,2025-02-28 08:27:28,2025-02-28 08:48:28,mobile,/category/apparel,,True
6283,600,2025-11-29 15:38:44,2025-11-29 16:16:44,desktop,/blog,3,False
6284,1001,2025-07-24 02:48:52,2025-07-24 02:55:52,desktop,/category/electronics,10,False
6285,1317,2025-07-29 20:03:17,2025-07-29 20:47:17,mobile,/product-search,12,False
6286,,2025-08-25 09:37:40,2025-08-25 09:43:40,mobile,/product-search,7,False
6287,1355,2025-10-21 20:33:51,2025-10-21 20:56:51,desktop,/home,,False
6288,,2025-06-15 03:49:01,2025-06-15 04:28:01,tablet,/deals,,False
6289,1379,2024-08-25 12:27:50,2024-08-25 12:35:50,desktop,/home,,False
6290,644,2025-09-15 21:46:09,2025-09-15 22:15:09,desktop,/deals,9,False
6291,891,2025-05-02 11:34:22,2025-05-02 12:04:22,tablet,/category/apparel,6,False
6292,1322,2025-09-23 15:12:15,2025-09-23 15:50:15,desktop,/blog,,False
6293,65,2025-05-29 21:24:46,2025-05-29 21:38:46,mobile,/blog,3,False
6294,1276,2025-01-05 15:01:30,2025-01-05 15:23:30,tablet,/deals,,True
6295,85,2025-10-12 06:23:34,2025-10-12 07:03:34,mobile,/home,,False
6296,991,2025-02-03 08:04:48,2025-02-03 08:16:48,mobile,/deals,,False
6297,1460,2025-06-26 20:53:14,2025-06-26 20:54:14,tablet,/product-search,,True
6298,,2024-12-28 08:41:48,2024-12-28 08:58:48,mobile,/deals,15,False
6299,,2025-06-19 17:50:35,2025-06-19 18:30:35,mobile,/deals,,False
6300,390,2025-11-23 23:01:36,2025-11-23 23:17:36,mobile,/home,8,False
6301,,2024-01-30 16:26:34,2024-01-30 16:58:34,mobile,/product-search,,False
6302,,2024-06-25 17:01:22,2024-06-25 17:36:22,tablet,/home,,False
6303,,2024-06-17 18:54:50,2024-06-17 19:38:50,tablet,/home,,False
6304,793,2024-08-30 08:41:59,2024-08-30 08:49:59,tablet,/category/apparel,2,False
6305,784,2025-08-18 06:15:07,2025-08-18 06:42:07,tablet,/category/apparel,,True
6306,,2024-07-25 03:56:48,2024-07-25 04:30:48,desktop,/home,1,False
6307,988,2025-07-06 12:54:53,2025-07-06 13:17:53,tablet,/deals,,True
6308,963,2025-09-21 06:07:39,2025-09-21 06:25:39,tablet,/product-search,,False
6309,,2024-09-13 15:03:42,2024-09-13 15:36:42,mobile,/product-search,,False
6310,1136,2025-04-24 18:48:01,2025-04-24 19:23:01,tablet,/category/apparel,,True
6311,680,2025-08-15 18:43:41,2025-08-15 18:57:41,tablet,/blog,,False
6312,1146,2024-04-22 13:54:38,2024-04-22 13:57:38,desktop,/home,,False
6313,,2025-06-18 02:41:42,2025-06-18 02:47:42,tablet,/deals,,False
6314,,2024-06-13 01:29:33,2024-06-13 01:32:33,desktop,/deals,8,False
6315,1337,2024-08-28 01:11:26,2024-08-28 01:54:26,desktop,/category/electronics,2,False
6316,1441,2025-09-10 19:40:39,2025-09-10 20:02:39,desktop,/home,,False
6317,66,2025-01-14 12:55:01,2025-01-14 13:21:01,mobile,/home,,False
6318,,2024-01-20 15:11:27,2024-01-20 15:41:27,mobile,/product-search,,False
6319,1350,2025-01-16 07:13:37,2025-01-16 07:52:37,mobile,/category/electronics,2,False
6320,,2025-01-03 07:48:45,2025-01-03 08:10:45,mobile,/blog,8,False
6321,,2024-07-26 22:37:57,2024-07-26 23:10:57,mobile,/product-search,,False
6322,1331,2024-09-22 19:52:56,2024-09-22 20:27:56,mobile,/deals,,True
6323,309,2025-12-22 22:45:59,2025-12-22 23:16:59,mobile,/home,,False
6324,76,2025-04-23 12:57:02,2025-04-23 13:35:02,desktop,/deals,9,False
6325,104,2024-09-17 08:52:11,2024-09-17 09:35:11,desktop,/home,,False
6326,1173,2025-04-02 01:08:49,2025-04-02 01:37:49,tablet,/category/apparel,10,False
6327,,2025-03-13 19:06:07,2025-03-13 19:35:07,mobile,/blog,,False
6328,1219,2025-05-28 18:26:51,2025-05-28 19:01:51,mobile,/blog,8,False
6329,560,2025-03-01 17:22:31,2025-03-01 17:39:31,mobile,/category/electronics,,False
6330,629,2025-07-19 00:15:32,2025-07-19 00:27:32,mobile,/home,5,False
6331,,2025-10-14 04:43:54,2025-10-14 05:18:54,mobile,/deals,10,True
6332,265,2025-05-03 20:31:34,2025-05-03 20:46:34,desktop,/category/apparel,5,False
6333,983,2025-11-27 05:53:41,2025-11-27 05:55:41,tablet,/category/apparel,1,False
6334,1452,2025-12-16 02:21:04,2025-12-16 02:37:04,desktop,/blog,10,True
6335,,2024-05-06 15:33:27,2024-05-06 15:43:27,mobile,/home,,False
6336,463,2024-06-09 13:32:23,2024-06-09 13:42:23,mobile,/home,,True
6337,,2024-12-27 12:58:53,2024-12-27 13:05:53,desktop,/blog,,False
6338,,2025-12-10 10:22:45,2025-12-10 11:04:45,desktop,/deals,11,False
6339,122,2025-07-12 00:15:43,2025-07-12 00:28:43,tablet,/category/electronics,10,True
6340,,2025-07-18 00:51:21,2025-07-18 01:10:21,mobile,/category/electronics,2,False
6341,,2025-04-30 06:54:09,2025-04-30 07:03:09,tablet,/product-search,7,False
6342,,2025-10-13 18:20:30,2025-10-13 18:22:30,tablet,/blog,,False
6343,654,2025-11-10 07:26:07,2025-11-10 08:01:07,mobile,/category/apparel,3,False
6344,1291,2025-10-13 19:36:41,2025-10-13 20:11:41,desktop,/blog,5,False
6345,1092,2025-12-11 08:14:17,2025-12-11 08:53:17,desktop,/blog,11,False
6346,1355,2025-10-20 06:19:33,2025-10-20 06:21:33,tablet,/category/electronics,,True
6347,1341,2024-12-28 02:44:44,2024-12-28 03:18:44,desktop,/deals,,True
6348,742,2025-12-08 14:09:58,2025-12-08 14:17:58,desktop,/blog,10,False
6349,512,2025-07-05 05:20:06,2025-07-05 05:53:06,tablet,/home,10,False
6350,,2025-10-17 19:54:31,2025-10-17 20:26:31,desktop,/deals,10,False
6351,1268,2025-08-28 10:29:47,2025-08-28 10:52:47,desktop,/category/apparel,,False
6352,583,2024-07-07 10:10:21,2024-07-07 10:50:21,tablet,/product-search,2,False
6353,403,2024-10-26 04:50:40,2024-10-26 05:23:40,mobile,/deals,2,True
6354,764,2025-10-17 20:40:25,2025-10-17 20:46:25,tablet,/deals,,False
6355,,2025-12-07 10:05:52,2025-12-07 10:13:52,mobile,/home,1,False
6356,807,2024-08-20 15:28:44,2024-08-20 15:45:44,desktop,/category/apparel,12,True
6357,635,2025-08-18 21:09:25,2025-08-18 21:35:25,desktop,/product-search,,False
6358,,2025-09-06 15:09:02,2025-09-06 15:15:02,tablet,/blog,1,False
6359,809,2025-01-01 07:32:29,2025-01-01 08:06:29,tablet,/category/apparel,,False
6360,733,2025-11-23 11:07:55,2025-11-23 11:48:55,desktop,/blog,,False
6361,1381,2025-09-11 08:33:50,2025-09-11 08:58:50,mobile,/blog,,False
6362,,2024-08-09 14:04:15,2024-08-09 14:08:15,mobile,/deals,4,False
6363,1288,2025-10-19 15:50:56,2025-10-19 15:51:56,tablet,/category/electronics,,False
6364,,2025-09-19 14:12:10,2025-09-19 14:27:10,mobile,/home,,False
6365,845,2025-09-27 23:59:34,2025-09-28 00:31:34,desktop,/category/electronics,,False
6366,,2024-04-18 18:33:14,2024-04-18 19:08:14,desktop,/category/apparel,,False
6367,281,2025-06-15 14:54:26,2025-06-15 15:09:26,desktop,/product-search,,False
6368,,2024-06-16 00:16:50,2024-06-16 00:27:50,desktop,/category/electronics,,False
6369,,2025-03-23 02:07:25,2025-03-23 02:17:25,mobile,/product-search,6,False
6370,621,2025-12-21 07:12:36,2025-12-21 07:36:36,mobile,/category/apparel,,True
6371,,2025-11-18 10:19:47,2025-11-18 10:32:47,mobile,/product-search,11,False
6372,418,2024-09-01 04:28:47,2024-09-01 04:52:47,desktop,/blog,11,False
6373,,2025-06-13 18:01:43,2025-06-13 18:42:43,desktop,/product-search,9,False
6374,893,2025-12-10 10:29:44,2025-12-10 10:33:44,desktop,/category/apparel,11,False
6375,,2024-02-28 16:50:21,2024-02-28 17:12:21,mobile,/blog,15,False
6376,,2024-06-11 02:47:43,2024-06-11 02:55:43,tablet,/home,5,False
6377,1412,2025-12-17 13:30:56,2025-12-17 13:41:56,tablet,/blog,7,False
6378,601,2025-12-24 12:51:53,2025-12-24 13:31:53,mobile,/product-search,,False
6379,25,2025-09-12 17:00:30,2025-09-12 17:01:30,tablet,/blog,,False
6380,724,2024-12-18 12:42:37,2024-12-18 13:02:37,mobile,/blog,,False
6381,,2024-10-16 23:03:53,2024-10-16 23:47:53,tablet,/category/electronics,,False
6382,,2024-06-10 03:35:48,2024-06-10 03:42:48,mobile,/blog,12,False
6383,315,2025-10-19 15:07:12,2025-10-19 15:37:12,tablet,/product-search,,False
6384,,2025-04-10 05:17:16,2025-04-10 05:39:16,desktop,/product-search,5,False
6385,,2024-12-30 16:50:32,2024-12-30 17:24:32,tablet,/deals,,False
6386,932,2025-10-17 10:53:33,2025-10-17 11:21:33,mobile,/blog,,False
6387,675,2025-12-22 01:08:27,2025-12-22 01:26:27,tablet,/category/electronics,4,False
6388,1039,2025-12-29 10:31:39,2025-12-29 10:43:39,tablet,/home,10,False
6389,296,2025-12-17 07:34:18,2025-12-17 08:04:18,mobile,/home,10,False
6390,542,2025-09-11 09:21:42,2025-09-11 09:30:42,desktop,/blog,15,True
6391,,2024-11-03 00:59:38,2024-11-03 01:32:38,desktop,/category/electronics,,False
6392,,2024-06-05 21:26:46,2024-06-05 21:40:46,mobile,/category/electronics,,False
6393,,2025-01-19 00:45:53,2025-01-19 01:04:53,mobile,/deals,5,False
6394,,2025-05-23 21:57:54,2025-05-23 22:28:54,tablet,/deals,,False
6395,72,2025-08-04 03:27:39,2025-08-04 03:53:39,mobile,/category/apparel,,True
6396,926,2025-02-24 03:30:02,2025-02-24 04:00:02,desktop,/category/apparel,,False
6397,,2025-01-08 08:39:55,2025-01-08 09:05:55,mobile,/product-search,,False
6398,508,2025-02-13 15:43:19,2025-02-13 16:27:19,tablet,/product-search,2,False
6399,790,2025-08-16 04:43:17,2025-08-16 05:15:17,tablet,/blog,,True
6400,65,2025-07-18 04:44:51,2025-07-18 04:51:51,mobile,/blog,13,False
6401,283,2024-05-22 20:41:28,2024-05-22 20:56:28,mobile,/home,7,False
6402,,2024-01-14 08:01:52,2024-01-14 08:07:52,tablet,/category/apparel,,False
6403,,2024-05-09 18:49:33,2024-05-09 19:08:33,mobile,/category/apparel,,False
6404,894,2024-07-15 06:44:48,2024-07-15 07:22:48,mobile,/product-search,,False
6405,1362,2025-11-24 19:03:00,2025-11-24 19:30:00,tablet,/category/electronics,,False
6406,940,2025-06-15 14:32:14,2025-06-15 15:00:14,desktop,/product-search,,False
6407,70,2025-04-18 16:14:49,2025-04-18 16:50:49,mobile,/home,,False
6408,1107,2024-12-08 16:54:01,2024-12-08 16:59:01,mobile,/category/electronics,6,False
6409,432,2025-05-30 19:10:52,2025-05-30 19:27:52,desktop,/category/apparel,,False
6410,137,2025-08-02 13:33:39,2025-08-02 14:02:39,mobile,/product-search,5,False
6411,,2025-07-17 12:03:11,2025-07-17 12:46:11,tablet,/home,,False
6412,,2025-11-08 07:03:00,2025-11-08 07:43:00,tablet,/deals,2,False
6413,,2024-12-05 18:29:16,2024-12-05 19:00:16,mobile,/category/apparel,13,False
6414,1290,2024-12-19 19:34:43,2024-12-19 20:18:43,mobile,/deals,,False
6415,135,2025-06-12 04:06:34,2025-06-12 04:13:34,tablet,/blog,7,False
6416,1405,2025-11-15 08:33:05,2025-11-15 08:43:05,tablet,/category/apparel,,False
6417,1181,2025-11-26 17:17:11,2025-11-26 17:59:11,tablet,/deals,,False
6418,,2024-01-29 08:17:17,2024-01-29 08:21:17,tablet,/home,8,False
6419,970,2025-01-29 10:24:26,2025-01-29 10:39:26,tablet,/home,,False
6420,999,2024-09-08 04:40:27,2024-09-08 05:20:27,desktop,/category/apparel,13,True
6421,1498,2025-09-29 10:22:44,2025-09-29 11:00:44,mobile,/category/apparel,,False
6422,327,2025-10-05 23:16:21,2025-10-05 23:45:21,mobile,/product-search,,False
6423,690,2025-10-09 10:12:16,2025-10-09 10:25:16,tablet,/blog,,False
6424,544,2025-05-14 20:51:20,2025-05-14 20:54:20,desktop,/product-search,4,False
6425,446,2025-11-12 07:02:43,2025-11-12 07:14:43,mobile,/product-search,6,False
6426,,2024-09-06 05:26:42,2024-09-06 05:28:42,tablet,/deals,11,False
6427,,2025-09-07 15:23:35,2025-09-07 15:41:35,mobile,/blog,,False
6428,788,2025-01-03 07:54:51,2025-01-03 08:12:51,desktop,/home,,False
6429,,2024-06-19 02:54:17,2024-06-19 03:23:17,tablet,/blog,4,False
6430,365,2025-09-22 07:19:33,2025-09-22 07:42:33,tablet,/home,,False
6431,,2024-09-18 07:55:53,2024-09-18 08:20:53,tablet,/home,,False
6432,838,2025-04-16 07:03:46,2025-04-16 07:15:46,mobile,/category/apparel,,False
6433,,2024-03-07 15:05:02,2024-03-07 15:40:02,desktop,/category/apparel,,False
6434,139,2025-12-14 18:59:22,2025-12-14 19:22:22,mobile,/category/electronics,15,False
6435,1081,2025-11-24 02:39:27,2025-11-24 02:55:27,tablet,/blog,,True
6436,1357,2025-11-09 16:43:43,2025-11-09 17:00:43,mobile,/category/apparel,,True
6437,1427,2024-06-01 01:02:40,2024-06-01 01:32:40,mobile,/category/electronics,,True
6438,902,2025-03-02 02:25:10,2025-03-02 02:46:10,tablet,/product-search,15,True
6439,579,2025-10-02 04:10:30,2025-10-02 04:24:30,mobile,/blog,,False
6440,,2024-02-20 22:47:34,2024-02-20 23:12:34,mobile,/category/electronics,,False
6441,1428,2025-08-26 12:14:04,2025-08-26 12:35:04,mobile,/deals,11,False
6442,,2025-03-05 19:37:13,2025-03-05 20:05:13,desktop,/blog,,False
6443,244,2025-07-12 02:16:33,2025-07-12 02:41:33,desktop,/home,,False
6444,,2025-10-05 07:38:33,2025-10-05 07:50:33,desktop,/category/apparel,,False
6445,,2024-11-18 00:43:52,2024-11-18 01:08:52,desktop,/category/electronics,14,False
6446,,2025-06-12 08:57:37,2025-06-12 09:23:37,mobile,/home,,False
6447,1338,2024-08-08 11:02:05,2024-08-08 11:23:05,tablet,/deals,10,False
6448,887,2025-01-05 03:04:02,2025-01-05 03:18:02,desktop,/category/electronics,,False
6449,,2024-11-04 18:46:18,2024-11-04 18:54:18,mobile,/product-search,13,False
6450,,2025-11-04 16:10:28,2025-11-04 16:24:28,desktop,/home,,False
6451,1061,2024-09-02 21:09:51,2024-09-02 21:27:51,desktop,/home,10,False
6452,1143,2025-10-01 00:29:53,2025-10-01 01:07:53,mobile,/product-search,7,False
6453,,2025-11-27 19:21:08,2025-11-27 19:32:08,desktop,/deals,,False
6454,1039,2025-10-03 06:20:33,2025-10-03 06:58:33,mobile,/category/apparel,,False
6455,769,2025-12-19 17:24:27,2025-12-19 17:54:27,desktop,/product-search,,False
6456,1141,2025-08-09 08:12:58,2025-08-09 08:36:58,desktop,/category/apparel,14,False
6457,504,2025-01-05 07:47:26,2025-01-05 08:30:26,tablet,/category/apparel,,False
6458,1383,2025-11-05 01:28:37,2025-11-05 01:51:37,mobile,/category/electronics,,True
6459,560,2025-02-14 16:35:42,2025-02-14 17:10:42,mobile,/blog,,False
6460,617,2025-06-30 13:02:30,2025-06-30 13:08:30,mobile,/category/electronics,8,False
6461,,2025-04-16 11:19:51,2025-04-16 12:01:51,tablet,/product-search,10,False
6462,611,2025-11-16 21:32:50,2025-11-16 22:10:50,tablet,/category/apparel,,False
6463,1082,2025-10-24 19:29:29,2025-10-24 20:00:29,mobile,/deals,9,False
6464,1144,2025-06-09 13:55:59,2025-06-09 14:26:59,desktop,/home,8,False
6465,1104,2025-03-31 07:55:10,2025-03-31 08:16:10,mobile,/blog,,False
6466,107,2025-03-28 05:21:15,2025-03-28 05:31:15,desktop,/blog,15,False
6467,,2024-07-25 05:52:27,2024-07-25 05:55:27,desktop,/category/electronics,,False
6468,722,2025-10-12 00:29:16,2025-10-12 00:34:16,mobile,/home,15,False
6469,650,2025-04-02 08:46:21,2025-04-02 08:57:21,tablet,/home,,True
6470,1104,2025-11-03 13:13:58,2025-11-03 13:47:58,tablet,/category/apparel,,True
6471,968,2025-09-27 16:19:39,2025-09-27 16:44:39,desktop,/category/apparel,,True
6472,275,2025-11-14 12:22:25,2025-11-14 13:00:25,tablet,/product-search,,False
6473,,2024-08-28 21:30:06,2024-08-28 21:34:06,desktop,/category/electronics,15,False
6474,1094,2025-07-19 05:51:42,2025-07-19 06:34:42,tablet,/blog,3,False
6475,673,2025-10-11 10:15:57,2025-10-11 10:22:57,desktop,/category/electronics,,False
6476,620,2025-02-20 14:41:26,2025-02-20 15:03:26,tablet,/category/apparel,,False
6477,1384,2025-04-23 14:12:36,2025-04-23 14:28:36,tablet,/deals,6,False
6478,,2025-04-09 11:03:19,2025-04-09 11:45:19,desktop,/blog,15,False
6479,379,2025-12-18 07:42:52,2025-12-18 08:14:52,desktop,/blog,9,False
6480,,2025-09-14 00:10:39,2025-09-14 00:14:39,tablet,/home,,False
6481,,2025-09-10 09:05:34,2025-09-10 09:30:34,tablet,/product-search,,False
6482,,2025-05-24 10:30:12,2025-05-24 10:47:12,desktop,/category/apparel,8,False
6483,1363,2024-12-30 04:07:09,2024-12-30 04:17:09,desktop,/blog,4,False
6484,25,2025-11-14 22:11:42,2025-11-14 22:50:42,mobile,/blog,10,False
6485,624,2025-05-30 18:50:11,2025-05-30 19:08:11,desktop,/category/electronics,,False
6486,1143,2025-07-05 07:53:23,2025-07-05 07:57:23,desktop,/category/apparel,,False
6487,929,2025-06-15 00:12:07,2025-06-15 00:21:07,desktop,/category/electronics,,False
6488,,2025-12-30 00:19:12,2025-12-30 00:36:12,tablet,/blog,10,False
6489,795,2025-04-04 19:26:11,2025-04-04 19:37:11,desktop,/home,8,False
6490,,2025-04-16 19:20:15,2025-04-16 20:03:15,mobile,/category/apparel,,False
6491,1432,2025-09-17 01:18:52,2025-09-17 01:23:52,tablet,/home,6,False
6492,1243,2025-05-12 08:57:58,2025-05-12 08:59:58,tablet,/category/electronics,9,True
6493,,2025-05-13 04:37:18,2025-05-13 04:47:18,desktop,/blog,,True
6494,,2024-11-25 01:23:08,2024-11-25 02:08:08,tablet,/category/apparel,,False
6495,,2024-09-09 08:14:32,2024-09-09 08:32:32,tablet,/deals,,False
6496,,2024-01-28 02:44:52,2024-01-28 02:45:52,mobile,/home,,False
6497,489,2024-05-08 02:08:48,2024-05-08 02:23:48,tablet,/blog,3,False
6498,,2024-03-11 23:45:51,2024-03-12 00:01:51,tablet,/deals,9,False
6499,,2024-08-03 20:35:06,2024-08-03 21:08:06,desktop,/home,,False
6500,,2024-09-16 12:15:47,2024-09-16 12:19:47,tablet,/product-search,,False
6501,152,2024-11-10 01:09:35,2024-11-10 01:42:35,tablet,/blog,9,False
6502,165,2025-12-31 02:38:45,2025-12-31 02:39:45,desktop,/home,,False
6503,,2024-07-09 13:59:44,2024-07-09 14:09:44,tablet,/product-search,9,False
6504,1299,2025-06-03 03:43:17,2025-06-03 04:10:17,tablet,/product-search,,False
6505,,2025-03-22 22:16:38,2025-03-22 22:34:38,tablet,/blog,,False
6506,985,2025-01-18 14:21:21,2025-01-18 15:02:21,mobile,/deals,1,True
6507,108,2025-03-10 19:12:52,2025-03-10 19:27:52,mobile,/product-search,1,False
6508,,2024-01-12 20:34:32,2024-01-12 21:11:32,tablet,/product-search,,False
6509,404,2025-11-06 12:58:23,2025-11-06 13:40:23,mobile,/category/apparel,15,False
6510,593,2025-09-14 11:56:15,2025-09-14 12:38:15,desktop,/blog,5,False
6511,649,2025-11-30 00:37:44,2025-11-30 01:10:44,desktop,/home,,False
6512,,2024-01-09 03:05:57,2024-01-09 03:15:57,desktop,/category/apparel,,False
6513,,2024-05-18 10:17:33,2024-05-18 10:29:33,tablet,/blog,1,False
6514,677,2025-12-02 15:13:46,2025-12-02 15:37:46,tablet,/blog,,False
6515,931,2025-12-15 10:05:29,2025-12-15 10:36:29,tablet,/deals,14,False
6516,884,2024-12-12 15:14:13,2024-12-12 15:17:13,tablet,/deals,,False
6517,1486,2025-10-20 12:32:05,2025-10-20 12:42:05,tablet,/category/apparel,13,True
6518,1131,2024-05-10 17:21:20,2024-05-10 18:00:20,mobile,/deals,,False
6519,,2024-08-04 13:00:16,2024-08-04 13:10:16,tablet,/category/electronics,,False
6520,1425,2025-11-12 11:47:14,2025-11-12 12:32:14,desktop,/category/apparel,2,False
6521,1372,2025-02-24 05:21:05,2025-02-24 06:05:05,desktop,/product-search,,False
6522,1137,2025-06-03 15:47:01,2025-06-03 16:27:01,desktop,/product-search,,True
6523,,2024-10-24 00:36:01,2024-10-24 00:41:01,tablet,/product-search,,False
6524,323,2025-05-31 03:07:27,2025-05-31 03:29:27,mobile,/home,,False
6525,1250,2025-10-14 23:22:36,2025-10-14 23:54:36,tablet,/category/electronics,,False
6526,,2025-04-23 20:27:19,2025-04-23 21:10:19,desktop,/product-search,10,False
6527,,2024-04-14 11:12:52,2024-04-14 11:44:52,mobile,/category/apparel,11,False
6528,,2024-03-26 23:02:34,2024-03-26 23:44:34,tablet,/blog,,False
6529,,2024-04-27 06:21:02,2024-04-27 06:50:02,tablet,/category/electronics,,False
6530,697,2024-07-13 18:11:34,2024-07-13 18:46:34,desktop,/home,,False
6531,,2025-12-17 14:31:09,2025-12-17 14:38:09,mobile,/home,1,False
6532,599,2025-09-04 00:45:39,2025-09-04 01:05:39,mobile,/blog,9,False
6533,,2025-07-25 10:24:45,2025-07-25 10:43:45,mobile,/deals,8,False
6534,376,2025-08-18 15:09:13,2025-08-18 15:30:13,tablet,/product-search,2,False
6535,1400,2025-02-19 01:19:25,2025-02-19 01:28:25,desktop,/deals,6,False
6536,,2025-07-31 22:51:22,2025-07-31 23:17:22,mobile,/product-search,13,False
6537,578,2025-10-12 11:08:19,2025-10-12 11:32:19,mobile,/blog,,False
6538,,2025-08-21 05:59:44,2025-08-21 06:05:44,mobile,/home,13,False
6539,614,2025-08-07 12:40:55,2025-08-07 13:10:55,tablet,/product-search,,False
6540,1023,2025-03-04 11:19:16,2025-03-04 11:20:16,tablet,/product-search,6,True
6541,1304,2025-12-30 12:07:24,2025-12-30 12:40:24,mobile,/category/apparel,,False
6542,723,2025-02-07 23:02:11,2025-02-07 23:42:11,desktop,/home,4,False
6543,1333,2025-12-09 16:13:59,2025-12-09 16:34:59,mobile,/blog,,False
6544,,2025-08-14 14:33:14,2025-08-14 14:44:14,mobile,/category/electronics,,False
6545,62,2024-12-27 11:50:50,2024-12-27 12:02:50,mobile,/category/electronics,,False
6546,1412,2025-02-01 11:20:51,2025-02-01 11:36:51,mobile,/category/apparel,,True
6547,979,2025-12-28 02:06:46,2025-12-28 02:07:46,mobile,/home,,False
6548,104,2024-09-29 10:14:12,2024-09-29 10:21:12,mobile,/deals,2,False
6549,,2025-03-31 18:50:23,2025-03-31 18:52:23,mobile,/home,8,False
6550,,2024-09-11 17:44:50,2024-09-11 18:07:50,mobile,/product-search,1,False
6551,48,2025-08-08 00:52:17,2025-08-08 01:33:17,mobile,/blog,4,False
6552,961,2025-06-20 14:18:28,2025-06-20 14:35:28,tablet,/home,6,False
6553,,2025-07-10 02:11:38,2025-07-10 02:37:38,mobile,/product-search,,False
6554,,2024-10-25 01:08:18,2024-10-25 01:31:18,tablet,/deals,,False
6555,,2025-12-03 05:03:06,2025-12-03 05:25:06,mobile,/category/electronics,,False
6556,237,2024-11-19 16:44:30,2024-11-19 16:59:30,desktop,/category/electronics,1,True
6557,827,2025-10-26 04:06:49,2025-10-26 04:43:49,tablet,/blog,,True
6558,,2024-02-04 07:53:50,2024-02-04 08:15:50,mobile,/deals,,False
6559,1230,2025-08-20 09:35:45,2025-08-20 10:00:45,mobile,/category/electronics,,False
6560,,2025-05-06 21:39:40,2025-05-06 21:51:40,tablet,/product-search,7,False
6561,270,2025-07-21 14:52:34,2025-07-21 15:13:34,tablet,/category/electronics,4,False
6562,,2024-08-21 02:23:22,2024-08-21 03:00:22,mobile,/blog,12,False
6563,,2024-05-26 02:23:24,2024-05-26 02:38:24,desktop,/product-search,11,False
6564,1345,2025-12-16 06:00:22,2025-12-16 06:31:22,tablet,/blog,,False
6565,1306,2025-09-05 17:39:38,2025-09-05 18:14:38,mobile,/blog,,True
6566,967,2024-11-07 15:50:50,2024-11-07 16:29:50,mobile,/product-search,,False
6567,1037,2025-10-26 16:47:45,2025-10-26 17:11:45,desktop,/home,12,False
6568,,2025-10-08 03:33:49,2025-10-08 04:09:49,desktop,/product-search,,False
6569,,2025-04-10 06:28:08,2025-04-10 06:39:08,desktop,/home,7,False
6570,,2025-07-09 19:17:08,2025-07-09 19:38:08,desktop,/product-search,,False
6571,1052,2025-10-07 19:45:57,2025-10-07 19:52:57,tablet,/home,,False
6572,,2024-12-17 03:21:43,2024-12-17 04:02:43,desktop,/category/electronics,10,False
6573,,2025-07-05 10:50:59,2025-07-05 10:56:59,tablet,/category/apparel,11,False
6574,1281,2025-07-14 12:18:36,2025-07-14 12:55:36,tablet,/category/apparel,4,False
6575,1065,2025-12-16 01:00:52,2025-12-16 01:10:52,mobile,/product-search,,False
6576,,2024-08-23 09:19:02,2024-08-23 09:50:02,mobile,/category/electronics,8,False
6577,,2025-11-19 20:13:36,2025-11-19 20:43:36,desktop,/home,,False
6578,1448,2025-08-01 22:33:12,2025-08-01 22:45:12,tablet,/blog,,False
6579,,2024-06-26 03:50:48,2024-06-26 03:53:48,tablet,/blog,,False
6580,463,2025-12-12 09:48:14,2025-12-12 10:26:14,mobile,/blog,2,False
6581,334,2025-10-17 17:04:25,2025-10-17 17:07:25,desktop,/category/electronics,,True
6582,460,2025-11-18 09:20:12,2025-11-18 09:55:12,tablet,/category/apparel,,False
6583,145,2025-09-13 13:33:23,2025-09-13 13:42:23,mobile,/deals,,True
6584,,2025-08-17 12:08:30,2025-08-17 12:27:30,tablet,/category/electronics,12,False
6585,1326,2025-11-03 01:08:18,2025-11-03 01:30:18,desktop,/deals,5,False
6586,1357,2025-10-26 03:55:19,2025-10-26 04:18:19,desktop,/home,15,False
6587,1308,2025-03-25 17:53:42,2025-03-25 18:36:42,desktop,/deals,,False
6588,654,2025-10-02 03:29:58,2025-10-02 03:39:58,tablet,/category/apparel,,False
6589,,2025-09-12 09:19:01,2025-09-12 09:24:01,mobile,/category/apparel,,False
6590,878,2024-10-13 19:52:06,2024-10-13 20:23:06,mobile,/product-search,3,False
6591,,2025-07-27 19:00:46,2025-07-27 19:09:46,mobile,/deals,,False
6592,1248,2025-12-18 13:21:55,2025-12-18 13:51:55,mobile,/home,13,True
6593,1498,2024-09-29 04:12:35,2024-09-29 04:53:35,mobile,/product-search,,True
6594,1346,2025-08-04 11:53:29,2025-08-04 12:25:29,desktop,/blog,,False
6595,988,2025-11-30 03:04:31,2025-11-30 03:30:31,tablet,/home,,False
6596,,2024-11-27 09:58:48,2024-11-27 10:41:48,desktop,/deals,14,False
6597,254,2025-12-22 02:33:33,2025-12-22 02:53:33,desktop,/product-search,10,False
6598,379,2025-05-28 15:06:40,2025-05-28 15:45:40,desktop,/deals,14,False
6599,,2025-10-02 02:06:50,2025-10-02 02:23:50,mobile,/category/apparel,,False
6600,1001,2025-12-12 19:15:25,2025-12-12 19:24:25,desktop,/category/electronics,,False
6601,195,2025-10-27 07:39:43,2025-10-27 07:49:43,tablet,/home,13,True
6602,,2025-10-29 11:42:05,2025-10-29 12:17:05,tablet,/blog,15,False
6603,957,2024-11-14 21:05:19,2024-11-14 21:28:19,desktop,/home,,False
6604,386,2025-02-22 02:51:40,2025-02-22 02:58:40,mobile,/deals,4,False
6605,572,2025-02-02 14:29:04,2025-02-02 15:02:04,tablet,/home,1,False
6606,,2025-01-20 23:31:27,2025-01-20 23:42:27,desktop,/category/electronics,,False
6607,327,2025-09-20 18:29:01,2025-09-20 18:38:01,tablet,/category/electronics,5,False
6608,1073,2025-12-17 21:05:46,2025-12-17 21:39:46,mobile,/category/electronics,7,False
6609,1351,2025-08-15 06:26:51,2025-08-15 06:58:51,mobile,/blog,,False
6610,,2024-08-27 09:14:30,2024-08-27 09:55:30,desktop,/deals,5,False
6611,314,2024-12-12 16:59:01,2024-12-12 17:39:01,mobile,/blog,,False
6612,1117,2025-12-18 17:26:17,2025-12-18 17:37:17,mobile,/home,,False
6613,,2024-02-14 09:30:54,2024-02-14 09:36:54,tablet,/category/apparel,15,False
6614,172,2025-12-02 11:37:06,2025-12-02 11:38:06,mobile,/home,14,False
6615,1133,2025-11-20 03:35:17,2025-11-20 03:53:17,desktop,/blog,,False
6616,,2024-05-29 00:47:16,2024-05-29 00:58:16,mobile,/category/apparel,,False
6617,,2025-05-04 11:24:00,2025-05-04 11:36:00,mobile,/deals,2,False
6618,,2025-03-27 20:29:15,2025-03-27 21:14:15,mobile,/home,,False
6619,1124,2024-09-12 15:58:08,2024-09-12 16:02:08,mobile,/category/apparel,12,False
6620,,2025-10-20 08:01:08,2025-10-20 08:09:08,desktop,/deals,,False
6621,,2024-05-27 23:03:51,2024-05-27 23:27:51,mobile,/home,,False
6622,291,2025-09-04 18:10:37,2025-09-04 18:20:37,desktop,/category/apparel,,False
6623,,2024-06-19 22:55:18,2024-06-19 23:40:18,desktop,/category/electronics,11,False
6624,,2024-09-05 11:09:48,2024-09-05 11:27:48,desktop,/product-search,6,False
6625,1122,2025-11-01 08:29:49,2025-11-01 08:35:49,desktop,/deals,,False
6626,1437,2025-11-21 01:09:45,2025-11-21 01:10:45,tablet,/blog,15,False
6627,770,2025-12-29 19:10:06,2025-12-29 19:51:06,tablet,/category/electronics,14,False
6628,1133,2025-11-10 18:14:36,2025-11-10 18:32:36,desktop,/deals,1,True
6629,466,2025-12-18 18:17:16,2025-12-18 18:49:16,mobile,/home,,False
6630,342,2024-12-19 15:33:48,2024-12-19 16:07:48,tablet,/product-search,,False
6631,1148,2025-12-12 21:32:19,2025-12-12 22:14:19,desktop,/home,9,False
6632,930,2025-08-03 06:38:49,2025-08-03 07:13:49,tablet,/category/apparel,2,True
6633,,2025-01-12 10:29:51,2025-01-12 10:54:51,mobile,/home,,False
6634,915,2025-03-03 01:36:23,2025-03-03 02:18:23,mobile,/product-search,,False
6635,964,2025-07-28 23:43:23,2025-07-28 23:44:23,mobile,/category/apparel,,True
6636,870,2025-08-12 14:23:57,2025-08-12 14:55:57,desktop,/deals,9,True
6637,1267,2025-03-28 16:56:35,2025-03-28 17:32:35,desktop,/deals,,False
6638,,2025-08-16 12:42:50,2025-08-16 13:08:50,desktop,/product-search,,False
6639,,2025-02-22 22:52:53,2025-02-22 23:16:53,desktop,/deals,,False
6640,16,2025-11-19 00:32:00,2025-11-19 01:07:00,tablet,/category/electronics,,False
6641,225,2025-11-01 16:54:03,2025-11-01 17:23:03,mobile,/category/apparel,,False
6642,1062,2024-06-01 08:32:32,2024-06-01 08:45:32,mobile,/product-search,,True
6643,357,2025-10-15 06:57:21,2025-10-15 07:04:21,tablet,/blog,12,False
6644,70,2025-04-28 23:31:12,2025-04-29 00:10:12,desktop,/category/electronics,,True
6645,464,2025-11-03 08:35:38,2025-11-03 09:14:38,mobile,/category/electronics,,False
6646,1242,2025-09-06 13:08:50,2025-09-06 13:13:50,desktop,/home,,False
6647,,2025-03-24 10:01:55,2025-03-24 10:34:55,mobile,/category/apparel,13,False
6648,1244,2025-09-22 10:45:51,2025-09-22 10:50:51,desktop,/home,,False
6649,,2025-12-04 01:49:34,2025-12-04 02:12:34,mobile,/blog,,False
6650,80,2025-09-05 04:02:27,2025-09-05 04:16:27,mobile,/category/electronics,6,False
6651,443,2024-12-12 08:24:14,2024-12-12 08:26:14,desktop,/blog,,False
6652,417,2025-11-28 13:46:26,2025-11-28 14:18:26,tablet,/home,7,True
6653,997,2025-07-04 07:12:46,2025-07-04 07:17:46,mobile,/home,,False
6654,,2024-01-07 20:50:48,2024-01-07 21:08:48,tablet,/category/apparel,,False
6655,1108,2025-08-24 17:19:25,2025-08-24 17:55:25,mobile,/category/apparel,,False
6656,,2024-06-09 05:24:37,2024-06-09 06:00:37,mobile,/category/apparel,3,False
6657,,2024-11-17 08:51:27,2024-11-17 09:06:27,mobile,/product-search,,False
6658,2,2025-11-20 03:54:06,2025-11-20 04:16:06,tablet,/product-search,3,False
6659,821,2025-12-19 00:57:50,2025-12-19 01:15:50,desktop,/product-search,11,False
6660,700,2025-09-08 08:18:00,2025-09-08 08:50:00,tablet,/product-search,3,False
6661,,2024-09-19 03:10:04,2024-09-19 03:48:04,mobile,/deals,,False
6662,1348,2025-11-19 09:04:12,2025-11-19 09:14:12,tablet,/category/electronics,,False
6663,1493,2025-06-19 01:48:26,2025-06-19 02:23:26,mobile,/category/electronics,11,True
6664,206,2025-07-10 18:55:16,2025-07-10 18:59:16,tablet,/category/electronics,,False
6665,1359,2025-08-08 19:25:17,2025-08-08 19:30:17,tablet,/category/electronics,7,False
6666,428,2025-10-16 20:40:48,2025-10-16 20:41:48,tablet,/category/apparel,6,False
6667,1443,2025-03-20 04:52:34,2025-03-20 05:31:34,mobile,/category/apparel,,False
6668,,2025-03-28 16:26:58,2025-03-28 16:49:58,tablet,/home,,False
6669,,2024-04-19 22:55:43,2024-04-19 23:36:43,mobile,/home,15,False
6670,861,2025-03-07 05:46:11,2025-03-07 05:57:11,mobile,/home,,False
6671,,2025-02-14 08:44:34,2025-02-14 08:49:34,tablet,/product-search,12,False
6672,1440,2025-11-07 14:22:44,2025-11-07 14:27:44,tablet,/deals,12,False
6673,,2025-11-06 17:45:42,2025-11-06 18:06:42,mobile,/product-search,,False
6674,233,2025-02-22 18:25:33,2025-02-22 18:37:33,mobile,/category/apparel,1,False
6675,,2024-03-14 10:26:43,2024-03-14 10:39:43,tablet,/deals,,False
6676,624,2025-05-18 07:06:13,2025-05-18 07:50:13,mobile,/blog,13,False
6677,38,2025-12-31 13:02:50,2025-12-31 13:15:50,desktop,/deals,,False
6678,649,2024-11-04 11:38:37,2024-11-04 11:53:37,mobile,/home,,False
6679,,2024-04-09 07:57:16,2024-04-09 08:13:16,desktop,/category/apparel,9,False
6680,296,2025-12-18 16:38:02,2025-12-18 17:21:02,desktop,/blog,7,False
6681,,2025-09-12 00:23:38,2025-09-12 01:00:38,mobile,/home,9,False
6682,,2025-02-21 12:48:28,2025-02-21 13:10:28,desktop,/home,12,False
6683,332,2025-12-17 13:32:33,2025-12-17 14:11:33,desktop,/blog,,False
6684,,2025-03-11 00:53:20,2025-03-11 00:59:20,tablet,/category/apparel,,False
6685,985,2025-12-21 08:44:19,2025-12-21 09:04:19,mobile,/category/electronics,10,True
6686,1309,2025-10-20 07:12:38,2025-10-20 07:45:38,desktop,/blog,,False
6687,,2025-08-12 02:38:05,2025-08-12 03:03:05,tablet,/category/electronics,,False
6688,1375,2025-12-26 07:01:07,2025-12-26 07:13:07,tablet,/home,,True
6689,,2025-06-27 04:05:08,2025-06-27 04:41:08,mobile,/category/apparel,,False
6690,,2025-06-20 15:15:03,2025-06-20 15:29:03,tablet,/deals,2,False
6691,1336,2025-12-30 08:21:50,2025-12-30 08:53:50,desktop,/category/apparel,,False
6692,377,2025-12-29 01:13:29,2025-12-29 01:55:29,tablet,/blog,9,False
6693,609,2025-09-16 07:43:09,2025-09-16 07:45:09,desktop,/category/electronics,,True
6694,,2024-12-23 05:35:24,2024-12-23 06:20:24,mobile,/home,13,False
6695,947,2024-08-11 10:39:21,2024-08-11 10:48:21,desktop,/category/electronics,7,False
6696,363,2025-10-27 11:44:21,2025-10-27 12:16:21,desktop,/product-search,,False
6697,70,2025-10-29 02:24:52,2025-10-29 03:06:52,mobile,/product-search,,False
6698,1176,2025-03-02 11:01:14,2025-03-02 11:39:14,desktop,/deals,,False
6699,1188,2025-05-13 08:48:56,2025-05-13 08:51:56,mobile,/product-search,,True
6700,357,2025-07-24 21:09:08,2025-07-24 21:50:08,mobile,/deals,,False
6701,,2025-01-08 00:13:45,2025-01-08 00:23:45,mobile,/category/electronics,,False
6702,1173,2025-06-13 05:17:42,2025-06-13 05:28:42,desktop,/blog,1,False
6703,,2025-03-18 18:46:08,2025-03-18 18:47:08,tablet,/product-search,,False
6704,,2024-06-21 17:58:29,2024-06-21 18:09:29,mobile,/product-search,,False
6705,444,2025-03-18 20:01:15,2025-03-18 20:45:15,tablet,/category/electronics,12,False
6706,,2024-08-31 00:25:18,2024-08-31 00:35:18,mobile,/category/apparel,,False
6707,911,2025-11-17 10:27:07,2025-11-17 10:54:07,desktop,/category/electronics,,False
6708,,2024-07-09 10:02:33,2024-07-09 10:33:33,tablet,/category/apparel,,False
6709,778,2025-07-14 22:20:17,2025-07-14 22:23:17,desktop,/deals,,False
6710,,2024-10-23 08:39:58,2024-10-23 09:07:58,mobile,/category/apparel,,False
6711,1118,2025-05-01 03:07:03,2025-05-01 03:46:03,tablet,/product-search,,True
6712,110,2025-07-26 17:37:55,2025-07-26 17:51:55,mobile,/product-search,4,False
6713,,2024-04-24 23:07:13,2024-04-24 23:18:13,desktop,/category/apparel,,False
6714,,2025-01-14 06:19:18,2025-01-14 06:52:18,mobile,/category/apparel,,False
6715,,2024-08-03 15:44:44,2024-08-03 16:09:44,mobile,/blog,,False
6716,398,2025-10-11 22:06:42,2025-10-11 22:51:42,desktop,/blog,,False
6717,1167,2024-05-13 01:04:28,2024-05-13 01:13:28,mobile,/category/apparel,,False
6718,139,2025-12-31 00:51:33,2025-12-31 00:56:33,mobile,/deals,3,False
6719,680,2024-11-28 13:53:44,2024-11-28 14:03:44,mobile,/blog,,True
6720,1231,2025-12-07 12:22:14,2025-12-07 12:27:14,mobile,/category/electronics,,False
6721,,2025-01-15 05:56:24,2025-01-15 06:10:24,mobile,/blog,,False
6722,,2025-10-17 18:33:42,2025-10-17 19:13:42,desktop,/category/apparel,,False
6723,,2024-04-12 05:29:42,2024-04-12 05:46:42,mobile,/category/apparel,,False
6724,21,2024-11-01 16:30:11,2024-11-01 16:37:11,mobile,/product-search,,False
6725,303,2025-08-29 18:39:28,2025-08-29 19:12:28,mobile,/home,12,False
6726,,2025-10-15 21:47:38,2025-10-15 21:56:38,mobile,/category/electronics,,False
6727,510,2025-11-25 06:45:25,2025-11-25 07:11:25,desktop,/product-search,1,True
6728,1190,2025-07-11 03:49:12,2025-07-11 04:22:12,mobile,/product-search,,False
6729,,2024-01-30 09:18:18,2024-01-30 09:31:18,tablet,/product-search,2,False
6730,1074,2025-01-01 10:41:29,2025-01-01 11:09:29,desktop,/category/electronics,11,True
6731,,2024-09-04 19:15:48,2024-09-04 19:56:48,desktop,/category/apparel,13,False
6732,586,2025-09-04 20:36:11,2025-09-04 20:55:11,mobile,/deals,11,True
6733,915,2025-05-04 13:42:40,2025-05-04 14:23:40,mobile,/product-search,,False
6734,473,2025-07-08 13:41:20,2025-07-08 14:04:20,desktop,/home,10,True
6735,,2025-03-19 10:34:55,2025-03-19 10:40:55,tablet,/category/electronics,,False
6736,,2025-09-19 03:58:54,2025-09-19 04:20:54,tablet,/deals,,False
6737,561,2025-07-10 09:08:49,2025-07-10 09:41:49,desktop,/category/electronics,,False
6738,1156,2025-10-13 16:21:21,2025-10-13 16:31:21,mobile,/blog,,True
6739,423,2024-09-03 23:04:14,2024-09-03 23:15:14,mobile,/home,14,False
6740,39,2025-05-25 00:56:35,2025-05-25 01:34:35,desktop,/product-search,,False
6741,549,2025-09-25 06:29:12,2025-09-25 06:41:12,desktop,/home,9,True
6742,,2024-01-24 07:13:42,2024-01-24 07:26:42,mobile,/home,,False
6743,,2024-01-27 04:50:48,2024-01-27 05:23:48,mobile,/category/electronics,3,False
6744,,2025-09-14 06:36:29,2025-09-14 06:39:29,mobile,/deals,,False
6745,,2024-05-31 07:24:14,2024-05-31 07:40:14,tablet,/deals,,False
6746,,2024-07-03 12:00:53,2024-07-03 12:26:53,tablet,/blog,,False
6747,,2025-04-11 15:58:11,2025-04-11 16:38:11,desktop,/category/electronics,,False
6748,,2025-01-26 22:49:23,2025-01-26 22:53:23,mobile,/product-search,13,False
6749,514,2025-10-30 07:31:39,2025-10-30 08:06:39,mobile,/category/electronics,,False
6750,704,2025-03-26 01:32:02,2025-03-26 01:54:02,mobile,/deals,,False
6751,277,2024-12-24 23:45:50,2024-12-24 23:51:50,tablet,/category/electronics,,False
6752,20,2024-05-11 18:51:23,2024-05-11 19:01:23,desktop,/blog,,False
6753,310,2024-07-07 18:29:19,2024-07-07 18:40:19,desktop,/deals,9,False
6754,317,2025-07-07 09:58:25,2025-07-07 10:03:25,tablet,/blog,,False
6755,1464,2025-11-01 08:15:57,2025-11-01 08:33:57,mobile,/product-search,,False
6756,1361,2024-12-14 07:57:21,2024-12-14 08:01:21,desktop,/blog,,False
6757,105,2024-10-30 03:01:11,2024-10-30 03:28:11,desktop,/product-search,,False
6758,1460,2025-08-02 22:08:12,2025-08-02 22:40:12,tablet,/blog,,False
6759,1372,2025-10-30 13:34:53,2025-10-30 13:52:53,tablet,/home,,False
6760,62,2024-05-22 01:00:46,2024-05-22 01:30:46,tablet,/home,,True
6761,,2025-12-02 03:57:44,2025-12-02 04:10:44,desktop,/category/apparel,,False
6762,,2025-12-04 09:03:59,2025-12-04 09:08:59,desktop,/blog,14,False
6763,,2025-08-12 20:30:27,2025-08-12 20:31:27,mobile,/blog,,False
6764,750,2025-12-29 05:15:31,2025-12-29 05:27:31,mobile,/category/electronics,4,False
6765,1448,2025-07-21 04:32:30,2025-07-21 05:12:30,desktop,/blog,5,True
6766,707,2025-08-19 21:04:20,2025-08-19 21:32:20,mobile,/deals,,False
6767,453,2024-09-27 00:12:21,2024-09-27 00:19:21,mobile,/category/electronics,,False
6768,,2025-05-16 20:21:06,2025-05-16 20:47:06,mobile,/product-search,,False
6769,,2024-01-28 01:49:59,2024-01-28 02:24:59,tablet,/home,12,False
6770,1473,2025-07-26 09:00:38,2025-07-26 09:23:38,desktop,/home,,False
6771,1068,2025-11-04 15:16:46,2025-11-04 15:45:46,tablet,/home,9,True
6772,,2024-03-27 00:45:09,2024-03-27 00:54:09,tablet,/product-search,,False
6773,1112,2024-10-07 00:51:36,2024-10-07 01:11:36,mobile,/deals,,True
6774,,2024-11-07 08:24:29,2024-11-07 08:41:29,desktop,/category/apparel,,False
6775,,2025-08-13 18:51:15,2025-08-13 19:07:15,desktop,/product-search,15,False
6776,1249,2024-11-15 05:38:49,2024-11-15 06:09:49,tablet,/deals,,True
6777,66,2024-05-24 05:06:14,2024-05-24 05:09:14,desktop,/product-search,3,True
6778,3,2025-11-28 04:05:35,2025-11-28 04:20:35,desktop,/category/apparel,3,False
6779,1094,2025-01-27 12:38:16,2025-01-27 12:56:16,mobile,/product-search,,False
6780,999,2025-05-09 16:45:45,2025-05-09 17:11:45,desktop,/blog,,False
6781,1076,2024-10-26 00:43:17,2024-10-26 01:18:17,tablet,/blog,,True
6782,,2025-03-30 06:30:11,2025-03-30 06:39:11,tablet,/category/electronics,12,False
6783,38,2025-12-31 07:30:00,2025-12-31 07:55:00,desktop,/deals,,False
6784,1456,2025-07-04 05:36:09,2025-07-04 06:05:09,tablet,/blog,,False
6785,633,2024-12-01 21:01:56,2024-12-01 21:17:56,mobile,/home,1,False
6786,5,2025-06-13 10:40:27,2025-06-13 11:16:27,desktop,/category/electronics,4,False
6787,239,2024-12-24 05:16:15,2024-12-24 05:55:15,mobile,/category/electronics,,False
6788,88,2024-12-10 01:56:50,2024-12-10 02:14:50,mobile,/category/apparel,14,False
6789,13,2025-12-09 05:21:04,2025-12-09 05:22:04,tablet,/deals,14,False
6790,1338,2024-10-29 11:43:24,2024-10-29 12:08:24,mobile,/category/electronics,9,False
6791,839,2025-08-08 20:04:22,2025-08-08 20:17:22,tablet,/product-search,,False
6792,,2024-08-27 12:06:40,2024-08-27 12:07:40,desktop,/category/electronics,,False
6793,,2025-11-17 10:16:59,2025-11-17 10:19:59,mobile,/home,13,False
6794,222,2025-06-11 00:47:35,2025-06-11 01:18:35,mobile,/category/electronics,,False
6795,,2025-06-10 17:50:36,2025-06-10 17:55:36,desktop,/home,,False
6796,472,2025-12-02 03:40:55,2025-12-02 04:07:55,desktop,/category/electronics,,False
6797,,2025-07-11 03:53:08,2025-07-11 04:03:08,tablet,/product-search,,False
6798,1179,2024-10-18 00:08:16,2024-10-18 00:19:16,tablet,/product-search,12,False
6799,1455,2025-08-01 00:41:28,2025-08-01 00:59:28,desktop,/blog,,True
6800,931,2025-11-14 07:57:47,2025-11-14 08:14:47,mobile,/blog,,True
6801,830,2025-11-18 17:00:44,2025-11-18 17:37:44,mobile,/deals,,False
6802,249,2024-04-27 22:03:16,2024-04-27 22:38:16,mobile,/category/electronics,,False
6803,36,2025-03-07 11:40:35,2025-03-07 12:12:35,mobile,/category/electronics,,False
6804,709,2025-12-17 15:23:14,2025-12-17 15:27:14,tablet,/blog,1,False
6805,277,2024-05-18 22:28:14,2024-05-18 22:52:14,desktop,/category/apparel,,False
6806,1268,2025-08-10 21:11:48,2025-08-10 21:52:48,tablet,/deals,,False
6807,,2024-04-07 11:09:15,2024-04-07 11:10:15,tablet,/category/apparel,14,False
6808,156,2025-12-08 15:01:15,2025-12-08 15:34:15,mobile,/category/apparel,15,False
6809,,2024-05-26 18:36:25,2024-05-26 19:17:25,mobile,/deals,6,False
6810,653,2025-10-06 09:05:40,2025-10-06 09:44:40,mobile,/product-search,,False
6811,191,2025-01-17 10:19:45,2025-01-17 10:44:45,mobile,/home,15,False
6812,133,2025-12-26 10:49:56,2025-12-26 11:19:56,mobile,/category/electronics,,False
6813,570,2025-08-29 08:47:17,2025-08-29 08:58:17,mobile,/home,,True
6814,511,2025-10-19 00:15:01,2025-10-19 00:27:01,tablet,/category/electronics,,False
6815,35,2025-09-17 09:44:42,2025-09-17 10:07:42,mobile,/home,,True
6816,522,2025-12-07 03:24:54,2025-12-07 03:56:54,tablet,/product-search,,False
6817,,2025-08-31 08:44:56,2025-08-31 09:04:56,mobile,/category/electronics,,False
6818,,2025-10-02 03:49:16,2025-10-02 04:02:16,desktop,/category/apparel,,False
6819,,2024-12-09 19:14:02,2024-12-09 19:48:02,mobile,/home,,False
6820,,2025-12-15 22:05:08,2025-12-15 22:47:08,desktop,/home,,False
6821,868,2025-10-19 12:47:20,2025-10-19 12:59:20,mobile,/deals,4,False
6822,1311,2024-09-22 09:26:16,2024-09-22 09:32:16,mobile,/home,9,False
6823,673,2025-04-23 02:21:28,2025-04-23 02:33:28,tablet,/product-search,,False
6824,,2025-04-15 05:29:52,2025-04-15 06:05:52,mobile,/blog,,False
6825,114,2024-07-12 20:25:42,2024-07-12 20:43:42,desktop,/home,10,True
6826,,2025-06-05 05:56:23,2025-06-05 06:12:23,tablet,/product-search,,False
6827,593,2025-05-12 12:45:57,2025-05-12 12:51:57,tablet,/product-search,10,True
6828,1339,2025-11-02 18:00:50,2025-11-02 18:02:50,desktop,/category/electronics,,True
6829,,2025-02-07 09:23:05,2025-02-07 10:00:05,desktop,/category/apparel,,False
6830,1179,2025-11-19 22:00:22,2025-11-19 22:43:22,mobile,/deals,,True
6831,,2024-10-26 00:21:18,2024-10-26 00:48:18,tablet,/category/electronics,,False
6832,1287,2025-06-17 21:33:00,2025-06-17 22:07:00,tablet,/product-search,,False
6833,,2024-03-04 00:24:14,2024-03-04 01:05:14,desktop,/deals,,False
6834,559,2025-11-22 16:02:45,2025-11-22 16:41:45,tablet,/deals,8,False
6835,376,2025-09-15 12:28:39,2025-09-15 12:59:39,desktop,/category/apparel,10,False
6836,1169,2025-02-23 19:21:09,2025-02-23 19:23:09,mobile,/category/electronics,3,False
6837,1257,2025-11-16 13:35:42,2025-11-16 13:39:42,tablet,/blog,,False
6838,667,2025-12-26 08:48:55,2025-12-26 09:32:55,mobile,/product-search,,False
6839,,2025-03-29 10:38:56,2025-03-29 10:40:56,tablet,/product-search,,False
6840,1249,2025-08-28 20:08:25,2025-08-28 20:40:25,mobile,/product-search,8,False
6841,,2024-04-17 04:16:28,2024-04-17 04:32:28,tablet,/deals,,False
6842,442,2025-05-07 18:09:10,2025-05-07 18:42:10,desktop,/blog,7,False
6843,1338,2025-02-11 04:29:46,2025-02-11 04:56:46,desktop,/deals,1,False
6844,,2024-07-13 00:29:35,2024-07-13 00:41:35,desktop,/category/electronics,,False
6845,,2024-12-07 07:10:05,2024-12-07 07:33:05,desktop,/deals,3,False
6846,,2024-10-29 03:40:01,2024-10-29 04:24:01,mobile,/category/apparel,12,False
6847,1443,2025-02-06 12:43:47,2025-02-06 13:06:47,desktop,/product-search,,True
6848,252,2025-05-05 19:32:44,2025-05-05 19:51:44,mobile,/blog,7,True
6849,304,2025-09-08 05:05:38,2025-09-08 05:18:38,tablet,/category/apparel,10,False
6850,1240,2025-10-15 02:50:55,2025-10-15 03:00:55,desktop,/category/apparel,,True
6851,,2024-04-10 18:06:19,2024-04-10 18:07:19,tablet,/category/apparel,,False
6852,49,2025-09-03 08:22:44,2025-09-03 08:54:44,tablet,/blog,8,False
6853,863,2025-09-01 07:26:53,2025-09-01 07:29:53,mobile,/category/electronics,,False
6854,,2024-01-08 01:12:15,2024-01-08 01:16:15,desktop,/deals,,False
6855,,2025-08-26 20:06:43,2025-08-26 20:42:43,desktop,/deals,,False
6856,,2025-11-20 07:45:34,2025-11-20 07:53:34,desktop,/home,,False
6857,225,2024-07-08 01:22:15,2024-07-08 01:46:15,desktop,/deals,6,False
6858,651,2025-10-10 14:16:00,2025-10-10 14:53:00,mobile,/home,5,False
6859,,2024-11-11 23:49:49,2024-11-12 00:22:49,tablet,/category/apparel,10,False
6860,,2024-11-11 01:49:48,2024-11-11 02:15:48,desktop,/category/electronics,2,False
6861,1220,2025-09-06 13:42:59,2025-09-06 14:08:59,desktop,/product-search,,False
6862,663,2025-06-20 23:41:07,2025-06-20 23:54:07,desktop,/product-search,,False
6863,,2024-06-16 18:31:44,2024-06-16 19:02:44,tablet,/blog,,False
6864,50,2025-09-24 10:40:09,2025-09-24 10:53:09,desktop,/category/electronics,,False
6865,,2025-12-28 22:56:11,2025-12-28 23:03:11,mobile,/blog,6,False
6866,363,2025-11-28 06:59:09,2025-11-28 07:24:09,tablet,/category/electronics,,True
6867,1197,2025-07-05 00:52:18,2025-07-05 01:11:18,desktop,/category/apparel,7,False
6868,640,2025-05-30 08:49:21,2025-05-30 09:07:21,desktop,/home,10,True
6869,357,2025-07-15 03:57:17,2025-07-15 03:58:17,mobile,/home,,True
6870,1332,2025-11-25 14:14:28,2025-11-25 14:46:28,desktop,/home,,False
6871,,2025-08-03 21:01:01,2025-08-03 21:29:01,tablet,/product-search,6,False
6872,,2024-05-07 02:03:08,2024-05-07 02:45:08,mobile,/home,,False
6873,1120,2025-12-17 14:44:29,2025-12-17 15:20:29,tablet,/home,13,False
6874,208,2025-10-27 20:18:06,2025-10-27 20:51:06,desktop,/home,,False
6875,458,2025-05-18 11:26:40,2025-05-18 11:44:40,tablet,/category/electronics,12,True
6876,,2025-11-08 15:18:00,2025-11-08 15:45:00,mobile,/deals,,False
6877,634,2025-11-09 07:18:41,2025-11-09 08:00:41,tablet,/category/apparel,,False
6878,322,2025-10-28 01:26:04,2025-10-28 01:38:04,desktop,/category/apparel,4,False
6879,949,2025-07-28 02:32:48,2025-07-28 03:17:48,desktop,/category/apparel,11,False
6880,1434,2025-07-26 08:36:03,2025-07-26 08:50:03,tablet,/home,,True
6881,,2024-02-12 16:25:55,2024-02-12 17:07:55,mobile,/home,,False
6882,614,2025-06-14 19:02:47,2025-06-14 19:34:47,tablet,/deals,15,False
6883,231,2025-12-15 02:33:00,2025-12-15 02:57:00,mobile,/category/electronics,1,False
6884,740,2025-06-06 11:57:51,2025-06-06 12:42:51,desktop,/blog,,False
6885,,2024-03-03 04:41:10,2024-03-03 05:01:10,tablet,/category/apparel,,True
6886,,2025-06-16 00:13:32,2025-06-16 00:39:32,desktop,/category/electronics,,False
6887,,2024-09-08 07:00:43,2024-09-08 07:35:43,desktop,/product-search,,False
6888,277,2024-04-04 13:05:10,2024-04-04 13:06:10,mobile,/blog,,False
6889,,2024-04-09 21:11:08,2024-04-09 21:43:08,mobile,/category/electronics,13,False
6890,823,2025-12-03 00:50:24,2025-12-03 01:01:24,tablet,/category/apparel,,False
6891,760,2025-12-01 04:16:12,2025-12-01 04:28:12,desktop,/home,,True
6892,832,2025-11-13 19:48:58,2025-11-13 19:51:58,desktop,/blog,11,True
6893,485,2025-12-10 14:14:48,2025-12-10 14:44:48,mobile,/product-search,14,False
6894,1276,2025-06-16 23:53:09,2025-06-17 00:16:09,tablet,/home,,False
6895,,2024-09-20 21:36:57,2024-09-20 22:21:57,mobile,/category/apparel,5,False
6896,,2025-04-13 01:28:37,2025-04-13 01:35:37,tablet,/deals,,False
6897,1033,2025-03-14 00:19:22,2025-03-14 01:02:22,mobile,/category/apparel,,False
6898,,2024-05-12 11:49:07,2024-05-12 11:53:07,tablet,/deals,3,False
6899,551,2025-11-21 15:00:47,2025-11-21 15:14:47,mobile,/deals,,False
6900,,2024-08-24 06:52:40,2024-08-24 07:35:40,desktop,/category/electronics,7,False
6901,479,2025-09-19 05:04:38,2025-09-19 05:32:38,tablet,/blog,,False
6902,297,2025-02-02 09:40:11,2025-02-02 10:12:11,mobile,/category/electronics,,False
6903,124,2025-11-07 02:54:01,2025-11-07 03:14:01,tablet,/product-search,,True
6904,242,2025-05-31 23:57:12,2025-06-01 00:06:12,desktop,/product-search,,False
6905,459,2025-06-13 15:43:46,2025-06-13 15:45:46,desktop,/home,7,False
6906,636,2024-12-06 17:51:43,2024-12-06 18:03:43,tablet,/home,5,False
6907,743,2025-09-29 02:50:05,2025-09-29 03:30:05,desktop,/deals,,False
6908,1300,2025-08-30 13:25:58,2025-08-30 13:38:58,mobile,/deals,14,False
6909,686,2025-11-27 16:06:31,2025-11-27 16:17:31,desktop,/home,4,True
6910,1202,2025-11-25 03:05:47,2025-11-25 03:31:47,mobile,/product-search,,False
6911,1130,2025-12-24 14:35:14,2025-12-24 14:39:14,desktop,/category/electronics,1,False
6912,,2024-05-19 12:07:38,2024-05-19 12:45:38,desktop,/home,6,False
6913,,2025-08-23 13:28:36,2025-08-23 13:52:36,tablet,/deals,15,False
6914,326,2024-09-04 22:59:35,2024-09-04 23:34:35,tablet,/blog,9,False
6915,1307,2025-02-21 13:06:52,2025-02-21 13:31:52,tablet,/category/apparel,,False
6916,,2025-11-22 14:20:09,2025-11-22 14:52:09,desktop,/deals,,False
6917,752,2025-12-20 14:10:16,2025-12-20 14:18:16,mobile,/product-search,,False
6918,,2025-07-06 17:01:22,2025-07-06 17:45:22,mobile,/home,,False
6919,1448,2025-02-04 09:25:29,2025-02-04 09:54:29,mobile,/category/electronics,,False
6920,578,2024-03-13 16:30:17,2024-03-13 16:54:17,desktop,/category/electronics,2,False
6921,581,2025-11-10 13:30:31,2025-11-10 13:52:31,mobile,/home,,False
6922,750,2025-01-02 18:20:29,2025-01-02 19:04:29,desktop,/deals,,True
6923,,2025-04-16 08:18:20,2025-04-16 08:46:20,desktop,/product-search,,False
6924,621,2025-12-20 21:44:28,2025-12-20 22:02:28,desktop,/deals,,True
6925,1273,2025-05-05 00:32:28,2025-05-05 00:57:28,mobile,/deals,7,False
6926,,2024-10-14 15:51:13,2024-10-14 16:19:13,tablet,/blog,12,False
6927,1416,2025-09-23 02:26:50,2025-09-23 02:39:50,desktop,/category/electronics,,False
6928,845,2025-10-16 05:45:26,2025-10-16 06:22:26,mobile,/product-search,6,False
6929,375,2024-10-14 16:52:49,2024-10-14 17:23:49,mobile,/product-search,,False
6930,,2025-05-10 21:00:17,2025-05-10 21:34:17,tablet,/category/electronics,13,False
6931,20,2025-01-01 15:40:20,2025-01-01 16:14:20,desktop,/category/electronics,,True
6932,,2025-01-16 03:15:07,2025-01-16 03:24:07,tablet,/deals,,False
6933,,2025-01-09 01:10:43,2025-01-09 01:14:43,mobile,/blog,,False
6934,86,2025-01-03 01:37:09,2025-01-03 02:05:09,tablet,/category/apparel,,False
6935,545,2025-05-26 00:01:35,2025-05-26 00:31:35,tablet,/category/electronics,,False
6936,700,2025-08-09 07:17:21,2025-08-09 07:33:21,desktop,/home,,False
6937,27,2025-07-10 02:20:17,2025-07-10 02:54:17,desktop,/deals,,False
6938,1299,2025-06-06 02:12:18,2025-06-06 02:21:18,mobile,/home,13,False
6939,1373,2025-09-20 02:12:17,2025-09-20 02:47:17,mobile,/blog,10,False
6940,211,2025-09-12 18:24:37,2025-09-12 18:41:37,mobile,/category/electronics,,False
6941,577,2025-11-25 19:56:05,2025-11-25 20:19:05,desktop,/category/apparel,,False
6942,931,2025-12-29 00:49:48,2025-12-29 01:25:48,desktop,/category/apparel,,False
6943,478,2025-11-24 21:25:58,2025-11-24 21:33:58,mobile,/product-search,,False
6944,1128,2024-10-29 23:41:32,2024-10-30 00:24:32,mobile,/deals,,False
6945,,2024-12-21 23:07:30,2024-12-21 23:41:30,mobile,/category/electronics,,False
6946,578,2024-08-10 07:25:20,2024-08-10 07:41:20,tablet,/blog,,True
6947,,2024-06-29 21:23:30,2024-06-29 21:29:30,desktop,/category/electronics,,False
6948,,2024-11-21 02:30:10,2024-11-21 02:44:10,desktop,/deals,,False
6949,1287,2025-09-19 03:52:44,2025-09-19 04:15:44,mobile,/blog,14,False
6950,,2025-09-24 07:14:31,2025-09-24 07:19:31,desktop,/blog,,False
6951,1221,2025-06-09 09:04:19,2025-06-09 09:08:19,mobile,/blog,,True
6952,,2024-03-02 17:21:31,2024-03-02 17:55:31,mobile,/home,,False
6953,,2024-07-30 09:54:55,2024-07-30 10:30:55,mobile,/home,8,False
6954,236,2025-11-27 18:06:13,2025-11-27 18:48:13,mobile,/blog,11,True
6955,185,2024-09-27 22:16:18,2024-09-27 22:40:18,tablet,/category/apparel,,False
6956,1494,2025-01-02 00:10:38,2025-01-02 00:15:38,desktop,/product-search,,False
6957,,2025-02-07 19:41:09,2025-02-07 20:04:09,desktop,/category/electronics,,False
6958,,2024-06-05 16:57:08,2024-06-05 17:31:08,mobile,/category/electronics,,False
6959,918,2024-08-13 00:49:34,2024-08-13 01:01:34,tablet,/deals,6,False
6960,287,2025-07-20 20:39:49,2025-07-20 20:57:49,mobile,/home,14,False
6961,635,2025-06-05 16:25:13,2025-06-05 16:36:13,mobile,/blog,,False
6962,367,2025-11-11 06:42:06,2025-11-11 07:27:06,tablet,/blog,12,False
6963,951,2025-12-24 02:41:50,2025-12-24 02:54:50,desktop,/deals,,False
6964,,2025-06-04 10:13:21,2025-06-04 10:33:21,desktop,/deals,13,False
6965,1106,2025-03-08 10:03:10,2025-03-08 10:13:10,tablet,/category/electronics,,False
6966,846,2025-10-03 00:21:38,2025-10-03 00:32:38,desktop,/category/electronics,,True
6967,,2024-04-02 14:35:12,2024-04-02 15:02:12,mobile,/blog,12,False
6968,975,2025-10-18 21:48:00,2025-10-18 22:18:00,desktop,/blog,11,False
6969,1069,2025-07-07 09:37:49,2025-07-07 09:47:49,mobile,/deals,,False
6970,,2025-02-24 04:48:18,2025-02-24 05:03:18,tablet,/blog,,False
6971,1050,2025-12-04 18:57:02,2025-12-04 19:23:02,mobile,/deals,,False
6972,469,2025-11-04 23:20:48,2025-11-04 23:47:48,tablet,/home,7,True
6973,,2025-05-01 00:07:37,2025-05-01 00:24:37,mobile,/blog,10,False
6974,1452,2025-11-13 05:46:31,2025-11-13 05:49:31,mobile,/home,,True
6975,,2025-04-27 03:42:06,2025-04-27 04:15:06,desktop,/blog,,False
6976,,2025-09-19 05:54:34,2025-09-19 05:56:34,mobile,/deals,9,False
6977,,2025-09-02 18:37:33,2025-09-02 18:55:33,tablet,/product-search,,False
6978,397,2025-12-21 10:06:18,2025-12-21 10:41:18,desktop,/category/apparel,,True
6979,957,2025-05-18 10:41:56,2025-05-18 11:08:56,mobile,/blog,,False
6980,1359,2024-02-03 18:13:19,2024-02-03 18:37:19,desktop,/category/electronics,,False
6981,,2024-08-02 08:02:23,2024-08-02 08:42:23,tablet,/category/apparel,,False
6982,,2024-05-17 06:50:23,2024-05-17 07:04:23,mobile,/category/electronics,11,False
6983,1381,2024-12-18 07:38:12,2024-12-18 08:20:12,tablet,/blog,,False
6984,,2025-03-31 19:36:55,2025-03-31 19:55:55,tablet,/product-search,3,False
6985,1165,2025-12-04 05:09:53,2025-12-04 05:52:53,desktop,/blog,,False
6986,1391,2025-11-08 03:36:56,2025-11-08 04:09:56,mobile,/category/apparel,,True
6987,517,2024-03-05 10:16:44,2024-03-05 11:01:44,mobile,/category/electronics,,True
6988,1003,2025-11-26 09:50:01,2025-11-26 10:17:01,mobile,/category/apparel,,False
6989,1129,2025-06-18 05:00:41,2025-06-18 05:22:41,mobile,/category/apparel,4,False
6990,1454,2025-05-21 13:47:29,2025-05-21 13:54:29,tablet,/category/electronics,,False
6991,1006,2024-09-21 15:50:33,2024-09-21 16:27:33,desktop,/product-search,11,False
6992,323,2025-05-08 11:45:22,2025-05-08 12:29:22,tablet,/category/apparel,12,False
6993,854,2025-03-08 07:03:32,2025-03-08 07:38:32,tablet,/home,,True
6994,382,2025-02-12 11:36:34,2025-02-12 12:00:34,tablet,/category/electronics,,False
6995,,2024-09-19 19:18:42,2024-09-19 19:35:42,tablet,/product-search,,False
6996,1171,2024-11-14 08:03:53,2024-11-14 08:05:53,mobile,/deals,,True
6997,,2025-04-08 14:32:51,2025-04-08 14:36:51,mobile,/blog,,False
6998,,2025-01-09 01:35:57,2025-01-09 02:02:57,tablet,/home,,False
6999,,2025-11-23 11:47:30,2025-11-23 11:51:30,tablet,/blog,,False
7000,1145,2025-05-25 00:38:46,2025-05-25 00:49:46,tablet,/category/apparel,,False
7001,1191,2025-12-30 13:09:42,2025-12-30 13:33:42,tablet,/category/electronics,2,False
7002,,2025-02-06 20:19:48,2025-02-06 20:24:48,mobile,/deals,,False
7003,,2024-08-23 05:53:44,2024-08-23 06:32:44,tablet,/deals,,False
7004,1009,2025-01-03 23:36:38,2025-01-03 23:41:38,desktop,/category/electronics,,False
7005,,2024-05-07 23:55:53,2024-05-08 00:14:53,tablet,/blog,,False
7006,1387,2025-10-19 16:52:08,2025-10-19 17:36:08,tablet,/product-search,6,False
7007,647,2025-08-15 10:25:20,2025-08-15 10:55:20,desktop,/blog,,True
7008,590,2025-09-06 18:09:10,2025-09-06 18:52:10,tablet,/home,,False
7009,1393,2025-09-25 04:36:23,2025-09-25 04:57:23,tablet,/product-search,,True
7010,,2025-03-09 03:13:43,2025-03-09 03:36:43,tablet,/home,11,False
7011,1245,2025-05-31 21:59:50,2025-05-31 22:03:50,mobile,/product-search,,False
7012,,2025-01-03 03:39:08,2025-01-03 03:59:08,tablet,/category/electronics,6,False
7013,,2024-04-28 04:27:47,2024-04-28 04:29:47,mobile,/product-search,,False
7014,,2025-05-27 14:55:13,2025-05-27 15:16:13,desktop,/category/apparel,,False
7015,,2024-08-27 18:17:30,2024-08-27 18:43:30,mobile,/home,3,False
7016,656,2025-08-02 02:28:58,2025-08-02 03:08:58,tablet,/category/apparel,,True
7017,130,2025-06-29 10:01:38,2025-06-29 10:24:38,desktop,/blog,7,False
7018,957,2025-08-21 16:39:53,2025-08-21 17:01:53,desktop,/category/apparel,,False
7019,,2024-07-03 17:20:31,2024-07-03 18:01:31,mobile,/category/apparel,15,False
7020,,2024-05-20 15:00:19,2024-05-20 15:40:19,desktop,/home,1,False
7021,,2024-01-02 13:07:39,2024-01-02 13:17:39,mobile,/blog,5,False
7022,55,2025-03-13 20:55:42,2025-03-13 20:56:42,desktop,/category/electronics,,False
7023,,2025-04-01 02:59:17,2025-04-01 03:14:17,tablet,/blog,,False
7024,278,2025-09-01 14:24:45,2025-09-01 15:01:45,tablet,/deals,,False
7025,1083,2025-05-31 10:29:25,2025-05-31 11:10:25,desktop,/product-search,,False
7026,,2025-12-28 14:50:25,2025-12-28 14:51:25,desktop,/deals,,False
7027,,2025-12-05 15:43:31,2025-12-05 16:28:31,desktop,/category/apparel,,False
7028,576,2025-12-24 00:06:19,2025-12-24 00:29:19,mobile,/deals,,True
7029,,2024-12-04 22:51:07,2024-12-04 23:32:07,tablet,/deals,,False
7030,1139,2025-07-31 01:03:54,2025-07-31 01:27:54,mobile,/home,9,True
7031,1078,2025-04-01 05:56:07,2025-04-01 05:58:07,mobile,/blog,12,False
7032,,2024-10-03 23:49:21,2024-10-04 00:12:21,desktop,/category/electronics,,False
7033,1182,2025-07-18 12:25:01,2025-07-18 12:29:01,tablet,/deals,,False
7034,347,2025-01-10 02:11:33,2025-01-10 02:43:33,tablet,/category/apparel,,False
7035,1189,2025-12-01 18:34:03,2025-12-01 19:16:03,mobile,/category/apparel,4,True
7036,,2024-04-24 12:30:12,2024-04-24 12:32:12,tablet,/home,,False
7037,508,2025-11-05 07:21:58,2025-11-05 07:37:58,desktop,/blog,,False
7038,896,2025-11-01 21:38:37,2025-11-01 22:02:37,mobile,/product-search,,True
7039,189,2025-07-17 18:56:52,2025-07-17 19:18:52,desktop,/category/apparel,,False
7040,1315,2025-08-11 18:08:52,2025-08-11 18:39:52,tablet,/blog,,False
7041,207,2025-04-12 14:50:43,2025-04-12 15:26:43,tablet,/deals,6,False
7042,193,2025-12-02 11:35:01,2025-12-02 11:40:01,mobile,/product-search,,True
7043,,2024-03-25 18:33:36,2024-03-25 18:37:36,desktop,/blog,,False
7044,176,2025-10-31 00:50:24,2025-10-31 01:35:24,mobile,/product-search,,False
7045,409,2025-12-17 22:38:01,2025-12-17 22:49:01,desktop,/product-search,,False
7046,611,2025-04-24 09:00:14,2025-04-24 09:24:14,mobile,/category/electronics,,True
7047,,2025-04-02 02:26:56,2025-04-02 02:28:56,mobile,/category/electronics,15,False
7048,546,2025-06-25 09:31:48,2025-06-25 10:11:48,desktop,/category/apparel,,False
7049,,2024-12-16 11:34:52,2024-12-16 11:48:52,mobile,/product-search,9,False
7050,1488,2025-03-10 13:22:47,2025-03-10 14:05:47,desktop,/home,,False
7051,1380,2025-11-04 19:03:42,2025-11-04 19:22:42,desktop,/blog,15,False
7052,907,2025-12-30 01:13:05,2025-12-30 01:54:05,tablet,/category/electronics,,False
7053,720,2025-06-21 05:55:19,2025-06-21 06:02:19,tablet,/blog,,False
7054,,2024-03-11 21:26:59,2024-03-11 21:46:59,tablet,/category/electronics,2,False
7055,1250,2024-09-11 15:15:03,2024-09-11 15:19:03,mobile,/home,13,False
7056,396,2025-12-28 07:43:19,2025-12-28 08:02:19,desktop,/deals,,False
7057,344,2025-11-16 10:04:18,2025-11-16 10:22:18,desktop,/category/apparel,,False
7058,713,2025-04-06 19:40:47,2025-04-06 19:52:47,tablet,/category/electronics,,False
7059,177,2025-07-24 03:25:54,2025-07-24 04:00:54,desktop,/home,,False
7060,,2024-02-14 01:48:16,2024-02-14 02:00:16,mobile,/deals,12,True
7061,205,2025-03-05 09:27:35,2025-03-05 09:51:35,tablet,/blog,,False
7062,,2024-01-26 06:08:05,2024-01-26 06:38:05,desktop,/home,,False
7063,116,2025-10-02 23:43:09,2025-10-03 00:26:09,tablet,/category/apparel,,False
7064,1081,2025-12-22 05:05:25,2025-12-22 05:38:25,mobile,/deals,2,False
7065,194,2025-11-04 15:43:56,2025-11-04 16:09:56,mobile,/blog,3,False
7066,512,2024-10-02 11:50:08,2024-10-02 12:04:08,desktop,/category/electronics,,True
7067,,2025-12-21 06:44:23,2025-12-21 06:56:23,desktop,/deals,,False
7068,,2024-10-20 03:37:36,2024-10-20 04:06:36,desktop,/category/apparel,,False
7069,441,2025-06-21 14:10:34,2025-06-21 14:40:34,tablet,/deals,5,True
7070,147,2024-10-12 11:16:02,2024-10-12 11:33:02,desktop,/deals,,False
7071,557,2025-06-20 02:21:10,2025-06-20 02:41:10,desktop,/blog,11,False
7072,1179,2024-11-14 22:43:55,2024-11-14 23:13:55,tablet,/blog,11,False
7073,1384,2025-04-20 01:59:28,2025-04-20 02:26:28,desktop,/category/electronics,5,True
7074,,2024-03-28 13:26:24,2024-03-28 13:31:24,mobile,/home,8,False
7075,,2024-04-10 03:25:21,2024-04-10 03:34:21,desktop,/deals,,False
7076,206,2025-06-04 03:44:43,2025-06-04 04:14:43,tablet,/category/electronics,,False
7077,22,2025-11-07 02:01:08,2025-11-07 02:46:08,mobile,/blog,6,False
7078,,2025-04-02 01:28:46,2025-04-02 02:12:46,desktop,/product-search,,True
7079,629,2025-11-27 22:13:30,2025-11-27 22:41:30,desktop,/category/electronics,,False
7080,,2025-06-05 11:58:14,2025-06-05 12:01:14,tablet,/category/apparel,,False
7081,,2025-11-19 11:53:25,2025-11-19 12:09:25,mobile,/blog,,False
7082,,2025-05-28 14:17:57,2025-05-28 14:54:57,tablet,/deals,8,False
7083,970,2024-10-22 16:16:29,2024-10-22 16:41:29,mobile,/blog,1,False
7084,,2024-09-11 23:06:29,2024-09-11 23:44:29,desktop,/category/electronics,12,False
7085,723,2025-07-27 16:54:07,2025-07-27 17:25:07,desktop,/deals,,False
7086,,2025-03-30 02:35:03,2025-03-30 03:17:03,tablet,/deals,5,True
7087,,2024-12-24 18:36:57,2024-12-24 19:05:57,desktop,/home,1,False
7088,,2024-05-15 02:53:22,2024-05-15 03:19:22,desktop,/category/electronics,,False
7089,,2025-01-03 01:45:56,2025-01-03 02:00:56,desktop,/blog,,False
7090,1181,2025-01-17 07:53:06,2025-01-17 08:24:06,tablet,/product-search,5,True
7091,838,2025-01-10 16:12:48,2025-01-10 16:14:48,tablet,/product-search,,True
7092,402,2025-10-14 02:23:25,2025-10-14 02:37:25,desktop,/category/apparel,,False
7093,,2025-09-08 02:46:34,2025-09-08 03:26:34,tablet,/category/electronics,13,False
7094,,2024-01-28 19:05:46,2024-01-28 19:33:46,tablet,/category/apparel,,False
7095,,2025-11-26 16:53:26,2025-11-26 17:11:26,mobile,/home,12,False
7096,184,2024-09-03 10:27:56,2024-09-03 10:45:56,mobile,/product-search,,True
7097,1435,2025-12-15 03:56:08,2025-12-15 04:08:08,mobile,/home,,False
7098,918,2025-07-07 18:43:37,2025-07-07 18:44:37,desktop,/blog,,False
7099,,2025-09-11 12:21:02,2025-09-11 12:31:02,mobile,/blog,,False
7100,1223,2025-12-08 03:45:42,2025-12-08 03:51:42,desktop,/category/electronics,,True
7101,562,2025-11-30 01:10:24,2025-11-30 01:28:24,desktop,/home,10,True
7102,1154,2025-10-16 12:30:50,2025-10-16 13:07:50,tablet,/product-search,,False
7103,,2024-10-07 01:38:49,2024-10-07 01:46:49,desktop,/deals,,False
7104,106,2024-07-06 07:21:47,2024-07-06 07:25:47,tablet,/home,,True
7105,528,2025-06-01 05:19:56,2025-06-01 05:46:56,mobile,/category/apparel,,False
7106,617,2025-09-29 19:33:59,2025-09-29 19:50:59,tablet,/deals,,True
7107,,2024-02-09 01:56:57,2024-02-09 02:29:57,mobile,/blog,6,False
7108,,2024-07-13 04:52:35,2024-07-13 05:21:35,tablet,/category/electronics,,True
7109,844,2025-12-20 14:58:58,2025-12-20 15:30:58,desktop,/category/apparel,12,False
7110,,2025-11-08 21:04:18,2025-11-08 21:23:18,tablet,/deals,,False
7111,1317,2025-06-30 13:22:41,2025-06-30 13:53:41,mobile,/deals,11,False
7112,473,2025-04-27 16:24:18,2025-04-27 16:56:18,mobile,/blog,,False
7113,1324,2025-09-07 08:41:19,2025-09-07 09:17:19,tablet,/product-search,10,False
7114,1100,2024-10-22 06:29:48,2024-10-22 07:13:48,tablet,/blog,10,False
7115,,2024-02-02 07:56:52,2024-02-02 08:26:52,desktop,/blog,13,False
7116,,2025-09-12 13:56:53,2025-09-12 14:07:53,tablet,/product-search,8,False
7117,,2024-10-20 08:18:40,2024-10-20 09:03:40,tablet,/product-search,,False
7118,676,2025-11-09 12:39:56,2025-11-09 13:01:56,desktop,/deals,,False
7119,,2024-01-29 10:32:34,2024-01-29 10:39:34,desktop,/blog,,False
7120,591,2025-07-18 22:31:14,2025-07-18 22:32:14,tablet,/category/apparel,14,False
7121,,2025-07-28 10:41:43,2025-07-28 10:57:43,desktop,/deals,12,False
7122,,2024-12-12 10:13:17,2024-12-12 10:15:17,tablet,/deals,7,False
7123,1334,2024-11-24 21:49:06,2024-11-24 22:26:06,tablet,/category/apparel,,True
7124,835,2025-07-07 11:18:48,2025-07-07 11:28:48,mobile,/blog,12,False
7125,230,2025-09-26 15:39:30,2025-09-26 16:19:30,mobile,/blog,13,True
7126,426,2025-05-16 13:01:42,2025-05-16 13:20:42,desktop,/deals,,False
7127,805,2025-01-17 07:09:40,2025-01-17 07:52:40,tablet,/deals,10,True
7128,1014,2025-12-02 20:02:33,2025-12-02 20:23:33,mobile,/category/electronics,2,False
7129,,2024-04-16 15:37:15,2024-04-16 16:21:15,desktop,/home,1,False
7130,697,2024-09-10 03:52:48,2024-09-10 03:56:48,mobile,/product-search,8,False
7131,19,2025-10-08 11:47:03,2025-10-08 12:19:03,desktop,/product-search,,False
7132,,2024-10-21 15:43:57,2024-10-21 15:51:57,mobile,/category/electronics,,False
7133,1450,2025-08-28 13:24:26,2025-08-28 13:48:26,mobile,/blog,8,False
7134,,2025-11-06 07:47:34,2025-11-06 08:03:34,mobile,/category/electronics,,False
7135,426,2025-09-15 04:49:24,2025-09-15 04:51:24,tablet,/blog,3,False
7136,959,2025-12-06 12:43:32,2025-12-06 12:50:32,desktop,/category/electronics,,False
7137,,2025-04-22 14:40:52,2025-04-22 15:24:52,mobile,/blog,3,False
7138,448,2025-10-14 12:28:00,2025-10-14 12:59:00,tablet,/category/electronics,,True
7139,57,2025-06-22 11:28:08,2025-06-22 11:49:08,mobile,/category/electronics,13,False
7140,1284,2025-11-24 00:11:10,2025-11-24 00:37:10,mobile,/blog,,True
7141,,2025-01-09 15:15:03,2025-01-09 15:39:03,tablet,/product-search,,False
7142,461,2025-03-09 00:43:14,2025-03-09 01:02:14,mobile,/product-search,14,False
7143,,2025-06-01 19:09:03,2025-06-01 19:14:03,desktop,/home,,False
7144,,2024-10-11 15:33:40,2024-10-11 15:42:40,desktop,/deals,13,False
7145,,2024-03-25 05:48:27,2024-03-25 05:51:27,mobile,/deals,1,False
7146,1416,2025-11-04 11:39:52,2025-11-04 11:47:52,desktop,/deals,9,False
7147,667,2025-11-16 08:10:04,2025-11-16 08:11:04,tablet,/deals,7,False
7148,608,2024-04-10 10:33:16,2024-04-10 10:35:16,tablet,/category/electronics,,False
7149,,2025-06-26 10:40:18,2025-06-26 11:22:18,mobile,/category/electronics,,False
7150,,2025-08-31 00:30:12,2025-08-31 00:52:12,mobile,/blog,5,False
7151,299,2025-03-19 20:19:46,2025-03-19 20:30:46,desktop,/deals,11,True
7152,588,2024-12-26 06:54:07,2024-12-26 07:31:07,mobile,/home,,False
7153,1396,2025-09-30 03:50:51,2025-09-30 04:14:51,mobile,/category/electronics,5,False
7154,742,2025-08-16 04:29:58,2025-08-16 04:40:58,tablet,/category/apparel,13,False
7155,756,2025-02-25 19:24:09,2025-02-25 19:56:09,desktop,/deals,,False
7156,556,2025-12-02 10:00:36,2025-12-02 10:01:36,desktop,/category/electronics,11,False
7157,1186,2025-02-02 01:05:10,2025-02-02 01:06:10,tablet,/category/electronics,,False
7158,1219,2025-06-27 07:09:21,2025-06-27 07:53:21,desktop,/deals,15,False
7159,529,2025-05-17 10:08:43,2025-05-17 10:38:43,desktop,/category/electronics,14,True
7160,,2024-11-26 12:51:47,2024-11-26 13:19:47,desktop,/home,,False
7161,,2025-09-22 18:27:29,2025-09-22 18:31:29,mobile,/category/apparel,,False
7162,,2024-05-17 14:47:39,2024-05-17 15:28:39,mobile,/category/apparel,9,False
7163,,2025-10-01 19:54:45,2025-10-01 20:37:45,desktop,/category/electronics,,False
7164,1408,2024-12-28 16:06:08,2024-12-28 16:12:08,desktop,/home,5,False
7165,706,2025-06-04 08:10:01,2025-06-04 08:16:01,tablet,/category/electronics,,False
7166,255,2025-05-29 04:23:41,2025-05-29 04:45:41,tablet,/product-search,,False
7167,391,2025-07-07 22:32:52,2025-07-07 22:37:52,tablet,/home,,True
7168,382,2025-05-23 07:25:36,2025-05-23 07:52:36,tablet,/product-search,,False
7169,269,2025-07-29 18:19:53,2025-07-29 18:35:53,tablet,/deals,,False
7170,655,2025-11-03 19:51:36,2025-11-03 19:53:36,tablet,/home,9,False
7171,1181,2025-08-22 21:02:19,2025-08-22 21:31:19,mobile,/category/electronics,5,False
7172,,2024-06-28 06:10:25,2024-06-28 06:50:25,mobile,/home,,False
7173,742,2025-08-13 00:28:00,2025-08-13 01:10:00,mobile,/product-search,,False
7174,205,2025-03-25 02:35:16,2025-03-25 02:36:16,mobile,/category/apparel,,False
7175,,2025-09-08 01:59:12,2025-09-08 02:08:12,tablet,/category/apparel,,True
7176,,2025-07-07 12:34:22,2025-07-07 12:54:22,mobile,/product-search,,False
7177,718,2025-12-08 11:53:12,2025-12-08 12:25:12,mobile,/product-search,15,False
7178,1309,2025-07-26 10:29:00,2025-07-26 10:54:00,desktop,/blog,11,False
7179,573,2025-12-19 04:11:43,2025-12-19 04:51:43,mobile,/home,,False
7180,,2024-01-11 05:37:11,2024-01-11 06:13:11,desktop,/home,4,False
7181,1478,2025-04-01 17:48:34,2025-04-01 18:32:34,tablet,/blog,1,True
7182,390,2025-12-12 22:25:51,2025-12-12 22:34:51,desktop,/category/apparel,,False
7183,,2024-12-24 09:28:24,2024-12-24 09:41:24,desktop,/product-search,,False
7184,,2024-07-23 15:11:33,2024-07-23 15:55:33,mobile,/category/apparel,,False
7185,325,2025-02-24 12:20:08,2025-02-24 12:36:08,tablet,/category/apparel,,False
7186,109,2025-12-13 03:31:38,2025-12-13 03:41:38,desktop,/deals,,False
7187,,2024-10-22 04:39:09,2024-10-22 05:12:09,desktop,/product-search,10,False
7188,1325,2025-08-27 16:35:49,2025-08-27 16:55:49,tablet,/home,,False
7189,811,2025-03-13 15:28:12,2025-03-13 15:59:12,desktop,/product-search,,False
7190,1351,2025-08-30 23:41:36,2025-08-30 23:44:36,tablet,/blog,,False
7191,,2025-10-06 13:57:06,2025-10-06 14:39:06,desktop,/product-search,,False
7192,453,2024-09-27 08:11:38,2024-09-27 08:48:38,desktop,/blog,1,False
7193,1404,2025-12-12 02:37:48,2025-12-12 03:20:48,tablet,/blog,,False
7194,1070,2024-01-17 10:34:24,2024-01-17 10:56:24,desktop,/product-search,4,False
7195,,2025-01-23 06:42:01,2025-01-23 07:12:01,tablet,/category/apparel,,False
7196,,2025-12-27 07:18:14,2025-12-27 07:54:14,tablet,/category/electronics,14,False
7197,1290,2025-01-26 02:48:58,2025-01-26 03:16:58,desktop,/deals,,False
7198,967,2024-11-23 08:16:52,2024-11-23 08:34:52,desktop,/product-search,,False
7199,,2024-02-06 10:25:08,2024-02-06 10:53:08,tablet,/deals,,False
7200,167,2025-09-14 13:48:23,2025-09-14 14:03:23,tablet,/category/apparel,,False
7201,,2025-08-11 15:47:12,2025-08-11 16:06:12,mobile,/product-search,,False
7202,1102,2025-12-17 03:28:44,2025-12-17 03:48:44,mobile,/product-search,,True
7203,,2024-08-02 18:39:10,2024-08-02 19:18:10,tablet,/category/apparel,,False
7204,612,2025-12-07 18:50:55,2025-12-07 18:53:55,mobile,/product-search,,False
7205,26,2025-05-17 17:59:17,2025-05-17 18:19:17,tablet,/category/electronics,4,True
7206,965,2025-09-27 22:48:45,2025-09-27 23:30:45,tablet,/product-search,,False
7207,577,2025-01-19 22:18:44,2025-01-19 22:35:44,desktop,/category/apparel,1,False
7208,,2024-11-14 23:04:51,2024-11-14 23:42:51,desktop,/product-search,,False
7209,1356,2025-08-22 06:10:28,2025-08-22 06:17:28,tablet,/category/electronics,,False
7210,,2025-04-30 15:20:44,2025-04-30 15:22:44,desktop,/deals,,False
7211,626,2025-04-15 20:16:21,2025-04-15 21:01:21,tablet,/home,,False
7212,1320,2024-07-21 23:51:25,2024-07-22 00:31:25,mobile,/blog,,True
7213,301,2025-10-09 17:49:31,2025-10-09 18:14:31,desktop,/product-search,,False
7214,,2024-05-15 14:17:42,2024-05-15 14:58:42,desktop,/category/electronics,13,False
7215,1072,2025-05-05 04:49:50,2025-05-05 04:58:50,mobile,/product-search,,True
7216,111,2025-07-23 01:49:28,2025-07-23 02:09:28,tablet,/home,,False
7217,1115,2025-12-04 08:29:29,2025-12-04 08:54:29,mobile,/home,14,False
7218,,2025-12-07 06:57:54,2025-12-07 07:00:54,mobile,/blog,,False
7219,285,2025-10-29 08:38:54,2025-10-29 09:11:54,mobile,/product-search,14,False
7220,13,2025-12-03 04:06:10,2025-12-03 04:22:10,mobile,/category/electronics,,False
7221,745,2025-01-06 09:41:58,2025-01-06 10:05:58,mobile,/home,11,False
7222,13,2025-11-02 20:17:54,2025-11-02 20:30:54,tablet,/deals,8,True
7223,865,2025-06-07 08:46:20,2025-06-07 08:57:20,desktop,/category/apparel,,False
7224,855,2025-08-12 23:22:18,2025-08-12 23:47:18,mobile,/blog,,False
7225,929,2025-01-03 00:28:57,2025-01-03 00:52:57,desktop,/deals,14,False
7226,490,2025-08-19 17:10:52,2025-08-19 17:48:52,desktop,/product-search,,True
7227,,2024-09-22 02:33:43,2024-09-22 02:44:43,mobile,/deals,,False
7228,,2025-08-31 00:22:17,2025-08-31 00:59:17,tablet,/home,1,False
7229,,2025-01-04 14:10:38,2025-01-04 14:33:38,mobile,/category/apparel,,True
7230,227,2025-07-23 12:54:11,2025-07-23 13:32:11,mobile,/product-search,1,False
7231,546,2025-08-09 02:12:50,2025-08-09 02:53:50,mobile,/category/apparel,,True
7232,1015,2025-05-07 08:12:27,2025-05-07 08:17:27,mobile,/category/electronics,,True
7233,779,2024-11-02 20:57:43,2024-11-02 21:04:43,mobile,/category/electronics,,False
7234,,2024-03-28 16:00:08,2024-03-28 16:36:08,desktop,/home,,False
7235,,2024-10-29 12:17:41,2024-10-29 12:22:41,tablet,/deals,9,False
7236,233,2024-08-06 19:41:38,2024-08-06 20:03:38,tablet,/category/electronics,,False
7237,,2024-03-10 05:49:07,2024-03-10 06:08:07,tablet,/deals,,False
7238,76,2025-09-30 05:47:27,2025-09-30 05:56:27,mobile,/deals,,False
7239,115,2025-06-17 09:56:31,2025-06-17 10:25:31,tablet,/blog,,False
7240,,2024-07-26 14:24:39,2024-07-26 14:55:39,mobile,/deals,12,False
7241,864,2025-11-24 07:40:19,2025-11-24 08:15:19,tablet,/deals,,False
7242,,2025-09-04 09:06:04,2025-09-04 09:11:04,tablet,/product-search,,False
7243,797,2025-10-31 20:55:26,2025-10-31 21:14:26,tablet,/product-search,,False
7244,926,2024-11-16 04:34:42,2024-11-16 04:43:42,desktop,/category/apparel,1,False
7245,621,2025-12-25 03:02:01,2025-12-25 03:09:01,tablet,/category/electronics,6,True
7246,,2025-09-30 20:55:11,2025-09-30 21:13:11,desktop,/category/electronics,5,False
7247,863,2025-01-22 13:23:42,2025-01-22 14:04:42,desktop,/deals,,False
7248,175,2025-06-22 02:43:58,2025-06-22 03:00:58,tablet,/blog,,False
7249,304,2024-10-14 04:50:33,2024-10-14 05:13:33,desktop,/home,,False
7250,1266,2025-12-03 15:36:29,2025-12-03 15:39:29,tablet,/category/apparel,,False
7251,,2024-03-12 14:40:56,2024-03-12 15:11:56,mobile,/category/apparel,,False
7252,218,2025-12-27 18:16:21,2025-12-27 18:21:21,mobile,/category/apparel,,True
7253,927,2024-11-08 05:24:09,2024-11-08 06:01:09,tablet,/deals,6,False
7254,275,2025-12-21 11:18:26,2025-12-21 12:02:26,tablet,/category/electronics,,False
7255,,2024-09-28 15:30:49,2024-09-28 16:11:49,desktop,/home,,False
7256,,2025-12-22 16:09:58,2025-12-22 16:22:58,desktop,/product-search,7,False
7257,1029,2025-10-08 03:01:18,2025-10-08 03:27:18,mobile,/deals,,False
7258,,2025-08-23 04:15:16,2025-08-23 04:58:16,desktop,/home,,False
7259,539,2025-09-28 03:06:03,2025-09-28 03:46:03,mobile,/deals,,False
7260,,2025-12-31 11:54:34,2025-12-31 12:10:34,tablet,/category/apparel,,False
7261,333,2025-12-29 10:31:04,2025-12-29 11:11:04,desktop,/home,,False
7262,1118,2025-09-12 21:16:18,2025-09-12 21:42:18,desktop,/category/electronics,4,False
7263,,2025-07-22 07:50:32,2025-07-22 08:33:32,mobile,/product-search,10,False
7264,1236,2025-06-10 07:02:35,2025-06-10 07:06:35,desktop,/blog,10,False
7265,845,2025-11-10 13:19:51,2025-11-10 13:27:51,desktop,/deals,,False
7266,,2025-06-03 02:29:33,2025-06-03 02:39:33,tablet,/deals,10,False
7267,141,2024-07-03 19:05:19,2024-07-03 19:45:19,mobile,/product-search,6,False
7268,499,2025-05-04 12:44:59,2025-05-04 13:25:59,desktop,/deals,10,False
7269,465,2025-05-21 04:52:05,2025-05-21 05:03:05,tablet,/blog,10,False
7270,100,2025-06-25 14:45:25,2025-06-25 14:56:25,tablet,/deals,,True
7271,1337,2024-10-11 05:46:17,2024-10-11 06:04:17,tablet,/product-search,,False
7272,1223,2025-12-22 04:17:13,2025-12-22 04:39:13,tablet,/deals,11,False
7273,380,2025-05-18 00:46:19,2025-05-18 00:50:19,tablet,/home,15,False
7274,,2024-06-13 08:13:36,2024-06-13 08:21:36,tablet,/blog,7,False
7275,,2025-04-03 22:54:34,2025-04-03 23:33:34,mobile,/category/apparel,6,False
7276,1378,2025-06-19 00:48:23,2025-06-19 00:51:23,mobile,/product-search,2,True
7277,116,2025-07-03 08:49:06,2025-07-03 09:33:06,tablet,/category/electronics,6,False
7278,,2024-09-25 08:45:01,2024-09-25 08:46:01,tablet,/deals,,False
7279,1290,2025-10-31 09:38:57,2025-10-31 10:09:57,mobile,/category/apparel,6,False
7280,575,2025-10-20 08:28:48,2025-10-20 09:03:48,desktop,/product-search,,False
7281,493,2025-11-07 23:53:52,2025-11-07 23:55:52,mobile,/category/apparel,,False
7282,,2025-07-15 13:22:28,2025-07-15 14:06:28,mobile,/deals,,False
7283,,2025-09-23 22:55:26,2025-09-23 23:02:26,desktop,/home,8,False
7284,,2024-11-06 17:40:40,2024-11-06 17:43:40,tablet,/category/electronics,4,False
7285,1473,2025-05-05 23:10:38,2025-05-05 23:34:38,desktop,/category/apparel,,True
7286,68,2025-10-13 02:09:55,2025-10-13 02:31:55,mobile,/deals,,True
7287,,2024-08-11 21:26:12,2024-08-11 21:49:12,mobile,/category/apparel,,False
7288,,2024-03-29 13:08:02,2024-03-29 13:17:02,desktop,/blog,,True
7289,974,2024-08-04 15:42:52,2024-08-04 16:02:52,mobile,/home,1,False
7290,,2024-06-22 01:22:39,2024-06-22 01:53:39,desktop,/deals,12,False
7291,,2025-07-11 00:15:51,2025-07-11 00:52:51,mobile,/home,,False
7292,341,2025-10-24 01:09:03,2025-10-24 01:54:03,mobile,/blog,,False
7293,773,2025-11-03 22:37:09,2025-11-03 22:48:09,desktop,/category/apparel,,False
7294,802,2025-07-08 22:08:54,2025-07-08 22:53:54,tablet,/deals,,False
7295,1071,2025-10-07 07:37:26,2025-10-07 08:05:26,tablet,/blog,3,False
7296,,2024-05-07 13:25:42,2024-05-07 13:29:42,desktop,/product-search,,False
7297,108,2025-06-15 07:54:14,2025-06-15 08:21:14,mobile,/deals,3,False
7298,,2025-08-31 22:09:34,2025-08-31 22:45:34,mobile,/product-search,,False
7299,850,2025-12-25 07:39:04,2025-12-25 07:42:04,desktop,/home,9,False
7300,,2025-07-15 17:32:22,2025-07-15 18:17:22,tablet,/category/electronics,5,False
7301,,2025-10-06 13:02:03,2025-10-06 13:13:03,mobile,/category/electronics,,False
7302,,2025-09-29 02:05:08,2025-09-29 02:42:08,mobile,/category/electronics,,True
7303,501,2025-01-30 17:41:03,2025-01-30 17:51:03,tablet,/category/apparel,,False
7304,,2024-05-01 16:40:52,2024-05-01 16:45:52,desktop,/deals,,False
7305,1490,2025-10-20 14:58:50,2025-10-20 15:03:50,mobile,/category/apparel,15,False
7306,941,2025-12-24 18:36:22,2025-12-24 19:11:22,mobile,/deals,13,False
7307,793,2025-08-12 21:48:39,2025-08-12 21:49:39,mobile,/deals,,False
7308,449,2024-11-03 05:04:51,2024-11-03 05:40:51,desktop,/deals,10,False
7309,,2024-06-16 16:04:13,2024-06-16 16:10:13,mobile,/deals,,False
7310,105,2025-02-21 10:52:19,2025-02-21 11:33:19,mobile,/product-search,,False
7311,893,2025-09-23 13:22:36,2025-09-23 14:00:36,tablet,/category/electronics,7,False
7312,782,2025-11-14 21:14:42,2025-11-14 21:49:42,desktop,/product-search,,False
7313,1047,2025-02-11 16:52:47,2025-02-11 17:25:47,desktop,/category/electronics,,True
7314,714,2025-06-29 23:18:46,2025-06-29 23:38:46,desktop,/category/apparel,,True
7315,,2025-03-15 19:09:06,2025-03-15 19:26:06,mobile,/category/apparel,,False
7316,825,2024-07-08 01:03:32,2024-07-08 01:09:32,tablet,/category/electronics,,True
7317,1215,2025-01-04 20:15:35,2025-01-04 20:45:35,mobile,/category/apparel,13,False
7318,1279,2025-07-27 16:32:03,2025-07-27 16:46:03,mobile,/blog,9,False
7319,,2024-08-26 05:52:04,2024-08-26 06:28:04,tablet,/category/apparel,,False
7320,,2024-07-08 00:59:53,2024-07-08 01:26:53,mobile,/product-search,,False
7321,932,2025-03-15 06:54:26,2025-03-15 07:25:26,desktop,/blog,3,False
7322,,2025-09-27 12:53:23,2025-09-27 13:20:23,desktop,/product-search,,False
7323,484,2025-06-23 07:58:15,2025-06-23 08:41:15,mobile,/deals,,False
7324,1258,2025-07-01 19:48:10,2025-07-01 20:19:10,tablet,/deals,,True
7325,915,2025-12-14 13:33:12,2025-12-14 13:36:12,desktop,/blog,,False
7326,1157,2025-07-16 18:46:48,2025-07-16 19:27:48,tablet,/deals,,True
7327,1189,2025-09-11 09:01:52,2025-09-11 09:12:52,tablet,/category/apparel,,False
7328,,2024-09-23 21:20:59,2024-09-23 22:01:59,tablet,/category/electronics,,False
7329,254,2025-04-01 21:54:35,2025-04-01 22:34:35,tablet,/category/electronics,,False
7330,,2024-10-23 20:59:49,2024-10-23 21:10:49,desktop,/deals,,False
7331,165,2025-12-29 02:47:52,2025-12-29 02:51:52,desktop,/category/apparel,,True
7332,767,2025-06-14 23:15:54,2025-06-15 00:00:54,desktop,/deals,9,False
7333,917,2025-01-01 00:16:25,2025-01-01 00:18:25,mobile,/category/apparel,,False
7334,246,2024-09-20 03:19:47,2024-09-20 03:21:47,tablet,/deals,,False
7335,795,2024-03-11 11:47:55,2024-03-11 12:02:55,desktop,/blog,14,False
7336,,2025-01-16 10:14:02,2025-01-16 10:42:02,tablet,/category/electronics,,False
7337,770,2025-12-06 16:51:54,2025-12-06 16:54:54,desktop,/blog,13,False
7338,,2025-01-28 05:48:34,2025-01-28 05:56:34,mobile,/product-search,,False
7339,943,2024-10-21 16:20:16,2024-10-21 16:42:16,desktop,/home,,True
7340,,2025-06-04 11:12:58,2025-06-04 11:18:58,desktop,/home,8,False
7341,770,2025-11-15 07:53:23,2025-11-15 08:27:23,desktop,/deals,2,False
7342,59,2025-08-10 09:21:34,2025-08-10 10:02:34,tablet,/deals,,True
7343,576,2025-12-29 09:16:13,2025-12-29 09:57:13,tablet,/home,,False
7344,202,2025-12-09 08:21:33,2025-12-09 08:47:33,mobile,/category/apparel,6,True
7345,1485,2025-10-30 06:56:06,2025-10-30 07:27:06,tablet,/product-search,,False
7346,,2025-05-05 18:14:00,2025-05-05 18:26:00,tablet,/category/apparel,,False
7347,386,2025-05-14 12:23:50,2025-05-14 13:07:50,tablet,/deals,,False
7348,1052,2025-04-23 08:02:48,2025-04-23 08:47:48,mobile,/deals,,False
7349,697,2025-09-19 04:26:12,2025-09-19 04:36:12,tablet,/product-search,,False
7350,,2025-01-03 17:04:07,2025-01-03 17:40:07,mobile,/blog,7,True
7351,559,2025-09-09 12:40:11,2025-09-09 13:23:11,mobile,/product-search,14,False
7352,1331,2025-01-01 16:15:37,2025-01-01 16:26:37,desktop,/category/electronics,,False
7353,810,2025-05-23 08:45:18,2025-05-23 08:51:18,tablet,/blog,,False
7354,775,2024-09-23 07:18:48,2024-09-23 07:19:48,desktop,/home,,True
7355,1228,2025-04-23 12:35:23,2025-04-23 13:12:23,desktop,/home,10,False
7356,1477,2025-08-12 06:16:39,2025-08-12 06:30:39,mobile,/category/electronics,,True
7357,,2024-05-14 05:39:50,2024-05-14 06:03:50,desktop,/product-search,,False
7358,,2024-03-17 10:57:31,2024-03-17 11:00:31,tablet,/home,,False
7359,970,2025-07-29 11:09:46,2025-07-29 11:30:46,desktop,/blog,,False
7360,,2024-07-17 00:07:10,2024-07-17 00:37:10,mobile,/deals,9,False
7361,1242,2025-12-20 07:06:46,2025-12-20 07:44:46,desktop,/blog,,False
7362,477,2025-11-09 00:50:00,2025-11-09 01:16:00,mobile,/blog,,False
7363,1024,2025-05-24 13:14:09,2025-05-24 13:32:09,tablet,/home,,False
7364,1096,2024-08-27 09:56:51,2024-08-27 10:01:51,mobile,/deals,,False
7365,1236,2025-09-21 00:55:29,2025-09-21 01:30:29,tablet,/category/electronics,,False
7366,,2025-06-30 00:15:13,2025-06-30 00:34:13,tablet,/home,4,False
7367,929,2025-10-11 08:44:36,2025-10-11 09:00:36,mobile,/deals,12,True
7368,484,2024-11-05 05:13:00,2024-11-05 05:53:00,desktop,/product-search,9,False
7369,,2024-05-12 15:33:16,2024-05-12 15:48:16,tablet,/category/electronics,,False
7370,1082,2025-09-06 20:56:59,2025-09-06 21:33:59,tablet,/deals,,True
7371,,2025-10-14 13:28:30,2025-10-14 13:59:30,mobile,/category/apparel,13,False
7372,1470,2025-08-19 23:12:57,2025-08-19 23:51:57,desktop,/blog,,False
7373,236,2025-10-20 17:31:51,2025-10-20 17:47:51,mobile,/home,,False
7374,922,2025-06-05 00:47:49,2025-06-05 01:07:49,mobile,/blog,12,False
7375,1039,2025-07-26 06:34:02,2025-07-26 06:39:02,desktop,/home,,False
7376,383,2025-02-19 09:57:05,2025-02-19 09:58:05,mobile,/deals,,False
7377,1225,2025-08-29 06:43:46,2025-08-29 07:05:46,tablet,/deals,,False
7378,1127,2025-11-08 09:03:04,2025-11-08 09:13:04,mobile,/blog,,False
7379,1049,2025-09-06 10:45:31,2025-09-06 10:53:31,tablet,/category/electronics,,False
7380,,2025-08-03 01:05:03,2025-08-03 01:45:03,mobile,/home,,False
7381,,2024-05-10 22:15:24,2024-05-10 23:00:24,mobile,/product-search,12,False
7382,825,2025-01-01 07:01:58,2025-01-01 07:44:58,desktop,/product-search,,False
7383,442,2025-04-28 10:10:13,2025-04-28 10:28:13,mobile,/category/electronics,,True
7384,,2025-03-24 20:59:38,2025-03-24 21:39:38,mobile,/blog,,False
7385,563,2025-11-26 10:29:27,2025-11-26 10:40:27,tablet,/category/electronics,,False
7386,147,2024-12-05 23:13:09,2024-12-05 23:32:09,tablet,/product-search,,False
7387,1383,2025-10-16 08:59:08,2025-10-16 09:20:08,mobile,/home,15,False
7388,,2025-07-01 00:42:36,2025-07-01 01:05:36,desktop,/category/electronics,,False
7389,1218,2025-11-17 23:33:45,2025-11-18 00:07:45,desktop,/blog,6,False
7390,,2024-02-06 21:37:38,2024-02-06 21:57:38,desktop,/product-search,2,False
7391,804,2025-08-08 22:50:04,2025-08-08 23:17:04,mobile,/category/electronics,,False
7392,,2025-07-08 17:16:35,2025-07-08 17:38:35,tablet,/blog,,False
7393,1266,2025-11-01 05:53:29,2025-11-01 05:59:29,desktop,/category/electronics,8,False
7394,1142,2025-11-04 12:14:27,2025-11-04 12:50:27,desktop,/home,,True
7395,316,2025-08-12 19:32:04,2025-08-12 20:10:04,desktop,/home,,True
7396,,2025-11-08 12:47:41,2025-11-08 12:50:41,tablet,/deals,15,False
7397,1040,2025-07-13 01:01:05,2025-07-13 01:29:05,mobile,/product-search,,False
7398,445,2025-11-15 08:22:52,2025-11-15 08:23:52,tablet,/category/apparel,,False
7399,191,2025-09-30 09:24:00,2025-09-30 09:27:00,tablet,/category/electronics,12,False
7400,1182,2025-09-12 20:07:06,2025-09-12 20:26:06,desktop,/deals,,False
7401,,2024-09-09 19:40:00,2024-09-09 19:57:00,desktop,/category/electronics,,False
7402,1243,2024-11-05 13:04:20,2024-11-05 13:48:20,desktop,/category/electronics,14,False
7403,,2025-10-06 21:29:08,2025-10-06 21:41:08,desktop,/product-search,8,False
7404,62,2024-12-13 02:59:21,2024-12-13 03:11:21,desktop,/product-search,,False
7405,,2025-01-30 14:59:17,2025-01-30 15:17:17,mobile,/category/electronics,9,False
7406,247,2024-02-20 18:35:04,2024-02-20 18:42:04,mobile,/category/apparel,,True
7407,159,2025-12-11 15:28:43,2025-12-11 15:56:43,desktop,/product-search,,False
7408,775,2025-12-02 04:36:05,2025-12-02 04:44:05,tablet,/deals,10,False
7409,,2024-10-03 07:25:30,2024-10-03 08:02:30,desktop,/deals,,False
7410,1217,2024-12-13 14:00:11,2024-12-13 14:03:11,tablet,/home,9,False
7411,499,2024-07-04 10:39:01,2024-07-04 10:56:01,desktop,/category/apparel,4,False
7412,1164,2025-10-15 06:11:06,2025-10-15 06:12:06,desktop,/blog,,False
7413,,2024-02-05 16:43:31,2024-02-05 17:00:31,desktop,/home,,False
7414,,2024-05-09 00:00:46,2024-05-09 00:41:46,mobile,/deals,2,False
7415,,2024-05-10 14:52:43,2024-05-10 15:37:43,tablet,/product-search,,False
7416,132,2024-11-11 04:03:15,2024-11-11 04:22:15,tablet,/deals,8,False
7417,1369,2025-06-20 21:51:36,2025-06-20 22:15:36,desktop,/product-search,1,True
7418,889,2025-01-14 16:56:10,2025-01-14 17:37:10,tablet,/category/electronics,,False
7419,,2025-11-05 03:51:49,2025-11-05 04:30:49,desktop,/home,,False
7420,1330,2025-12-23 12:25:26,2025-12-23 13:10:26,desktop,/home,,False
7421,252,2024-12-17 17:40:57,2024-12-17 17:55:57,tablet,/blog,,True
7422,76,2025-07-09 22:16:04,2025-07-09 22:21:04,mobile,/home,1,False
7423,,2024-06-18 03:48:58,2024-06-18 04:30:58,tablet,/home,12,False
7424,,2025-10-27 00:06:55,2025-10-27 00:11:55,tablet,/blog,,False
7425,,2024-04-23 06:46:03,2024-04-23 07:18:03,tablet,/category/electronics,,False
7426,728,2025-03-09 02:36:53,2025-03-09 02:41:53,tablet,/home,,False
7427,591,2025-02-28 01:31:47,2025-02-28 01:34:47,desktop,/product-search,,False
7428,,2025-05-20 18:15:45,2025-05-20 19:00:45,tablet,/product-search,,False
7429,1249,2025-06-08 22:47:49,2025-06-08 23:24:49,mobile,/product-search,1,False
7430,,2025-04-07 15:47:43,2025-04-07 16:07:43,desktop,/blog,14,False
7431,1154,2025-06-07 06:32:47,2025-06-07 07:14:47,desktop,/product-search,,False
7432,249,2025-04-13 16:54:31,2025-04-13 17:21:31,tablet,/blog,,False
7433,566,2025-01-25 15:09:44,2025-01-25 15:27:44,desktop,/home,11,False
7434,,2025-08-26 15:28:43,2025-08-26 16:03:43,tablet,/category/apparel,,False
7435,,2025-10-18 00:42:05,2025-10-18 01:09:05,mobile,/category/electronics,,False
7436,683,2025-06-05 15:23:57,2025-06-05 15:57:57,tablet,/blog,2,False
7437,877,2025-04-25 04:06:49,2025-04-25 04:31:49,tablet,/category/electronics,,False
7438,1174,2025-09-08 21:32:40,2025-09-08 22:07:40,tablet,/category/electronics,,False
7439,,2024-09-12 03:43:07,2024-09-12 04:07:07,mobile,/category/electronics,14,False
7440,728,2025-02-04 08:59:33,2025-02-04 09:32:33,tablet,/product-search,12,False
7441,887,2024-12-29 06:55:40,2024-12-29 07:32:40,tablet,/home,,True
7442,,2024-04-09 05:40:22,2024-04-09 06:23:22,desktop,/category/electronics,,True
7443,557,2025-08-12 21:54:35,2025-08-12 22:16:35,desktop,/blog,,True
7444,383,2025-01-03 21:01:08,2025-01-03 21:17:08,tablet,/blog,4,False
7445,771,2025-01-24 05:20:48,2025-01-24 05:25:48,desktop,/category/apparel,8,True
7446,945,2025-03-13 02:12:56,2025-03-13 02:47:56,tablet,/deals,10,False
7447,1477,2025-09-23 14:26:56,2025-09-23 14:59:56,desktop,/blog,15,False
7448,,2024-08-01 18:05:11,2024-08-01 18:38:11,tablet,/product-search,,False
7449,1338,2025-10-10 09:13:30,2025-10-10 09:47:30,tablet,/deals,8,False
7450,122,2025-12-28 09:02:25,2025-12-28 09:43:25,tablet,/deals,,False
7451,981,2025-11-12 16:12:30,2025-11-12 16:37:30,desktop,/blog,14,False
7452,801,2025-10-08 07:03:26,2025-10-08 07:09:26,mobile,/home,14,False
7453,1051,2025-02-07 03:50:39,2025-02-07 04:06:39,mobile,/category/electronics,,False
7454,1413,2025-09-23 10:49:56,2025-09-23 11:14:56,tablet,/product-search,,True
7455,890,2025-12-31 18:07:08,2025-12-31 18:27:08,mobile,/home,,True
7456,,2024-12-15 18:01:45,2024-12-15 18:13:45,tablet,/deals,,False
7457,,2024-10-10 01:37:17,2024-10-10 01:50:17,tablet,/deals,,False
7458,,2025-06-12 20:17:10,2025-06-12 20:55:10,mobile,/product-search,,False
7459,730,2025-04-25 08:06:59,2025-04-25 08:48:59,mobile,/deals,,False
7460,1016,2025-10-26 16:28:24,2025-10-26 17:10:24,desktop,/home,5,False
7461,,2024-03-23 10:32:00,2024-03-23 11:10:00,desktop,/product-search,,False
7462,1118,2024-12-02 05:21:44,2024-12-02 05:26:44,mobile,/home,7,False
7463,706,2025-05-12 07:34:56,2025-05-12 08:00:56,mobile,/deals,,True
7464,99,2024-11-10 07:05:58,2024-11-10 07:48:58,desktop,/home,3,False
7465,,2024-09-23 05:39:35,2024-09-23 05:53:35,mobile,/category/electronics,,False
7466,917,2025-01-18 06:52:56,2025-01-18 06:54:56,tablet,/category/electronics,5,False
7467,,2025-05-24 16:37:12,2025-05-24 17:21:12,mobile,/category/electronics,,False
7468,1002,2025-08-05 17:15:29,2025-08-05 17:20:29,tablet,/blog,,False
7469,67,2024-10-30 19:38:00,2024-10-30 20:18:00,mobile,/deals,,True
7470,1459,2024-06-16 13:44:15,2024-06-16 14:01:15,tablet,/blog,,False
7471,,2024-05-15 11:35:51,2024-05-15 11:46:51,desktop,/home,1,True
7472,1170,2025-12-24 06:24:45,2025-12-24 06:36:45,tablet,/category/apparel,,True
7473,1163,2024-08-30 05:03:01,2024-08-30 05:41:01,tablet,/category/apparel,,False
7474,908,2025-04-05 23:45:06,2025-04-06 00:23:06,tablet,/category/electronics,8,True
7475,449,2025-05-27 12:20:49,2025-05-27 12:29:49,tablet,/category/electronics,4,True
7476,,2025-01-10 09:13:14,2025-01-10 09:18:14,tablet,/home,15,False
7477,1031,2025-10-28 22:52:26,2025-10-28 23:37:26,desktop,/blog,8,False
7478,,2024-07-13 08:07:19,2024-07-13 08:50:19,tablet,/blog,,False
7479,,2024-12-23 09:17:21,2024-12-23 09:30:21,desktop,/home,,False
7480,163,2025-10-17 23:19:54,2025-10-17 23:59:54,mobile,/product-search,,True
7481,,2025-02-17 19:40:41,2025-02-17 20:18:41,tablet,/category/electronics,,False
7482,315,2025-12-18 17:34:22,2025-12-18 18:00:22,desktop,/category/apparel,14,False
7483,,2024-02-23 04:13:58,2024-02-23 04:50:58,tablet,/category/electronics,,False
7484,283,2025-09-17 19:26:47,2025-09-17 20:11:47,mobile,/product-search,,False
7485,434,2025-01-29 09:42:54,2025-01-29 10:06:54,mobile,/home,3,True
7486,1286,2025-01-28 22:56:08,2025-01-28 23:32:08,desktop,/category/electronics,7,False
7487,,2024-02-24 01:04:23,2024-02-24 01:11:23,desktop,/blog,,False
7488,168,2025-05-16 22:36:17,2025-05-16 23:06:17,desktop,/product-search,9,False
7489,1249,2025-12-02 18:32:20,2025-12-02 18:59:20,tablet,/deals,,False
7490,,2025-10-04 07:57:26,2025-10-04 07:58:26,mobile,/blog,,False
7491,,2024-09-26 13:13:47,2024-09-26 13:18:47,desktop,/category/apparel,15,False
7492,539,2025-10-30 02:02:08,2025-10-30 02:13:08,mobile,/home,,False
7493,139,2025-12-28 00:07:30,2025-12-28 00:08:30,desktop,/category/electronics,3,False
7494,,2024-03-29 19:52:22,2024-03-29 20:22:22,tablet,/blog,,False
7495,195,2025-10-28 18:04:16,2025-10-28 18:08:16,tablet,/category/electronics,,True
7496,,2025-09-09 12:38:34,2025-09-09 12:40:34,desktop,/blog,,False
7497,,2025-04-06 09:33:56,2025-04-06 09:56:56,tablet,/category/electronics,,False
7498,580,2024-08-13 05:39:20,2024-08-13 06:09:20,tablet,/category/electronics,,True
7499,677,2025-12-12 01:59:45,2025-12-12 02:03:45,mobile,/category/electronics,11,False
7500,1319,2025-11-22 10:18:59,2025-11-22 10:29:59,tablet,/blog,13,False
7501,,2025-09-01 19:39:11,2025-09-01 20:11:11,tablet,/home,6,False
7502,,2025-03-10 20:11:55,2025-03-10 20:27:55,desktop,/category/electronics,,False
7503,300,2025-06-07 06:51:10,2025-06-07 07:10:10,desktop,/home,9,False
7504,388,2025-11-26 16:01:42,2025-11-26 16:46:42,mobile,/blog,,True
7505,,2025-11-12 10:24:40,2025-11-12 11:06:40,mobile,/home,,False
7506,1078,2025-05-12 14:40:32,2025-05-12 15:07:32,desktop,/blog,,False
7507,,2025-01-19 12:44:42,2025-01-19 13:27:42,tablet,/home,,False
7508,975,2024-12-12 03:54:58,2024-12-12 04:29:58,tablet,/blog,,False
7509,,2025-10-04 22:46:46,2025-10-04 22:48:46,mobile,/product-search,,False
7510,,2024-08-12 15:29:35,2024-08-12 15:53:35,desktop,/blog,,False
7511,,2024-02-17 14:56:54,2024-02-17 15:32:54,mobile,/product-search,15,False
7512,,2025-12-03 19:24:06,2025-12-03 20:05:06,tablet,/category/electronics,10,False
7513,358,2024-09-23 06:12:46,2024-09-23 06:33:46,mobile,/deals,,False
7514,489,2024-06-19 21:32:01,2024-06-19 21:35:01,mobile,/category/apparel,,False
7515,98,2025-03-20 17:16:53,2025-03-20 17:34:53,desktop,/category/electronics,4,False
7516,1159,2025-01-10 22:33:24,2025-01-10 22:48:24,desktop,/category/electronics,,False
7517,1249,2024-09-04 17:37:30,2024-09-04 18:21:30,mobile,/product-search,15,False
7518,1128,2025-08-21 11:06:28,2025-08-21 11:50:28,tablet,/product-search,,False
7519,901,2025-06-10 09:21:01,2025-06-10 09:47:01,mobile,/category/apparel,,False
7520,834,2025-06-14 03:46:54,2025-06-14 04:13:54,mobile,/blog,,False
7521,493,2025-08-30 16:21:26,2025-08-30 16:35:26,tablet,/deals,5,False
7522,,2024-08-26 12:11:42,2024-08-26 12:48:42,mobile,/deals,,False
7523,1035,2025-12-27 19:42:37,2025-12-27 20:12:37,mobile,/product-search,14,False
7524,319,2025-05-28 23:43:55,2025-05-29 00:11:55,desktop,/category/apparel,13,False
7525,404,2025-11-15 05:40:19,2025-11-15 05:42:19,tablet,/home,,False
7526,1296,2025-11-14 23:40:02,2025-11-15 00:11:02,tablet,/category/electronics,,False
7527,1392,2024-06-12 22:08:19,2024-06-12 22:39:19,tablet,/product-search,,False
7528,,2024-12-27 02:13:24,2024-12-27 02:19:24,desktop,/product-search,,False
7529,,2024-11-02 02:36:08,2024-11-02 02:45:08,mobile,/product-search,1,False
7530,923,2024-11-04 20:44:50,2024-11-04 20:45:50,tablet,/category/electronics,2,False
7531,217,2025-07-13 19:53:25,2025-07-13 20:01:25,tablet,/category/electronics,2,False
7532,,2025-07-31 23:59:47,2025-08-01 00:19:47,desktop,/deals,,False
7533,1261,2025-06-24 07:06:53,2025-06-24 07:18:53,mobile,/blog,,False
7534,,2024-06-30 16:19:05,2024-06-30 17:03:05,tablet,/blog,14,False
7535,,2025-01-25 16:34:56,2025-01-25 16:55:56,mobile,/category/electronics,,False
7536,1300,2025-12-17 04:03:24,2025-12-17 04:36:24,desktop,/category/electronics,14,True
7537,3,2025-11-23 11:37:22,2025-11-23 12:02:22,desktop,/category/electronics,10,False
7538,1273,2024-09-04 05:35:23,2024-09-04 06:12:23,desktop,/blog,12,False
7539,830,2025-10-15 13:04:45,2025-10-15 13:45:45,mobile,/deals,,True
7540,213,2025-11-10 20:01:20,2025-11-10 20:38:20,tablet,/deals,,False
7541,523,2024-10-29 09:57:53,2024-10-29 10:23:53,mobile,/blog,12,False
7542,,2025-04-12 16:04:53,2025-04-12 16:24:53,tablet,/category/apparel,3,False
7543,,2024-01-24 09:52:50,2024-01-24 10:24:50,desktop,/deals,,False
7544,,2024-04-16 06:19:27,2024-04-16 06:44:27,desktop,/category/electronics,,False
7545,659,2025-02-10 00:44:53,2025-02-10 01:03:53,mobile,/home,,True
7546,920,2024-08-03 12:44:36,2024-08-03 12:46:36,tablet,/category/electronics,4,False
7547,,2025-05-18 06:11:59,2025-05-18 06:52:59,desktop,/home,,False
7548,,2024-03-29 20:51:27,2024-03-29 21:22:27,desktop,/category/electronics,,False
7549,857,2024-11-09 23:23:39,2024-11-09 23:34:39,tablet,/category/electronics,,False
7550,1389,2024-09-24 08:32:43,2024-09-24 08:55:43,desktop,/category/electronics,1,False
7551,399,2025-12-25 11:51:36,2025-12-25 12:26:36,mobile,/deals,,False
7552,41,2024-12-13 07:58:30,2024-12-13 08:12:30,mobile,/home,7,False
7553,680,2025-11-23 01:15:56,2025-11-23 01:45:56,desktop,/product-search,,False
7554,297,2025-08-21 09:51:54,2025-08-21 10:08:54,tablet,/product-search,6,False
7555,,2025-09-05 13:12:30,2025-09-05 13:23:30,tablet,/home,,False
7556,1128,2025-05-31 04:12:57,2025-05-31 04:48:57,desktop,/product-search,4,False
7557,,2024-05-06 01:44:39,2024-05-06 02:25:39,mobile,/product-search,10,False
7558,154,2025-12-23 09:25:57,2025-12-23 10:10:57,desktop,/category/electronics,1,False
7559,395,2025-11-02 06:41:49,2025-11-02 06:57:49,tablet,/category/electronics,,False
7560,1121,2025-08-06 21:51:54,2025-08-06 21:54:54,mobile,/home,7,False
7561,1176,2025-06-30 00:47:57,2025-06-30 01:14:57,mobile,/category/apparel,9,False
7562,,2024-03-21 06:10:51,2024-03-21 06:21:51,mobile,/category/apparel,10,False
7563,,2024-09-24 01:27:04,2024-09-24 01:53:04,tablet,/deals,,False
7564,,2024-03-04 06:09:53,2024-03-04 06:44:53,mobile,/category/apparel,11,False
7565,,2024-10-11 15:40:59,2024-10-11 15:50:59,desktop,/deals,,False
7566,916,2025-08-27 09:43:04,2025-08-27 10:12:04,desktop,/category/electronics,,True
7567,920,2025-05-18 05:35:08,2025-05-18 06:02:08,tablet,/product-search,,True
7568,659,2024-11-05 01:47:46,2024-11-05 02:04:46,desktop,/product-search,,False
7569,,2025-04-18 11:56:58,2025-04-18 12:23:58,tablet,/blog,,False
7570,,2024-05-04 14:12:08,2024-05-04 14:27:08,desktop,/deals,3,False
7571,,2024-01-10 20:34:56,2024-01-10 21:10:56,mobile,/deals,,False
7572,1201,2025-10-21 11:16:11,2025-10-21 11:36:11,desktop,/home,,False
7573,,2024-06-19 21:34:59,2024-06-19 22:05:59,tablet,/product-search,12,False
7574,24,2025-09-08 16:50:06,2025-09-08 17:35:06,tablet,/product-search,,False
7575,738,2025-07-04 05:42:42,2025-07-04 05:58:42,mobile,/product-search,,False
7576,,2025-11-27 06:25:31,2025-11-27 06:54:31,desktop,/deals,2,False
7577,,2024-10-28 14:12:34,2024-10-28 14:33:34,tablet,/deals,7,False
7578,48,2025-08-01 08:26:24,2025-08-01 08:57:24,desktop,/home,5,True
7579,512,2024-07-17 16:50:21,2024-07-17 17:06:21,mobile,/category/apparel,,False
7580,277,2025-05-22 22:56:35,2025-05-22 23:19:35,tablet,/category/apparel,,True
7581,,2025-06-05 08:05:29,2025-06-05 08:15:29,tablet,/blog,,False
7582,956,2025-10-04 13:59:23,2025-10-04 14:31:23,desktop,/deals,,True
7583,511,2024-08-26 06:35:13,2024-08-26 07:08:13,mobile,/blog,,False
7584,1056,2025-12-08 08:24:30,2025-12-08 08:35:30,tablet,/blog,,False
7585,,2024-11-11 01:14:43,2024-11-11 01:59:43,desktop,/category/electronics,9,False
7586,,2025-07-03 12:34:44,2025-07-03 13:13:44,desktop,/category/apparel,5,False
7587,,2024-06-10 07:21:18,2024-06-10 07:27:18,mobile,/home,9,False
7588,609,2025-05-18 05:47:13,2025-05-18 05:59:13,mobile,/category/apparel,14,False
7589,,2025-03-18 12:06:39,2025-03-18 12:22:39,tablet,/category/apparel,9,False
7590,400,2025-12-08 07:34:14,2025-12-08 07:45:14,tablet,/product-search,14,False
7591,,2025-02-08 19:14:52,2025-02-08 19:49:52,tablet,/home,,False
7592,,2025-09-09 23:00:52,2025-09-09 23:30:52,desktop,/blog,,False
7593,1141,2025-08-27 04:00:26,2025-08-27 04:27:26,desktop,/home,11,False
7594,1123,2025-09-11 16:50:58,2025-09-11 17:04:58,mobile,/category/apparel,,False
7595,,2025-04-14 05:23:33,2025-04-14 06:06:33,desktop,/category/apparel,,False
7596,1092,2025-11-12 16:46:42,2025-11-12 17:14:42,desktop,/category/apparel,8,False
7597,,2024-08-13 23:48:03,2024-08-13 23:54:03,mobile,/deals,,False
7598,,2025-06-16 12:07:29,2025-06-16 12:25:29,desktop,/blog,7,True
7599,1100,2025-12-20 12:23:44,2025-12-20 12:50:44,desktop,/blog,9,False
7600,,2024-11-07 04:52:31,2024-11-07 04:53:31,desktop,/blog,,False
7601,1090,2025-09-20 15:50:14,2025-09-20 15:54:14,desktop,/blog,,False
7602,,2024-10-20 06:49:11,2024-10-20 07:04:11,mobile,/blog,7,False
7603,,2024-12-29 19:25:45,2024-12-29 20:01:45,mobile,/deals,,False
7604,367,2025-12-05 06:18:55,2025-12-05 06:46:55,desktop,/blog,,False
7605,331,2025-07-21 06:43:21,2025-07-21 06:53:21,tablet,/home,,False
7606,1179,2025-04-12 15:16:44,2025-04-12 15:25:44,desktop,/product-search,,False
7607,,2024-02-23 19:18:16,2024-02-23 19:50:16,tablet,/home,,False
7608,850,2025-12-22 08:19:58,2025-12-22 08:51:58,mobile,/blog,,False
7609,1168,2025-10-01 06:16:11,2025-10-01 06:30:11,tablet,/category/apparel,15,True
7610,198,2025-09-17 02:49:18,2025-09-17 03:16:18,tablet,/category/apparel,,False
7611,,2025-03-27 19:34:25,2025-03-27 19:40:25,tablet,/category/apparel,9,False
7612,,2024-12-08 05:54:07,2024-12-08 05:58:07,desktop,/category/electronics,2,True
7613,616,2025-11-20 08:22:19,2025-11-20 08:42:19,desktop,/category/apparel,2,False
7614,,2025-11-29 14:26:41,2025-11-29 14:44:41,desktop,/category/electronics,6,False
7615,74,2025-12-29 17:55:33,2025-12-29 18:33:33,tablet,/category/apparel,8,False
7616,1081,2025-11-16 15:28:42,2025-11-16 16:00:42,desktop,/home,15,False
7617,,2024-02-07 18:56:34,2024-02-07 19:12:34,tablet,/category/apparel,15,False
7618,672,2025-05-19 16:36:38,2025-05-19 16:48:38,mobile,/blog,1,True
7619,532,2025-08-09 01:41:34,2025-08-09 02:11:34,tablet,/product-search,,False
7620,45,2024-12-03 14:31:12,2024-12-03 14:53:12,tablet,/blog,6,False
7621,1252,2025-12-19 06:54:38,2025-12-19 07:37:38,mobile,/deals,,False
7622,1466,2025-11-23 07:40:14,2025-11-23 08:05:14,desktop,/deals,12,False
7623,727,2025-10-28 09:34:34,2025-10-28 09:54:34,tablet,/category/apparel,4,False
7624,,2024-11-26 21:18:04,2024-11-26 21:28:04,mobile,/home,,False
7625,611,2025-09-21 21:19:17,2025-09-21 21:45:17,mobile,/category/apparel,,False
7626,,2024-09-10 16:10:37,2024-09-10 16:20:37,mobile,/home,12,False
7627,815,2025-10-24 06:34:46,2025-10-24 07:16:46,tablet,/category/apparel,7,True
7628,711,2025-12-30 09:27:47,2025-12-30 09:33:47,mobile,/category/electronics,,False
7629,,2024-01-15 02:01:46,2024-01-15 02:36:46,desktop,/blog,,False
7630,1023,2025-10-31 05:30:59,2025-10-31 05:47:59,tablet,/category/electronics,,True
7631,164,2025-12-17 04:20:14,2025-12-17 04:53:14,mobile,/category/electronics,,False
7632,,2024-08-16 23:54:25,2024-08-17 00:36:25,desktop,/blog,12,False
7633,,2024-09-26 22:27:53,2024-09-26 22:51:53,tablet,/category/apparel,15,False
7634,149,2025-04-27 18:58:41,2025-04-27 19:21:41,tablet,/home,7,False
7635,,2025-12-05 06:32:57,2025-12-05 06:35:57,tablet,/blog,5,False
7636,480,2025-08-20 17:56:24,2025-08-20 18:04:24,tablet,/blog,10,False
7637,679,2025-09-20 15:51:03,2025-09-20 16:14:03,mobile,/category/electronics,,True
7638,,2024-07-31 16:01:43,2024-07-31 16:41:43,desktop,/blog,12,False
7639,,2024-05-02 21:16:04,2024-05-02 21:19:04,mobile,/home,11,False
7640,553,2024-12-28 09:43:00,2024-12-28 10:28:00,desktop,/product-search,,True
7641,,2025-06-03 00:15:54,2025-06-03 00:48:54,mobile,/category/apparel,,False
7642,733,2025-12-19 06:24:46,2025-12-19 06:41:46,tablet,/deals,,False
7643,,2024-09-22 01:22:12,2024-09-22 01:24:12,tablet,/category/electronics,11,False
7644,591,2024-06-01 10:13:19,2024-06-01 10:33:19,desktop,/home,3,False
7645,,2025-08-17 16:24:46,2025-08-17 16:38:46,desktop,/product-search,,False
7646,,2025-04-21 14:39:11,2025-04-21 14:50:11,mobile,/category/electronics,,False
7647,1400,2025-07-09 00:58:26,2025-07-09 01:18:26,desktop,/deals,,False
7648,125,2025-12-30 15:31:27,2025-12-30 15:49:27,mobile,/category/electronics,,False
7649,,2024-02-26 17:03:47,2024-02-26 17:22:47,mobile,/blog,,False
7650,765,2024-12-17 21:57:26,2024-12-17 22:12:26,tablet,/deals,3,False
7651,1375,2025-12-25 09:45:03,2025-12-25 10:02:03,tablet,/home,13,False
7652,159,2025-03-18 13:16:29,2025-03-18 13:47:29,desktop,/category/apparel,,True
7653,484,2025-11-06 07:50:58,2025-11-06 07:51:58,mobile,/home,7,False
7654,396,2025-12-02 05:29:05,2025-12-02 05:33:05,tablet,/blog,,True
7655,1013,2025-11-15 16:23:42,2025-11-15 16:32:42,mobile,/home,,True
7656,254,2025-05-20 23:05:24,2025-05-20 23:26:24,mobile,/deals,,False
7657,456,2025-12-19 10:56:38,2025-12-19 11:39:38,desktop,/category/electronics,,True
7658,1497,2025-04-24 09:15:17,2025-04-24 09:18:17,mobile,/blog,10,False
7659,970,2025-12-16 07:12:52,2025-12-16 07:54:52,desktop,/category/electronics,,False
7660,953,2025-09-10 05:59:59,2025-09-10 06:36:59,desktop,/category/electronics,,False
7661,617,2025-11-17 11:51:04,2025-11-17 11:54:04,mobile,/category/apparel,,False
7662,70,2024-12-26 04:45:42,2024-12-26 04:49:42,desktop,/home,,False
7663,,2024-04-02 12:02:32,2024-04-02 12:30:32,desktop,/home,,False
7664,,2024-10-30 04:54:57,2024-10-30 05:20:57,mobile,/home,1,False
7665,,2024-02-08 11:18:47,2024-02-08 11:39:47,mobile,/category/electronics,,False
7666,,2024-11-28 15:51:41,2024-11-28 15:55:41,mobile,/blog,2,False
7667,716,2025-10-25 12:25:22,2025-10-25 12:34:22,desktop,/deals,,False
7668,1224,2025-05-16 01:42:58,2025-05-16 02:27:58,tablet,/home,,True
7669,459,2025-08-29 06:26:45,2025-08-29 06:31:45,tablet,/deals,,True
7670,490,2024-11-02 10:48:50,2024-11-02 11:09:50,mobile,/home,5,False
7671,,2025-07-10 23:07:34,2025-07-10 23:40:34,desktop,/category/apparel,,False
7672,,2025-04-20 11:46:56,2025-04-20 12:20:56,desktop,/category/apparel,,False
7673,963,2025-08-29 23:28:34,2025-08-30 00:01:34,desktop,/category/apparel,1,False
7674,,2024-07-13 07:23:37,2024-07-13 08:04:37,mobile,/home,,False
7675,,2025-11-05 10:57:36,2025-11-05 11:41:36,mobile,/category/apparel,8,False
7676,,2025-12-01 20:09:49,2025-12-01 20:29:49,mobile,/category/apparel,12,False
7677,558,2025-06-16 06:38:17,2025-06-16 06:51:17,tablet,/product-search,3,False
7678,951,2025-12-31 14:21:33,2025-12-31 15:03:33,tablet,/category/apparel,15,True
7679,1242,2025-03-23 23:13:47,2025-03-23 23:41:47,mobile,/deals,4,False
7680,852,2025-11-13 10:25:25,2025-11-13 10:27:25,mobile,/deals,,True
7681,32,2025-08-21 03:42:12,2025-08-21 04:00:12,desktop,/home,,True
7682,,2025-02-28 02:31:13,2025-02-28 02:53:13,desktop,/product-search,,False
7683,501,2025-04-03 16:34:34,2025-04-03 17:03:34,mobile,/home,,False
7684,1392,2024-02-14 15:09:01,2024-02-14 15:23:01,desktop,/product-search,12,True
7685,,2025-06-27 15:34:07,2025-06-27 15:43:07,tablet,/category/electronics,,False
7686,,2024-01-13 16:18:47,2024-01-13 16:38:47,mobile,/category/apparel,,False
7687,189,2025-12-23 04:46:19,2025-12-23 04:50:19,desktop,/category/electronics,,False
7688,,2025-06-08 22:29:11,2025-06-08 22:46:11,desktop,/home,3,False
7689,,2025-03-09 19:35:55,2025-03-09 19:55:55,tablet,/home,,False
7690,1256,2025-02-24 05:16:00,2025-02-24 05:28:00,mobile,/deals,14,False
7691,859,2025-04-30 19:51:38,2025-04-30 19:53:38,mobile,/category/apparel,,True
7692,,2025-03-18 02:50:02,2025-03-18 02:59:02,mobile,/category/apparel,7,False
7693,548,2024-08-03 20:15:35,2024-08-03 20:59:35,desktop,/home,3,False
7694,,2025-07-06 16:31:42,2025-07-06 16:54:42,mobile,/category/electronics,,False
7695,1289,2025-05-24 02:38:57,2025-05-24 02:44:57,desktop,/blog,,False
7696,275,2024-03-26 16:36:25,2024-03-26 17:08:25,tablet,/deals,,True
7697,626,2025-12-20 20:12:44,2025-12-20 20:40:44,tablet,/blog,,False
7698,,2025-02-02 18:10:17,2025-02-02 18:35:17,mobile,/home,1,False
7699,1051,2025-05-05 16:36:34,2025-05-05 16:39:34,mobile,/blog,,False
7700,,2025-09-06 10:38:55,2025-09-06 10:53:55,desktop,/category/apparel,8,False
7701,426,2025-02-09 11:02:01,2025-02-09 11:38:01,mobile,/product-search,14,False
7702,47,2024-12-22 19:51:28,2024-12-22 20:18:28,desktop,/product-search,,True
7703,227,2025-08-11 22:47:17,2025-08-11 23:26:17,tablet,/category/apparel,,False
7704,,2024-07-23 21:27:56,2024-07-23 22:00:56,mobile,/deals,1,False
7705,414,2025-10-30 14:46:17,2025-10-30 15:20:17,tablet,/category/apparel,,False
7706,720,2025-07-19 07:51:32,2025-07-19 08:17:32,tablet,/blog,4,False
7707,61,2025-12-12 14:17:39,2025-12-12 14:19:39,tablet,/home,,False
7708,640,2025-07-20 05:40:36,2025-07-20 05:55:36,tablet,/deals,9,False
7709,,2025-07-17 11:22:35,2025-07-17 11:30:35,desktop,/product-search,,False
7710,1391,2025-11-08 06:51:10,2025-11-08 07:31:10,desktop,/blog,1,True
7711,940,2025-06-23 22:37:42,2025-06-23 23:17:42,tablet,/product-search,,True
7712,,2024-12-28 19:29:33,2024-12-28 20:01:33,mobile,/home,11,False
7713,937,2024-11-25 00:10:32,2024-11-25 00:23:32,desktop,/home,,False
7714,1429,2024-12-28 17:49:46,2024-12-28 18:10:46,desktop,/category/apparel,,False
7715,844,2025-11-29 12:09:25,2025-11-29 12:40:25,mobile,/product-search,3,False
7716,,2025-09-20 08:56:41,2025-09-20 09:40:41,desktop,/home,8,False
7717,964,2025-11-16 09:17:39,2025-11-16 09:47:39,mobile,/product-search,6,True
7718,1321,2024-09-13 05:58:57,2024-09-13 06:36:57,desktop,/blog,,True
7719,291,2025-06-11 08:21:13,2025-06-11 09:04:13,mobile,/category/electronics,,False
7720,722,2025-09-27 21:15:30,2025-09-27 21:22:30,desktop,/product-search,1,False
7721,638,2025-09-18 04:25:00,2025-09-18 04:39:00,desktop,/product-search,,False
7722,105,2024-11-16 12:09:09,2024-11-16 12:31:09,tablet,/category/apparel,,False
7723,,2024-12-01 02:20:57,2024-12-01 02:48:57,desktop,/category/apparel,,False
7724,,2024-09-04 06:38:11,2024-09-04 07:13:11,desktop,/deals,,False
7725,901,2024-08-09 03:32:58,2024-08-09 04:13:58,mobile,/deals,,False
7726,,2025-04-26 03:57:01,2025-04-26 04:04:01,tablet,/blog,9,False
7727,,2025-02-08 05:29:17,2025-02-08 05:50:17,desktop,/home,,False
7728,,2024-06-17 09:01:54,2024-06-17 09:21:54,tablet,/home,5,False
7729,653,2025-09-08 23:20:22,2025-09-08 23:52:22,mobile,/deals,13,False
7730,,2024-02-15 12:41:37,2024-02-15 12:47:37,mobile,/category/apparel,,False
7731,827,2024-12-09 07:04:53,2024-12-09 07:23:53,mobile,/deals,8,False
7732,,2025-07-23 01:03:29,2025-07-23 01:42:29,mobile,/category/electronics,,False
7733,,2024-06-26 05:32:44,2024-06-26 06:00:44,mobile,/product-search,6,False
7734,,2025-11-07 11:08:44,2025-11-07 11:19:44,mobile,/category/electronics,,False
7735,591,2025-05-03 18:12:06,2025-05-03 18:26:06,desktop,/blog,13,False
7736,,2024-06-30 15:37:08,2024-06-30 16:22:08,desktop,/product-search,,False
7737,1309,2025-08-13 09:07:08,2025-08-13 09:21:08,desktop,/home,,True
7738,,2024-08-06 15:44:29,2024-08-06 16:18:29,tablet,/blog,,False
7739,179,2025-12-24 18:27:27,2025-12-24 18:44:27,desktop,/deals,6,True
7740,,2024-01-19 20:10:48,2024-01-19 20:33:48,desktop,/home,,False
7741,,2024-01-16 21:20:41,2024-01-16 22:00:41,mobile,/category/apparel,,False
7742,,2025-04-26 18:04:06,2025-04-26 18:13:06,desktop,/deals,13,False
7743,1277,2025-11-17 23:21:01,2025-11-17 23:33:01,mobile,/deals,3,False
7744,908,2024-08-31 16:40:45,2024-08-31 16:51:45,tablet,/category/electronics,,False
7745,,2025-10-09 00:34:13,2025-10-09 00:52:13,desktop,/category/apparel,,True
7746,28,2025-12-04 17:28:23,2025-12-04 18:03:23,tablet,/deals,,True
7747,1330,2025-12-27 18:21:48,2025-12-27 19:06:48,tablet,/deals,,False
7748,14,2025-12-21 21:24:18,2025-12-21 21:33:18,tablet,/blog,,True
7749,849,2025-05-28 14:33:19,2025-05-28 14:37:19,desktop,/category/apparel,,False
7750,1154,2024-12-18 18:56:13,2024-12-18 19:25:13,tablet,/blog,12,False
7751,1127,2025-12-16 20:45:37,2025-12-16 21:21:37,desktop,/product-search,,False
7752,1475,2025-03-24 21:26:15,2025-03-24 22:02:15,tablet,/category/electronics,9,False
7753,,2024-10-22 18:16:05,2024-10-22 18:17:05,tablet,/blog,4,False
7754,,2025-10-14 04:55:48,2025-10-14 05:13:48,tablet,/category/electronics,11,False
7755,66,2025-12-14 11:01:00,2025-12-14 11:46:00,tablet,/category/electronics,9,False
7756,1036,2025-04-16 23:24:19,2025-04-17 00:00:19,tablet,/category/apparel,,True
7757,972,2025-10-12 05:36:55,2025-10-12 05:43:55,tablet,/deals,5,False
7758,426,2025-09-20 22:00:32,2025-09-20 22:26:32,desktop,/category/electronics,,False
7759,,2025-08-09 16:44:40,2025-08-09 17:22:40,tablet,/deals,,False
7760,1489,2025-07-04 21:27:16,2025-07-04 22:12:16,desktop,/product-search,4,False
7761,669,2025-12-10 11:35:08,2025-12-10 12:14:08,tablet,/deals,13,False
7762,,2025-07-09 23:37:39,2025-07-09 23:56:39,mobile,/category/apparel,,False
7763,661,2025-11-27 08:58:37,2025-11-27 09:39:37,tablet,/blog,12,False
7764,,2024-09-30 13:31:01,2024-09-30 13:36:01,tablet,/blog,1,False
7765,795,2024-11-11 13:20:29,2024-11-11 13:24:29,tablet,/deals,,False
7766,119,2024-12-15 01:48:19,2024-12-15 01:58:19,mobile,/product-search,,False
7767,,2025-09-19 10:48:14,2025-09-19 10:52:14,desktop,/product-search,1,False
7768,400,2025-05-27 14:39:57,2025-05-27 14:40:57,tablet,/blog,,True
7769,1180,2025-05-15 22:32:14,2025-05-15 22:33:14,desktop,/category/apparel,,False
7770,,2025-11-09 01:00:58,2025-11-09 01:07:58,desktop,/category/apparel,,False
7771,559,2025-09-03 14:11:18,2025-09-03 14:46:18,mobile,/category/apparel,,False
7772,,2025-03-31 23:28:52,2025-04-01 00:01:52,mobile,/category/apparel,7,False
7773,,2025-10-23 13:37:49,2025-10-23 14:04:49,desktop,/category/electronics,,False
7774,,2024-08-02 20:40:08,2024-08-02 21:03:08,mobile,/deals,,False
7775,1453,2025-05-03 01:12:44,2025-05-03 01:42:44,mobile,/product-search,7,True
7776,,2024-09-17 21:34:55,2024-09-17 22:07:55,mobile,/home,11,False
7777,381,2025-12-13 10:27:19,2025-12-13 10:58:19,desktop,/category/apparel,,False
7778,,2025-02-24 21:10:31,2025-02-24 21:19:31,tablet,/category/apparel,10,False
7779,358,2025-01-03 16:39:49,2025-01-03 17:04:49,tablet,/product-search,,False
7780,1034,2025-09-29 06:12:51,2025-09-29 06:43:51,tablet,/category/electronics,,False
7781,1277,2025-01-04 23:58:31,2025-01-05 00:34:31,tablet,/blog,10,True
7782,,2025-10-21 05:03:13,2025-10-21 05:21:13,desktop,/deals,3,False
7783,735,2025-06-21 07:35:57,2025-06-21 08:01:57,desktop,/blog,,True
7784,202,2025-11-01 20:42:43,2025-11-01 21:07:43,mobile,/deals,1,False
7785,1365,2025-12-25 12:31:09,2025-12-25 12:54:09,desktop,/home,,False
7786,,2025-08-27 02:05:26,2025-08-27 02:28:26,tablet,/category/electronics,10,False
7787,1210,2024-07-05 14:58:26,2024-07-05 15:18:26,tablet,/blog,2,False
7788,318,2025-06-01 16:07:40,2025-06-01 16:16:40,tablet,/category/apparel,15,False
7789,,2025-11-22 06:07:48,2025-11-22 06:42:48,desktop,/category/apparel,4,False
7790,,2024-09-21 14:21:52,2024-09-21 14:28:52,mobile,/category/apparel,15,False
7791,,2024-09-13 16:55:30,2024-09-13 17:38:30,mobile,/blog,14,False
7792,268,2025-07-10 01:19:38,2025-07-10 01:28:38,desktop,/deals,,False
7793,1232,2025-09-23 21:50:02,2025-09-23 22:24:02,desktop,/blog,,True
7794,,2024-03-18 22:51:27,2024-03-18 23:19:27,desktop,/blog,14,False
7795,709,2025-12-21 19:22:35,2025-12-21 19:37:35,mobile,/home,15,False
7796,934,2025-10-08 01:35:43,2025-10-08 02:03:43,desktop,/category/electronics,6,True
7797,,2025-04-08 12:59:25,2025-04-08 13:37:25,desktop,/product-search,13,False
7798,,2024-09-10 06:05:05,2024-09-10 06:30:05,tablet,/category/apparel,10,False
7799,,2024-06-25 13:39:49,2024-06-25 13:50:49,mobile,/product-search,2,False
7800,818,2024-11-26 19:27:34,2024-11-26 19:34:34,desktop,/category/apparel,,True
7801,,2025-09-13 14:01:04,2025-09-13 14:16:04,mobile,/product-search,,False
7802,365,2025-10-28 23:03:56,2025-10-28 23:22:56,tablet,/home,,True
7803,781,2025-12-26 01:44:02,2025-12-26 01:54:02,mobile,/category/apparel,,False
7804,265,2025-12-03 01:05:35,2025-12-03 01:50:35,desktop,/deals,2,False
7805,,2025-09-28 02:33:28,2025-09-28 02:58:28,mobile,/product-search,,False
7806,,2024-11-10 01:50:45,2024-11-10 02:01:45,mobile,/blog,,False
7807,1036,2025-11-01 06:42:48,2025-11-01 06:48:48,desktop,/category/apparel,,False
7808,759,2025-07-21 23:06:11,2025-07-21 23:40:11,mobile,/deals,10,False
7809,374,2025-07-08 10:54:23,2025-07-08 11:03:23,desktop,/product-search,,False
7810,,2024-01-17 23:46:42,2024-01-18 00:17:42,mobile,/category/electronics,10,False
7811,342,2025-04-01 18:41:47,2025-04-01 19:03:47,mobile,/category/apparel,9,False
7812,,2025-02-22 17:50:21,2025-02-22 17:57:21,desktop,/category/electronics,,False
7813,,2025-06-14 05:46:52,2025-06-14 05:47:52,mobile,/deals,,False
7814,930,2025-11-20 21:40:41,2025-11-20 22:16:41,mobile,/category/electronics,9,False
7815,52,2025-05-23 18:42:40,2025-05-23 19:05:40,desktop,/home,,False
7816,507,2025-12-17 17:15:44,2025-12-17 17:28:44,desktop,/home,2,False
7817,,2025-09-08 23:36:15,2025-09-08 23:57:15,mobile,/product-search,8,False
7818,210,2025-11-23 15:06:04,2025-11-23 15:25:04,mobile,/deals,,False
7819,842,2025-03-02 05:02:21,2025-03-02 05:09:21,desktop,/home,,True
7820,11,2025-11-01 04:22:13,2025-11-01 05:01:13,desktop,/category/apparel,1,False
7821,874,2025-09-12 11:35:13,2025-09-12 11:46:13,mobile,/product-search,4,False
7822,921,2025-05-13 20:51:27,2025-05-13 21:18:27,mobile,/product-search,6,False
7823,745,2024-12-26 13:26:16,2024-12-26 14:01:16,tablet,/product-search,8,True
7824,,2024-06-12 20:48:40,2024-06-12 21:30:40,desktop,/home,,False
7825,,2024-10-31 15:25:04,2024-10-31 16:02:04,mobile,/deals,,False
7826,,2024-01-20 23:43:44,2024-01-21 00:18:44,tablet,/deals,3,False
7827,1423,2025-12-13 17:51:54,2025-12-13 18:00:54,mobile,/product-search,3,False
7828,738,2025-11-07 04:29:22,2025-11-07 04:38:22,tablet,/category/apparel,,False
7829,,2024-10-11 11:28:33,2024-10-11 11:30:33,tablet,/product-search,,False
7830,660,2025-08-21 04:43:55,2025-08-21 05:07:55,mobile,/category/apparel,,False
7831,1002,2025-07-07 14:10:24,2025-07-07 14:32:24,mobile,/home,,True
7832,1162,2025-10-05 03:21:08,2025-10-05 03:33:08,desktop,/category/apparel,,False
7833,,2025-11-11 16:12:29,2025-11-11 16:40:29,mobile,/home,,False
7834,203,2025-07-26 11:28:29,2025-07-26 11:35:29,tablet,/category/electronics,,False
7835,202,2025-11-30 04:57:25,2025-11-30 05:16:25,mobile,/category/apparel,14,False
7836,732,2025-12-13 05:23:42,2025-12-13 05:53:42,tablet,/deals,,False
7837,115,2025-11-06 03:52:37,2025-11-06 03:53:37,desktop,/blog,,False
7838,720,2025-06-06 12:50:01,2025-06-06 13:24:01,tablet,/product-search,,False
7839,589,2025-12-06 17:17:33,2025-12-06 17:54:33,mobile,/category/electronics,,False
7840,456,2025-12-10 11:25:08,2025-12-10 11:31:08,tablet,/category/apparel,11,False
7841,,2024-03-27 07:14:46,2024-03-27 07:28:46,tablet,/category/electronics,,False
7842,765,2024-05-29 15:01:55,2024-05-29 15:10:55,mobile,/product-search,4,False
7843,888,2025-12-16 19:23:12,2025-12-16 19:50:12,mobile,/category/apparel,,False
7844,1308,2025-10-24 14:05:23,2025-10-24 14:23:23,mobile,/blog,,False
7845,,2024-05-20 05:29:57,2024-05-20 05:32:57,mobile,/deals,14,False
7846,653,2025-05-21 10:46:33,2025-05-21 11:10:33,mobile,/product-search,7,False
7847,72,2024-12-26 22:02:19,2024-12-26 22:30:19,desktop,/category/electronics,,False
7848,1400,2024-05-23 14:17:02,2024-05-23 14:48:02,mobile,/home,,True
7849,699,2025-11-06 04:51:56,2025-11-06 04:57:56,tablet,/category/apparel,,False
7850,463,2024-03-01 17:45:32,2024-03-01 18:07:32,tablet,/category/electronics,2,False
7851,385,2025-09-19 11:12:45,2025-09-19 11:56:45,desktop,/blog,7,True
7852,,2024-12-25 07:16:33,2024-12-25 08:00:33,tablet,/deals,,False
7853,1149,2025-06-04 05:52:29,2025-06-04 06:16:29,desktop,/blog,,False
7854,,2025-02-15 19:55:20,2025-02-15 20:09:20,mobile,/deals,7,False
7855,890,2025-12-12 15:32:42,2025-12-12 15:59:42,mobile,/category/electronics,,False
7856,,2024-06-09 22:53:21,2024-06-09 23:12:21,desktop,/product-search,9,False
7857,1205,2025-08-19 18:14:56,2025-08-19 18:47:56,desktop,/home,13,False
7858,,2025-02-14 22:22:45,2025-02-14 23:07:45,desktop,/category/electronics,14,False
7859,1092,2025-09-11 18:16:13,2025-09-11 18:50:13,desktop,/home,4,False
7860,663,2025-08-22 02:00:18,2025-08-22 02:43:18,tablet,/product-search,1,False
7861,578,2024-12-20 02:48:54,2024-12-20 03:17:54,desktop,/blog,,False
7862,,2025-12-04 07:01:40,2025-12-04 07:15:40,tablet,/product-search,6,False
7863,,2025-04-13 04:26:58,2025-04-13 05:03:58,tablet,/category/apparel,,False
7864,14,2025-12-25 19:23:53,2025-12-25 19:28:53,tablet,/product-search,,False
7865,,2024-05-22 23:35:14,2024-05-23 00:14:14,tablet,/product-search,,False
7866,898,2025-03-08 17:40:49,2025-03-08 18:03:49,mobile,/blog,7,False
7867,,2025-01-10 01:16:41,2025-01-10 01:52:41,mobile,/home,2,False
7868,,2025-02-11 04:15:31,2025-02-11 04:20:31,mobile,/product-search,8,False
7869,1340,2025-11-11 23:59:49,2025-11-12 00:43:49,mobile,/deals,,True
7870,791,2024-04-27 12:00:12,2024-04-27 12:24:12,tablet,/product-search,9,False
7871,182,2025-12-25 23:13:56,2025-12-25 23:40:56,tablet,/home,,True
7872,,2025-09-26 05:56:32,2025-09-26 06:40:32,mobile,/product-search,15,False
7873,,2024-06-27 18:15:01,2024-06-27 18:35:01,desktop,/home,,False
7874,,2024-09-07 16:27:28,2024-09-07 17:05:28,desktop,/product-search,,False
7875,,2024-08-17 07:40:20,2024-08-17 07:57:20,desktop,/category/electronics,,False
7876,,2025-09-08 19:39:57,2025-09-08 20:16:57,mobile,/category/electronics,,False
7877,,2024-02-17 21:31:20,2024-02-17 21:56:20,mobile,/deals,,False
7878,542,2025-10-27 15:02:55,2025-10-27 15:14:55,desktop,/product-search,,False
7879,1054,2024-11-08 03:20:19,2024-11-08 04:04:19,mobile,/deals,,False
7880,910,2025-10-27 15:45:35,2025-10-27 15:59:35,tablet,/category/apparel,6,False
7881,,2025-09-26 00:46:28,2025-09-26 00:59:28,desktop,/home,,False
7882,47,2025-10-24 09:02:48,2025-10-24 09:18:48,tablet,/blog,1,False
7883,612,2025-11-22 15:23:20,2025-11-22 15:45:20,desktop,/category/apparel,,False
7884,1411,2024-08-08 18:37:40,2024-08-08 18:43:40,desktop,/product-search,,True
7885,10,2025-12-29 05:59:32,2025-12-29 06:10:32,mobile,/category/electronics,,False
7886,1496,2025-04-05 05:34:14,2025-04-05 06:03:14,mobile,/blog,9,True
7887,,2025-06-17 23:06:16,2025-06-17 23:16:16,desktop,/home,,False
7888,268,2024-08-04 17:05:30,2024-08-04 17:07:30,mobile,/deals,5,True
7889,566,2025-04-23 00:42:55,2025-04-23 00:48:55,tablet,/deals,,True
7890,1316,2025-05-14 11:44:39,2025-05-14 12:16:39,tablet,/category/electronics,,False
7891,1483,2025-06-07 08:22:45,2025-06-07 08:52:45,tablet,/category/apparel,,False
7892,541,2025-11-13 04:01:13,2025-11-13 04:13:13,tablet,/blog,2,False
7893,571,2025-07-05 02:00:35,2025-07-05 02:18:35,mobile,/home,11,False
7894,,2024-03-31 19:43:14,2024-03-31 20:02:14,desktop,/category/electronics,,False
7895,,2024-08-12 16:37:59,2024-08-12 17:09:59,tablet,/category/apparel,,False
7896,605,2025-05-01 23:26:02,2025-05-01 23:50:02,mobile,/product-search,12,False
7897,1206,2025-12-31 04:39:29,2025-12-31 05:15:29,mobile,/category/apparel,9,False
7898,,2024-11-11 17:34:34,2024-11-11 18:09:34,desktop,/product-search,,False
7899,,2024-11-06 03:40:56,2024-11-06 04:07:56,desktop,/product-search,,False
7900,1435,2025-10-11 08:54:25,2025-10-11 08:57:25,mobile,/home,9,True
7901,102,2025-04-10 19:30:39,2025-04-10 19:39:39,desktop,/blog,,False
7902,145,2025-11-11 12:59:59,2025-11-11 13:29:59,desktop,/blog,3,False
7903,306,2025-12-28 00:28:43,2025-12-28 00:53:43,mobile,/deals,12,True
7904,,2024-08-23 02:59:51,2024-08-23 03:06:51,desktop,/category/apparel,2,False
7905,968,2025-12-30 20:15:22,2025-12-30 20:48:22,mobile,/category/electronics,,False
7906,451,2025-10-18 16:18:14,2025-10-18 16:46:14,tablet,/product-search,9,True
7907,403,2024-10-10 17:17:49,2024-10-10 17:18:49,desktop,/product-search,,False
7908,494,2025-04-01 19:04:02,2025-04-01 19:14:02,mobile,/blog,,False
7909,1420,2025-10-26 17:47:32,2025-10-26 18:01:32,desktop,/category/electronics,,False
7910,414,2025-10-01 19:07:01,2025-10-01 19:32:01,desktop,/deals,2,False
7911,,2024-03-11 04:10:31,2024-03-11 04:22:31,mobile,/category/electronics,14,False
7912,90,2025-10-27 23:35:13,2025-10-27 23:36:13,tablet,/product-search,,False
7913,999,2024-07-25 16:49:03,2024-07-25 17:21:03,desktop,/category/electronics,,True
7914,586,2024-12-14 07:56:58,2024-12-14 08:31:58,desktop,/blog,2,False
7915,,2025-05-27 01:09:33,2025-05-27 01:21:33,tablet,/product-search,3,False
7916,,2025-10-04 13:57:51,2025-10-04 14:20:51,desktop,/home,,False
7917,,2024-03-07 15:59:59,2024-03-07 16:33:59,mobile,/deals,,False
7918,724,2025-08-10 02:29:25,2025-08-10 02:30:25,mobile,/product-search,2,False
7919,494,2025-01-26 16:41:43,2025-01-26 16:52:43,desktop,/home,,False
7920,754,2024-12-14 20:53:26,2024-12-14 21:03:26,mobile,/blog,,True
7921,,2025-05-13 10:34:23,2025-05-13 10:56:23,desktop,/product-search,,False
7922,267,2024-08-25 06:07:57,2024-08-25 06:42:57,mobile,/product-search,4,True
7923,,2024-10-06 21:23:52,2024-10-06 21:43:52,tablet,/category/electronics,,False
7924,646,2025-10-05 11:23:23,2025-10-05 11:59:23,mobile,/home,,True
7925,,2025-12-30 03:57:05,2025-12-30 04:29:05,tablet,/product-search,,False
7926,449,2025-08-01 16:16:06,2025-08-01 16:33:06,desktop,/deals,3,False
7927,1314,2025-11-15 11:52:29,2025-11-15 12:14:29,mobile,/blog,,False
7928,,2024-02-18 09:18:43,2024-02-18 09:48:43,desktop,/blog,,False
7929,,2024-03-15 03:24:23,2024-03-15 03:38:23,mobile,/deals,,False
7930,473,2025-09-05 15:49:38,2025-09-05 16:03:38,tablet,/blog,,False
7931,433,2025-09-03 03:47:04,2025-09-03 04:14:04,mobile,/category/apparel,,True
7932,,2025-09-23 04:46:46,2025-09-23 05:22:46,tablet,/deals,,False
7933,,2025-10-21 09:34:11,2025-10-21 09:37:11,tablet,/blog,,False
7934,970,2025-07-26 16:53:45,2025-07-26 16:56:45,tablet,/deals,,True
7935,942,2025-09-04 18:45:24,2025-09-04 19:14:24,tablet,/category/apparel,,False
7936,,2025-01-21 02:18:03,2025-01-21 02:52:03,tablet,/product-search,,False
7937,,2024-05-08 09:12:36,2024-05-08 09:38:36,mobile,/category/apparel,,False
7938,36,2024-10-10 23:12:10,2024-10-10 23:17:10,desktop,/category/apparel,11,False
7939,,2025-09-04 12:06:43,2025-09-04 12:41:43,mobile,/home,5,False
7940,9,2024-11-22 22:38:23,2024-11-22 23:04:23,tablet,/blog,9,False
7941,,2024-03-12 14:45:30,2024-03-12 15:08:30,mobile,/blog,,False
7942,,2024-02-03 09:29:17,2024-02-03 10:05:17,desktop,/deals,,False
7943,1154,2024-08-18 11:07:14,2024-08-18 11:49:14,desktop,/blog,,False
7944,,2024-08-02 06:13:17,2024-08-02 06:19:17,desktop,/deals,,False
7945,,2024-11-12 15:43:06,2024-11-12 15:51:06,mobile,/category/electronics,,False
7946,1039,2025-11-19 19:51:27,2025-11-19 20:13:27,mobile,/home,,True
7947,1459,2025-10-11 10:54:40,2025-10-11 11:37:40,mobile,/category/electronics,4,False
7948,212,2025-09-20 15:59:43,2025-09-20 16:19:43,mobile,/product-search,,False
7949,275,2024-08-11 21:00:35,2024-08-11 21:40:35,tablet,/blog,13,False
7950,,2025-10-18 21:31:32,2025-10-18 22:04:32,tablet,/category/apparel,10,False
7951,390,2025-09-16 18:57:55,2025-09-16 19:27:55,tablet,/blog,,False
7952,,2025-08-08 10:47:09,2025-08-08 11:19:09,mobile,/blog,,False
7953,,2025-11-14 09:09:01,2025-11-14 09:50:01,tablet,/category/electronics,,False
7954,767,2025-05-22 13:17:55,2025-05-22 13:50:55,tablet,/deals,,False
7955,1450,2025-12-16 13:35:48,2025-12-16 13:52:48,desktop,/home,10,False
7956,,2025-09-20 19:46:52,2025-09-20 19:56:52,tablet,/category/electronics,4,False
7957,1091,2025-10-29 15:48:05,2025-10-29 16:25:05,tablet,/deals,2,True
7958,1201,2025-06-19 07:08:49,2025-06-19 07:36:49,desktop,/product-search,,True
7959,910,2025-08-21 13:39:43,2025-08-21 14:21:43,tablet,/product-search,,False
7960,,2024-07-24 02:42:31,2024-07-24 03:03:31,mobile,/blog,4,False
7961,648,2025-12-30 12:00:14,2025-12-30 12:34:14,mobile,/category/apparel,3,False
7962,242,2024-06-30 05:44:18,2024-06-30 05:59:18,tablet,/blog,7,False
7963,,2024-03-18 15:26:56,2024-03-18 15:41:56,mobile,/deals,4,False
7964,1095,2025-11-21 16:17:43,2025-11-21 17:00:43,desktop,/product-search,,True
7965,943,2025-09-29 21:33:13,2025-09-29 21:50:13,desktop,/deals,3,False
7966,249,2024-11-24 07:11:45,2024-11-24 07:30:45,desktop,/blog,,False
7967,1430,2025-01-19 12:41:35,2025-01-19 13:11:35,tablet,/product-search,4,False
7968,,2024-11-07 03:21:14,2024-11-07 03:39:14,tablet,/blog,12,False
7969,19,2025-10-28 22:06:22,2025-10-28 22:31:22,desktop,/category/electronics,14,False
7970,,2025-02-22 00:44:35,2025-02-22 01:06:35,tablet,/deals,5,False
7971,,2025-08-20 17:54:40,2025-08-20 18:06:40,tablet,/category/apparel,15,False
7972,,2024-02-22 05:17:29,2024-02-22 05:51:29,mobile,/blog,,False
7973,1106,2025-11-16 10:06:49,2025-11-16 10:08:49,mobile,/product-search,,True
7974,26,2025-10-13 12:44:12,2025-10-13 12:57:12,tablet,/blog,15,False
7975,,2025-04-20 01:26:05,2025-04-20 01:31:05,mobile,/category/electronics,,False
7976,,2024-10-19 23:24:53,2024-10-20 00:09:53,mobile,/product-search,,False
7977,82,2025-12-20 05:23:07,2025-12-20 06:02:07,tablet,/blog,,False
7978,,2024-10-10 14:51:10,2024-10-10 15:35:10,tablet,/home,9,False
7979,230,2025-07-11 08:57:39,2025-07-11 09:41:39,tablet,/deals,13,False
7980,816,2025-12-25 06:10:57,2025-12-25 06:19:57,mobile,/category/apparel,,True
7981,1202,2025-11-21 16:38:47,2025-11-21 17:07:47,tablet,/deals,,True
7982,,2024-01-22 02:04:03,2024-01-22 02:43:03,desktop,/home,,False
7983,,2025-02-09 20:38:41,2025-02-09 21:19:41,desktop,/product-search,,False
7984,258,2025-09-24 21:02:47,2025-09-24 21:23:47,desktop,/blog,,False
7985,,2024-07-15 15:07:49,2024-07-15 15:44:49,mobile,/category/apparel,,False
7986,,2024-05-15 20:37:38,2024-05-15 20:47:38,desktop,/blog,,False
7987,,2024-01-01 20:07:57,2024-01-01 20:12:57,mobile,/blog,,False
7988,44,2025-11-20 23:01:34,2025-11-20 23:38:34,mobile,/home,,True
7989,675,2025-10-29 14:33:24,2025-10-29 15:17:24,tablet,/home,,True
7990,,2024-10-10 12:22:56,2024-10-10 12:31:56,tablet,/category/apparel,,False
7991,123,2025-11-16 08:16:37,2025-11-16 08:36:37,mobile,/deals,6,False
7992,401,2025-09-11 09:08:16,2025-09-11 09:34:16,mobile,/home,,False
7993,,2025-12-02 05:51:43,2025-12-02 06:19:43,mobile,/product-search,,False
7994,790,2025-12-16 21:44:38,2025-12-16 22:23:38,tablet,/category/apparel,,False
7995,485,2025-09-20 21:05:35,2025-09-20 21:35:35,tablet,/product-search,,True
7996,125,2025-12-28 08:22:14,2025-12-28 08:55:14,tablet,/category/apparel,,False
7997,1044,2025-08-31 03:32:25,2025-08-31 04:07:25,tablet,/deals,3,False
7998,904,2025-11-09 09:44:48,2025-11-09 10:15:48,desktop,/deals,,False
7999,371,2025-12-26 10:53:46,2025-12-26 11:01:46,desktop,/blog,,False
8000,,2024-04-19 22:53:39,2024-04-19 23:30:39,mobile,/category/apparel,2,False
8001,1054,2024-08-04 07:33:37,2024-08-04 08:18:37,mobile,/deals,,False
8002,1307,2025-08-26 18:31:22,2025-08-26 18:39:22,tablet,/category/electronics,,True
8003,1112,2025-06-07 16:38:05,2025-06-07 17:14:05,tablet,/product-search,,False
8004,,2024-07-04 03:00:49,2024-07-04 03:06:49,tablet,/category/apparel,10,False
8005,563,2025-11-28 19:35:57,2025-11-28 19:46:57,tablet,/deals,,False
8006,850,2025-12-27 15:39:13,2025-12-27 16:07:13,tablet,/blog,,False
8007,,2024-02-13 17:13:26,2024-02-13 17:45:26,tablet,/category/apparel,,True
8008,1499,2025-02-09 18:04:26,2025-02-09 18:28:26,mobile,/category/electronics,,False
8009,838,2025-10-30 14:13:24,2025-10-30 14:32:24,tablet,/home,,False
8010,1231,2025-11-29 06:29:45,2025-11-29 06:57:45,mobile,/deals,2,False
8011,247,2025-03-28 05:25:46,2025-03-28 05:58:46,mobile,/category/electronics,,False
8012,,2025-09-29 22:30:18,2025-09-29 22:34:18,mobile,/category/apparel,,False
8013,952,2025-12-09 23:58:37,2025-12-10 00:15:37,tablet,/product-search,,False
8014,,2025-01-09 03:05:05,2025-01-09 03:45:05,desktop,/category/electronics,,False
8015,810,2025-05-26 09:09:44,2025-05-26 09:32:44,mobile,/category/electronics,,False
8016,159,2025-11-25 22:44:15,2025-11-25 22:54:15,mobile,/category/apparel,4,False
8017,,2024-12-22 17:28:08,2024-12-22 17:35:08,mobile,/home,,False
8018,102,2025-04-20 11:33:08,2025-04-20 11:57:08,mobile,/category/electronics,,False
8019,,2025-08-01 16:57:36,2025-08-01 16:58:36,desktop,/product-search,,False
8020,,2025-05-14 05:20:31,2025-05-14 06:02:31,desktop,/category/electronics,,False
8021,1243,2024-10-28 21:47:46,2024-10-28 21:48:46,mobile,/category/electronics,,True
8022,670,2024-12-06 09:09:31,2024-12-06 09:12:31,tablet,/home,,True
8023,,2025-07-24 14:39:58,2025-07-24 15:06:58,tablet,/blog,,False
8024,810,2025-12-20 17:22:33,2025-12-20 17:33:33,mobile,/blog,,False
8025,1165,2025-06-15 02:49:29,2025-06-15 03:23:29,mobile,/deals,1,False
8026,,2025-07-14 23:15:52,2025-07-14 23:50:52,mobile,/blog,,False
8027,89,2025-12-09 20:28:36,2025-12-09 20:33:36,tablet,/product-search,15,True
8028,917,2024-10-15 16:22:10,2024-10-15 16:59:10,desktop,/category/apparel,,False
8029,1498,2025-07-24 18:05:55,2025-07-24 18:29:55,tablet,/category/electronics,,False
8030,,2024-06-27 18:33:59,2024-06-27 19:18:59,mobile,/home,,False
8031,,2025-02-28 15:54:43,2025-02-28 16:04:43,desktop,/deals,13,False
8032,1171,2024-06-18 14:54:08,2024-06-18 15:17:08,mobile,/blog,,False
8033,,2025-03-06 02:18:36,2025-03-06 02:47:36,tablet,/category/apparel,,False
8034,,2025-12-05 06:22:54,2025-12-05 06:46:54,mobile,/deals,14,False
8035,,2025-01-01 22:20:16,2025-01-01 22:56:16,mobile,/category/apparel,2,False
8036,935,2025-09-04 23:42:03,2025-09-05 00:16:03,desktop,/deals,9,True
8037,29,2025-09-15 17:50:46,2025-09-15 18:02:46,tablet,/category/electronics,,False
8038,1136,2024-12-30 06:21:01,2024-12-30 07:01:01,mobile,/category/electronics,,False
8039,,2025-05-03 15:44:29,2025-05-03 15:47:29,tablet,/product-search,6,False
8040,673,2024-07-30 19:44:55,2024-07-30 20:14:55,mobile,/blog,12,False
8041,,2025-04-01 05:13:22,2025-04-01 05:25:22,desktop,/category/apparel,4,False
8042,,2024-06-09 08:12:04,2024-06-09 08:53:04,mobile,/deals,8,False
8043,,2025-10-07 21:26:19,2025-10-07 21:52:19,tablet,/deals,3,False
8044,,2024-10-09 08:26:37,2024-10-09 09:06:37,mobile,/deals,,False
8045,,2024-08-18 07:20:23,2024-08-18 07:28:23,mobile,/category/apparel,,False
8046,1219,2025-09-03 07:38:39,2025-09-03 08:08:39,desktop,/home,,False
8047,119,2025-11-26 12:15:20,2025-11-26 12:49:20,tablet,/blog,,False
8048,817,2025-05-21 17:45:54,2025-05-21 18:30:54,mobile,/category/apparel,3,False
8049,1110,2024-05-18 17:26:51,2024-05-18 18:07:51,mobile,/product-search,4,False
8050,,2025-01-28 03:24:14,2025-01-28 03:35:14,mobile,/deals,,False
8051,1435,2025-11-02 20:11:50,2025-11-02 20:16:50,tablet,/deals,,False
8052,531,2025-06-27 14:55:09,2025-06-27 15:28:09,tablet,/category/electronics,15,True
8053,,2025-07-08 11:21:00,2025-07-08 11:27:00,tablet,/home,,False
8054,,2024-06-14 21:40:22,2024-06-14 22:18:22,desktop,/category/electronics,11,False
8055,826,2025-10-13 07:43:00,2025-10-13 07:45:00,tablet,/home,,False
8056,1118,2024-09-09 11:03:48,2024-09-09 11:15:48,desktop,/deals,,False
8057,1403,2025-11-02 08:27:53,2025-11-02 08:31:53,mobile,/blog,,False
8058,,2024-07-28 07:11:38,2024-07-28 07:27:38,mobile,/blog,,False
8059,734,2025-10-12 18:14:40,2025-10-12 18:48:40,mobile,/blog,4,True
8060,,2024-04-24 17:37:58,2024-04-24 17:41:58,desktop,/home,,False
8061,,2025-04-28 17:00:55,2025-04-28 17:28:55,mobile,/product-search,,False
8062,1093,2025-12-17 09:20:01,2025-12-17 09:41:01,tablet,/category/electronics,15,False
8063,191,2024-08-12 05:15:52,2024-08-12 05:35:52,desktop,/category/apparel,,False
8064,389,2025-12-23 04:32:29,2025-12-23 04:37:29,tablet,/category/electronics,6,False
8065,1335,2024-06-19 13:24:43,2024-06-19 13:37:43,mobile,/category/electronics,,True
8066,976,2025-06-21 18:58:05,2025-06-21 19:11:05,desktop,/blog,2,False
8067,,2025-06-08 18:37:37,2025-06-08 19:04:37,mobile,/category/electronics,,False
8068,,2024-02-01 12:21:20,2024-02-01 12:55:20,tablet,/category/electronics,13,False
8069,7,2025-04-07 15:54:45,2025-04-07 16:24:45,tablet,/blog,,False
8070,814,2025-08-21 23:12:42,2025-08-21 23:46:42,tablet,/product-search,3,True
8071,526,2025-10-07 17:05:12,2025-10-07 17:42:12,tablet,/category/apparel,5,True
8072,69,2025-11-22 19:42:34,2025-11-22 20:27:34,tablet,/category/apparel,13,False
8073,571,2025-08-24 10:57:20,2025-08-24 11:16:20,desktop,/blog,,False
8074,560,2025-05-30 22:39:17,2025-05-30 22:48:17,desktop,/category/electronics,,False
8075,,2024-01-19 17:59:03,2024-01-19 18:02:03,mobile,/product-search,1,False
8076,1318,2025-08-01 06:32:04,2025-08-01 06:45:04,desktop,/deals,,False
8077,,2024-11-17 12:07:41,2024-11-17 12:18:41,mobile,/category/apparel,,False
8078,,2024-10-16 01:11:10,2024-10-16 01:22:10,tablet,/blog,,False
8079,,2024-10-07 07:36:43,2024-10-07 07:38:43,desktop,/product-search,10,False
8080,936,2025-11-07 03:44:03,2025-11-07 03:47:03,desktop,/blog,,False
8081,,2025-07-11 08:41:51,2025-07-11 08:54:51,tablet,/product-search,6,False
8082,1155,2025-10-11 12:18:10,2025-10-11 12:38:10,mobile,/category/apparel,,False
8083,1255,2025-12-07 01:53:00,2025-12-07 02:18:00,tablet,/category/electronics,,False
8084,815,2024-11-24 02:40:03,2024-11-24 02:59:03,mobile,/category/apparel,,False
8085,1404,2025-11-28 04:49:08,2025-11-28 05:23:08,desktop,/category/electronics,14,False
8086,,2025-05-24 05:23:27,2025-05-24 05:55:27,tablet,/product-search,,False
8087,,2025-10-29 09:58:52,2025-10-29 10:04:52,mobile,/home,,False
8088,1465,2024-08-13 04:55:02,2024-08-13 04:56:02,desktop,/product-search,15,False
8089,1150,2025-05-22 23:13:16,2025-05-22 23:47:16,desktop,/home,,False
8090,,2024-03-31 11:23:32,2024-03-31 11:29:32,tablet,/product-search,,False
8091,1497,2025-08-25 21:01:40,2025-08-25 21:02:40,tablet,/blog,7,True
8092,1092,2025-09-09 06:52:38,2025-09-09 07:27:38,tablet,/blog,10,False
8093,677,2025-11-08 09:35:10,2025-11-08 09:40:10,tablet,/blog,,False
8094,,2024-08-24 02:25:15,2024-08-24 03:03:15,desktop,/product-search,4,False
8095,763,2024-12-21 03:15:49,2024-12-21 03:32:49,mobile,/category/apparel,,False
8096,105,2024-08-09 00:29:19,2024-08-09 00:33:19,tablet,/deals,,True
8097,303,2025-11-14 10:22:44,2025-11-14 10:55:44,desktop,/home,11,False
8098,,2025-11-14 20:06:57,2025-11-14 20:31:57,mobile,/category/apparel,15,False
8099,,2025-07-10 11:22:40,2025-07-10 12:06:40,tablet,/product-search,7,True
8100,,2024-02-27 03:54:35,2024-02-27 04:38:35,tablet,/home,,False
8101,,2024-06-07 20:30:46,2024-06-07 20:42:46,desktop,/category/electronics,,False
8102,374,2024-12-02 22:19:54,2024-12-02 22:38:54,tablet,/product-search,,False
8103,,2024-02-28 13:04:52,2024-02-28 13:39:52,mobile,/blog,5,False
8104,1447,2025-05-23 00:20:09,2025-05-23 00:23:09,tablet,/blog,11,False
8105,76,2025-04-18 15:48:21,2025-04-18 16:07:21,mobile,/blog,,False
8106,1235,2025-08-24 18:11:13,2025-08-24 18:24:13,mobile,/blog,,False
8107,967,2025-10-07 20:45:45,2025-10-07 20:53:45,mobile,/category/apparel,9,False
8108,331,2025-09-12 00:47:48,2025-09-12 01:16:48,desktop,/product-search,,False
8109,1322,2025-12-02 00:39:13,2025-12-02 01:04:13,tablet,/home,1,True
8110,,2025-01-04 17:32:32,2025-01-04 18:10:32,mobile,/category/apparel,6,False
8111,,2025-11-25 13:29:41,2025-11-25 13:52:41,mobile,/blog,14,False
8112,,2024-06-02 05:11:16,2024-06-02 05:34:16,tablet,/category/electronics,13,False
8113,1402,2025-09-09 16:30:29,2025-09-09 16:34:29,desktop,/deals,,False
8114,323,2025-10-07 20:37:46,2025-10-07 20:47:46,tablet,/home,4,True
8115,822,2025-12-04 13:03:52,2025-12-04 13:41:52,mobile,/product-search,,False
8116,521,2024-12-21 00:36:56,2024-12-21 00:47:56,mobile,/category/electronics,,False
8117,438,2025-03-05 00:40:42,2025-03-05 01:21:42,mobile,/deals,13,False
8118,1363,2025-07-21 03:38:05,2025-07-21 04:04:05,mobile,/category/apparel,2,False
8119,919,2025-06-06 01:32:04,2025-06-06 02:02:04,mobile,/product-search,,False
8120,,2024-03-07 02:58:04,2024-03-07 03:30:04,mobile,/blog,10,False
8121,125,2025-12-28 17:03:48,2025-12-28 17:08:48,mobile,/product-search,3,False
8122,,2024-02-09 11:54:41,2024-02-09 12:34:41,desktop,/home,,False
8123,,2025-04-17 02:29:03,2025-04-17 03:12:03,desktop,/blog,,False
8124,279,2025-09-02 18:09:31,2025-09-02 18:20:31,mobile,/category/electronics,,False
8125,1340,2025-10-28 12:30:32,2025-10-28 12:33:32,tablet,/home,,False
8126,1417,2025-07-11 23:32:35,2025-07-12 00:05:35,desktop,/category/electronics,,True
8127,62,2025-04-02 04:14:46,2025-04-02 04:27:46,desktop,/category/electronics,,False
8128,1454,2025-05-02 02:25:42,2025-05-02 02:40:42,desktop,/home,10,False
8129,,2025-02-15 07:16:52,2025-02-15 07:37:52,desktop,/product-search,,False
8130,1122,2025-11-25 20:51:00,2025-11-25 21:07:00,desktop,/home,,False
8131,,2025-10-14 03:45:18,2025-10-14 03:59:18,desktop,/category/electronics,,False
8132,,2024-07-07 02:01:27,2024-07-07 02:25:27,tablet,/product-search,13,False
8133,,2024-10-14 05:42:20,2024-10-14 05:54:20,tablet,/blog,,False
8134,,2025-10-31 12:33:28,2025-10-31 13:14:28,desktop,/category/apparel,,False
8135,,2025-11-15 23:47:31,2025-11-16 00:16:31,desktop,/blog,1,False
8136,,2024-07-31 04:43:09,2024-07-31 05:08:09,tablet,/category/apparel,,False
8137,,2024-06-15 23:19:40,2024-06-15 23:29:40,tablet,/home,8,False
8138,,2024-06-12 21:04:16,2024-06-12 21:14:16,tablet,/deals,4,False
8139,1172,2025-09-22 11:34:39,2025-09-22 12:03:39,mobile,/category/apparel,,False
8140,957,2024-11-01 00:54:15,2024-11-01 01:00:15,desktop,/blog,4,False
8141,23,2025-07-28 02:58:10,2025-07-28 03:26:10,tablet,/category/electronics,,False
8142,407,2025-03-15 01:17:27,2025-03-15 01:32:27,desktop,/home,13,False
8143,,2025-01-21 13:36:28,2025-01-21 14:11:28,mobile,/category/apparel,8,False
8144,,2024-11-06 14:23:31,2024-11-06 14:33:31,mobile,/category/electronics,,False
8145,,2025-02-16 07:53:16,2025-02-16 08:35:16,mobile,/category/apparel,9,False
8146,,2025-09-07 12:55:15,2025-09-07 13:03:15,mobile,/deals,,False
8147,121,2025-08-23 18:21:17,2025-08-23 18:40:17,tablet,/home,,False
8148,1038,2024-09-27 03:08:36,2024-09-27 03:47:36,mobile,/category/electronics,1,True
8149,533,2025-06-14 18:53:11,2025-06-14 19:34:11,tablet,/category/apparel,,True
8150,,2024-08-27 11:55:09,2024-08-27 12:33:09,tablet,/blog,11,False
8151,1165,2025-04-14 18:26:47,2025-04-14 18:50:47,tablet,/product-search,,False
8152,1226,2025-10-30 20:43:36,2025-10-30 20:51:36,mobile,/blog,12,False
8153,23,2025-08-26 11:06:57,2025-08-26 11:35:57,mobile,/product-search,,False
8154,,2025-05-15 18:55:39,2025-05-15 19:34:39,mobile,/deals,,False
8155,290,2025-11-27 12:44:26,2025-11-27 13:22:26,tablet,/category/apparel,,False
8156,898,2025-01-30 09:25:21,2025-01-30 09:50:21,mobile,/category/electronics,11,True
8157,1215,2025-04-11 01:09:40,2025-04-11 01:30:40,tablet,/product-search,9,False
8158,,2025-07-27 15:11:16,2025-07-27 15:34:16,tablet,/category/apparel,2,False
8159,1019,2025-08-11 23:44:49,2025-08-12 00:03:49,desktop,/home,3,False
8160,,2024-04-29 13:57:35,2024-04-29 14:36:35,tablet,/category/apparel,,False
8161,38,2025-12-31 01:14:27,2025-12-31 01:35:27,desktop,/home,15,True
8162,385,2024-10-03 12:45:06,2024-10-03 13:29:06,mobile,/deals,12,False
8163,1068,2025-12-31 16:39:44,2025-12-31 16:44:44,desktop,/product-search,,True
8164,12,2025-10-14 20:10:00,2025-10-14 20:44:00,mobile,/product-search,,False
8165,851,2024-04-25 22:36:15,2024-04-25 23:20:15,mobile,/product-search,6,False
8166,,2025-05-29 11:11:32,2025-05-29 11:16:32,tablet,/deals,,False
8167,,2024-01-20 20:13:11,2024-01-20 20:29:11,mobile,/product-search,,False
8168,982,2025-11-27 17:23:41,2025-11-27 17:39:41,mobile,/deals,,False
8169,644,2025-01-14 20:05:03,2025-01-14 20:38:03,tablet,/product-search,,False
8170,12,2025-09-19 08:18:10,2025-09-19 08:52:10,desktop,/home,,False
8171,,2024-12-16 19:48:06,2024-12-16 19:53:06,desktop,/product-search,,False
8172,426,2025-05-11 05:42:53,2025-05-11 06:23:53,desktop,/deals,14,False
8173,,2024-11-29 07:37:20,2024-11-29 07:46:20,mobile,/category/apparel,,False
8174,1305,2025-06-30 03:52:12,2025-06-30 03:54:12,tablet,/blog,,False
8175,1310,2025-02-28 21:39:59,2025-02-28 21:59:59,desktop,/category/apparel,,False
8176,,2025-05-14 20:25:48,2025-05-14 20:56:48,tablet,/category/apparel,13,False
8177,,2025-05-09 15:26:30,2025-05-09 15:38:30,mobile,/product-search,13,False
8178,147,2025-07-29 20:56:55,2025-07-29 20:58:55,desktop,/category/electronics,,True
8179,424,2025-12-24 17:52:33,2025-12-24 18:23:33,mobile,/blog,,False
8180,,2025-09-08 10:17:23,2025-09-08 10:41:23,tablet,/category/apparel,,False
8181,,2024-12-03 16:56:41,2024-12-03 17:09:41,tablet,/category/apparel,,False
8182,562,2025-12-16 05:52:21,2025-12-16 06:06:21,mobile,/home,,False
8183,1451,2025-02-03 03:52:18,2025-02-03 04:32:18,desktop,/product-search,1,False
8184,320,2025-08-28 07:52:24,2025-08-28 08:08:24,tablet,/category/electronics,,False
8185,827,2025-07-13 00:02:16,2025-07-13 00:15:16,tablet,/deals,,False
8186,1406,2024-04-16 22:32:32,2024-04-16 23:02:32,mobile,/home,,False
8187,,2025-01-31 09:38:03,2025-01-31 09:42:03,tablet,/blog,4,False
8188,,2024-08-11 04:01:40,2024-08-11 04:25:40,tablet,/category/electronics,,False
8189,154,2025-08-24 01:12:09,2025-08-24 01:21:09,mobile,/deals,12,True
8190,,2025-06-18 00:20:17,2025-06-18 00:55:17,mobile,/category/electronics,,False
8191,1203,2025-08-15 03:08:33,2025-08-15 03:43:33,tablet,/product-search,,False
8192,,2024-07-06 04:19:08,2024-07-06 04:56:08,tablet,/deals,,False
8193,202,2025-12-24 19:08:14,2025-12-24 19:28:14,mobile,/deals,,False
8194,1076,2025-06-24 07:22:23,2025-06-24 07:50:23,mobile,/blog,,False
8195,1250,2024-09-28 19:40:47,2024-09-28 20:14:47,mobile,/category/apparel,,False
8196,28,2025-03-01 12:24:44,2025-03-01 12:46:44,mobile,/category/apparel,6,False
8197,617,2025-11-03 01:10:16,2025-11-03 01:21:16,tablet,/deals,4,True
8198,627,2025-12-20 08:49:55,2025-12-20 08:58:55,tablet,/deals,,False
8199,194,2025-12-13 00:10:04,2025-12-13 00:17:04,desktop,/blog,7,False
8200,297,2025-05-30 17:34:28,2025-05-30 17:45:28,tablet,/home,,False
8201,1482,2025-09-19 15:50:38,2025-09-19 16:20:38,tablet,/blog,,False
8202,473,2025-05-17 16:38:38,2025-05-17 17:03:38,tablet,/category/apparel,1,False
8203,,2024-12-26 11:17:37,2024-12-26 11:30:37,mobile,/category/apparel,,False
8204,1478,2025-11-29 03:17:39,2025-11-29 03:57:39,desktop,/deals,12,False
8205,,2024-07-01 01:27:24,2024-07-01 02:04:24,desktop,/deals,8,False
8206,739,2025-08-03 03:57:00,2025-08-03 04:14:00,mobile,/home,,False
8207,874,2025-08-19 23:33:52,2025-08-19 23:45:52,mobile,/deals,12,True
8208,983,2025-12-21 07:56:26,2025-12-21 08:30:26,desktop,/blog,,False
8209,,2025-06-25 17:44:06,2025-06-25 18:11:06,tablet,/category/apparel,,False
8210,,2025-01-11 00:16:39,2025-01-11 00:44:39,tablet,/deals,,False
8211,921,2024-12-20 07:51:43,2024-12-20 08:29:43,desktop,/home,7,False
8212,,2025-07-06 11:47:47,2025-07-06 12:18:47,mobile,/category/apparel,,False
8213,966,2025-11-15 09:15:23,2025-11-15 09:45:23,mobile,/home,,False
8214,901,2025-01-14 19:07:53,2025-01-14 19:37:53,desktop,/category/electronics,8,False
8215,473,2025-11-28 14:41:11,2025-11-28 15:19:11,desktop,/category/electronics,,True
8216,1048,2025-09-02 10:55:49,2025-09-02 11:14:49,mobile,/category/apparel,,False
8217,1303,2025-11-05 17:00:47,2025-11-05 17:26:47,mobile,/deals,,False
8218,,2024-03-03 20:30:00,2024-03-03 20:40:00,desktop,/home,,False
8219,305,2025-05-21 02:54:35,2025-05-21 03:01:35,desktop,/blog,,True
8220,584,2025-12-17 14:21:17,2025-12-17 15:02:17,tablet,/category/apparel,,False
8221,173,2024-04-05 08:38:45,2024-04-05 08:56:45,tablet,/product-search,,True
8222,,2025-01-17 20:37:55,2025-01-17 20:38:55,mobile,/category/apparel,,False
8223,,2024-01-22 08:37:08,2024-01-22 08:55:08,tablet,/category/electronics,,False
8224,,2024-12-22 18:06:59,2024-12-22 18:13:59,desktop,/category/apparel,,False
8225,,2025-02-11 10:39:58,2025-02-11 11:10:58,tablet,/home,11,False
8226,485,2025-10-12 08:34:55,2025-10-12 08:56:55,mobile,/deals,,True
8227,,2024-12-04 15:35:02,2024-12-04 15:56:02,desktop,/category/apparel,,False
8228,418,2025-07-29 18:28:17,2025-07-29 18:57:17,desktop,/category/electronics,,True
8229,989,2025-02-06 19:37:51,2025-02-06 19:52:51,mobile,/blog,10,False
8230,376,2025-11-22 11:55:59,2025-11-22 11:58:59,mobile,/category/electronics,4,False
8231,1247,2025-05-14 09:36:34,2025-05-14 10:20:34,mobile,/category/apparel,,False
8232,,2024-08-19 10:14:23,2024-08-19 10:33:23,mobile,/blog,2,False
8233,1170,2025-12-24 14:30:23,2025-12-24 14:51:23,desktop,/home,,False
8234,,2025-10-07 14:00:56,2025-10-07 14:35:56,mobile,/category/apparel,,False
8235,705,2024-11-14 22:55:41,2024-11-14 23:13:41,mobile,/category/apparel,,False
8236,123,2025-12-04 19:36:59,2025-12-04 20:06:59,desktop,/blog,9,False
8237,,2024-01-25 21:41:46,2024-01-25 22:07:46,desktop,/category/apparel,,False
8238,,2025-01-21 18:17:52,2025-01-21 18:56:52,desktop,/category/apparel,,False
8239,1266,2025-09-01 07:11:29,2025-09-01 07:32:29,tablet,/product-search,,True
8240,679,2025-03-15 00:06:17,2025-03-15 00:40:17,mobile,/home,,False
8241,,2024-04-08 18:54:43,2024-04-08 19:14:43,mobile,/deals,11,False
8242,,2024-02-13 00:56:24,2024-02-13 01:06:24,desktop,/category/apparel,,False
8243,603,2025-11-09 12:33:56,2025-11-09 13:16:56,tablet,/home,,False
8244,1451,2025-02-02 07:19:29,2025-02-02 08:03:29,desktop,/product-search,,False
8245,,2025-05-24 12:02:39,2025-05-24 12:35:39,tablet,/home,,False
8246,315,2025-09-27 12:52:19,2025-09-27 13:18:19,tablet,/home,,False
8247,283,2025-05-08 09:23:53,2025-05-08 09:39:53,tablet,/product-search,,False
8248,,2025-09-17 15:24:10,2025-09-17 15:28:10,desktop,/product-search,,False
8249,1382,2025-10-17 02:32:04,2025-10-17 02:54:04,desktop,/blog,,True
8250,765,2025-10-11 02:11:44,2025-10-11 02:45:44,desktop,/product-search,,False
8251,1394,2025-08-29 21:17:54,2025-08-29 21:53:54,desktop,/deals,,False
8252,232,2025-09-02 03:24:48,2025-09-02 03:55:48,mobile,/product-search,,False
8253,114,2025-04-04 19:12:33,2025-04-04 19:21:33,mobile,/deals,,False
8254,,2024-12-09 13:19:58,2024-12-09 13:24:58,mobile,/blog,,False
8255,1011,2025-12-29 10:35:25,2025-12-29 10:36:25,mobile,/home,9,False
8256,920,2025-01-02 14:23:07,2025-01-02 14:56:07,desktop,/product-search,,False
8257,,2025-04-12 12:24:31,2025-04-12 12:54:31,desktop,/deals,,False
8258,1254,2025-06-03 05:16:08,2025-06-03 05:48:08,tablet,/deals,13,False
8259,,2025-11-26 12:47:05,2025-11-26 12:50:05,tablet,/deals,14,False
8260,1058,2025-04-14 11:45:40,2025-04-14 12:25:40,mobile,/product-search,4,False
8261,,2024-05-03 12:26:31,2024-05-03 13:11:31,desktop,/product-search,,False
8262,197,2025-06-13 03:57:57,2025-06-13 04:08:57,tablet,/blog,14,False
8263,542,2025-11-07 07:57:42,2025-11-07 08:07:42,mobile,/blog,8,True
8264,,2025-07-09 08:30:24,2025-07-09 08:31:24,tablet,/blog,,False
8265,1259,2025-01-06 00:17:39,2025-01-06 00:34:39,mobile,/deals,2,False
8266,1204,2025-11-11 09:27:03,2025-11-11 09:51:03,desktop,/product-search,8,False
8267,178,2025-01-10 10:30:50,2025-01-10 10:53:50,mobile,/deals,11,False
8268,,2024-12-21 21:09:04,2024-12-21 21:12:04,desktop,/category/electronics,9,False
8269,398,2025-04-17 17:43:38,2025-04-17 17:51:38,mobile,/category/electronics,,False
8270,,2025-08-14 09:26:31,2025-08-14 09:51:31,tablet,/blog,,False
8271,1099,2025-11-12 08:09:56,2025-11-12 08:54:56,mobile,/product-search,,False
8272,,2025-05-19 08:37:02,2025-05-19 08:43:02,desktop,/home,1,False
8273,869,2025-07-04 07:29:17,2025-07-04 07:40:17,desktop,/category/apparel,15,False
8274,1356,2025-09-24 12:48:08,2025-09-24 13:07:08,mobile,/home,7,False
8275,,2025-07-27 17:01:52,2025-07-27 17:10:52,desktop,/product-search,3,False
8276,,2024-05-13 04:28:54,2024-05-13 05:01:54,tablet,/home,11,False
8277,1364,2025-08-22 21:43:50,2025-08-22 21:54:50,tablet,/deals,2,False
8278,122,2025-07-04 12:14:12,2025-07-04 12:47:12,desktop,/blog,15,False
8279,1430,2025-10-17 16:06:26,2025-10-17 16:32:26,tablet,/home,9,False
8280,,2025-12-21 20:33:52,2025-12-21 20:42:52,desktop,/category/apparel,,False
8281,91,2025-12-15 19:09:20,2025-12-15 19:20:20,tablet,/product-search,15,False
8282,51,2024-08-09 10:27:40,2024-08-09 10:57:40,tablet,/home,3,False
8283,874,2025-08-18 07:07:25,2025-08-18 07:23:25,tablet,/product-search,,False
8284,1319,2025-11-10 21:09:47,2025-11-10 21:26:47,desktop,/category/apparel,,False
8285,,2025-04-24 13:45:30,2025-04-24 13:50:30,desktop,/category/electronics,2,False
8286,666,2025-08-07 01:09:38,2025-08-07 01:24:38,tablet,/deals,,False
8287,646,2025-11-18 23:33:54,2025-11-19 00:13:54,tablet,/blog,4,True
8288,813,2025-12-27 08:29:00,2025-12-27 08:39:00,mobile,/deals,6,True
8289,1443,2025-08-01 07:16:56,2025-08-01 07:35:56,desktop,/category/apparel,,False
8290,,2024-12-02 17:49:23,2024-12-02 18:30:23,tablet,/product-search,,False
8291,,2025-02-23 10:06:15,2025-02-23 10:22:15,tablet,/category/electronics,8,False
8292,804,2024-08-05 23:41:11,2024-08-06 00:04:11,desktop,/category/apparel,,False
8293,11,2025-10-19 07:58:05,2025-10-19 08:20:05,mobile,/category/electronics,,False
8294,966,2025-06-08 07:53:06,2025-06-08 08:20:06,mobile,/blog,,False
8295,1228,2024-04-26 23:53:08,2024-04-27 00:34:08,desktop,/category/electronics,,False
8296,,2024-08-22 17:12:27,2024-08-22 17:45:27,mobile,/blog,,False
8297,987,2025-05-23 01:34:39,2025-05-23 01:40:39,tablet,/blog,9,False
8298,1090,2025-09-17 22:43:01,2025-09-17 22:53:01,mobile,/blog,,False
8299,111,2024-08-05 18:11:15,2024-08-05 18:34:15,desktop,/category/apparel,14,True
8300,366,2025-07-21 15:57:05,2025-07-21 16:05:05,mobile,/category/apparel,13,True
8301,,2024-07-21 17:27:06,2024-07-21 18:01:06,desktop,/category/electronics,7,False
8302,1022,2025-04-25 10:00:25,2025-04-25 10:07:25,desktop,/product-search,13,False
8303,122,2025-05-22 14:05:28,2025-05-22 14:18:28,desktop,/category/apparel,,False
8304,501,2024-05-15 11:23:59,2024-05-15 11:40:59,mobile,/deals,14,False
8305,1390,2025-02-02 04:10:10,2025-02-02 04:44:10,mobile,/product-search,6,True
8306,693,2025-04-15 00:23:02,2025-04-15 00:33:02,mobile,/category/electronics,,False
8307,1439,2025-03-17 19:08:12,2025-03-17 19:51:12,tablet,/blog,,False
8308,1007,2025-12-31 00:08:05,2025-12-31 00:20:05,tablet,/deals,,True
8309,245,2025-07-11 14:19:38,2025-07-11 14:29:38,desktop,/category/electronics,,False
8310,1301,2025-09-07 06:42:20,2025-09-07 06:49:20,tablet,/home,,False
8311,977,2024-12-28 12:18:04,2024-12-28 13:02:04,tablet,/blog,7,False
8312,828,2025-10-27 01:17:18,2025-10-27 01:50:18,mobile,/category/apparel,5,True
8313,246,2025-03-29 12:39:20,2025-03-29 13:04:20,mobile,/home,10,False
8314,1219,2025-09-04 08:10:12,2025-09-04 08:45:12,desktop,/category/electronics,,False
8315,1209,2024-11-04 00:41:37,2024-11-04 00:46:37,tablet,/home,5,False
8316,,2024-09-12 00:39:06,2024-09-12 00:43:06,desktop,/category/apparel,,False
8317,1133,2025-11-02 12:33:01,2025-11-02 13:08:01,tablet,/category/apparel,,False
8318,,2024-04-19 00:08:23,2024-04-19 00:40:23,mobile,/product-search,,False
8319,725,2024-12-23 08:01:09,2024-12-23 08:13:09,tablet,/home,,False
8320,1330,2025-12-22 08:54:27,2025-12-22 09:04:27,desktop,/category/electronics,,False
8321,1425,2024-06-29 10:23:03,2024-06-29 11:04:03,desktop,/category/apparel,,False
8322,199,2025-12-28 23:43:30,2025-12-29 00:02:30,desktop,/category/apparel,10,False
8323,,2025-07-06 05:29:59,2025-07-06 05:49:59,mobile,/product-search,7,False
8324,612,2025-12-19 22:04:52,2025-12-19 22:40:52,mobile,/product-search,,True
8325,,2024-01-05 19:33:14,2024-01-05 19:58:14,desktop,/home,14,False
8326,562,2025-09-18 19:40:53,2025-09-18 19:45:53,mobile,/category/electronics,6,False
8327,326,2025-06-09 01:21:39,2025-06-09 01:31:39,tablet,/deals,,False
8328,,2024-05-04 19:00:12,2024-05-04 19:07:12,desktop,/product-search,,False
8329,1040,2025-05-23 10:23:53,2025-05-23 10:47:53,mobile,/category/apparel,,False
8330,,2024-05-16 22:58:30,2024-05-16 23:01:30,mobile,/product-search,,False
8331,1144,2025-11-03 11:23:00,2025-11-03 11:39:00,mobile,/category/electronics,10,False
8332,,2025-02-23 05:35:27,2025-02-23 05:56:27,tablet,/blog,15,False
8333,,2024-03-19 13:29:57,2024-03-19 14:11:57,desktop,/blog,,False
8334,1052,2025-09-06 12:28:59,2025-09-06 13:03:59,tablet,/home,,False
8335,,2024-03-22 13:03:35,2024-03-22 13:04:35,desktop,/product-search,,False
8336,391,2025-12-09 22:43:04,2025-12-09 22:46:04,mobile,/product-search,,False
8337,,2025-06-14 23:32:10,2025-06-15 00:00:10,tablet,/category/electronics,14,False
8338,1459,2025-12-09 23:15:24,2025-12-09 23:45:24,mobile,/category/electronics,,True
8339,749,2025-10-28 20:19:17,2025-10-28 20:26:17,mobile,/blog,,False
8340,911,2025-11-11 02:19:30,2025-11-11 02:27:30,desktop,/home,3,False
8341,,2025-08-02 20:39:47,2025-08-02 21:17:47,desktop,/home,,False
8342,513,2025-03-08 09:31:59,2025-03-08 09:49:59,desktop,/deals,13,False
8343,,2025-01-10 03:58:13,2025-01-10 04:07:13,desktop,/product-search,,False
8344,479,2025-07-14 09:27:43,2025-07-14 09:56:43,tablet,/deals,7,True
8345,110,2024-12-24 13:00:20,2024-12-24 13:39:20,tablet,/category/electronics,,False
8346,1367,2025-12-19 17:54:11,2025-12-19 18:38:11,tablet,/category/electronics,12,False
8347,,2024-10-29 12:39:53,2024-10-29 12:51:53,desktop,/deals,7,False
8348,975,2025-03-08 02:42:15,2025-03-08 03:10:15,mobile,/deals,1,False
8349,1428,2024-12-28 16:37:43,2024-12-28 17:13:43,tablet,/category/electronics,4,False
8350,883,2025-07-28 21:57:35,2025-07-28 22:35:35,desktop,/blog,6,False
8351,1117,2025-12-24 08:29:01,2025-12-24 08:54:01,desktop,/category/apparel,,False
8352,1353,2025-08-06 10:48:38,2025-08-06 11:29:38,tablet,/category/apparel,,False
8353,793,2025-09-17 14:55:23,2025-09-17 15:16:23,tablet,/home,,True
8354,3,2025-11-17 09:33:01,2025-11-17 10:14:01,desktop,/blog,13,False
8355,,2024-01-17 20:55:50,2024-01-17 21:34:50,desktop,/deals,,False
8356,1238,2025-10-26 18:26:31,2025-10-26 19:05:31,desktop,/home,11,False
8357,727,2025-11-11 00:36:36,2025-11-11 01:16:36,tablet,/blog,,False
8358,695,2025-11-26 06:41:35,2025-11-26 06:59:35,desktop,/home,13,False
8359,803,2025-09-30 22:38:51,2025-09-30 23:19:51,mobile,/product-search,1,False
8360,925,2024-08-11 15:23:39,2024-08-11 16:02:39,mobile,/category/electronics,,False
8361,255,2025-08-30 10:43:49,2025-08-30 10:46:49,mobile,/category/electronics,,False
8362,803,2025-09-19 19:13:20,2025-09-19 19:20:20,mobile,/category/electronics,,False
8363,116,2025-12-29 01:56:15,2025-12-29 02:11:15,desktop,/blog,,False
8364,1355,2025-11-25 06:34:43,2025-11-25 06:46:43,desktop,/category/electronics,,False
8365,658,2025-09-18 03:58:59,2025-09-18 04:42:59,tablet,/home,,False
8366,,2024-05-11 18:16:25,2024-05-11 18:33:25,desktop,/blog,6,False
8367,,2025-04-14 19:39:07,2025-04-14 19:40:07,mobile,/home,15,False
8368,84,2025-08-02 01:30:20,2025-08-02 02:05:20,mobile,/category/apparel,,True
8369,,2025-01-30 00:54:58,2025-01-30 01:27:58,mobile,/blog,,False
8370,104,2025-08-20 09:47:00,2025-08-20 10:20:00,desktop,/deals,,False
8371,1121,2025-10-17 02:15:38,2025-10-17 02:38:38,desktop,/product-search,,True
8372,870,2025-05-15 12:07:55,2025-05-15 12:25:55,mobile,/product-search,7,False
8373,752,2025-12-15 01:48:42,2025-12-15 01:53:42,tablet,/deals,,False
8374,973,2025-08-28 02:12:07,2025-08-28 02:55:07,mobile,/product-search,4,False
8375,923,2025-01-25 01:43:43,2025-01-25 02:06:43,tablet,/blog,4,False
8376,1210,2025-08-17 14:07:23,2025-08-17 14:21:23,desktop,/deals,,False
8377,,2024-02-08 21:04:07,2024-02-08 21:14:07,desktop,/product-search,9,False
8378,725,2025-03-04 21:20:31,2025-03-04 21:24:31,desktop,/home,9,True
8379,,2024-07-03 08:49:03,2024-07-03 09:31:03,mobile,/product-search,4,False
8380,683,2025-11-22 19:00:28,2025-11-22 19:11:28,mobile,/product-search,,False
8381,81,2025-08-10 23:32:11,2025-08-10 23:46:11,mobile,/category/electronics,,False
8382,392,2025-09-19 05:00:06,2025-09-19 05:11:06,mobile,/deals,3,False
8383,744,2025-12-21 16:28:25,2025-12-21 16:30:25,tablet,/home,13,False
8384,,2025-11-27 19:34:41,2025-11-27 19:50:41,tablet,/home,,True
8385,235,2025-09-07 15:56:32,2025-09-07 16:20:32,desktop,/category/electronics,,False
8386,345,2024-07-27 22:47:43,2024-07-27 22:55:43,desktop,/product-search,,False
8387,570,2025-05-31 08:56:23,2025-05-31 09:28:23,mobile,/home,,False
8388,748,2025-05-28 04:06:39,2025-05-28 04:44:39,desktop,/home,,False
8389,,2024-02-05 22:41:21,2024-02-05 23:15:21,mobile,/product-search,,False
8390,,2024-10-11 02:47:29,2024-10-11 03:23:29,mobile,/product-search,8,False
8391,1477,2025-05-20 15:11:54,2025-05-20 15:20:54,tablet,/category/electronics,,False
8392,1135,2024-06-17 19:24:10,2024-06-17 20:09:10,desktop,/blog,,False
8393,1085,2025-06-20 00:11:13,2025-06-20 00:51:13,desktop,/product-search,,False
8394,415,2025-12-17 16:11:43,2025-12-17 16:20:43,mobile,/home,13,False
8395,922,2025-02-19 12:43:15,2025-02-19 12:44:15,mobile,/product-search,9,False
8396,687,2025-12-24 14:38:17,2025-12-24 14:43:17,tablet,/blog,8,False
8397,1005,2024-12-05 00:31:44,2024-12-05 01:10:44,tablet,/product-search,12,False
8398,392,2025-11-08 00:15:32,2025-11-08 00:18:32,tablet,/category/apparel,,False
8399,313,2025-11-01 19:23:54,2025-11-01 19:36:54,desktop,/category/electronics,,False
8400,1210,2024-07-31 13:46:25,2024-07-31 14:00:25,mobile,/category/apparel,5,False
8401,,2025-10-04 16:12:57,2025-10-04 16:14:57,mobile,/blog,,False
8402,,2024-05-13 16:46:07,2024-05-13 17:17:07,mobile,/deals,,False
8403,1290,2024-12-07 00:53:07,2024-12-07 01:34:07,tablet,/category/apparel,12,False
8404,,2025-11-01 17:49:49,2025-11-01 18:21:49,tablet,/category/electronics,15,False
8405,953,2025-04-08 18:38:20,2025-04-08 19:14:20,desktop,/deals,10,False
8406,333,2025-12-24 12:50:59,2025-12-24 12:57:59,desktop,/category/apparel,12,True
8407,394,2025-05-31 08:41:08,2025-05-31 08:54:08,desktop,/home,13,False
8408,626,2025-05-17 19:52:58,2025-05-17 20:25:58,mobile,/deals,,False
8409,,2024-09-01 07:55:00,2024-09-01 08:40:00,desktop,/product-search,,False
8410,,2024-08-09 18:13:45,2024-08-09 18:22:45,mobile,/category/electronics,,False
8411,753,2025-06-25 23:14:30,2025-06-25 23:34:30,desktop,/product-search,7,False
8412,1425,2024-05-17 02:05:06,2024-05-17 02:16:06,desktop,/category/electronics,12,False
8413,91,2025-07-27 22:39:51,2025-07-27 23:20:51,mobile,/product-search,1,False
8414,273,2025-02-05 23:13:01,2025-02-05 23:34:01,desktop,/category/apparel,11,False
8415,702,2025-12-27 07:49:50,2025-12-27 08:22:50,mobile,/blog,,False
8416,,2025-02-05 14:35:11,2025-02-05 14:39:11,desktop,/home,,False
8417,565,2025-02-15 11:23:00,2025-02-15 11:37:00,desktop,/product-search,,False
8418,1254,2025-01-06 11:31:01,2025-01-06 11:50:01,tablet,/home,,False
8419,797,2025-09-19 17:12:08,2025-09-19 17:19:08,tablet,/category/electronics,10,False
8420,406,2025-11-02 04:27:45,2025-11-02 05:07:45,desktop,/deals,,False
8421,757,2024-12-15 00:04:09,2024-12-15 00:19:09,mobile,/category/apparel,14,False
8422,2,2025-03-01 13:47:04,2025-03-01 14:07:04,mobile,/blog,9,False
8423,,2024-05-05 15:11:04,2024-05-05 15:26:04,mobile,/blog,13,False
8424,106,2024-10-06 01:02:14,2024-10-06 01:41:14,desktop,/category/apparel,,False
8425,,2024-08-20 03:10:48,2024-08-20 03:40:48,tablet,/category/electronics,11,False
8426,555,2025-05-19 05:44:35,2025-05-19 06:08:35,tablet,/deals,,False
8427,214,2025-11-22 10:28:12,2025-11-22 10:51:12,desktop,/deals,,False
8428,309,2025-01-18 07:17:42,2025-01-18 07:21:42,desktop,/deals,,True
8429,240,2025-05-04 00:00:15,2025-05-04 00:27:15,tablet,/category/electronics,13,False
8430,415,2025-12-31 05:23:46,2025-12-31 05:30:46,tablet,/category/apparel,15,False
8431,,2025-02-15 00:12:40,2025-02-15 00:50:40,tablet,/deals,12,False
8432,,2024-03-08 13:36:49,2024-03-08 13:41:49,tablet,/deals,13,False
8433,528,2025-04-10 05:56:04,2025-04-10 06:17:04,desktop,/blog,7,False
8434,868,2025-06-02 05:14:47,2025-06-02 05:15:47,desktop,/category/electronics,,False
8435,856,2024-11-04 17:03:08,2024-11-04 17:15:08,mobile,/product-search,5,False
8436,82,2025-12-16 05:06:33,2025-12-16 05:35:33,desktop,/home,,True
8437,,2025-10-02 21:09:39,2025-10-02 21:41:39,desktop,/product-search,,False
8438,956,2024-08-24 21:56:51,2024-08-24 22:15:51,tablet,/category/apparel,12,False
8439,904,2025-09-16 19:03:17,2025-09-16 19:20:17,desktop,/category/electronics,4,False
8440,621,2025-12-26 02:43:53,2025-12-26 03:21:53,mobile,/blog,13,False
8441,672,2025-08-11 21:03:55,2025-08-11 21:16:55,mobile,/blog,,False
8442,1108,2025-09-09 09:32:25,2025-09-09 10:16:25,tablet,/deals,15,False
8443,375,2025-03-10 08:26:35,2025-03-10 08:58:35,tablet,/home,,False
8444,775,2025-08-08 02:29:03,2025-08-08 02:39:03,mobile,/deals,,False
8445,28,2025-01-28 04:59:44,2025-01-28 05:14:44,desktop,/deals,,True
8446,18,2025-08-07 17:01:33,2025-08-07 17:23:33,mobile,/category/electronics,,False
8447,,2024-02-22 02:03:44,2024-02-22 02:22:44,tablet,/home,9,False
8448,,2025-08-12 10:15:41,2025-08-12 11:00:41,desktop,/home,,True
8449,809,2025-06-20 08:07:46,2025-06-20 08:09:46,tablet,/blog,,False
8450,1348,2025-12-22 00:57:03,2025-12-22 01:28:03,desktop,/blog,8,False
8451,,2025-05-28 16:59:17,2025-05-28 17:17:17,desktop,/category/electronics,,False
8452,,2025-05-03 17:42:34,2025-05-03 18:26:34,desktop,/deals,,False
8453,,2024-09-15 04:41:18,2024-09-15 05:21:18,mobile,/category/apparel,,False
8454,,2024-03-13 15:25:57,2024-03-13 15:57:57,desktop,/category/apparel,,False
8455,,2025-07-29 08:25:42,2025-07-29 08:44:42,tablet,/deals,,False
8456,,2025-05-24 20:58:13,2025-05-24 21:03:13,mobile,/category/electronics,1,False
8457,252,2025-01-28 09:11:33,2025-01-28 09:28:33,mobile,/deals,,False
8458,,2024-03-23 08:07:59,2024-03-23 08:27:59,tablet,/category/electronics,,False
8459,1093,2025-10-12 22:43:59,2025-10-12 22:55:59,tablet,/deals,,True
8460,,2025-02-16 09:58:48,2025-02-16 10:05:48,mobile,/blog,,False
8461,744,2025-05-13 07:25:06,2025-05-13 08:03:06,mobile,/category/electronics,,True
8462,,2024-09-26 04:40:27,2024-09-26 05:04:27,desktop,/category/electronics,8,True
8463,,2024-04-13 10:30:43,2024-04-13 10:49:43,mobile,/deals,4,False
8464,818,2025-09-15 20:31:15,2025-09-15 21:08:15,desktop,/category/electronics,,False
8465,1496,2025-01-03 00:00:16,2025-01-03 00:23:16,mobile,/home,,False
8466,,2024-05-30 00:03:47,2024-05-30 00:41:47,tablet,/home,,False
8467,22,2024-10-15 02:22:58,2024-10-15 02:38:58,desktop,/product-search,6,False
8468,202,2025-11-25 12:40:56,2025-11-25 12:43:56,mobile,/blog,7,False
8469,955,2025-12-24 02:25:32,2025-12-24 02:30:32,mobile,/deals,,True
8470,370,2025-10-23 07:02:24,2025-10-23 07:43:24,desktop,/blog,15,False
8471,211,2025-03-28 00:31:46,2025-03-28 00:35:46,mobile,/category/apparel,7,False
8472,200,2025-12-06 18:32:14,2025-12-06 19:11:14,desktop,/deals,,False
8473,,2024-12-20 06:01:43,2024-12-20 06:33:43,mobile,/category/apparel,,False
8474,431,2025-11-19 04:43:54,2025-11-19 05:21:54,desktop,/blog,10,False
8475,,2024-04-23 08:25:18,2024-04-23 08:48:18,desktop,/deals,4,True
8476,1063,2025-12-31 15:59:04,2025-12-31 16:19:04,desktop,/category/electronics,,False
8477,177,2025-08-06 18:37:11,2025-08-06 19:10:11,tablet,/product-search,,False
8478,247,2025-02-24 21:49:50,2025-02-24 22:09:50,mobile,/blog,,False
8479,,2025-12-14 17:58:02,2025-12-14 18:42:02,desktop,/category/apparel,10,False
8480,426,2024-12-24 05:25:24,2024-12-24 05:41:24,desktop,/product-search,,False
8481,1051,2025-01-27 07:40:36,2025-01-27 07:46:36,mobile,/blog,,False
8482,,2025-03-10 22:46:34,2025-03-10 23:08:34,mobile,/deals,11,False
8483,394,2025-10-29 10:20:45,2025-10-29 10:45:45,tablet,/product-search,5,True
8484,,2024-11-01 11:26:37,2024-11-01 11:28:37,tablet,/category/apparel,,False
8485,,2025-11-13 03:09:12,2025-11-13 03:21:12,mobile,/category/apparel,,False
8486,186,2025-06-01 06:41:07,2025-06-01 07:09:07,mobile,/product-search,,False
8487,713,2025-07-22 23:06:34,2025-07-22 23:11:34,desktop,/deals,,False
8488,551,2025-11-01 01:43:44,2025-11-01 01:58:44,tablet,/product-search,,True
8489,,2025-04-19 11:45:10,2025-04-19 11:57:10,mobile,/category/electronics,,False
8490,1317,2025-10-27 22:57:17,2025-10-27 23:24:17,tablet,/product-search,11,False
8491,984,2025-11-30 10:50:34,2025-11-30 11:25:34,mobile,/blog,,False
8492,695,2025-12-06 07:00:05,2025-12-06 07:07:05,tablet,/deals,,False
8493,578,2025-02-01 11:27:46,2025-02-01 11:48:46,mobile,/deals,,False
8494,,2025-01-09 12:48:06,2025-01-09 13:11:06,tablet,/deals,3,False
8495,,2024-08-15 11:06:56,2024-08-15 11:41:56,desktop,/category/apparel,,False
8496,1467,2025-12-25 12:58:08,2025-12-25 13:06:08,tablet,/blog,5,False
8497,988,2025-07-22 10:26:26,2025-07-22 10:40:26,desktop,/deals,,False
8498,399,2025-11-01 20:25:00,2025-11-01 21:10:00,desktop,/home,12,True
8499,,2024-06-02 14:49:55,2024-06-02 15:04:55,mobile,/category/electronics,8,False
8500,619,2025-06-20 22:57:11,2025-06-20 23:10:11,tablet,/blog,2,False
8501,,2025-05-08 12:42:04,2025-05-08 12:55:04,mobile,/deals,,False
8502,,2024-07-26 17:22:05,2024-07-26 17:25:05,tablet,/category/apparel,,False
8503,1380,2025-11-25 07:57:05,2025-11-25 08:42:05,tablet,/category/electronics,,True
8504,1366,2025-06-05 18:32:48,2025-06-05 18:53:48,desktop,/blog,,True
8505,610,2025-11-23 17:44:50,2025-11-23 18:13:50,desktop,/deals,,False
8506,970,2025-09-28 08:06:10,2025-09-28 08:13:10,desktop,/category/electronics,6,True
8507,,2025-12-05 11:19:53,2025-12-05 11:20:53,tablet,/product-search,2,False
8508,,2025-06-21 22:47:10,2025-06-21 22:48:10,tablet,/category/apparel,3,False
8509,288,2025-01-25 20:56:12,2025-01-25 21:05:12,desktop,/category/apparel,,False
8510,961,2025-05-24 16:53:55,2025-05-24 17:08:55,mobile,/product-search,6,True
8511,,2025-11-17 06:48:26,2025-11-17 07:27:26,tablet,/blog,5,False
8512,,2024-01-26 22:34:43,2024-01-26 23:18:43,mobile,/category/apparel,,False
8513,,2025-05-02 10:24:44,2025-05-02 10:25:44,tablet,/blog,9,False
8514,1316,2025-09-12 00:46:53,2025-09-12 01:26:53,mobile,/category/apparel,,True
8515,,2024-12-28 07:33:19,2024-12-28 07:44:19,desktop,/blog,,False
8516,216,2025-01-02 15:57:54,2025-01-02 16:09:54,tablet,/home,,False
8517,1166,2025-09-12 20:34:46,2025-09-12 20:42:46,mobile,/product-search,,False
8518,,2024-04-30 22:20:33,2024-04-30 22:35:33,tablet,/category/apparel,,False
8519,,2024-09-01 06:46:37,2024-09-01 07:18:37,mobile,/product-search,,False
8520,407,2024-11-28 06:49:10,2024-11-28 07:23:10,desktop,/category/apparel,,False
8521,,2025-02-19 11:16:20,2025-02-19 11:58:20,mobile,/deals,,False
8522,753,2025-09-03 01:19:12,2025-09-03 01:38:12,mobile,/category/apparel,4,False
8523,471,2024-12-06 07:02:14,2024-12-06 07:28:14,desktop,/category/apparel,4,False
8524,1047,2025-06-09 05:16:32,2025-06-09 05:46:32,mobile,/product-search,,False
8525,370,2025-01-16 11:04:08,2025-01-16 11:16:08,mobile,/category/apparel,,True
8526,287,2025-11-11 21:21:29,2025-11-11 21:45:29,desktop,/category/electronics,9,False
8527,1353,2025-12-13 17:25:25,2025-12-13 17:28:25,mobile,/deals,7,False
8528,957,2024-10-19 17:16:58,2024-10-19 17:38:58,desktop,/deals,,True
8529,,2024-05-22 23:14:51,2024-05-22 23:28:51,tablet,/home,,False
8530,157,2024-05-02 06:40:19,2024-05-02 07:03:19,tablet,/product-search,,False
8531,281,2024-06-10 13:15:34,2024-06-10 13:43:34,desktop,/product-search,,False
8532,,2025-08-11 14:27:54,2025-08-11 14:59:54,desktop,/category/apparel,,False
8533,,2024-09-04 23:57:07,2024-09-05 00:22:07,mobile,/home,12,False
8534,,2024-12-12 01:54:50,2024-12-12 02:23:50,mobile,/category/electronics,,False
8535,488,2024-10-14 20:02:58,2024-10-14 20:04:58,tablet,/home,,False
8536,,2025-06-21 12:54:49,2025-06-21 13:31:49,mobile,/deals,,False
8537,22,2024-12-16 06:40:07,2024-12-16 06:56:07,tablet,/product-search,6,False
8538,,2025-07-30 00:45:48,2025-07-30 00:49:48,desktop,/blog,9,False
8539,608,2025-09-01 19:32:05,2025-09-01 19:44:05,mobile,/deals,,False
8540,1212,2025-10-31 07:39:05,2025-10-31 07:46:05,desktop,/home,,True
8541,,2025-07-05 09:10:10,2025-07-05 09:43:10,tablet,/home,,False
8542,82,2025-12-27 07:55:36,2025-12-27 08:20:36,mobile,/product-search,4,False
8543,1212,2025-10-19 21:34:51,2025-10-19 21:53:51,mobile,/product-search,,False
8544,,2024-11-24 11:10:20,2024-11-24 11:37:20,tablet,/blog,5,False
8545,460,2025-11-20 17:05:38,2025-11-20 17:46:38,desktop,/product-search,7,False
8546,1334,2024-09-28 21:51:56,2024-09-28 22:03:56,mobile,/category/electronics,,True
8547,1073,2025-12-30 18:20:52,2025-12-30 18:51:52,mobile,/home,4,False
8548,1494,2025-09-15 20:55:44,2025-09-15 21:20:44,mobile,/product-search,15,False
8549,,2025-01-29 22:06:36,2025-01-29 22:42:36,desktop,/deals,4,False
8550,,2024-12-11 23:00:00,2024-12-11 23:44:00,mobile,/product-search,10,False
8551,,2024-04-14 05:27:38,2024-04-14 05:45:38,mobile,/deals,13,False
8552,1469,2025-09-18 23:52:16,2025-09-19 00:14:16,tablet,/product-search,2,True
8553,1483,2025-07-08 10:51:43,2025-07-08 11:30:43,mobile,/deals,,True
8554,,2024-07-04 17:55:53,2024-07-04 17:58:53,mobile,/product-search,,False
8555,447,2025-10-16 22:00:46,2025-10-16 22:32:46,mobile,/category/electronics,13,True
8556,517,2024-03-10 20:34:01,2024-03-10 20:37:01,mobile,/deals,,False
8557,,2025-08-19 02:23:17,2025-08-19 02:26:17,tablet,/category/electronics,,False
8558,,2024-06-07 22:14:54,2024-06-07 22:47:54,tablet,/home,6,False
8559,909,2025-06-15 04:05:50,2025-06-15 04:46:50,tablet,/category/electronics,,False
8560,173,2024-08-06 02:46:34,2024-08-06 03:21:34,desktop,/category/electronics,11,False
8561,225,2025-07-17 13:33:58,2025-07-17 14:00:58,desktop,/blog,12,False
8562,,2025-10-18 22:14:25,2025-10-18 22:59:25,desktop,/blog,,False
8563,1223,2025-12-14 20:53:36,2025-12-14 21:18:36,mobile,/deals,1,False
8564,315,2025-10-27 01:22:46,2025-10-27 02:06:46,desktop,/category/apparel,6,False
8565,1018,2025-01-15 05:06:28,2025-01-15 05:43:28,mobile,/category/apparel,,False
8566,1141,2025-03-30 14:45:19,2025-03-30 15:15:19,mobile,/category/apparel,,False
8567,758,2025-10-13 17:50:48,2025-10-13 17:56:48,tablet,/home,,False
8568,1009,2024-11-26 09:28:32,2024-11-26 10:07:32,mobile,/blog,,False
8569,362,2024-07-05 07:50:18,2024-07-05 08:18:18,tablet,/blog,,False
8570,363,2025-12-12 02:10:40,2025-12-12 02:19:40,tablet,/category/apparel,5,False
8571,710,2024-09-09 14:52:48,2024-09-09 15:30:48,mobile,/category/apparel,,True
8572,39,2025-03-21 12:35:43,2025-03-21 13:12:43,desktop,/category/apparel,,False
8573,,2025-10-01 02:13:00,2025-10-01 02:45:00,desktop,/home,,False
8574,1063,2025-12-31 16:22:17,2025-12-31 17:03:17,tablet,/deals,14,False
8575,134,2025-11-21 13:56:30,2025-11-21 14:20:30,mobile,/category/apparel,,True
8576,402,2025-09-02 22:51:11,2025-09-02 23:01:11,tablet,/home,,False
8577,408,2025-12-29 04:42:15,2025-12-29 04:49:15,desktop,/blog,13,True
8578,173,2024-07-05 23:20:44,2024-07-05 23:21:44,mobile,/deals,13,False
8579,375,2025-07-05 00:02:02,2025-07-05 00:13:02,tablet,/category/electronics,,False
8580,416,2025-03-27 15:03:32,2025-03-27 15:43:32,desktop,/category/apparel,,False
8581,291,2025-05-29 11:03:20,2025-05-29 11:34:20,tablet,/home,12,True
8582,1212,2025-12-30 12:32:01,2025-12-30 12:34:01,tablet,/category/electronics,,False
8583,382,2025-07-13 11:54:10,2025-07-13 12:13:10,tablet,/product-search,,True
8584,,2024-12-21 18:15:24,2024-12-21 18:42:24,desktop,/deals,,False
8585,1336,2025-06-22 14:16:45,2025-06-22 14:32:45,tablet,/deals,15,True
8586,1186,2025-02-22 07:58:21,2025-02-22 08:23:21,tablet,/category/electronics,7,False
8587,1319,2025-03-19 03:15:41,2025-03-19 03:36:41,desktop,/blog,,False
8588,632,2025-11-17 07:31:23,2025-11-17 08:13:23,tablet,/product-search,,True
8589,,2024-10-11 06:28:58,2024-10-11 06:46:58,desktop,/blog,,False
8590,,2025-11-18 06:34:18,2025-11-18 07:18:18,mobile,/category/apparel,15,False
8591,499,2024-06-23 20:36:30,2024-06-23 20:37:30,tablet,/home,,False
8592,103,2025-12-03 08:54:13,2025-12-03 09:14:13,tablet,/product-search,,False
8593,477,2025-08-01 16:19:02,2025-08-01 16:39:02,tablet,/product-search,9,False
8594,1135,2025-07-14 23:43:29,2025-07-15 00:24:29,tablet,/deals,5,False
8595,,2025-04-23 05:15:19,2025-04-23 05:40:19,desktop,/deals,,False
8596,,2025-11-02 23:53:53,2025-11-03 00:27:53,tablet,/category/electronics,,False
8597,1377,2025-09-14 23:17:42,2025-09-14 23:22:42,desktop,/product-search,9,False
8598,,2025-03-04 21:07:47,2025-03-04 21:25:47,tablet,/category/electronics,,False
8599,,2025-01-28 04:39:44,2025-01-28 04:53:44,desktop,/deals,,False
8600,891,2025-08-03 04:10:29,2025-08-03 04:42:29,desktop,/deals,6,False
8601,,2024-05-17 09:35:58,2024-05-17 09:56:58,desktop,/category/electronics,,False
8602,863,2024-11-05 16:05:32,2024-11-05 16:28:32,tablet,/category/apparel,,True
8603,,2024-08-03 03:09:23,2024-08-03 03:20:23,desktop,/deals,,False
8604,1344,2025-10-07 21:34:07,2025-10-07 21:52:07,tablet,/product-search,6,False
8605,243,2025-10-09 08:23:15,2025-10-09 08:55:15,mobile,/category/apparel,15,False
8606,1233,2025-09-22 00:13:40,2025-09-22 00:33:40,mobile,/deals,,False
8607,915,2025-09-04 20:38:09,2025-09-04 20:43:09,desktop,/blog,7,False
8608,710,2025-04-16 14:52:55,2025-04-16 15:36:55,mobile,/blog,15,False
8609,,2025-11-04 12:46:49,2025-11-04 13:31:49,desktop,/category/apparel,,False
8610,475,2024-11-13 06:28:48,2024-11-13 06:49:48,mobile,/home,,False
8611,70,2025-07-02 20:56:27,2025-07-02 21:13:27,mobile,/product-search,10,False
8612,523,2025-12-14 02:39:06,2025-12-14 03:13:06,tablet,/deals,,False
8613,884,2024-10-31 02:04:58,2024-10-31 02:29:58,mobile,/home,1,False
8614,,2025-03-15 01:08:04,2025-03-15 01:21:04,desktop,/category/electronics,,False
8615,397,2025-12-05 00:56:40,2025-12-05 01:10:40,tablet,/blog,12,False
8616,534,2025-07-05 03:24:28,2025-07-05 04:00:28,mobile,/blog,,False
8617,462,2025-09-05 18:57:47,2025-09-05 19:25:47,mobile,/blog,13,True
8618,1382,2025-01-20 05:02:47,2025-01-20 05:38:47,mobile,/blog,,True
8619,341,2025-03-19 15:02:42,2025-03-19 15:09:42,desktop,/blog,,True
8620,,2025-05-29 11:24:08,2025-05-29 11:42:08,desktop,/category/electronics,,False
8621,437,2025-12-15 01:49:49,2025-12-15 01:59:49,desktop,/home,3,False
8622,1299,2025-08-26 03:55:39,2025-08-26 04:13:39,desktop,/category/apparel,8,False
8623,316,2025-12-30 19:04:04,2025-12-30 19:14:04,mobile,/blog,2,False
8624,169,2025-12-30 12:19:06,2025-12-30 12:53:06,desktop,/home,6,False
8625,,2024-02-21 12:50:11,2024-02-21 13:21:11,mobile,/category/electronics,,False
8626,1384,2025-01-16 23:51:11,2025-01-16 23:56:11,tablet,/category/electronics,4,False
8627,417,2025-11-20 15:38:50,2025-11-20 15:54:50,mobile,/category/electronics,,False
8628,603,2025-09-24 16:15:51,2025-09-24 16:20:51,desktop,/home,8,False
8629,76,2025-11-21 13:20:42,2025-11-21 13:21:42,desktop,/product-search,13,True
8630,,2024-03-20 11:30:36,2024-03-20 11:48:36,mobile,/category/electronics,,False
8631,,2024-04-21 18:00:35,2024-04-21 18:09:35,tablet,/category/apparel,,False
8632,949,2025-04-26 22:49:03,2025-04-26 23:12:03,tablet,/category/electronics,,True
8633,503,2025-09-26 16:50:47,2025-09-26 17:29:47,tablet,/deals,,False
8634,1099,2025-10-24 18:39:43,2025-10-24 18:50:43,mobile,/deals,,True
8635,,2024-06-18 09:43:09,2024-06-18 10:17:09,tablet,/category/apparel,9,False
8636,22,2024-11-27 18:33:49,2024-11-27 19:09:49,tablet,/deals,1,False
8637,1248,2025-05-19 04:04:09,2025-05-19 04:28:09,tablet,/blog,,False
8638,,2025-05-10 03:21:17,2025-05-10 03:52:17,tablet,/category/electronics,5,False
8639,179,2025-12-25 21:50:17,2025-12-25 22:25:17,mobile,/product-search,,False
8640,807,2024-06-07 07:21:13,2024-06-07 08:02:13,mobile,/category/electronics,3,False
8641,,2024-10-08 02:30:30,2024-10-08 02:51:30,mobile,/category/apparel,9,False
8642,384,2025-08-28 08:26:38,2025-08-28 08:56:38,tablet,/blog,,True
8643,115,2024-12-29 03:25:13,2024-12-29 03:37:13,mobile,/category/electronics,,True
8644,1471,2025-10-09 12:20:47,2025-10-09 12:54:47,desktop,/deals,,False
8645,392,2025-05-27 12:09:00,2025-05-27 12:11:00,desktop,/product-search,8,False
8646,,2024-08-22 10:14:59,2024-08-22 10:36:59,mobile,/home,,False
8647,,2024-12-26 14:20:23,2024-12-26 14:36:23,desktop,/category/apparel,5,False
8648,,2025-11-17 13:29:47,2025-11-17 13:57:47,mobile,/category/apparel,,False
8649,,2024-02-20 05:53:07,2024-02-20 05:55:07,desktop,/category/electronics,2,False
8650,285,2025-09-29 03:31:45,2025-09-29 04:08:45,mobile,/blog,,False
8651,444,2025-05-20 06:53:16,2025-05-20 07:32:16,tablet,/category/electronics,,False
8652,717,2025-07-05 23:32:58,2025-07-05 23:47:58,tablet,/home,1,True
8653,1494,2025-11-22 12:12:48,2025-11-22 12:38:48,mobile,/category/electronics,,False
8654,852,2025-12-03 16:52:55,2025-12-03 16:53:55,desktop,/category/apparel,,False
8655,1471,2025-06-04 04:52:28,2025-06-04 05:35:28,tablet,/deals,12,False
8656,419,2024-10-08 01:04:11,2024-10-08 01:12:11,desktop,/home,2,False
8657,,2025-09-13 02:59:32,2025-09-13 03:03:32,desktop,/blog,,True
8658,,2024-08-10 12:29:06,2024-08-10 13:10:06,tablet,/blog,,False
8659,,2025-12-04 10:57:40,2025-12-04 11:06:40,mobile,/deals,,False
8660,239,2024-07-09 06:42:11,2024-07-09 07:18:11,tablet,/product-search,,False
8661,687,2025-09-08 07:52:54,2025-09-08 07:55:54,desktop,/product-search,,False
8662,540,2025-11-02 02:46:22,2025-11-02 03:08:22,mobile,/category/electronics,14,False
8663,1171,2025-04-13 02:58:06,2025-04-13 03:15:06,mobile,/category/electronics,7,False
8664,,2024-03-11 14:41:22,2024-03-11 14:56:22,mobile,/product-search,,True
8665,168,2025-08-13 03:12:28,2025-08-13 03:52:28,desktop,/blog,15,False
8666,427,2024-12-02 13:07:26,2024-12-02 13:18:26,mobile,/product-search,10,True
8667,1322,2025-12-21 14:02:51,2025-12-21 14:34:51,desktop,/home,9,False
8668,,2024-02-01 19:35:46,2024-02-01 19:42:46,desktop,/category/apparel,1,False
8669,183,2024-12-23 20:38:59,2024-12-23 20:54:59,desktop,/product-search,,False
8670,946,2025-04-02 12:24:47,2025-04-02 12:36:47,mobile,/deals,,False
8671,730,2025-06-17 08:05:42,2025-06-17 08:15:42,tablet,/home,9,False
8672,,2025-02-25 23:46:17,2025-02-25 23:53:17,desktop,/deals,,False
8673,,2025-03-14 20:44:24,2025-03-14 21:04:24,tablet,/product-search,10,False
8674,359,2025-10-18 18:09:10,2025-10-18 18:17:10,desktop,/category/apparel,9,False
8675,,2025-03-26 09:50:48,2025-03-26 10:11:48,desktop,/category/electronics,,False
8676,687,2025-09-22 08:36:35,2025-09-22 08:58:35,mobile,/deals,,False
8677,,2024-11-08 13:14:16,2024-11-08 13:19:16,desktop,/category/electronics,,False
8678,1447,2024-10-07 21:03:19,2024-10-07 21:44:19,desktop,/home,,False
8679,,2025-07-03 07:29:20,2025-07-03 07:57:20,mobile,/category/electronics,15,False
8680,1427,2024-11-11 19:05:07,2024-11-11 19:33:07,tablet,/category/apparel,,False
8681,,2024-06-18 15:21:47,2024-06-18 15:50:47,desktop,/category/electronics,,False
8682,531,2025-10-14 22:46:44,2025-10-14 23:11:44,tablet,/blog,12,False
8683,1227,2025-09-22 13:20:09,2025-09-22 13:25:09,desktop,/category/electronics,,False
8684,1345,2025-11-19 15:16:35,2025-11-19 15:51:35,tablet,/product-search,10,False
8685,1161,2025-08-28 12:59:04,2025-08-28 13:06:04,mobile,/category/electronics,,True
8686,,2025-06-19 05:45:38,2025-06-19 06:26:38,tablet,/category/electronics,,False
8687,535,2025-11-13 05:19:00,2025-11-13 05:36:00,tablet,/deals,,False
8688,1223,2025-12-21 06:37:21,2025-12-21 07:03:21,tablet,/blog,,False
8689,,2024-01-14 01:44:42,2024-01-14 01:55:42,tablet,/category/electronics,,False
8690,1224,2025-09-04 17:16:37,2025-09-04 17:41:37,mobile,/product-search,10,False
8691,337,2025-11-10 05:56:06,2025-11-10 06:38:06,desktop,/product-search,6,False
8692,1083,2025-11-08 19:35:29,2025-11-08 19:58:29,mobile,/blog,,False
8693,,2024-06-16 20:15:25,2024-06-16 20:31:25,desktop,/deals,,False
8694,995,2025-12-18 10:48:03,2025-12-18 11:00:03,desktop,/product-search,,False
8695,325,2025-04-04 16:59:33,2025-04-04 17:37:33,desktop,/home,,True
8696,,2025-04-07 08:28:44,2025-04-07 08:34:44,mobile,/product-search,,False
8697,,2024-09-06 11:58:54,2024-09-06 12:01:54,mobile,/blog,14,False
8698,1406,2025-09-27 09:41:09,2025-09-27 10:14:09,tablet,/category/electronics,,False
8699,,2025-11-17 14:12:01,2025-11-17 14:39:01,tablet,/category/apparel,,False
8700,54,2025-12-16 17:39:36,2025-12-16 17:57:36,desktop,/home,,False
8701,1449,2025-05-07 13:42:52,2025-05-07 14:10:52,mobile,/blog,,False
8702,512,2025-09-03 03:09:09,2025-09-03 03:35:09,mobile,/product-search,7,False
8703,,2025-08-06 01:24:55,2025-08-06 02:02:55,tablet,/category/apparel,10,False
8704,1338,2025-12-28 02:54:09,2025-12-28 03:34:09,tablet,/category/apparel,,False
8705,,2025-02-19 11:15:28,2025-02-19 11:43:28,desktop,/product-search,,False
8706,,2024-10-27 16:52:45,2024-10-27 17:10:45,desktop,/blog,12,False
8707,,2024-09-16 10:15:12,2024-09-16 10:50:12,desktop,/home,,False
8708,223,2025-10-11 19:55:11,2025-10-11 19:57:11,tablet,/blog,11,False
8709,664,2025-10-14 18:49:25,2025-10-14 19:18:25,tablet,/category/electronics,,True
8710,443,2025-06-01 04:50:35,2025-06-01 04:56:35,desktop,/blog,,False
8711,311,2025-10-01 20:02:59,2025-10-01 20:10:59,tablet,/product-search,8,False
8712,,2024-09-02 17:29:25,2024-09-02 17:44:25,desktop,/category/apparel,3,False
8713,1020,2024-11-16 19:23:55,2024-11-16 20:06:55,desktop,/home,,False
8714,720,2025-03-30 00:18:19,2025-03-30 00:24:19,desktop,/category/electronics,,False
8715,1222,2025-10-07 04:23:45,2025-10-07 04:45:45,mobile,/blog,,True
8716,651,2025-12-15 01:22:09,2025-12-15 01:54:09,desktop,/category/electronics,6,True
8717,,2024-03-03 19:48:53,2024-03-03 19:54:53,tablet,/category/apparel,,False
8718,670,2024-11-26 17:43:55,2024-11-26 17:57:55,mobile,/category/electronics,,False
8719,924,2025-12-19 12:35:45,2025-12-19 13:07:45,desktop,/category/electronics,6,False
8720,,2025-02-02 17:04:56,2025-02-02 17:31:56,desktop,/deals,,False
8721,997,2025-06-30 23:27:28,2025-06-30 23:50:28,tablet,/product-search,,True
8722,,2025-12-14 07:00:34,2025-12-14 07:10:34,tablet,/category/apparel,,False
8723,83,2024-07-08 12:52:13,2024-07-08 12:53:13,mobile,/product-search,,False
8724,,2025-12-01 16:43:24,2025-12-01 16:58:24,mobile,/blog,,False
8725,869,2025-01-10 01:50:13,2025-01-10 02:31:13,mobile,/deals,,False
8726,1474,2025-11-01 20:13:47,2025-11-01 20:58:47,tablet,/category/electronics,,False
8727,1166,2025-10-06 11:32:51,2025-10-06 12:05:51,tablet,/product-search,,False
8728,545,2025-06-21 19:24:43,2025-06-21 19:48:43,mobile,/category/apparel,4,True
8729,1485,2025-11-18 15:38:53,2025-11-18 15:52:53,mobile,/deals,8,False
8730,,2024-09-20 08:09:40,2024-09-20 08:19:40,tablet,/blog,,False
8731,61,2025-07-03 02:26:48,2025-07-03 03:03:48,tablet,/product-search,,False
8732,,2024-08-14 01:43:16,2024-08-14 02:23:16,tablet,/deals,,False
8733,992,2024-12-07 17:35:46,2024-12-07 18:08:46,tablet,/home,7,False
8734,,2025-09-13 06:42:24,2025-09-13 07:24:24,desktop,/blog,,False
8735,1381,2025-01-31 20:12:22,2025-01-31 20:13:22,mobile,/deals,,True
8736,1169,2025-04-15 10:09:50,2025-04-15 10:15:50,desktop,/category/electronics,15,True
8737,1286,2024-11-29 15:50:44,2024-11-29 16:17:44,mobile,/deals,14,True
8738,,2024-03-14 17:21:39,2024-03-14 17:49:39,desktop,/product-search,3,False
8739,,2025-06-04 04:54:18,2025-06-04 05:35:18,desktop,/product-search,,False
8740,213,2025-10-29 05:49:32,2025-10-29 06:13:32,desktop,/deals,8,False
8741,1250,2025-09-24 16:41:03,2025-09-24 17:22:03,mobile,/product-search,2,True
8742,,2024-01-11 23:52:03,2024-01-12 00:11:03,desktop,/product-search,12,False
8743,,2025-09-29 12:14:45,2025-09-29 12:37:45,mobile,/category/electronics,,False
8744,1239,2025-02-08 08:58:55,2025-02-08 09:32:55,tablet,/home,,False
8745,,2024-10-05 15:41:33,2024-10-05 16:18:33,desktop,/category/electronics,3,False
8746,,2024-12-31 17:34:32,2024-12-31 18:00:32,mobile,/blog,5,False
8747,,2024-10-08 01:11:15,2024-10-08 01:19:15,desktop,/category/electronics,,False
8748,1176,2025-07-04 15:25:26,2025-07-04 15:32:26,desktop,/blog,,True
8749,615,2025-10-30 13:06:25,2025-10-30 13:26:25,desktop,/category/electronics,,True
8750,1153,2025-11-02 06:58:56,2025-11-02 07:04:56,desktop,/deals,5,False
8751,,2025-04-26 03:11:12,2025-04-26 03:44:12,mobile,/home,1,False
8752,307,2025-10-16 18:18:03,2025-10-16 18:19:03,mobile,/blog,,False
8753,953,2025-02-21 23:21:19,2025-02-21 23:27:19,desktop,/category/apparel,,False
8754,,2025-03-16 15:44:28,2025-03-16 16:03:28,mobile,/category/electronics,10,False
8755,1476,2025-07-05 16:47:29,2025-07-05 17:14:29,desktop,/deals,,False
8756,,2024-01-13 17:29:43,2024-01-13 18:05:43,desktop,/home,,False
8757,374,2025-03-08 00:51:16,2025-03-08 01:06:16,tablet,/deals,1,False
8758,19,2025-10-18 04:19:07,2025-10-18 04:22:07,desktop,/blog,1,False
8759,555,2025-07-15 05:22:58,2025-07-15 05:47:58,tablet,/home,,False
8760,,2025-09-24 19:59:03,2025-09-24 20:30:03,mobile,/product-search,,False
8761,,2024-02-20 23:25:56,2024-02-20 23:48:56,desktop,/product-search,,False
8762,,2024-03-29 02:35:00,2024-03-29 03:16:00,desktop,/blog,9,False
8763,665,2024-07-08 01:04:22,2024-07-08 01:10:22,tablet,/category/electronics,,True
8764,1198,2025-09-05 09:17:34,2025-09-05 09:46:34,mobile,/category/apparel,,False
8765,325,2025-01-11 14:21:33,2025-01-11 14:26:33,desktop,/category/electronics,,False
8766,1345,2025-12-19 02:12:34,2025-12-19 02:50:34,desktop,/home,,True
8767,111,2025-01-04 17:05:19,2025-01-04 17:30:19,desktop,/product-search,,False
8768,,2024-06-19 20:39:03,2024-06-19 20:49:03,tablet,/category/electronics,,False
8769,830,2025-10-27 06:27:50,2025-10-27 06:32:50,tablet,/blog,,False
8770,419,2024-09-21 06:19:39,2024-09-21 06:21:39,tablet,/blog,,False
8771,,2024-05-12 05:57:55,2024-05-12 06:42:55,mobile,/category/electronics,,False
8772,,2025-07-05 01:25:34,2025-07-05 02:01:34,tablet,/deals,,False
8773,1164,2025-12-04 10:46:57,2025-12-04 11:22:57,desktop,/category/electronics,,False
8774,1415,2025-11-02 13:37:25,2025-11-02 14:01:25,mobile,/blog,,False
8775,47,2025-05-07 05:33:49,2025-05-07 06:11:49,desktop,/home,,False
8776,,2025-06-11 17:20:22,2025-06-11 17:27:22,desktop,/deals,9,False
8777,566,2025-09-10 18:01:42,2025-09-10 18:18:42,tablet,/home,6,True
8778,846,2024-09-04 20:55:46,2024-09-04 21:08:46,mobile,/product-search,,False
8779,403,2025-06-27 06:11:39,2025-06-27 06:23:39,desktop,/category/apparel,,False
8780,,2024-06-14 10:11:44,2024-06-14 10:35:44,mobile,/category/electronics,,False
8781,,2025-10-04 13:47:12,2025-10-04 14:29:12,tablet,/blog,13,False
8782,,2024-08-31 05:19:22,2024-08-31 05:26:22,desktop,/blog,,False
8783,,2025-06-27 08:40:28,2025-06-27 08:50:28,desktop,/category/electronics,,False
8784,1307,2025-05-23 02:06:19,2025-05-23 02:30:19,desktop,/blog,5,False
8785,754,2025-03-04 07:43:30,2025-03-04 07:44:30,tablet,/blog,4,False
8786,1435,2025-10-03 10:18:56,2025-10-03 10:52:56,desktop,/deals,4,True
8787,,2025-07-01 21:23:13,2025-07-01 21:31:13,desktop,/category/apparel,15,True
8788,905,2025-05-25 11:03:43,2025-05-25 11:31:43,desktop,/blog,,False
8789,,2024-09-16 07:31:08,2024-09-16 08:12:08,desktop,/home,12,False
8790,720,2025-05-26 17:35:48,2025-05-26 17:53:48,desktop,/category/apparel,7,False
8791,,2024-07-24 08:10:06,2024-07-24 08:41:06,desktop,/blog,,False
8792,,2024-04-13 22:02:43,2024-04-13 22:33:43,desktop,/category/apparel,,False
8793,,2025-06-06 23:40:53,2025-06-07 00:11:53,tablet,/category/apparel,13,False
8794,1311,2024-03-06 20:59:41,2024-03-06 21:26:41,mobile,/category/apparel,,False
8795,,2025-10-23 22:31:46,2025-10-23 22:37:46,desktop,/home,2,False
8796,75,2025-12-27 09:29:59,2025-12-27 09:47:59,desktop,/product-search,2,False
8797,,2025-09-21 23:40:40,2025-09-22 00:09:40,desktop,/blog,7,True
8798,276,2024-05-27 13:32:16,2024-05-27 14:04:16,tablet,/category/electronics,7,False
8799,1470,2025-11-29 03:45:40,2025-11-29 04:00:40,desktop,/deals,,True
8800,1108,2025-08-09 02:59:59,2025-08-09 03:24:59,mobile,/home,,False
8801,,2025-03-24 17:20:17,2025-03-24 17:21:17,tablet,/blog,7,False
8802,,2025-05-12 10:04:30,2025-05-12 10:47:30,mobile,/deals,,False
8803,1378,2025-08-21 11:27:19,2025-08-21 11:52:19,desktop,/product-search,14,True
8804,1217,2025-04-11 07:33:04,2025-04-11 08:16:04,mobile,/product-search,,False
8805,,2025-10-27 03:58:24,2025-10-27 04:12:24,desktop,/blog,,False
8806,372,2025-12-04 03:11:07,2025-12-04 03:26:07,mobile,/home,,True
8807,1434,2024-11-11 07:37:12,2024-11-11 08:04:12,mobile,/product-search,,False
8808,574,2025-07-26 06:55:57,2025-07-26 07:35:57,mobile,/home,,False
8809,475,2025-01-04 02:56:04,2025-01-04 03:03:04,desktop,/home,8,False
8810,1224,2025-10-04 13:08:47,2025-10-04 13:16:47,mobile,/category/electronics,,False
8811,,2024-09-06 15:17:52,2024-09-06 15:29:52,mobile,/category/apparel,,False
8812,1391,2025-12-01 22:18:27,2025-12-01 22:35:27,desktop,/category/apparel,,False
8813,,2025-10-01 17:00:43,2025-10-01 17:41:43,mobile,/category/electronics,6,False
8814,314,2025-08-01 08:20:03,2025-08-01 08:26:03,mobile,/blog,6,False
8815,569,2025-04-05 18:39:47,2025-04-05 19:13:47,desktop,/category/apparel,,True
8816,962,2025-11-15 18:19:29,2025-11-15 18:42:29,tablet,/product-search,,True
8817,1044,2025-12-22 16:59:34,2025-12-22 17:38:34,tablet,/product-search,,True
8818,1433,2025-12-27 14:06:27,2025-12-27 14:38:27,tablet,/home,,False
8819,341,2025-07-24 18:58:04,2025-07-24 19:40:04,desktop,/category/electronics,3,False
8820,,2024-07-05 06:48:06,2024-07-05 06:54:06,tablet,/home,5,False
8821,,2024-08-02 10:08:03,2024-08-02 10:31:03,mobile,/home,15,False
8822,1247,2025-11-06 03:20:16,2025-11-06 04:01:16,desktop,/deals,2,False
8823,793,2025-08-10 15:16:33,2025-08-10 15:44:33,mobile,/product-search,7,False
8824,,2024-08-27 16:34:53,2024-08-27 17:00:53,mobile,/category/apparel,15,False
8825,272,2025-03-13 08:31:16,2025-03-13 09:13:16,mobile,/home,,False
8826,208,2025-12-26 06:59:55,2025-12-26 07:37:55,tablet,/home,3,False
8827,1125,2025-09-18 05:49:01,2025-09-18 06:21:01,desktop,/category/electronics,,False
8828,1489,2025-05-25 10:25:39,2025-05-25 10:54:39,mobile,/category/apparel,15,False
8829,80,2025-04-11 17:15:55,2025-04-11 17:34:55,tablet,/home,2,False
8830,,2024-08-27 15:26:27,2024-08-27 15:56:27,mobile,/blog,5,False
8831,343,2025-12-27 05:21:56,2025-12-27 05:45:56,desktop,/category/apparel,11,False
8832,558,2024-12-21 14:00:56,2024-12-21 14:08:56,desktop,/home,,True
8833,271,2025-12-19 22:46:00,2025-12-19 23:05:00,desktop,/deals,,True
8834,517,2025-04-10 23:17:08,2025-04-10 23:57:08,tablet,/deals,,True
8835,1165,2025-11-05 04:45:37,2025-11-05 05:28:37,desktop,/product-search,8,False
8836,,2025-10-14 09:47:34,2025-10-14 10:12:34,mobile,/home,11,False
8837,,2025-06-14 07:52:01,2025-06-14 08:12:01,tablet,/product-search,,False
8838,1332,2025-09-18 21:02:39,2025-09-18 21:45:39,tablet,/category/electronics,6,False
8839,1471,2025-12-24 03:00:16,2025-12-24 03:28:16,desktop,/category/electronics,,True
8840,960,2025-04-08 12:49:12,2025-04-08 13:07:12,desktop,/deals,1,False
8841,235,2024-06-23 02:08:43,2024-06-23 02:33:43,desktop,/category/electronics,,False
8842,1159,2024-06-05 06:01:02,2024-06-05 06:08:02,desktop,/home,3,False
8843,1119,2025-12-15 10:49:47,2025-12-15 11:15:47,desktop,/blog,7,False
8844,1325,2025-03-07 10:26:06,2025-03-07 10:43:06,mobile,/product-search,,False
8845,,2025-09-06 09:26:30,2025-09-06 09:45:30,mobile,/blog,,False
8846,938,2025-09-15 09:11:29,2025-09-15 09:42:29,desktop,/home,,False
8847,,2024-06-30 15:31:45,2024-06-30 15:36:45,mobile,/blog,,False
8848,,2025-07-09 10:51:59,2025-07-09 11:16:59,desktop,/category/apparel,4,False
8849,136,2025-07-29 07:15:57,2025-07-29 07:58:57,tablet,/category/apparel,,False
8850,326,2025-12-19 03:31:54,2025-12-19 03:57:54,tablet,/blog,,False
8851,484,2025-04-09 06:07:14,2025-04-09 06:52:14,desktop,/product-search,,False
8852,1302,2025-12-21 15:47:26,2025-12-21 16:24:26,tablet,/blog,10,False
8853,,2024-07-09 09:15:00,2024-07-09 09:32:00,tablet,/category/electronics,,False
8854,,2024-12-01 12:49:05,2024-12-01 13:11:05,desktop,/deals,12,False
8855,,2024-12-01 21:30:41,2024-12-01 21:35:41,tablet,/blog,,False
8856,,2025-09-10 11:37:49,2025-09-10 12:00:49,mobile,/blog,6,False
8857,,2025-12-30 09:30:02,2025-12-30 09:53:02,tablet,/category/electronics,8,False
8858,1037,2025-12-22 08:20:51,2025-12-22 08:31:51,tablet,/product-search,,False
8859,,2024-06-08 12:03:43,2024-06-08 12:22:43,mobile,/category/apparel,,False
8860,1401,2024-03-21 07:37:48,2024-03-21 07:54:48,desktop,/category/electronics,10,True
8861,843,2024-10-02 16:58:43,2024-10-02 17:11:43,tablet,/deals,10,False
8862,,2024-08-04 21:00:57,2024-08-04 21:32:57,desktop,/deals,14,False
8863,1170,2025-12-23 00:05:00,2025-12-23 00:35:00,desktop,/category/apparel,,False
8864,16,2025-07-06 01:59:23,2025-07-06 02:27:23,desktop,/home,,False
8865,709,2025-12-19 05:59:38,2025-12-19 06:00:38,tablet,/category/apparel,,True
8866,297,2025-04-27 17:05:57,2025-04-27 17:19:57,mobile,/category/apparel,,False
8867,511,2024-09-06 04:32:53,2024-09-06 04:51:53,tablet,/product-search,,False
8868,914,2025-09-30 15:10:31,2025-09-30 15:18:31,mobile,/blog,,False
8869,,2024-02-19 00:55:57,2024-02-19 01:12:57,desktop,/category/electronics,,False
8870,,2024-07-22 06:49:03,2024-07-22 07:19:03,desktop,/deals,13,False
8871,834,2025-07-24 09:20:09,2025-07-24 09:43:09,mobile,/product-search,,False
8872,1447,2025-03-12 07:19:19,2025-03-12 07:34:19,mobile,/category/electronics,,True
8873,,2024-04-21 18:59:44,2024-04-21 19:10:44,mobile,/category/electronics,15,False
8874,185,2025-09-15 04:21:00,2025-09-15 04:29:00,mobile,/category/apparel,,True
8875,27,2025-06-01 20:00:43,2025-06-01 20:42:43,desktop,/home,5,False
8876,1190,2024-12-09 17:18:28,2024-12-09 17:25:28,desktop,/deals,,False
8877,329,2025-12-14 22:33:46,2025-12-14 23:00:46,tablet,/category/electronics,10,False
8878,252,2025-12-07 18:27:44,2025-12-07 19:03:44,tablet,/blog,11,False
8879,917,2025-11-10 18:30:19,2025-11-10 18:53:19,mobile,/category/apparel,,False
8880,,2024-05-30 04:34:45,2024-05-30 04:36:45,tablet,/product-search,,False
8881,,2025-07-10 18:40:02,2025-07-10 18:43:02,desktop,/category/apparel,,False
8882,,2024-09-15 03:35:37,2024-09-15 03:58:37,desktop,/deals,,False
8883,,2025-07-07 08:06:45,2025-07-07 08:20:45,mobile,/category/apparel,,False
8884,,2024-12-10 00:27:05,2024-12-10 00:45:05,tablet,/category/electronics,,False
8885,600,2025-07-10 04:25:45,2025-07-10 04:43:45,tablet,/category/electronics,4,False
8886,509,2025-07-29 00:43:30,2025-07-29 00:47:30,tablet,/category/apparel,,False
8887,,2025-10-11 21:52:07,2025-10-11 22:11:07,desktop,/blog,,False
8888,1065,2025-12-18 08:40:45,2025-12-18 08:51:45,desktop,/blog,8,False
8889,,2025-09-01 22:41:03,2025-09-01 22:52:03,tablet,/blog,,True
8890,532,2025-08-09 10:07:26,2025-08-09 10:19:26,tablet,/category/apparel,,False
8891,,2024-02-04 19:23:38,2024-02-04 19:56:38,mobile,/deals,9,False
8892,989,2025-09-11 17:20:51,2025-09-11 17:41:51,tablet,/category/electronics,6,False
8893,1083,2025-06-09 07:31:25,2025-06-09 08:08:25,mobile,/product-search,6,True
8894,16,2025-04-30 17:58:52,2025-04-30 18:12:52,tablet,/product-search,,True
8895,,2024-03-29 08:06:04,2024-03-29 08:48:04,mobile,/category/electronics,,False
8896,,2024-08-23 11:30:41,2024-08-23 11:58:41,desktop,/product-search,2,False
8897,1209,2025-08-07 03:21:43,2025-08-07 03:54:43,mobile,/category/electronics,13,False
8898,1230,2025-10-18 17:30:30,2025-10-18 17:46:30,desktop,/product-search,7,False
8899,,2025-12-27 17:39:00,2025-12-27 17:51:00,tablet,/blog,,False
8900,514,2025-10-21 15:59:37,2025-10-21 16:09:37,desktop,/category/electronics,,False
8901,861,2024-11-30 22:06:10,2024-11-30 22:17:10,mobile,/category/apparel,5,False
8902,,2025-09-01 19:16:59,2025-09-01 19:27:59,tablet,/product-search,,False
8903,932,2025-06-11 14:12:45,2025-06-11 14:26:45,mobile,/deals,1,False
8904,,2024-01-14 22:18:32,2024-01-14 22:21:32,desktop,/product-search,,False
8905,,2025-06-22 20:24:33,2025-06-22 21:01:33,tablet,/home,,False
8906,,2024-04-05 14:09:55,2024-04-05 14:45:55,tablet,/category/electronics,,False
8907,,2024-10-23 10:09:03,2024-10-23 10:51:03,mobile,/product-search,,False
8908,688,2025-11-22 15:37:31,2025-11-22 15:51:31,tablet,/product-search,,False
8909,416,2025-08-18 02:51:45,2025-08-18 03:08:45,tablet,/product-search,,True
8910,21,2024-11-25 07:21:07,2024-11-25 07:54:07,tablet,/home,5,False
8911,138,2024-09-09 19:59:07,2024-09-09 20:09:07,tablet,/deals,,False
8912,968,2025-10-04 05:08:58,2025-10-04 05:52:58,tablet,/product-search,,False
8913,,2025-08-25 06:07:26,2025-08-25 06:41:26,desktop,/blog,,False
8914,,2024-03-30 12:51:18,2024-03-30 13:17:18,desktop,/category/apparel,15,False
8915,,2024-02-01 16:52:51,2024-02-01 17:03:51,desktop,/home,1,False
8916,486,2025-04-06 17:43:24,2025-04-06 17:58:24,desktop,/blog,10,False
8917,1217,2025-07-27 23:10:42,2025-07-27 23:47:42,tablet,/blog,9,False
8918,,2025-02-18 04:29:42,2025-02-18 05:03:42,tablet,/blog,,False
8919,163,2025-09-21 13:44:18,2025-09-21 14:08:18,mobile,/blog,,True
8920,1152,2025-04-12 18:35:18,2025-04-12 18:56:18,tablet,/category/apparel,,False
8921,,2024-03-15 16:47:10,2024-03-15 17:25:10,tablet,/category/electronics,6,False
8922,713,2025-02-13 01:32:17,2025-02-13 02:00:17,mobile,/blog,,False
8923,,2025-10-30 00:25:31,2025-10-30 00:43:31,tablet,/blog,7,False
8924,530,2025-12-25 22:14:00,2025-12-25 22:31:00,desktop,/category/apparel,,False
8925,265,2024-10-04 01:56:52,2024-10-04 02:35:52,tablet,/product-search,,False
8926,,2025-08-08 01:05:24,2025-08-08 01:44:24,tablet,/category/electronics,2,False
8927,587,2025-06-22 22:28:56,2025-06-22 22:34:56,desktop,/deals,11,False
8928,89,2025-09-29 07:49:13,2025-09-29 08:05:13,tablet,/home,,False
8929,,2025-04-02 17:07:33,2025-04-02 17:42:33,tablet,/deals,1,False
8930,229,2024-11-25 10:00:52,2024-11-25 10:44:52,mobile,/deals,,True
8931,233,2024-11-23 08:27:01,2024-11-23 08:37:01,desktop,/deals,3,True
8932,603,2025-12-01 22:59:24,2025-12-01 23:17:24,mobile,/home,,False
8933,,2024-10-31 06:51:40,2024-10-31 07:01:40,mobile,/deals,12,False
8934,1303,2025-11-17 19:07:37,2025-11-17 19:37:37,tablet,/blog,,False
8935,333,2025-12-31 10:16:40,2025-12-31 10:59:40,tablet,/blog,,False
8936,1060,2025-11-06 08:04:33,2025-11-06 08:38:33,mobile,/product-search,13,True
8937,1415,2025-05-06 00:14:19,2025-05-06 00:16:19,tablet,/home,,False
8938,34,2025-03-09 09:33:12,2025-03-09 09:56:12,mobile,/blog,,False
8939,59,2025-08-23 21:36:16,2025-08-23 22:00:16,mobile,/home,,False
8940,166,2025-05-27 15:51:22,2025-05-27 16:19:22,tablet,/blog,5,False
8941,939,2025-08-15 07:26:03,2025-08-15 07:32:03,mobile,/blog,10,False
8942,357,2025-07-20 16:56:26,2025-07-20 17:12:26,desktop,/category/electronics,,False
8943,200,2025-06-15 09:07:14,2025-06-15 09:33:14,tablet,/category/electronics,,False
8944,479,2024-07-13 04:47:39,2024-07-13 05:32:39,mobile,/category/apparel,9,False
8945,,2025-10-29 19:11:30,2025-10-29 19:31:30,tablet,/deals,10,False
8946,135,2025-02-22 13:54:05,2025-02-22 14:39:05,mobile,/deals,,False
8947,,2024-07-03 19:56:02,2024-07-03 20:15:02,mobile,/home,7,False
8948,133,2025-12-24 17:15:08,2025-12-24 17:50:08,mobile,/home,,False
8949,,2024-04-16 10:05:18,2024-04-16 10:45:18,desktop,/category/apparel,,False
8950,809,2024-11-26 07:50:22,2024-11-26 08:29:22,desktop,/category/electronics,3,False
8951,,2024-04-24 11:49:52,2024-04-24 12:13:52,tablet,/home,9,False
8952,1260,2025-08-27 11:02:33,2025-08-27 11:28:33,mobile,/category/electronics,1,False
8953,1211,2025-05-02 17:41:01,2025-05-02 18:03:01,mobile,/home,8,False
8954,548,2024-05-18 14:59:34,2024-05-18 15:26:34,desktop,/blog,,False
8955,1089,2025-11-30 03:26:54,2025-11-30 03:36:54,tablet,/deals,13,True
8956,1171,2025-03-29 02:06:56,2025-03-29 02:47:56,tablet,/home,4,False
8957,,2024-08-11 08:29:17,2024-08-11 09:09:17,desktop,/category/electronics,10,False
8958,1165,2025-11-30 17:23:23,2025-11-30 17:33:23,mobile,/home,,True
8959,1198,2025-05-03 08:56:49,2025-05-03 09:17:49,desktop,/home,1,False
8960,395,2025-12-12 04:35:50,2025-12-12 04:38:50,desktop,/category/apparel,,False
8961,1497,2025-11-05 20:59:20,2025-11-05 21:11:20,desktop,/blog,2,False
8962,845,2025-12-31 01:05:35,2025-12-31 01:24:35,mobile,/product-search,9,False
8963,,2024-04-18 05:49:33,2024-04-18 06:10:33,desktop,/product-search,8,False
8964,1453,2024-09-02 20:13:33,2024-09-02 20:23:33,mobile,/blog,7,False
8965,659,2024-10-03 19:06:46,2024-10-03 19:40:46,tablet,/deals,,False
8966,,2025-02-05 13:34:33,2025-02-05 14:17:33,mobile,/category/electronics,2,False
8967,,2025-08-03 00:27:14,2025-08-03 00:28:14,tablet,/category/apparel,4,False
8968,1010,2025-03-07 09:47:10,2025-03-07 09:57:10,mobile,/blog,,False
8969,1272,2025-09-30 14:07:08,2025-09-30 14:20:08,mobile,/product-search,3,False
8970,,2025-02-27 17:22:39,2025-02-27 17:45:39,mobile,/product-search,5,False
8971,936,2024-04-27 13:58:57,2024-04-27 14:27:57,desktop,/category/electronics,14,False
8972,1334,2024-06-16 00:34:53,2024-06-16 00:45:53,desktop,/category/electronics,,False
8973,1438,2025-09-27 11:20:29,2025-09-27 12:05:29,mobile,/home,,False
8974,,2025-03-29 20:40:46,2025-03-29 20:55:46,mobile,/product-search,,False
8975,,2025-10-15 16:28:12,2025-10-15 17:01:12,mobile,/category/apparel,9,False
8976,,2024-05-16 06:33:44,2024-05-16 07:16:44,mobile,/home,15,False
8977,574,2025-01-01 08:05:21,2025-01-01 08:21:21,mobile,/category/apparel,5,True
8978,107,2025-02-01 23:53:57,2025-02-02 00:18:57,mobile,/category/electronics,,False
8979,540,2025-12-19 16:04:54,2025-12-19 16:28:54,tablet,/category/electronics,1,False
8980,631,2025-11-05 09:57:44,2025-11-05 09:58:44,mobile,/blog,4,False
8981,,2024-09-23 01:27:43,2024-09-23 02:06:43,desktop,/category/electronics,,False
8982,1133,2025-11-17 14:08:28,2025-11-17 14:28:28,desktop,/blog,10,True
8983,,2025-10-24 03:27:19,2025-10-24 03:48:19,mobile,/category/electronics,,False
8984,326,2024-11-20 02:12:36,2024-11-20 02:57:36,mobile,/category/apparel,1,False
8985,,2024-12-11 10:21:26,2024-12-11 10:52:26,desktop,/blog,15,False
8986,92,2025-11-11 10:20:46,2025-11-11 10:40:46,desktop,/deals,,False
8987,1434,2024-07-25 08:16:09,2024-07-25 08:46:09,desktop,/category/apparel,,True
8988,668,2025-12-18 04:12:19,2025-12-18 04:54:19,mobile,/category/apparel,,True
8989,245,2024-10-12 12:04:07,2024-10-12 12:46:07,desktop,/deals,7,False
8990,,2024-11-16 06:51:35,2024-11-16 06:57:35,mobile,/blog,6,False
8991,494,2024-11-27 11:45:39,2024-11-27 12:26:39,tablet,/deals,,False
8992,151,2025-10-09 19:42:32,2025-10-09 20:25:32,tablet,/deals,,False
8993,,2024-03-14 15:40:06,2024-03-14 16:25:06,tablet,/home,,False
8994,456,2025-12-08 10:01:30,2025-12-08 10:08:30,tablet,/deals,,False
8995,474,2024-12-29 23:37:21,2024-12-29 23:42:21,mobile,/category/electronics,11,True
8996,,2025-03-22 14:53:01,2025-03-22 15:06:01,desktop,/product-search,,False
8997,,2024-11-09 18:17:37,2024-11-09 18:24:37,desktop,/deals,,False
8998,,2025-08-23 21:18:13,2025-08-23 21:20:13,mobile,/home,,False
8999,159,2024-12-09 07:06:42,2024-12-09 07:15:42,mobile,/product-search,10,True
9000,741,2025-07-23 07:03:48,2025-07-23 07:22:48,desktop,/category/apparel,3,False
9001,1429,2025-01-27 18:13:09,2025-01-27 18:35:09,desktop,/home,8,False
9002,564,2025-05-22 20:35:23,2025-05-22 20:47:23,desktop,/category/electronics,9,False
9003,225,2024-10-22 23:26:55,2024-10-22 23:52:55,mobile,/blog,,False
9004,,2024-03-31 02:16:17,2024-03-31 02:49:17,mobile,/product-search,,False
9005,,2024-10-20 19:04:53,2024-10-20 19:11:53,mobile,/category/electronics,,False
9006,1069,2025-04-07 15:28:54,2025-04-07 15:45:54,mobile,/deals,,False
9007,980,2025-05-17 20:44:12,2025-05-17 20:59:12,mobile,/product-search,,True
9008,70,2024-11-14 16:49:46,2024-11-14 16:59:46,tablet,/category/apparel,10,True
9009,1204,2025-09-20 22:30:57,2025-09-20 22:39:57,mobile,/home,,True
9010,1211,2025-05-09 05:02:45,2025-05-09 05:07:45,mobile,/category/electronics,,False
9011,616,2025-10-06 02:14:48,2025-10-06 02:27:48,tablet,/home,7,False
9012,796,2024-12-16 16:29:52,2024-12-16 16:43:52,tablet,/category/apparel,13,False
9013,,2025-08-30 07:52:26,2025-08-30 08:16:26,mobile,/category/electronics,,False
9014,20,2025-11-26 22:43:57,2025-11-26 23:08:57,tablet,/home,,False
9015,214,2025-07-31 14:17:27,2025-07-31 14:39:27,tablet,/blog,,False
9016,115,2024-12-10 12:04:55,2024-12-10 12:46:55,desktop,/blog,10,True
9017,,2025-07-12 13:12:16,2025-07-12 13:54:16,tablet,/blog,11,False
9018,803,2025-09-18 05:44:29,2025-09-18 06:14:29,mobile,/home,,True
9019,,2025-12-21 20:42:52,2025-12-21 20:48:52,mobile,/deals,,False
9020,301,2025-12-17 21:35:38,2025-12-17 21:54:38,desktop,/home,3,False
9021,,2024-03-20 06:37:33,2024-03-20 06:45:33,desktop,/category/electronics,,False
9022,1050,2025-09-25 20:38:11,2025-09-25 21:13:11,mobile,/blog,,False
9023,,2024-09-21 23:21:32,2024-09-21 23:36:32,tablet,/category/apparel,4,False
9024,,2024-03-29 16:17:25,2024-03-29 16:57:25,desktop,/product-search,,False
9025,,2025-10-22 11:53:34,2025-10-22 12:20:34,desktop,/category/apparel,6,False
9026,788,2025-10-10 16:34:10,2025-10-10 16:42:10,tablet,/category/electronics,,True
9027,1081,2025-12-10 23:32:44,2025-12-10 23:55:44,desktop,/blog,2,False
9028,796,2025-08-11 18:12:53,2025-08-11 18:23:53,tablet,/deals,,False
9029,1073,2025-12-24 06:25:46,2025-12-24 06:53:46,desktop,/category/electronics,3,False
9030,1156,2025-10-18 23:38:00,2025-10-18 23:40:00,desktop,/category/electronics,,False
9031,806,2025-11-14 07:46:28,2025-11-14 08:21:28,tablet,/deals,,False
9032,1056,2025-11-26 01:25:12,2025-11-26 01:32:12,tablet,/blog,,True
9033,1264,2025-01-29 18:51:26,2025-01-29 18:59:26,desktop,/home,,False
9034,474,2025-05-16 17:30:00,2025-05-16 18:06:00,tablet,/category/electronics,,True
9035,,2025-12-20 11:48:25,2025-12-20 12:30:25,mobile,/category/apparel,9,False
9036,,2025-07-15 02:50:43,2025-07-15 03:14:43,mobile,/category/electronics,11,False
9037,844,2025-11-19 20:45:03,2025-11-19 21:06:03,tablet,/blog,1,False
9038,,2024-05-19 10:48:45,2024-05-19 11:32:45,tablet,/blog,,False
9039,,2025-09-05 20:08:35,2025-09-05 20:35:35,tablet,/deals,,False
9040,875,2024-11-30 04:57:23,2024-11-30 05:08:23,tablet,/home,,False
9041,,2024-09-19 20:29:36,2024-09-19 21:07:36,mobile,/category/apparel,11,False
9042,357,2025-12-11 10:54:44,2025-12-11 11:07:44,desktop,/category/apparel,1,True
9043,233,2025-08-16 05:51:52,2025-08-16 06:24:52,desktop,/product-search,,False
9044,,2024-10-03 10:01:36,2024-10-03 10:43:36,desktop,/category/electronics,,False
9045,1498,2025-07-28 19:16:12,2025-07-28 19:35:12,mobile,/blog,14,False
9046,1223,2025-12-05 04:33:53,2025-12-05 04:57:53,mobile,/blog,,False
9047,1187,2025-12-25 06:16:25,2025-12-25 06:59:25,mobile,/home,,False
9048,464,2025-10-18 05:18:45,2025-10-18 05:47:45,mobile,/deals,14,True
9049,,2024-10-16 14:56:43,2024-10-16 15:01:43,desktop,/product-search,,False
9050,,2024-03-25 06:12:01,2024-03-25 06:32:01,mobile,/home,,False
9051,5,2024-12-28 02:41:25,2024-12-28 02:53:25,tablet,/category/electronics,,True
9052,957,2025-08-13 19:16:13,2025-08-13 19:24:13,desktop,/home,15,False
9053,1358,2025-12-13 18:39:36,2025-12-13 18:49:36,mobile,/blog,,False
9054,,2025-03-20 10:26:24,2025-03-20 10:29:24,desktop,/category/electronics,,False
9055,,2024-05-21 08:31:55,2024-05-21 08:50:55,mobile,/blog,,False
9056,684,2025-12-21 11:04:47,2025-12-21 11:14:47,desktop,/blog,,False
9057,,2024-01-27 15:17:03,2024-01-27 15:22:03,desktop,/product-search,,True
9058,,2024-08-02 04:00:02,2024-08-02 04:10:02,mobile,/deals,15,False
9059,717,2025-03-02 15:51:49,2025-03-02 16:10:49,desktop,/home,1,False
9060,1464,2025-10-31 19:33:10,2025-10-31 19:36:10,mobile,/deals,1,False
9061,872,2025-11-12 21:52:08,2025-11-12 21:58:08,mobile,/category/apparel,5,False
9062,,2025-08-11 06:49:46,2025-08-11 07:18:46,desktop,/blog,3,False
9063,,2024-01-16 03:16:24,2024-01-16 03:24:24,tablet,/blog,,False
9064,,2024-07-24 18:58:31,2024-07-24 19:25:31,mobile,/category/apparel,13,False
9065,841,2025-07-22 16:02:39,2025-07-22 16:11:39,tablet,/product-search,,False
9066,,2025-03-31 18:29:08,2025-03-31 18:44:08,desktop,/category/electronics,,False
9067,754,2025-08-05 19:45:16,2025-08-05 19:57:16,mobile,/deals,9,False
9068,510,2025-10-08 11:14:33,2025-10-08 11:15:33,tablet,/deals,,False
9069,1120,2025-08-21 03:48:16,2025-08-21 04:11:16,desktop,/category/apparel,,False
9070,727,2025-10-21 09:50:21,2025-10-21 10:33:21,tablet,/category/apparel,10,False
9071,,2024-07-09 17:08:53,2024-07-09 17:49:53,desktop,/category/apparel,,False
9072,1258,2025-05-26 12:34:04,2025-05-26 12:39:04,tablet,/category/electronics,4,False
9073,,2024-07-06 15:51:47,2024-07-06 15:54:47,tablet,/category/apparel,4,False
9074,761,2025-02-08 04:17:41,2025-02-08 04:50:41,tablet,/deals,,True
9075,,2025-08-21 08:12:02,2025-08-21 08:29:02,desktop,/blog,,False
9076,861,2024-03-22 04:03:27,2024-03-22 04:10:27,tablet,/deals,,False
9077,,2025-12-21 19:35:59,2025-12-21 19:55:59,mobile,/home,,False
9078,,2025-10-15 22:16:50,2025-10-15 22:43:50,desktop,/deals,,False
9079,,2024-07-01 21:30:06,2024-07-01 22:01:06,tablet,/product-search,,False
9080,,2024-05-28 16:53:39,2024-05-28 17:19:39,tablet,/product-search,,False
9081,,2024-10-10 18:41:57,2024-10-10 19:05:57,mobile,/blog,,True
9082,1408,2024-08-27 00:03:39,2024-08-27 00:14:39,desktop,/blog,,True
9083,928,2025-02-23 04:33:10,2025-02-23 04:58:10,mobile,/blog,,False
9084,1449,2025-12-15 15:38:48,2025-12-15 15:48:48,desktop,/category/electronics,,False
9085,560,2025-07-16 23:16:34,2025-07-16 23:39:34,desktop,/blog,7,False
9086,,2024-10-02 04:57:22,2024-10-02 05:27:22,tablet,/category/electronics,9,False
9087,,2025-08-04 17:47:16,2025-08-04 18:02:16,desktop,/product-search,,False
9088,,2024-02-23 16:09:18,2024-02-23 16:40:18,desktop,/category/electronics,,False
9089,,2024-05-03 06:53:25,2024-05-03 07:14:25,desktop,/home,,False
9090,,2024-04-18 19:49:50,2024-04-18 20:21:50,desktop,/category/apparel,,False
9091,1091,2025-11-23 09:33:59,2025-11-23 09:40:59,tablet,/deals,,False
9092,1277,2025-11-05 18:41:36,2025-11-05 18:47:36,tablet,/deals,,True
9093,806,2025-10-12 10:47:05,2025-10-12 10:54:05,mobile,/home,,False
9094,,2024-05-02 14:54:40,2024-05-02 15:14:40,mobile,/deals,11,False
9095,464,2025-11-21 18:50:14,2025-11-21 19:10:14,desktop,/category/apparel,,False
9096,,2024-02-01 13:49:57,2024-02-01 14:33:57,desktop,/product-search,,False
9097,250,2025-10-12 15:44:58,2025-10-12 16:18:58,tablet,/blog,,False
9098,762,2025-07-02 10:03:41,2025-07-02 10:39:41,tablet,/category/electronics,8,True
9099,1150,2025-11-06 19:52:32,2025-11-06 20:19:32,mobile,/category/electronics,,False
9100,,2025-12-04 19:58:56,2025-12-04 20:00:56,desktop,/category/electronics,4,False
9101,134,2025-11-05 15:07:05,2025-11-05 15:17:05,desktop,/product-search,10,False
9102,,2025-03-20 00:07:44,2025-03-20 00:38:44,tablet,/blog,11,False
9103,185,2025-07-13 17:47:29,2025-07-13 17:59:29,tablet,/category/apparel,,False
9104,430,2025-07-10 23:15:10,2025-07-10 23:27:10,mobile,/category/apparel,,False
9105,882,2025-12-01 00:16:19,2025-12-01 00:54:19,mobile,/category/electronics,2,False
9106,,2025-06-20 19:47:35,2025-06-20 20:23:35,desktop,/category/electronics,13,False
9107,1413,2025-12-24 11:46:44,2025-12-24 11:47:44,tablet,/product-search,,False
9108,1066,2025-07-29 06:25:53,2025-07-29 06:30:53,tablet,/category/apparel,,False
9109,,2024-08-22 07:51:52,2024-08-22 08:36:52,desktop,/blog,,False
9110,,2024-06-25 23:09:36,2024-06-25 23:27:36,desktop,/product-search,10,False
9111,1091,2025-08-18 21:01:33,2025-08-18 21:33:33,tablet,/product-search,12,True
9112,881,2025-11-22 23:45:08,2025-11-22 23:57:08,desktop,/category/electronics,3,False
9113,589,2024-09-19 07:17:56,2024-09-19 07:54:56,desktop,/product-search,7,False
9114,911,2025-09-13 20:12:23,2025-09-13 20:31:23,mobile,/category/apparel,4,False
9115,1098,2025-12-25 16:24:43,2025-12-25 16:58:43,desktop,/deals,,False
9116,,2024-06-06 15:30:40,2024-06-06 15:55:40,tablet,/deals,,False
9117,411,2024-11-03 10:35:21,2024-11-03 10:50:21,tablet,/blog,,False
9118,836,2025-10-20 23:59:51,2025-10-21 00:01:51,desktop,/category/apparel,6,False
9119,,2024-12-24 23:35:30,2024-12-25 00:12:30,desktop,/category/electronics,,False
9120,,2024-01-01 06:40:23,2024-01-01 07:00:23,desktop,/category/electronics,,False
9121,,2025-01-30 12:16:39,2025-01-30 12:26:39,desktop,/deals,,False
9122,193,2025-11-09 09:01:46,2025-11-09 09:27:46,desktop,/product-search,,False
9123,459,2025-10-07 04:30:57,2025-10-07 05:03:57,tablet,/home,,False
9124,,2025-07-14 09:14:54,2025-07-14 09:37:54,desktop,/home,,True
9125,,2025-04-02 23:08:57,2025-04-02 23:11:57,tablet,/blog,2,False
9126,381,2025-10-26 08:17:11,2025-10-26 08:21:11,tablet,/deals,,False
9127,1199,2025-04-08 12:20:26,2025-04-08 12:35:26,tablet,/blog,,True
9128,,2024-09-16 01:02:02,2024-09-16 01:16:02,desktop,/category/electronics,,False
9129,1246,2025-12-30 12:48:05,2025-12-30 13:33:05,mobile,/home,15,True
9130,1297,2025-10-07 01:19:50,2025-10-07 01:51:50,mobile,/product-search,12,False
9131,1276,2025-06-10 03:28:57,2025-06-10 03:37:57,tablet,/blog,6,False
9132,298,2025-08-28 05:12:27,2025-08-28 05:13:27,desktop,/product-search,4,False
9133,1198,2025-08-11 18:24:01,2025-08-11 18:46:01,mobile,/home,,True
9134,,2025-05-25 10:26:25,2025-05-25 11:05:25,mobile,/category/apparel,13,False
9135,,2024-01-09 05:16:49,2024-01-09 05:17:49,tablet,/product-search,2,False
9136,764,2025-11-19 07:29:34,2025-11-19 08:09:34,tablet,/category/apparel,9,False
9137,,2025-07-10 22:07:16,2025-07-10 22:47:16,mobile,/blog,,False
9138,,2024-11-20 00:23:25,2024-11-20 00:25:25,tablet,/blog,14,False
9139,856,2025-03-04 13:22:18,2025-03-04 13:52:18,mobile,/category/apparel,4,True
9140,635,2025-07-22 21:54:31,2025-07-22 22:35:31,mobile,/category/electronics,,False
9141,201,2024-11-16 23:02:52,2024-11-16 23:04:52,tablet,/deals,14,False
9142,,2025-04-27 20:41:52,2025-04-27 20:53:52,desktop,/home,,False
9143,369,2025-11-06 02:00:40,2025-11-06 02:31:40,tablet,/home,,False
9144,,2024-12-21 22:29:24,2024-12-21 23:10:24,desktop,/product-search,6,False
9145,,2025-09-29 13:31:20,2025-09-29 13:59:20,desktop,/category/apparel,1,False
9146,,2025-06-03 05:26:15,2025-06-03 05:31:15,desktop,/category/apparel,,False
9147,967,2025-01-30 08:46:31,2025-01-30 09:28:31,tablet,/category/apparel,1,False
9148,4,2025-12-30 00:41:09,2025-12-30 01:22:09,desktop,/product-search,,False
9149,,2024-03-23 20:10:16,2024-03-23 20:41:16,mobile,/home,14,False
9150,75,2025-11-29 02:58:16,2025-11-29 03:28:16,desktop,/deals,,True
9151,901,2025-03-12 00:59:28,2025-03-12 01:24:28,tablet,/category/electronics,,False
9152,883,2025-04-19 16:55:31,2025-04-19 17:38:31,desktop,/home,5,False
9153,,2025-02-03 06:40:07,2025-02-03 06:51:07,desktop,/category/electronics,3,False
9154,830,2025-11-21 12:22:18,2025-11-21 12:28:18,mobile,/product-search,,False
9155,1491,2024-09-19 23:29:56,2024-09-20 00:09:56,mobile,/category/electronics,,False
9156,,2024-10-06 06:59:21,2024-10-06 07:33:21,mobile,/category/apparel,,False
9157,1034,2025-11-04 03:58:35,2025-11-04 04:18:35,desktop,/category/apparel,,False
9158,,2024-11-22 07:14:41,2024-11-22 07:24:41,tablet,/category/electronics,4,False
9159,,2025-01-22 16:22:20,2025-01-22 16:59:20,tablet,/home,,False
9160,,2024-12-30 18:37:48,2024-12-30 19:21:48,desktop,/home,,False
9161,784,2025-03-22 09:47:13,2025-03-22 10:28:13,tablet,/category/apparel,,True
9162,107,2024-12-01 10:37:47,2024-12-01 10:49:47,tablet,/home,6,True
9163,,2025-05-05 03:58:47,2025-05-05 04:32:47,mobile,/category/apparel,15,False
9164,508,2024-04-19 12:41:51,2024-04-19 13:13:51,tablet,/product-search,,False
9165,,2024-08-07 08:45:43,2024-08-07 09:22:43,tablet,/category/electronics,11,False
9166,1311,2025-03-21 16:06:17,2025-03-21 16:26:17,mobile,/category/electronics,,False
9167,382,2024-11-19 22:33:11,2024-11-19 22:41:11,mobile,/category/apparel,,False
9168,243,2025-11-06 20:06:35,2025-11-06 20:27:35,desktop,/category/electronics,,False
9169,1293,2025-12-05 02:40:05,2025-12-05 02:52:05,tablet,/category/apparel,,False
9170,661,2025-04-30 04:47:52,2025-04-30 05:23:52,tablet,/deals,,False
9171,231,2025-09-07 13:58:41,2025-09-07 14:32:41,desktop,/deals,,False
9172,1079,2025-02-08 23:49:40,2025-02-09 00:27:40,desktop,/category/electronics,11,False
9173,262,2025-05-07 06:01:50,2025-05-07 06:22:50,desktop,/category/apparel,2,True
9174,438,2025-07-23 18:24:06,2025-07-23 18:41:06,mobile,/deals,,False
9175,714,2025-12-23 14:16:53,2025-12-23 14:43:53,tablet,/home,11,False
9176,1187,2025-05-29 07:38:59,2025-05-29 07:53:59,tablet,/category/electronics,,False
9177,490,2025-05-03 03:35:08,2025-05-03 04:13:08,mobile,/product-search,15,False
9178,,2025-11-05 20:14:52,2025-11-05 20:29:52,desktop,/deals,,False
9179,,2024-06-14 09:34:24,2024-06-14 10:01:24,tablet,/deals,,False
9180,762,2024-07-09 14:00:13,2024-07-09 14:21:13,mobile,/blog,,True
9181,,2024-02-26 11:10:35,2024-02-26 11:55:35,desktop,/category/apparel,12,False
9182,1411,2024-06-29 04:49:05,2024-06-29 05:33:05,tablet,/home,,False
9183,1302,2025-05-23 12:11:53,2025-05-23 12:34:53,desktop,/deals,,False
9184,354,2025-09-17 22:34:58,2025-09-17 23:13:58,desktop,/category/apparel,8,False
9185,1328,2025-08-20 14:51:12,2025-08-20 15:04:12,tablet,/home,,False
9186,948,2025-04-08 18:50:38,2025-04-08 19:09:38,desktop,/blog,15,True
9187,591,2024-03-06 14:27:41,2024-03-06 14:34:41,mobile,/deals,6,False
9188,,2024-07-07 19:37:41,2024-07-07 19:56:41,desktop,/category/apparel,3,False
9189,,2025-01-02 05:04:47,2025-01-02 05:14:47,tablet,/blog,10,False
9190,,2025-08-27 05:18:52,2025-08-27 05:55:52,mobile,/home,,False
9191,624,2025-05-10 22:58:58,2025-05-10 23:32:58,tablet,/home,,True
9192,222,2025-04-12 05:36:33,2025-04-12 05:58:33,tablet,/category/electronics,1,False
9193,68,2025-11-14 00:13:55,2025-11-14 00:55:55,desktop,/deals,4,False
9194,,2025-09-11 20:07:12,2025-09-11 20:36:12,desktop,/product-search,12,False
9195,248,2025-09-10 06:40:26,2025-09-10 07:09:26,mobile,/deals,,False
9196,235,2024-05-26 17:59:35,2024-05-26 18:24:35,mobile,/category/electronics,3,False
9197,1078,2025-07-08 18:39:06,2025-07-08 18:54:06,mobile,/category/electronics,3,True
9198,799,2025-03-24 23:45:48,2025-03-25 00:27:48,mobile,/product-search,5,False
9199,749,2025-05-11 13:53:58,2025-05-11 13:58:58,tablet,/home,,True
9200,774,2025-08-10 17:41:58,2025-08-10 17:46:58,mobile,/category/electronics,1,True
9201,142,2024-08-11 23:29:50,2024-08-11 23:32:50,desktop,/product-search,6,False
9202,,2025-03-22 14:57:09,2025-03-22 15:10:09,mobile,/blog,,False
9203,,2025-01-17 08:50:08,2025-01-17 09:11:08,mobile,/deals,,False
9204,,2025-11-10 18:29:43,2025-11-10 19:05:43,desktop,/category/apparel,,False
9205,711,2025-10-13 13:36:16,2025-10-13 14:03:16,tablet,/category/electronics,8,True
9206,,2025-02-17 15:02:38,2025-02-17 15:24:38,tablet,/category/electronics,,False
9207,791,2024-06-09 07:41:17,2024-06-09 07:50:17,mobile,/category/electronics,,False
9208,798,2024-07-03 02:19:47,2024-07-03 02:49:47,mobile,/category/apparel,,True
9209,,2025-12-24 00:26:54,2025-12-24 00:42:54,desktop,/blog,,False
9210,316,2025-08-08 17:30:58,2025-08-08 17:55:58,tablet,/home,11,False
9211,874,2025-11-15 02:06:33,2025-11-15 02:49:33,desktop,/category/electronics,12,False
9212,,2025-08-05 17:15:37,2025-08-05 17:23:37,desktop,/deals,,False
9213,1157,2025-11-14 21:34:21,2025-11-14 22:18:21,mobile,/deals,,False
9214,1424,2025-08-09 03:03:08,2025-08-09 03:48:08,desktop,/category/apparel,,False
9215,471,2025-06-05 23:58:49,2025-06-06 00:14:49,tablet,/deals,7,False
9216,,2024-09-20 10:16:06,2024-09-20 10:32:06,desktop,/blog,9,False
9217,,2024-11-23 03:00:35,2024-11-23 03:37:35,tablet,/blog,,False
9218,,2025-06-05 20:32:09,2025-06-05 20:58:09,desktop,/deals,3,False
9219,469,2025-03-03 02:26:29,2025-03-03 02:37:29,desktop,/deals,13,False
9220,1361,2025-05-17 11:53:15,2025-05-17 12:16:15,mobile,/deals,,True
9221,,2025-02-12 00:49:40,2025-02-12 00:56:40,tablet,/home,,False
9222,640,2025-07-16 08:20:44,2025-07-16 08:51:44,tablet,/blog,,False
9223,,2025-08-10 03:43:16,2025-08-10 03:56:16,tablet,/product-search,10,False
9224,52,2025-08-08 02:29:47,2025-08-08 02:36:47,desktop,/home,,True
9225,,2025-03-17 06:53:07,2025-03-17 07:31:07,tablet,/category/apparel,5,False
9226,,2024-11-18 10:36:46,2024-11-18 10:57:46,tablet,/product-search,,False
9227,1435,2025-11-25 08:21:01,2025-11-25 09:05:01,desktop,/blog,,False
9228,188,2025-08-14 13:35:45,2025-08-14 14:17:45,mobile,/blog,10,False
9229,,2025-08-04 03:14:44,2025-08-04 03:27:44,mobile,/blog,,False
9230,371,2025-10-08 22:17:29,2025-10-08 22:21:29,mobile,/category/apparel,,True
9231,,2024-05-15 11:40:03,2024-05-15 12:20:03,tablet,/category/apparel,,False
9232,70,2024-09-27 04:11:25,2024-09-27 04:45:25,tablet,/home,,False
9233,,2025-03-29 01:34:41,2025-03-29 02:04:41,desktop,/blog,14,False
9234,631,2025-02-06 18:20:19,2025-02-06 18:50:19,desktop,/category/apparel,11,False
9235,888,2025-12-11 07:34:29,2025-12-11 07:46:29,tablet,/product-search,,False
9236,302,2025-12-08 10:56:16,2025-12-08 11:35:16,desktop,/deals,8,False
9237,,2025-07-30 07:55:32,2025-07-30 08:40:32,mobile,/category/apparel,6,False
9238,731,2025-12-30 15:50:48,2025-12-30 15:53:48,desktop,/home,,False
9239,1010,2024-12-03 08:54:02,2024-12-03 09:33:02,tablet,/deals,1,False
9240,471,2024-08-24 22:05:30,2024-08-24 22:47:30,mobile,/category/electronics,15,False
9241,348,2025-06-23 16:10:39,2025-06-23 16:53:39,tablet,/category/apparel,,False
9242,,2025-06-18 03:54:55,2025-06-18 04:02:55,desktop,/home,,False
9243,532,2025-12-17 05:08:36,2025-12-17 05:18:36,desktop,/home,,False
9244,931,2025-11-22 14:00:01,2025-11-22 14:21:01,mobile,/deals,,False
9245,,2025-12-22 19:34:41,2025-12-22 20:17:41,mobile,/product-search,,True
9246,,2024-10-05 19:59:41,2024-10-05 20:06:41,mobile,/deals,6,True
9247,662,2025-11-03 20:56:49,2025-11-03 21:01:49,desktop,/category/electronics,,False
9248,1438,2025-11-03 14:18:01,2025-11-03 14:42:01,tablet,/product-search,11,False
9249,,2024-04-13 23:05:07,2024-04-13 23:22:07,mobile,/home,9,False
9250,405,2025-11-17 03:58:16,2025-11-17 04:22:16,tablet,/blog,,False
9251,,2025-10-20 02:08:19,2025-10-20 02:43:19,desktop,/product-search,,False
9252,947,2024-04-28 03:56:47,2024-04-28 04:27:47,tablet,/deals,,False
9253,669,2025-12-05 06:52:46,2025-12-05 07:05:46,mobile,/product-search,5,False
9254,272,2025-11-11 13:07:38,2025-11-11 13:09:38,tablet,/category/apparel,2,False
9255,,2024-09-21 13:29:30,2024-09-21 13:46:30,mobile,/category/electronics,6,False
9256,,2024-08-14 15:55:03,2024-08-14 16:00:03,tablet,/deals,15,False
9257,34,2025-05-08 18:10:02,2025-05-08 18:43:02,mobile,/category/electronics,2,False
9258,170,2025-08-22 03:25:17,2025-08-22 03:35:17,desktop,/deals,,False
9259,1032,2025-08-28 21:21:24,2025-08-28 21:25:24,tablet,/deals,,False
9260,445,2025-12-14 22:27:58,2025-12-14 23:03:58,desktop,/category/apparel,13,False
9261,1416,2025-09-05 23:10:26,2025-09-05 23:19:26,mobile,/category/apparel,13,False
9262,1430,2025-04-14 06:24:39,2025-04-14 06:56:39,tablet,/category/apparel,10,False
9263,,2025-10-11 04:18:21,2025-10-11 04:57:21,tablet,/category/apparel,,False
9264,,2025-04-06 21:25:51,2025-04-06 21:58:51,tablet,/home,,False
9265,,2025-06-14 18:36:40,2025-06-14 19:07:40,desktop,/blog,9,False
9266,300,2025-04-28 23:07:33,2025-04-28 23:44:33,tablet,/deals,,True
9267,1188,2025-04-08 21:25:00,2025-04-08 21:32:00,mobile,/deals,,False
9268,1489,2025-11-13 13:43:07,2025-11-13 14:05:07,desktop,/deals,,False
9269,602,2025-09-29 20:45:46,2025-09-29 21:09:46,desktop,/product-search,13,False
9270,306,2025-12-27 14:46:52,2025-12-27 15:13:52,tablet,/blog,3,True
9271,760,2025-11-15 07:09:31,2025-11-15 07:48:31,tablet,/deals,,False
9272,,2024-09-24 05:45:22,2024-09-24 06:00:22,tablet,/category/electronics,,False
9273,636,2025-02-28 04:02:36,2025-02-28 04:47:36,desktop,/category/electronics,,False
9274,278,2025-11-06 04:42:39,2025-11-06 05:27:39,desktop,/product-search,,False
9275,683,2025-07-10 01:52:14,2025-07-10 02:24:14,tablet,/blog,,True
9276,683,2025-11-09 14:46:03,2025-11-09 15:15:03,tablet,/category/electronics,3,True
9277,,2024-12-31 09:53:56,2024-12-31 10:17:56,desktop,/blog,2,False
9278,1497,2025-12-07 11:34:57,2025-12-07 12:18:57,tablet,/category/apparel,2,False
9279,1022,2025-12-23 10:39:41,2025-12-23 10:46:41,tablet,/deals,,False
9280,,2025-11-29 21:50:56,2025-11-29 21:56:56,mobile,/category/apparel,,False
9281,1473,2025-09-28 02:08:17,2025-09-28 02:34:17,desktop,/category/electronics,,False
9282,2,2025-06-11 20:56:08,2025-06-11 21:14:08,desktop,/home,,True
9283,1491,2025-02-09 03:27:28,2025-02-09 03:47:28,desktop,/home,1,False
9284,,2024-06-28 00:20:20,2024-06-28 00:29:20,desktop,/home,2,False
9285,238,2024-03-11 17:08:19,2024-03-11 17:40:19,tablet,/deals,,False
9286,1162,2025-09-25 20:31:42,2025-09-25 21:12:42,desktop,/home,6,True
9287,,2024-06-26 13:13:35,2024-06-26 13:58:35,mobile,/deals,,False
9288,1416,2025-10-10 01:01:51,2025-10-10 01:42:51,tablet,/category/apparel,,False
9289,,2024-11-28 05:18:05,2024-11-28 05:20:05,mobile,/deals,,False
9290,665,2025-06-02 19:10:04,2025-06-02 19:42:04,mobile,/deals,,False
9291,,2025-05-11 16:18:02,2025-05-11 16:26:02,tablet,/home,,False
9292,,2024-04-12 03:18:58,2024-04-12 03:23:58,mobile,/category/apparel,,False
9293,,2024-02-11 16:59:16,2024-02-11 17:07:16,desktop,/product-search,,False
9294,324,2024-08-20 04:36:53,2024-08-20 04:41:53,mobile,/category/apparel,,False
9295,1409,2025-07-20 13:08:53,2025-07-20 13:43:53,tablet,/category/electronics,,False
9296,1457,2025-01-08 18:49:44,2025-01-08 19:25:44,mobile,/category/apparel,,False
9297,380,2024-09-09 20:27:07,2024-09-09 20:42:07,mobile,/home,,True
9298,1255,2025-11-17 02:43:52,2025-11-17 03:12:52,tablet,/home,7,True
9299,,2025-07-12 04:20:10,2025-07-12 04:24:10,desktop,/home,,False
9300,1451,2024-10-02 17:40:49,2024-10-02 17:58:49,desktop,/category/electronics,,False
9301,,2025-09-29 20:39:25,2025-09-29 20:50:25,desktop,/deals,,False
9302,805,2025-07-23 03:45:17,2025-07-23 03:50:17,mobile,/category/electronics,1,True
9303,439,2025-11-24 00:58:47,2025-11-24 01:25:47,mobile,/deals,,False
9304,136,2025-12-04 12:52:45,2025-12-04 12:55:45,desktop,/category/electronics,,False
9305,606,2025-04-06 02:33:42,2025-04-06 02:43:42,tablet,/category/electronics,13,False
9306,79,2025-07-08 00:12:35,2025-07-08 00:39:35,tablet,/deals,,False
9307,959,2025-12-04 23:31:26,2025-12-04 23:58:26,mobile,/category/apparel,11,False
9308,1051,2025-09-03 13:32:25,2025-09-03 13:51:25,desktop,/deals,12,False
9309,1386,2025-04-19 14:35:37,2025-04-19 15:10:37,desktop,/blog,,False
9310,1444,2025-10-30 09:25:53,2025-10-30 10:03:53,tablet,/category/apparel,,True
9311,,2025-06-18 15:38:06,2025-06-18 15:42:06,mobile,/blog,,False
9312,449,2025-04-26 10:54:12,2025-04-26 11:37:12,tablet,/deals,12,False
9313,1058,2025-04-18 10:15:38,2025-04-18 10:26:38,desktop,/category/apparel,15,False
9314,685,2025-04-13 04:35:20,2025-04-13 05:19:20,desktop,/home,,False
9315,826,2025-12-05 11:11:23,2025-12-05 11:42:23,mobile,/deals,9,False
9316,579,2025-10-06 07:41:46,2025-10-06 08:14:46,desktop,/category/electronics,13,False
9317,,2024-04-14 23:54:05,2024-04-15 00:36:05,tablet,/category/electronics,,False
9318,162,2025-11-04 10:13:32,2025-11-04 10:28:32,tablet,/deals,,True
9319,,2024-07-04 20:08:23,2024-07-04 20:31:23,mobile,/product-search,,False
9320,1307,2025-07-06 02:56:00,2025-07-06 03:40:00,desktop,/category/electronics,,False
9321,1396,2024-08-20 23:23:48,2024-08-20 23:33:48,mobile,/product-search,,True
9322,,2024-09-07 07:36:14,2024-09-07 08:13:14,mobile,/category/electronics,,True
9323,,2024-12-10 03:02:11,2024-12-10 03:44:11,mobile,/blog,10,False
9324,,2024-05-17 02:52:23,2024-05-17 03:18:23,tablet,/blog,15,False
9325,298,2025-01-02 12:20:47,2025-01-02 12:36:47,desktop,/deals,,False
9326,,2025-07-08 03:17:42,2025-07-08 03:46:42,desktop,/category/electronics,4,False
9327,868,2025-06-17 11:03:02,2025-06-17 11:21:02,desktop,/deals,7,False
9328,,2024-12-19 15:58:03,2024-12-19 16:05:03,tablet,/home,,False
9329,1348,2025-12-08 21:57:21,2025-12-08 22:04:21,tablet,/deals,8,False
9330,77,2025-12-15 19:15:46,2025-12-15 19:26:46,mobile,/blog,,False
9331,,2024-05-25 04:40:03,2024-05-25 05:24:03,mobile,/product-search,4,False
9332,,2025-06-29 02:38:42,2025-06-29 03:23:42,tablet,/blog,,False
9333,,2024-06-04 13:14:17,2024-06-04 13:37:17,mobile,/category/apparel,,False
9334,,2024-08-17 05:38:24,2024-08-17 06:12:24,mobile,/category/electronics,,False
9335,,2025-03-10 20:13:49,2025-03-10 20:36:49,desktop,/product-search,14,False
9336,1366,2025-12-13 14:25:00,2025-12-13 14:45:00,desktop,/deals,,False
9337,1116,2025-11-15 18:29:02,2025-11-15 18:31:02,mobile,/category/apparel,,False
9338,978,2024-10-10 07:52:07,2024-10-10 08:21:07,mobile,/product-search,,False
9339,870,2025-05-18 21:37:02,2025-05-18 21:38:02,tablet,/category/apparel,8,True
9340,,2025-05-25 04:31:09,2025-05-25 05:05:09,desktop,/deals,,False
9341,,2024-04-23 19:08:33,2024-04-23 19:32:33,tablet,/category/apparel,,False
9342,29,2025-11-18 18:57:34,2025-11-18 19:41:34,mobile,/category/apparel,8,False
9343,562,2025-11-30 04:36:07,2025-11-30 05:01:07,mobile,/blog,,True
9344,,2025-06-22 05:23:30,2025-06-22 05:56:30,mobile,/deals,,False
9345,909,2025-09-29 16:22:26,2025-09-29 16:49:26,mobile,/home,,False
9346,,2025-06-07 13:00:09,2025-06-07 13:18:09,desktop,/product-search,,False
9347,621,2025-12-17 13:01:52,2025-12-17 13:46:52,mobile,/blog,,False
9348,657,2025-11-20 04:54:13,2025-11-20 05:25:13,mobile,/category/electronics,,False
9349,845,2025-05-26 23:22:01,2025-05-26 23:26:01,tablet,/category/apparel,6,True
9350,,2025-11-25 08:50:38,2025-11-25 09:23:38,desktop,/category/electronics,2,False
9351,,2024-06-18 16:54:35,2024-06-18 17:00:35,mobile,/category/electronics,,False
9352,488,2025-12-30 01:51:36,2025-12-30 01:55:36,tablet,/blog,,False
9353,1494,2025-08-22 19:30:44,2025-08-22 20:12:44,tablet,/blog,12,True
9354,1028,2025-11-27 06:34:24,2025-11-27 06:58:24,desktop,/deals,5,False
9355,907,2024-09-27 14:33:01,2024-09-27 14:38:01,tablet,/category/apparel,,False
9356,554,2025-04-09 22:57:22,2025-04-09 23:42:22,mobile,/deals,15,False
9357,178,2025-08-24 21:33:45,2025-08-24 21:42:45,mobile,/home,,True
9358,,2024-03-12 23:25:34,2024-03-12 23:41:34,mobile,/category/apparel,7,False
9359,303,2025-07-04 20:55:01,2025-07-04 21:25:01,desktop,/category/electronics,,True
9360,565,2024-04-10 14:30:36,2024-04-10 14:40:36,desktop,/category/apparel,3,True
9361,152,2025-08-15 22:50:59,2025-08-15 23:19:59,mobile,/home,,False
9362,51,2024-08-06 06:57:02,2024-08-06 07:24:02,desktop,/product-search,11,False
9363,1318,2024-12-01 15:27:26,2024-12-01 16:06:26,tablet,/deals,,False
9364,177,2025-05-24 21:27:21,2025-05-24 21:44:21,desktop,/category/electronics,,False
9365,,2024-04-24 07:18:23,2024-04-24 07:41:23,tablet,/blog,7,False
9366,,2025-06-20 07:12:22,2025-06-20 07:16:22,desktop,/blog,,False
9367,,2025-05-08 02:49:10,2025-05-08 03:33:10,desktop,/home,2,False
9368,544,2025-08-02 07:14:57,2025-08-02 07:33:57,mobile,/blog,8,False
9369,123,2025-10-27 20:40:08,2025-10-27 20:43:08,desktop,/product-search,15,True
9370,577,2025-03-20 09:52:59,2025-03-20 10:18:59,tablet,/product-search,,True
9371,767,2025-06-12 03:08:21,2025-06-12 03:43:21,desktop,/category/electronics,8,False
9372,407,2024-09-09 12:46:04,2024-09-09 13:15:04,mobile,/category/apparel,,False
9373,1133,2025-12-17 08:22:04,2025-12-17 09:02:04,desktop,/blog,,True
9374,1351,2025-05-24 04:36:24,2025-05-24 05:12:24,mobile,/home,,False
9375,,2025-05-10 17:12:11,2025-05-10 17:34:11,desktop,/deals,,False
9376,1095,2025-10-21 20:06:33,2025-10-21 20:22:33,desktop,/product-search,,False
9377,150,2024-09-03 16:34:38,2024-09-03 16:43:38,mobile,/home,,True
9378,,2025-09-12 13:03:41,2025-09-12 13:26:41,tablet,/product-search,3,False
9379,,2025-01-06 17:44:54,2025-01-06 18:04:54,tablet,/blog,,False
9380,,2024-02-04 07:17:50,2024-02-04 07:36:50,tablet,/deals,,False
9381,,2025-03-01 20:17:50,2025-03-01 20:40:50,mobile,/category/apparel,14,False
9382,186,2025-07-11 06:52:00,2025-07-11 07:15:00,desktop,/deals,,False
9383,641,2024-11-02 07:28:11,2024-11-02 07:38:11,desktop,/home,5,False
9384,,2025-10-04 09:27:16,2025-10-04 09:50:16,desktop,/category/apparel,,False
9385,,2024-08-31 05:09:29,2024-08-31 05:47:29,desktop,/home,,False
9386,419,2025-07-15 11:48:55,2025-07-15 12:10:55,desktop,/category/electronics,9,False
9387,1477,2025-12-26 09:22:37,2025-12-26 10:02:37,tablet,/category/electronics,,True
9388,216,2025-12-25 16:37:03,2025-12-25 16:57:03,mobile,/category/apparel,,True
9389,1335,2024-07-17 02:21:05,2024-07-17 02:55:05,desktop,/product-search,,False
9390,162,2025-09-15 20:11:21,2025-09-15 20:39:21,desktop,/deals,,False
9391,620,2025-10-02 14:41:26,2025-10-02 15:25:26,mobile,/product-search,,False
9392,340,2025-08-09 11:08:03,2025-08-09 11:51:03,mobile,/blog,4,False
9393,277,2024-12-27 21:49:01,2024-12-27 21:51:01,mobile,/category/electronics,,True
9394,335,2025-09-16 13:21:43,2025-09-16 13:37:43,mobile,/category/apparel,13,True
9395,779,2025-06-05 13:57:11,2025-06-05 14:39:11,desktop,/deals,1,False
9396,,2024-08-23 04:19:47,2024-08-23 04:35:47,desktop,/blog,,False
9397,1109,2025-12-25 16:10:40,2025-12-25 16:50:40,mobile,/category/apparel,,False
9398,,2025-03-03 13:18:47,2025-03-03 13:22:47,tablet,/product-search,,False
9399,1086,2025-12-30 14:59:27,2025-12-30 15:10:27,mobile,/deals,13,False
9400,,2025-11-07 20:28:46,2025-11-07 20:50:46,desktop,/deals,3,False
9401,654,2025-11-07 15:07:11,2025-11-07 15:29:11,tablet,/home,,False
9402,,2025-08-23 20:38:26,2025-08-23 20:47:26,desktop,/blog,,False
9403,1076,2025-09-18 08:29:47,2025-09-18 08:50:47,tablet,/blog,,True
9404,506,2025-06-22 16:48:19,2025-06-22 16:54:19,mobile,/category/apparel,14,False
9405,776,2024-09-18 13:43:35,2024-09-18 13:46:35,mobile,/home,10,False
9406,,2024-05-26 04:44:52,2024-05-26 05:24:52,desktop,/blog,,False
9407,176,2025-10-28 00:09:47,2025-10-28 00:27:47,mobile,/deals,,False
9408,307,2024-10-13 04:18:53,2024-10-13 04:29:53,tablet,/product-search,15,False
9409,,2025-01-16 16:35:12,2025-01-16 17:14:12,tablet,/blog,,False
9410,805,2025-12-19 00:11:37,2025-12-19 00:43:37,desktop,/home,,True
9411,,2025-03-18 11:24:25,2025-03-18 11:43:25,mobile,/deals,,True
9412,908,2024-11-03 04:37:02,2024-11-03 05:00:02,tablet,/deals,3,False
9413,,2025-11-24 04:41:59,2025-11-24 04:50:59,mobile,/blog,,False
9414,796,2025-06-01 18:59:53,2025-06-01 19:01:53,desktop,/product-search,,False
9415,772,2025-11-30 22:23:55,2025-11-30 23:03:55,desktop,/category/apparel,,False
9416,1096,2025-05-11 20:44:30,2025-05-11 21:14:30,mobile,/blog,,False
9417,538,2025-12-07 17:20:32,2025-12-07 17:48:32,tablet,/blog,,False
9418,1091,2025-11-25 21:40:39,2025-11-25 21:46:39,tablet,/deals,,True
9419,119,2025-08-27 07:41:08,2025-08-27 08:00:08,mobile,/home,10,False
9420,,2025-10-11 07:08:20,2025-10-11 07:49:20,desktop,/deals,,False
9421,,2025-06-06 20:34:58,2025-06-06 20:38:58,tablet,/product-search,,False
9422,110,2025-11-30 16:49:30,2025-11-30 17:04:30,mobile,/category/electronics,,False
9423,720,2025-02-02 16:27:18,2025-02-02 17:08:18,mobile,/category/apparel,,False
9424,1496,2025-01-08 15:08:45,2025-01-08 15:15:45,desktop,/deals,,True
9425,845,2025-06-25 17:19:37,2025-06-25 17:33:37,tablet,/blog,,False
9426,,2025-10-04 13:44:28,2025-10-04 14:20:28,tablet,/category/electronics,,False
9427,754,2025-04-01 18:12:16,2025-04-01 18:28:16,tablet,/product-search,,False
9428,1328,2025-09-25 08:56:34,2025-09-25 09:28:34,mobile,/category/electronics,,False
9429,,2025-01-04 06:47:50,2025-01-04 07:22:50,mobile,/category/apparel,,False
9430,,2025-02-10 15:32:05,2025-02-10 15:37:05,mobile,/home,,False
9431,1322,2025-07-12 05:46:47,2025-07-12 06:13:47,tablet,/product-search,,True
9432,,2025-07-21 08:46:40,2025-07-21 08:47:40,desktop,/deals,2,False
9433,884,2024-10-19 08:10:37,2024-10-19 08:55:37,tablet,/category/apparel,,False
9434,50,2025-10-30 15:31:46,2025-10-30 16:03:46,desktop,/home,,True
9435,,2025-03-26 10:12:47,2025-03-26 10:55:47,mobile,/product-search,5,False
9436,16,2025-01-17 15:20:19,2025-01-17 15:53:19,desktop,/deals,,False
9437,236,2025-04-19 02:37:44,2025-04-19 03:13:44,tablet,/blog,,False
9438,1485,2025-11-27 06:57:08,2025-11-27 07:13:08,mobile,/category/electronics,13,False
9439,581,2025-10-24 20:36:03,2025-10-24 21:02:03,desktop,/blog,1,False
9440,639,2025-03-02 20:13:25,2025-03-02 20:58:25,tablet,/blog,,False
9441,472,2025-11-23 23:50:11,2025-11-24 00:12:11,desktop,/deals,3,False
9442,,2024-07-21 20:46:32,2024-07-21 20:59:32,tablet,/home,,False
9443,509,2025-03-11 00:42:47,2025-03-11 01:09:47,desktop,/category/apparel,7,True
9444,,2025-04-15 04:19:04,2025-04-15 04:56:04,desktop,/category/electronics,,False
9445,,2024-10-25 17:32:11,2024-10-25 17:38:11,tablet,/blog,3,False
9446,895,2025-08-15 08:24:55,2025-08-15 08:58:55,mobile,/product-search,,True
9447,899,2025-10-30 05:16:25,2025-10-30 05:45:25,desktop,/product-search,,False
9448,934,2025-11-09 22:55:24,2025-11-09 23:33:24,tablet,/product-search,,False
9449,,2024-07-31 17:26:05,2024-07-31 18:05:05,mobile,/blog,12,False
9450,444,2024-07-01 21:40:58,2024-07-01 22:14:58,mobile,/category/apparel,1,False
9451,,2024-12-06 01:25:26,2024-12-06 02:10:26,mobile,/deals,,False
9452,,2024-01-13 23:56:08,2024-01-14 00:01:08,desktop,/home,9,False
9453,385,2025-03-19 16:01:09,2025-03-19 16:23:09,desktop,/deals,,True
9454,985,2025-05-22 11:43:21,2025-05-22 12:08:21,tablet,/blog,13,False
9455,249,2024-03-27 06:32:39,2024-03-27 06:37:39,tablet,/category/electronics,13,False
9456,,2025-08-16 06:55:40,2025-08-16 07:16:40,mobile,/blog,,False
9457,1311,2025-07-19 13:25:31,2025-07-19 13:38:31,tablet,/product-search,,False
9458,991,2024-09-19 10:15:48,2024-09-19 10:58:48,mobile,/deals,15,False
9459,1455,2025-04-18 04:23:54,2025-04-18 04:37:54,mobile,/category/apparel,,False
9460,,2025-02-25 00:29:34,2025-02-25 00:36:34,mobile,/category/apparel,5,False
9461,,2024-08-18 09:23:50,2024-08-18 09:27:50,mobile,/category/apparel,,False
9462,,2025-08-16 11:33:56,2025-08-16 12:04:56,mobile,/product-search,,False
9463,,2025-06-04 09:12:59,2025-06-04 09:40:59,desktop,/blog,8,False
9464,476,2025-07-09 20:41:38,2025-07-09 20:54:38,desktop,/home,,False
9465,,2024-11-04 19:32:08,2024-11-04 19:41:08,desktop,/deals,,False
9466,,2024-10-08 02:03:13,2024-10-08 02:19:13,mobile,/deals,1,False
9467,,2024-06-22 18:30:48,2024-06-22 18:41:48,mobile,/deals,,False
9468,,2025-06-29 18:00:50,2025-06-29 18:25:50,tablet,/category/electronics,,False
9469,,2024-11-20 03:58:44,2024-11-20 04:32:44,mobile,/home,2,False
9470,153,2025-06-19 21:50:42,2025-06-19 21:55:42,desktop,/product-search,,False
9471,555,2025-08-23 13:26:37,2025-08-23 13:47:37,tablet,/category/apparel,,False
9472,1202,2025-11-05 04:27:06,2025-11-05 05:03:06,desktop,/blog,1,True
9473,220,2024-11-01 03:52:08,2024-11-01 04:28:08,desktop,/home,15,False
9474,,2025-11-08 12:00:10,2025-11-08 12:26:10,tablet,/product-search,,False
9475,158,2025-11-24 07:35:53,2025-11-24 07:41:53,mobile,/product-search,2,False
9476,,2025-01-09 18:51:21,2025-01-09 19:06:21,tablet,/category/electronics,,False
9477,,2025-01-19 05:34:14,2025-01-19 05:35:14,desktop,/home,4,False
9478,633,2025-03-27 00:43:35,2025-03-27 00:52:35,tablet,/home,,False
9479,1347,2025-09-18 17:20:16,2025-09-18 17:45:16,tablet,/category/electronics,,False
9480,710,2025-08-03 11:14:27,2025-08-03 11:48:27,desktop,/category/apparel,,True
9481,,2024-08-16 02:57:37,2024-08-16 03:10:37,tablet,/home,,False
9482,481,2025-08-18 16:30:10,2025-08-18 16:47:10,desktop,/deals,10,True
9483,1454,2025-10-08 10:53:02,2025-10-08 11:12:02,tablet,/deals,2,False
9484,483,2025-12-27 05:35:23,2025-12-27 05:52:23,tablet,/category/apparel,,False
9485,,2025-08-13 15:08:07,2025-08-13 15:49:07,mobile,/deals,8,False
9486,,2025-12-06 01:26:33,2025-12-06 01:42:33,desktop,/category/apparel,,False
9487,,2025-11-30 01:21:58,2025-11-30 02:05:58,desktop,/category/electronics,,False
9488,1308,2024-10-14 10:53:44,2024-10-14 11:16:44,desktop,/category/electronics,,False
9489,,2025-06-13 02:52:35,2025-06-13 02:58:35,desktop,/category/apparel,,False
9490,648,2025-12-31 07:46:03,2025-12-31 08:25:03,mobile,/deals,11,False
9491,1182,2025-05-14 09:11:14,2025-05-14 09:27:14,tablet,/category/electronics,15,False
9492,176,2025-06-14 18:58:19,2025-06-14 19:25:19,tablet,/product-search,,False
9493,,2025-01-29 05:24:32,2025-01-29 06:06:32,mobile,/deals,9,False
9494,879,2025-05-17 14:16:26,2025-05-17 14:44:26,mobile,/home,,False
9495,,2024-12-26 11:46:04,2024-12-26 12:21:04,mobile,/category/electronics,,False
9496,210,2024-12-15 00:21:07,2024-12-15 00:37:07,desktop,/category/electronics,12,False
9497,,2025-11-20 13:10:39,2025-11-20 13:48:39,tablet,/blog,10,False
9498,4,2024-08-04 12:33:40,2024-08-04 12:59:40,desktop,/product-search,12,False
9499,638,2024-03-30 01:43:35,2024-03-30 02:21:35,tablet,/category/apparel,9,False
9500,,2025-02-02 15:54:11,2025-02-02 16:32:11,tablet,/product-search,,False
9501,,2024-02-05 05:08:18,2024-02-05 05:40:18,desktop,/home,,False
9502,776,2025-03-29 08:20:19,2025-03-29 08:49:19,mobile,/deals,,False
9503,546,2025-12-27 06:30:26,2025-12-27 06:58:26,tablet,/deals,,False
9504,86,2025-06-23 12:33:21,2025-06-23 12:59:21,desktop,/deals,5,False
9505,958,2024-03-19 20:35:39,2024-03-19 21:10:39,desktop,/category/apparel,,False
9506,,2024-10-18 12:09:56,2024-10-18 12:41:56,tablet,/home,,False
9507,499,2025-03-05 06:55:33,2025-03-05 07:29:33,desktop,/deals,6,False
9508,1148,2025-11-18 20:00:05,2025-11-18 20:31:05,mobile,/deals,1,False
9509,126,2025-02-04 06:31:59,2025-02-04 07:12:59,desktop,/product-search,6,False
9510,1291,2024-11-12 17:48:35,2024-11-12 18:00:35,mobile,/home,,False
9511,808,2025-11-05 04:35:22,2025-11-05 04:47:22,tablet,/home,13,True
9512,915,2025-02-28 04:55:41,2025-02-28 04:59:41,mobile,/category/electronics,6,False
9513,1348,2025-10-20 18:41:18,2025-10-20 18:55:18,tablet,/category/apparel,,False
9514,698,2025-12-13 19:32:35,2025-12-13 19:54:35,desktop,/deals,,False
9515,1176,2024-11-04 10:05:20,2024-11-04 10:11:20,desktop,/home,,False
9516,,2024-02-02 00:13:11,2024-02-02 00:18:11,mobile,/deals,,False
9517,,2024-09-06 04:08:41,2024-09-06 04:42:41,tablet,/category/electronics,3,False
9518,1277,2024-11-19 14:22:27,2024-11-19 14:37:27,desktop,/deals,,False
9519,11,2025-11-17 05:16:30,2025-11-17 05:27:30,mobile,/product-search,,False
9520,641,2024-08-03 13:53:34,2024-08-03 14:23:34,desktop,/category/electronics,,False
9521,1209,2025-01-17 20:29:05,2025-01-17 20:33:05,desktop,/category/electronics,,False
9522,1296,2025-12-04 01:06:44,2025-12-04 01:43:44,tablet,/category/electronics,12,False
9523,,2024-03-02 16:06:20,2024-03-02 16:22:20,mobile,/product-search,,False
9524,,2025-04-26 11:08:41,2025-04-26 11:49:41,desktop,/category/apparel,2,False
9525,82,2025-12-24 23:41:17,2025-12-24 23:57:17,tablet,/category/apparel,11,True
9526,628,2025-09-06 18:33:37,2025-09-06 18:44:37,tablet,/product-search,,False
9527,,2024-10-17 11:29:49,2024-10-17 11:40:49,mobile,/blog,11,False
9528,429,2025-07-30 11:45:50,2025-07-30 12:20:50,mobile,/deals,,False
9529,,2024-07-20 23:08:48,2024-07-20 23:40:48,tablet,/category/apparel,13,False
9530,580,2025-10-10 21:13:34,2025-10-10 21:55:34,mobile,/home,7,False
9531,,2025-12-09 19:24:59,2025-12-09 20:05:59,tablet,/blog,,False
9532,,2024-06-21 10:57:50,2024-06-21 11:07:50,mobile,/blog,,False
9533,898,2025-05-31 02:29:47,2025-05-31 02:44:47,tablet,/home,2,False
9534,,2024-10-02 15:37:35,2024-10-02 15:47:35,desktop,/category/apparel,,True
9535,769,2025-10-01 11:18:27,2025-10-01 11:22:27,mobile,/product-search,10,False
9536,,2024-11-08 19:10:50,2024-11-08 19:34:50,mobile,/category/electronics,,False
9537,961,2025-09-17 07:48:02,2025-09-17 07:52:02,tablet,/home,,False
9538,266,2025-04-25 17:09:47,2025-04-25 17:14:47,desktop,/category/apparel,10,False
9539,905,2025-04-10 08:53:33,2025-04-10 08:59:33,tablet,/product-search,,False
9540,,2025-10-08 03:11:37,2025-10-08 03:46:37,mobile,/category/apparel,,False
9541,352,2025-09-16 12:42:37,2025-09-16 12:46:37,mobile,/category/electronics,4,False
9542,490,2025-12-09 23:10:29,2025-12-09 23:26:29,tablet,/home,3,False
9543,813,2025-12-28 21:33:35,2025-12-28 22:16:35,mobile,/blog,,False
9544,194,2025-12-07 20:41:43,2025-12-07 21:22:43,mobile,/blog,3,True
9545,803,2025-09-28 19:28:37,2025-09-28 20:10:37,mobile,/category/apparel,13,False
9546,752,2025-12-01 20:58:00,2025-12-01 21:12:00,mobile,/category/apparel,9,True
9547,,2025-03-30 07:41:40,2025-03-30 08:02:40,desktop,/deals,,False
9548,288,2025-02-27 07:50:28,2025-02-27 08:02:28,desktop,/blog,,False
9549,84,2025-02-23 17:16:55,2025-02-23 17:23:55,mobile,/product-search,,False
9550,,2024-08-12 17:50:22,2024-08-12 18:13:22,tablet,/category/apparel,2,False
9551,1373,2025-07-03 15:15:50,2025-07-03 15:44:50,mobile,/category/electronics,,False
9552,1160,2025-12-11 14:52:21,2025-12-11 15:23:21,desktop,/blog,,False
9553,1094,2025-02-12 21:28:46,2025-02-12 21:50:46,tablet,/product-search,3,False
9554,222,2025-08-10 13:45:47,2025-08-10 14:07:47,mobile,/deals,,True
9555,,2024-01-10 02:58:37,2024-01-10 03:08:37,tablet,/home,,False
9556,74,2025-12-21 00:32:11,2025-12-21 00:53:11,desktop,/deals,,False
9557,,2024-02-29 17:24:49,2024-02-29 18:04:49,tablet,/category/electronics,,False
9558,485,2025-10-02 18:28:16,2025-10-02 18:56:16,mobile,/category/electronics,13,False
9559,1083,2025-12-30 12:33:38,2025-12-30 13:09:38,tablet,/deals,,False
9560,,2024-04-16 16:47:25,2024-04-16 17:11:25,mobile,/blog,1,False
9561,1072,2025-07-05 03:56:54,2025-07-05 04:22:54,mobile,/product-search,,False
9562,1425,2025-02-18 14:28:12,2025-02-18 15:00:12,mobile,/product-search,9,False
9563,,2024-04-24 19:38:08,2024-04-24 19:52:08,desktop,/blog,,True
9564,550,2024-08-05 02:20:14,2024-08-05 03:04:14,mobile,/category/apparel,,True
9565,1469,2025-11-17 22:40:28,2025-11-17 22:45:28,desktop,/deals,3,False
9566,1473,2025-08-30 19:30:51,2025-08-30 20:09:51,desktop,/category/electronics,,True
9567,1367,2025-06-23 09:25:46,2025-06-23 09:41:46,mobile,/deals,6,False
9568,108,2024-11-25 08:47:18,2024-11-25 09:15:18,mobile,/category/electronics,7,False
9569,,2025-09-28 23:05:31,2025-09-28 23:20:31,mobile,/product-search,,False
9570,6,2025-08-19 03:09:08,2025-08-19 03:11:08,tablet,/home,,False
9571,84,2025-08-13 16:34:59,2025-08-13 17:06:59,mobile,/home,3,False
9572,1043,2025-04-05 00:27:36,2025-04-05 01:02:36,desktop,/deals,,False
9573,247,2024-03-21 13:44:27,2024-03-21 13:49:27,tablet,/category/electronics,8,False
9574,78,2025-08-24 00:37:30,2025-08-24 01:06:30,tablet,/product-search,,False
9575,700,2025-04-22 05:12:08,2025-04-22 05:56:08,tablet,/home,11,True
9576,,2024-11-10 10:51:24,2024-11-10 10:59:24,mobile,/category/apparel,,False
9577,1486,2025-11-28 11:12:30,2025-11-28 11:43:30,desktop,/home,10,True
9578,933,2025-09-30 05:04:10,2025-09-30 05:32:10,tablet,/blog,,False
9579,803,2025-12-06 21:16:39,2025-12-06 21:44:39,desktop,/product-search,,True
9580,,2025-11-07 04:17:28,2025-11-07 04:30:28,tablet,/category/electronics,,False
9581,,2025-12-07 04:57:10,2025-12-07 05:42:10,desktop,/blog,,False
9582,387,2025-02-20 07:39:39,2025-02-20 07:46:39,desktop,/home,,False
9583,802,2025-06-24 20:00:49,2025-06-24 20:04:49,tablet,/product-search,,False
9584,,2025-10-29 03:37:15,2025-10-29 03:43:15,mobile,/deals,9,False
9585,380,2025-12-19 11:57:27,2025-12-19 12:03:27,mobile,/category/electronics,8,False
9586,1277,2025-02-23 15:49:16,2025-02-23 16:23:16,tablet,/category/apparel,5,False
9587,1180,2025-05-09 13:24:37,2025-05-09 13:35:37,mobile,/category/electronics,,False
9588,676,2025-09-22 11:14:17,2025-09-22 11:26:17,mobile,/product-search,,True
9589,558,2025-11-21 01:03:11,2025-11-21 01:39:11,desktop,/category/apparel,,True
9590,323,2025-10-06 15:13:53,2025-10-06 15:24:53,mobile,/blog,,True
9591,1195,2024-07-24 02:19:42,2024-07-24 02:26:42,mobile,/home,,True
9592,954,2025-12-10 17:00:15,2025-12-10 17:41:15,tablet,/home,9,True
9593,349,2025-10-03 07:56:16,2025-10-03 07:58:16,desktop,/category/electronics,,False
9594,537,2025-07-24 01:36:32,2025-07-24 01:55:32,mobile,/deals,3,False
9595,854,2025-08-02 16:55:03,2025-08-02 17:09:03,tablet,/home,,False
9596,1316,2024-12-23 16:33:11,2024-12-23 16:59:11,tablet,/category/apparel,,False
9597,,2024-12-24 02:33:26,2024-12-24 03:17:26,desktop,/deals,,False
9598,1134,2025-01-23 10:31:28,2025-01-23 10:54:28,tablet,/product-search,,False
9599,,2024-09-25 23:00:32,2024-09-25 23:34:32,tablet,/blog,3,False
9600,612,2025-11-23 05:19:10,2025-11-23 05:51:10,tablet,/category/electronics,,False
9601,1265,2025-01-23 15:18:26,2025-01-23 15:32:26,desktop,/blog,,True
9602,525,2025-07-21 11:53:59,2025-07-21 12:34:59,mobile,/category/electronics,,False
9603,958,2025-05-29 03:36:51,2025-05-29 03:53:51,tablet,/category/apparel,,False
9604,487,2025-04-01 02:54:11,2025-04-01 03:34:11,mobile,/blog,2,False
9605,,2024-12-25 04:41:42,2024-12-25 04:48:42,tablet,/home,,False
9606,1148,2025-11-21 05:35:26,2025-11-21 05:48:26,tablet,/home,,False
9607,900,2025-08-09 14:19:34,2025-08-09 14:25:34,mobile,/category/apparel,11,True
9608,800,2025-06-26 06:52:53,2025-06-26 07:27:53,mobile,/deals,,False
9609,1234,2025-03-03 06:32:32,2025-03-03 07:13:32,tablet,/category/apparel,,False
9610,,2025-05-18 05:38:18,2025-05-18 05:50:18,desktop,/blog,,True
9611,,2025-08-21 22:03:38,2025-08-21 22:38:38,desktop,/deals,,False
9612,1249,2024-08-13 01:49:19,2024-08-13 02:05:19,desktop,/product-search,15,False
9613,925,2024-11-08 06:31:58,2024-11-08 06:45:58,mobile,/blog,,False
9614,1133,2025-11-04 09:33:26,2025-11-04 10:14:26,mobile,/blog,3,False
9615,63,2025-12-21 05:46:25,2025-12-21 06:29:25,tablet,/blog,,True
9616,625,2025-11-17 23:42:45,2025-11-18 00:12:45,mobile,/product-search,,False
9617,558,2025-03-17 06:06:23,2025-03-17 06:09:23,tablet,/home,12,False
9618,1488,2025-04-16 10:16:11,2025-04-16 10:40:11,mobile,/blog,3,False
9619,1220,2025-10-06 00:21:56,2025-10-06 01:00:56,mobile,/product-search,,False
9620,1228,2024-04-21 23:44:39,2024-04-21 23:53:39,mobile,/blog,7,False
9621,659,2024-07-14 16:34:20,2024-07-14 17:11:20,mobile,/category/electronics,3,True
9622,1011,2025-05-27 01:10:16,2025-05-27 01:43:16,tablet,/category/electronics,10,False
9623,782,2025-09-08 23:46:41,2025-09-09 00:30:41,mobile,/category/apparel,,True
9624,377,2025-12-12 23:12:54,2025-12-12 23:42:54,desktop,/category/apparel,14,False
9625,1105,2024-09-12 05:52:32,2024-09-12 06:26:32,tablet,/category/electronics,,True
9626,325,2025-07-31 15:59:43,2025-07-31 16:10:43,desktop,/product-search,5,False
9627,840,2025-01-21 12:44:27,2025-01-21 12:52:27,tablet,/category/electronics,10,False
9628,971,2025-09-22 10:45:32,2025-09-22 11:04:32,tablet,/product-search,11,False
9629,,2024-12-22 00:26:24,2024-12-22 01:11:24,mobile,/category/apparel,,False
9630,880,2025-05-12 16:55:21,2025-05-12 16:57:21,tablet,/home,12,False
9631,,2025-08-25 10:16:41,2025-08-25 10:52:41,mobile,/product-search,6,False
9632,552,2024-09-10 12:11:19,2024-09-10 12:43:19,tablet,/category/electronics,14,False
9633,214,2025-05-14 08:32:53,2025-05-14 08:57:53,desktop,/blog,12,False
9634,1360,2025-12-25 00:25:25,2025-12-25 00:38:25,mobile,/home,,False
9635,947,2024-04-28 07:28:42,2024-04-28 07:46:42,mobile,/category/electronics,12,True
9636,917,2025-06-30 21:36:48,2025-06-30 22:14:48,tablet,/deals,,False
9637,401,2024-06-22 14:22:20,2024-06-22 14:41:20,tablet,/category/apparel,,False
9638,1078,2024-10-29 21:06:57,2024-10-29 21:33:57,desktop,/blog,9,True
9639,295,2025-12-11 13:08:21,2025-12-11 13:38:21,desktop,/category/apparel,13,False
9640,656,2025-09-07 09:58:07,2025-09-07 10:13:07,mobile,/category/electronics,,True
9641,951,2025-12-17 07:18:53,2025-12-17 07:19:53,mobile,/home,14,False
9642,1052,2025-08-16 00:25:50,2025-08-16 01:00:50,desktop,/category/apparel,2,False
9643,601,2025-09-20 00:59:06,2025-09-20 01:18:06,tablet,/product-search,,False
9644,1455,2025-06-16 06:17:57,2025-06-16 06:21:57,mobile,/category/apparel,,False
9645,607,2024-11-24 08:23:05,2024-11-24 09:05:05,tablet,/blog,,True
9646,,2025-09-20 06:50:37,2025-09-20 07:13:37,tablet,/deals,,False
9647,,2025-12-15 18:45:06,2025-12-15 19:13:06,tablet,/home,,False
9648,1463,2025-05-05 06:43:17,2025-05-05 07:01:17,desktop,/home,,True
9649,512,2024-06-18 04:10:24,2024-06-18 04:47:24,tablet,/category/electronics,14,False
9650,,2024-09-14 09:45:16,2024-09-14 10:23:16,mobile,/blog,,False
9651,,2024-07-25 13:15:07,2024-07-25 13:57:07,mobile,/blog,,False
9652,643,2024-10-05 20:10:00,2024-10-05 20:32:00,tablet,/category/apparel,,True
9653,1294,2025-05-27 11:20:51,2025-05-27 12:03:51,tablet,/home,,True
9654,497,2025-10-26 23:00:05,2025-10-26 23:41:05,desktop,/blog,,False
9655,,2025-12-27 20:11:29,2025-12-27 20:26:29,mobile,/blog,,False
9656,1082,2025-07-08 00:38:03,2025-07-08 00:45:03,mobile,/category/electronics,3,False
9657,,2024-01-20 08:02:52,2024-01-20 08:39:52,mobile,/category/electronics,7,False
9658,,2024-12-01 10:54:20,2024-12-01 11:19:20,tablet,/category/apparel,,False
9659,1090,2025-09-09 20:09:43,2025-09-09 20:20:43,tablet,/blog,,True
9660,722,2025-12-05 20:38:49,2025-12-05 21:01:49,tablet,/product-search,,True
9661,972,2025-09-18 16:01:36,2025-09-18 16:20:36,tablet,/product-search,,False
9662,,2025-07-31 03:51:40,2025-07-31 04:09:40,desktop,/blog,,False
9663,,2024-05-22 16:17:51,2024-05-22 16:19:51,desktop,/category/electronics,,False
9664,,2025-09-29 16:38:07,2025-09-29 17:04:07,tablet,/category/electronics,,False
9665,213,2025-05-06 03:20:26,2025-05-06 03:31:26,tablet,/deals,14,False
9666,1407,2025-11-24 20:33:34,2025-11-24 21:16:34,desktop,/category/apparel,6,False
9667,,2025-10-21 07:53:31,2025-10-21 08:29:31,mobile,/home,6,False
9668,851,2024-07-05 16:04:19,2024-07-05 16:23:19,desktop,/product-search,,True
9669,38,2025-12-31 08:25:43,2025-12-31 08:31:43,tablet,/category/electronics,,False
9670,887,2024-12-27 22:11:54,2024-12-27 22:54:54,mobile,/product-search,,False
9671,,2024-05-02 00:29:57,2024-05-02 01:06:57,mobile,/product-search,13,True
9672,,2025-05-21 04:42:27,2025-05-21 05:00:27,mobile,/product-search,11,False
9673,1137,2024-03-29 20:51:03,2024-03-29 20:56:03,desktop,/product-search,,False
9674,,2024-05-10 03:02:57,2024-05-10 03:34:57,mobile,/blog,,False
9675,1257,2025-11-09 03:07:20,2025-11-09 03:29:20,mobile,/category/apparel,,False
9676,,2025-07-26 20:10:28,2025-07-26 20:11:28,tablet,/category/apparel,,False
9677,,2024-08-14 01:57:42,2024-08-14 02:18:42,desktop,/category/electronics,13,False
9678,1421,2025-05-13 05:50:38,2025-05-13 06:17:38,mobile,/category/electronics,,False
9679,1169,2025-09-10 18:30:59,2025-09-10 18:47:59,tablet,/deals,,False
9680,790,2025-06-16 07:37:55,2025-06-16 07:57:55,mobile,/blog,,True
9681,1015,2024-10-09 15:42:12,2024-10-09 16:23:12,mobile,/home,5,False
9682,1088,2025-02-16 18:57:03,2025-02-16 19:19:03,desktop,/category/apparel,,False
9683,,2024-07-26 21:56:32,2024-07-26 22:32:32,mobile,/category/apparel,,False
9684,885,2025-02-27 18:21:35,2025-02-27 18:29:35,desktop,/category/electronics,5,True
9685,,2024-01-06 08:52:34,2024-01-06 08:57:34,tablet,/home,,False
9686,,2024-03-18 15:26:08,2024-03-18 15:39:08,desktop,/home,,False
9687,,2024-07-19 04:05:33,2024-07-19 04:15:33,desktop,/blog,12,False
9688,1337,2024-10-01 02:26:57,2024-10-01 03:01:57,mobile,/deals,,False
9689,755,2024-12-31 15:21:40,2024-12-31 15:36:40,desktop,/category/apparel,1,False
9690,1231,2025-11-11 02:59:55,2025-11-11 03:36:55,desktop,/category/electronics,,True
9691,559,2025-07-07 20:20:58,2025-07-07 21:02:58,desktop,/home,,True
9692,1066,2025-07-21 21:47:54,2025-07-21 22:32:54,mobile,/product-search,5,True
9693,143,2025-02-17 20:45:14,2025-02-17 21:14:14,mobile,/category/electronics,2,True
9694,,2025-11-02 17:56:55,2025-11-02 17:57:55,desktop,/product-search,,False
9695,1210,2025-11-05 13:37:01,2025-11-05 13:43:01,tablet,/deals,,True
9696,,2024-10-03 22:54:54,2024-10-03 23:16:54,desktop,/product-search,13,False
9697,902,2025-12-28 19:27:07,2025-12-28 20:01:07,mobile,/blog,,False
9698,942,2025-11-28 02:58:27,2025-11-28 03:05:27,desktop,/category/electronics,5,False
9699,1303,2025-08-16 18:49:28,2025-08-16 19:29:28,mobile,/product-search,,True
9700,,2024-04-23 23:25:09,2024-04-23 23:31:09,tablet,/product-search,,False
9701,1223,2025-12-13 14:38:59,2025-12-13 14:45:59,desktop,/home,9,False
9702,265,2025-03-03 04:23:01,2025-03-03 04:49:01,tablet,/home,,False
9703,857,2024-05-01 19:24:58,2024-05-01 19:25:58,desktop,/blog,4,True
9704,,2024-01-09 01:19:59,2024-01-09 01:33:59,tablet,/blog,13,False
9705,616,2025-12-30 12:21:20,2025-12-30 12:26:20,mobile,/category/apparel,2,False
9706,,2025-08-26 23:52:30,2025-08-26 23:56:30,tablet,/home,15,False
9707,,2024-01-08 23:05:23,2024-01-08 23:43:23,tablet,/product-search,,False
9708,,2025-07-15 08:53:02,2025-07-15 09:17:02,desktop,/category/apparel,,False
9709,420,2025-01-26 21:29:52,2025-01-26 21:37:52,desktop,/deals,4,True
9710,,2024-08-26 11:02:18,2024-08-26 11:21:18,tablet,/category/apparel,15,False
9711,,2024-11-05 17:09:20,2024-11-05 17:11:20,mobile,/deals,2,False
9712,878,2025-05-04 06:49:03,2025-05-04 07:16:03,mobile,/category/apparel,,False
9713,1245,2025-09-07 23:04:36,2025-09-07 23:15:36,desktop,/category/electronics,,False
9714,1042,2025-10-26 18:24:49,2025-10-26 19:05:49,tablet,/deals,11,True
9715,1038,2025-08-19 08:28:31,2025-08-19 08:31:31,mobile,/category/apparel,9,True
9716,,2025-07-11 14:13:33,2025-07-11 14:32:33,mobile,/category/electronics,,False
9717,1414,2025-06-11 17:45:50,2025-06-11 17:50:50,mobile,/home,,False
9718,149,2025-11-02 02:59:19,2025-11-02 03:21:19,tablet,/category/electronics,,True
9719,260,2024-10-13 12:36:00,2024-10-13 12:45:00,mobile,/category/electronics,11,False
9720,,2025-09-24 18:09:47,2025-09-24 18:38:47,tablet,/category/apparel,,False
9721,,2024-08-08 18:03:47,2024-08-08 18:05:47,tablet,/category/apparel,,False
9722,,2025-03-07 06:12:00,2025-03-07 06:48:00,mobile,/home,,False
9723,,2025-06-02 18:29:30,2025-06-02 18:59:30,desktop,/deals,,False
9724,,2025-07-21 02:05:00,2025-07-21 02:47:00,desktop,/product-search,,False
9725,904,2025-06-06 11:23:58,2025-06-06 12:00:58,desktop,/deals,,False
9726,515,2024-08-27 16:17:39,2024-08-27 16:43:39,desktop,/category/electronics,,False
9727,743,2025-09-22 00:26:21,2025-09-22 00:48:21,mobile,/home,13,False
9728,437,2025-12-17 05:06:47,2025-12-17 05:13:47,mobile,/category/electronics,,False
9729,,2025-02-09 10:02:42,2025-02-09 10:18:42,mobile,/blog,,False
9730,1361,2025-01-09 18:19:12,2025-01-09 18:32:12,mobile,/product-search,10,False
9731,1295,2025-11-27 05:43:05,2025-11-27 06:00:05,mobile,/deals,,False
9732,,2024-11-13 12:40:16,2024-11-13 12:49:16,mobile,/product-search,,False
9733,,2024-05-21 05:45:49,2024-05-21 05:47:49,mobile,/deals,,False
9734,,2024-08-05 08:05:58,2024-08-05 08:14:58,desktop,/blog,,False
9735,1138,2025-10-10 16:33:37,2025-10-10 16:48:37,mobile,/product-search,,False
9736,1350,2025-03-01 09:16:11,2025-03-01 09:31:11,mobile,/blog,,False
9737,540,2025-10-28 00:56:06,2025-10-28 01:01:06,mobile,/home,8,False
9738,839,2025-09-28 04:25:18,2025-09-28 04:41:18,tablet,/blog,11,False
9739,1380,2025-06-26 00:48:36,2025-06-26 01:26:36,tablet,/home,,False
9740,,2024-12-08 21:59:45,2024-12-08 22:15:45,mobile,/category/electronics,5,False
9741,506,2024-10-06 20:25:32,2024-10-06 20:38:32,tablet,/blog,13,False
9742,1171,2025-03-26 07:11:25,2025-03-26 07:17:25,tablet,/category/apparel,7,False
9743,1003,2025-06-17 17:35:15,2025-06-17 18:17:15,desktop,/category/electronics,10,True
9744,680,2025-11-11 21:45:16,2025-11-11 22:26:16,tablet,/home,,False
9745,,2024-09-15 21:15:00,2024-09-15 21:42:00,tablet,/blog,,True
9746,313,2025-12-06 01:10:04,2025-12-06 01:39:04,desktop,/deals,,True
9747,459,2025-10-04 09:03:58,2025-10-04 09:09:58,desktop,/blog,,False
9748,,2024-09-06 01:59:28,2024-09-06 02:01:28,desktop,/product-search,,False
9749,1003,2025-05-14 16:28:56,2025-05-14 16:58:56,tablet,/category/apparel,,False
9750,1182,2025-09-08 02:28:55,2025-09-08 02:41:55,desktop,/category/electronics,10,False
9751,1130,2025-10-26 02:39:07,2025-10-26 03:01:07,tablet,/category/electronics,,False
9752,1433,2025-12-28 11:40:44,2025-12-28 11:41:44,mobile,/product-search,1,False
9753,,2024-02-03 04:33:13,2024-02-03 04:36:13,desktop,/deals,9,False
9754,600,2025-11-26 14:24:45,2025-11-26 14:33:45,desktop,/deals,6,True
9755,655,2025-11-10 05:36:23,2025-11-10 05:47:23,mobile,/category/electronics,,False
9756,1042,2025-11-02 18:02:51,2025-11-02 18:35:51,desktop,/category/electronics,,True
9757,,2024-12-19 14:16:57,2024-12-19 14:55:57,tablet,/blog,,False
9758,,2024-01-14 12:45:00,2024-01-14 13:18:00,tablet,/category/electronics,,False
9759,438,2025-07-23 12:31:49,2025-07-23 12:36:49,mobile,/category/apparel,,False
9760,999,2025-03-30 13:43:36,2025-03-30 13:49:36,desktop,/home,,False
9761,1113,2025-10-28 23:25:10,2025-10-28 23:56:10,tablet,/product-search,,True
9762,,2025-05-19 03:51:03,2025-05-19 04:29:03,tablet,/blog,,False
9763,79,2025-10-03 13:02:47,2025-10-03 13:17:47,tablet,/home,,False
9764,960,2025-12-04 22:48:10,2025-12-04 23:05:10,tablet,/deals,,True
9765,758,2025-10-03 17:15:22,2025-10-03 17:48:22,desktop,/category/electronics,10,True
9766,,2025-03-01 00:22:28,2025-03-01 01:03:28,desktop,/product-search,,False
9767,822,2025-11-30 07:15:53,2025-11-30 07:56:53,tablet,/category/apparel,,False
9768,552,2025-05-13 05:59:54,2025-05-13 06:15:54,tablet,/category/electronics,,False
9769,,2024-01-04 21:56:23,2024-01-04 22:24:23,desktop,/category/apparel,,False
9770,961,2025-04-06 14:38:07,2025-04-06 15:13:07,desktop,/category/apparel,14,True
9771,1037,2025-10-30 16:24:23,2025-10-30 17:06:23,desktop,/deals,1,False
9772,1093,2025-12-13 19:09:50,2025-12-13 19:33:50,tablet,/category/electronics,,True
9773,936,2024-02-15 03:47:41,2024-02-15 04:00:41,desktop,/blog,,False
9774,,2024-02-12 02:31:14,2024-02-12 02:32:14,desktop,/home,,False
9775,843,2025-11-16 15:10:56,2025-11-16 15:20:56,desktop,/deals,,False
9776,50,2025-08-22 02:58:12,2025-08-22 03:41:12,mobile,/home,,False
9777,,2025-08-29 21:41:34,2025-08-29 22:20:34,desktop,/blog,,False
9778,1177,2025-06-15 18:54:20,2025-06-15 19:39:20,tablet,/home,,True
9779,,2024-10-04 20:52:58,2024-10-04 21:36:58,desktop,/product-search,6,False
9780,124,2025-11-02 21:29:29,2025-11-02 22:07:29,mobile,/category/electronics,,False
9781,329,2025-08-15 12:54:08,2025-08-15 13:15:08,mobile,/home,,False
9782,1223,2025-12-23 05:54:04,2025-12-23 05:56:04,tablet,/deals,15,False
9783,1299,2025-10-09 12:37:35,2025-10-09 13:01:35,desktop,/category/electronics,2,False
9784,825,2025-08-05 11:46:07,2025-08-05 12:00:07,tablet,/home,,False
9785,,2024-05-27 19:09:06,2024-05-27 19:24:06,tablet,/product-search,,False
9786,,2025-11-27 11:18:37,2025-11-27 11:37:37,mobile,/category/electronics,2,False
9787,1025,2025-04-30 01:37:53,2025-04-30 01:40:53,desktop,/category/electronics,9,True
9788,725,2025-11-18 18:23:15,2025-11-18 18:42:15,mobile,/blog,9,False
9789,805,2024-12-25 15:29:02,2024-12-25 15:33:02,mobile,/home,,True
9790,1241,2025-09-14 07:51:43,2025-09-14 07:55:43,tablet,/deals,,True
9791,,2024-08-25 05:17:14,2024-08-25 05:45:14,desktop,/home,,False
9792,1423,2025-04-30 04:18:54,2025-04-30 04:45:54,mobile,/home,,True
9793,661,2025-01-12 17:09:49,2025-01-12 17:54:49,desktop,/blog,4,False
9794,,2025-08-16 00:46:40,2025-08-16 01:27:40,tablet,/deals,,False
9795,,2024-02-13 01:46:37,2024-02-13 02:04:37,mobile,/category/apparel,,False
9796,1479,2025-12-25 06:05:27,2025-12-25 06:46:27,mobile,/home,,False
9797,167,2025-10-11 01:10:40,2025-10-11 01:37:40,desktop,/deals,2,False
9798,169,2025-09-06 16:53:16,2025-09-06 17:14:16,desktop,/home,,False
9799,,2025-01-02 21:12:10,2025-01-02 21:23:10,desktop,/home,,False
9800,737,2024-12-26 11:26:49,2024-12-26 11:43:49,desktop,/home,9,False
9801,952,2025-10-20 07:53:13,2025-10-20 08:36:13,mobile,/blog,7,False
9802,,2024-05-19 10:45:42,2024-05-19 11:21:42,tablet,/category/apparel,,False
9803,432,2025-06-10 09:53:49,2025-06-10 10:19:49,mobile,/category/electronics,,False
9804,,2025-05-27 12:03:36,2025-05-27 12:24:36,mobile,/home,15,False
9805,,2025-05-31 14:16:46,2025-05-31 14:32:46,desktop,/category/electronics,,False
9806,862,2025-09-29 20:53:43,2025-09-29 21:04:43,mobile,/deals,,False
9807,427,2025-10-19 07:11:08,2025-10-19 07:35:08,tablet,/home,,False
9808,145,2025-11-26 15:52:47,2025-11-26 15:53:47,desktop,/home,,False
9809,,2024-01-29 10:36:26,2024-01-29 11:21:26,mobile,/category/electronics,9,False
9810,260,2025-07-31 22:36:10,2025-07-31 23:10:10,mobile,/deals,3,True
9811,,2025-11-09 01:16:20,2025-11-09 01:55:20,mobile,/deals,14,False
9812,1401,2025-10-25 18:32:23,2025-10-25 19:16:23,mobile,/product-search,,False
9813,,2025-12-17 09:52:37,2025-12-17 10:31:37,desktop,/deals,9,False
9814,225,2024-04-20 16:51:58,2024-04-20 16:52:58,desktop,/deals,14,False
9815,,2025-01-23 13:28:38,2025-01-23 13:31:38,desktop,/home,4,False
9816,1272,2025-11-18 16:12:00,2025-11-18 16:52:00,tablet,/category/apparel,,False
9817,1106,2024-11-30 22:19:59,2024-11-30 22:47:59,desktop,/blog,14,False
9818,,2024-12-04 12:35:48,2024-12-04 13:02:48,mobile,/blog,4,False
9819,82,2025-12-18 23:01:26,2025-12-18 23:43:26,mobile,/category/apparel,,False
9820,1094,2025-09-17 23:28:30,2025-09-18 00:08:30,desktop,/category/electronics,,False
9821,286,2025-02-19 20:47:25,2025-02-19 21:20:25,desktop,/home,13,False
9822,,2025-07-16 21:13:32,2025-07-16 21:20:32,tablet,/deals,,False
9823,1404,2025-11-07 17:43:29,2025-11-07 18:17:29,mobile,/product-search,15,False
9824,1353,2025-09-29 03:16:08,2025-09-29 03:20:08,desktop,/home,6,False
9825,,2024-03-21 08:35:24,2024-03-21 09:01:24,tablet,/blog,,False
9826,,2024-02-29 10:14:39,2024-02-29 10:33:39,tablet,/category/apparel,,False
9827,871,2025-05-18 04:29:24,2025-05-18 05:05:24,desktop,/deals,,True
9828,300,2025-08-27 16:31:29,2025-08-27 16:42:29,mobile,/category/electronics,,False
9829,1363,2025-03-07 13:14:15,2025-03-07 13:20:15,desktop,/home,,False
9830,,2024-07-07 14:29:29,2024-07-07 14:39:29,tablet,/category/apparel,10,False
9831,,2025-01-10 07:20:32,2025-01-10 07:59:32,mobile,/category/apparel,,False
9832,,2025-10-21 04:56:36,2025-10-21 05:09:36,mobile,/product-search,10,False
9833,,2024-07-07 21:20:53,2024-07-07 22:04:53,mobile,/blog,,False
9834,556,2025-12-31 13:35:33,2025-12-31 14:03:33,mobile,/home,,False
9835,1242,2025-12-09 22:02:22,2025-12-09 22:04:22,mobile,/category/apparel,3,False
9836,862,2025-09-01 20:00:56,2025-09-01 20:21:56,tablet,/blog,,False
9837,18,2025-07-19 12:45:45,2025-07-19 13:02:45,desktop,/deals,,False
9838,1351,2025-08-28 07:04:44,2025-08-28 07:21:44,desktop,/product-search,15,False
9839,7,2025-11-17 08:07:29,2025-11-17 08:11:29,mobile,/product-search,,False
9840,480,2025-09-03 06:33:29,2025-09-03 06:49:29,desktop,/category/apparel,5,False
9841,,2024-08-31 07:50:34,2024-08-31 08:28:34,mobile,/home,,False
9842,,2025-01-02 07:52:59,2025-01-02 08:34:59,desktop,/category/apparel,3,False
9843,1223,2025-12-14 04:25:44,2025-12-14 04:28:44,desktop,/category/apparel,,True
9844,639,2025-02-12 22:06:29,2025-02-12 22:22:29,mobile,/category/apparel,,False
9845,521,2025-09-12 10:10:53,2025-09-12 10:47:53,tablet,/category/apparel,,True
9846,512,2024-08-06 08:07:15,2024-08-06 08:17:15,desktop,/home,,False
9847,1196,2025-05-22 14:27:43,2025-05-22 14:58:43,mobile,/blog,,False
9848,,2025-09-13 07:49:57,2025-09-13 08:18:57,tablet,/blog,,False
9849,,2024-12-20 22:07:08,2024-12-20 22:28:08,mobile,/home,,False
9850,831,2025-08-02 13:53:21,2025-08-02 13:58:21,mobile,/home,7,True
9851,222,2025-11-18 17:58:13,2025-11-18 18:38:13,desktop,/home,14,True
9852,589,2024-11-14 13:42:42,2024-11-14 13:59:42,desktop,/product-search,,False
9853,1053,2025-12-30 06:23:23,2025-12-30 07:04:23,mobile,/deals,4,False
9854,1096,2025-10-17 17:44:43,2025-10-17 18:16:43,mobile,/product-search,13,True
9855,214,2025-10-01 11:30:22,2025-10-01 11:45:22,tablet,/category/apparel,15,False
9856,966,2025-06-09 17:01:33,2025-06-09 17:07:33,desktop,/category/electronics,12,False
9857,545,2024-12-15 10:20:09,2024-12-15 10:36:09,tablet,/product-search,,False
9858,676,2025-06-03 19:33:51,2025-06-03 19:46:51,desktop,/blog,4,False
9859,430,2025-12-30 10:56:36,2025-12-30 11:41:36,tablet,/blog,15,False
9860,174,2024-02-03 21:46:33,2024-02-03 21:59:33,desktop,/category/electronics,,False
9861,358,2024-10-13 14:02:18,2024-10-13 14:25:18,desktop,/category/apparel,,False
9862,,2025-09-13 05:23:52,2025-09-13 06:08:52,mobile,/category/apparel,,False
9863,79,2025-02-11 09:02:16,2025-02-11 09:16:16,mobile,/blog,,False
9864,990,2024-12-03 23:51:49,2024-12-04 00:33:49,desktop,/product-search,,False
9865,205,2024-06-11 02:28:16,2024-06-11 03:13:16,mobile,/product-search,,False
9866,915,2025-05-29 19:06:32,2025-05-29 19:18:32,desktop,/category/electronics,,True
9867,1398,2025-06-23 09:50:37,2025-06-23 10:18:37,tablet,/home,3,True
9868,,2024-10-26 11:55:23,2024-10-26 12:05:23,desktop,/home,8,False
9869,,2025-05-14 23:25:15,2025-05-14 23:59:15,mobile,/blog,1,False
9870,,2025-07-07 23:46:19,2025-07-07 23:47:19,desktop,/home,5,False
9871,,2025-01-19 07:25:57,2025-01-19 07:56:57,desktop,/category/electronics,7,False
9872,576,2025-05-15 23:26:11,2025-05-15 23:55:11,desktop,/home,,False
9873,264,2024-03-27 19:42:50,2024-03-27 20:20:50,tablet,/home,9,False
9874,,2024-10-10 01:45:29,2024-10-10 02:13:29,tablet,/category/apparel,,False
9875,763,2025-03-13 04:47:57,2025-03-13 04:58:57,desktop,/category/apparel,,False
9876,,2025-08-30 19:42:09,2025-08-30 20:19:09,mobile,/category/apparel,4,False
9877,,2025-02-21 01:46:48,2025-02-21 02:00:48,tablet,/product-search,10,False
9878,1452,2025-12-25 09:30:01,2025-12-25 09:52:01,mobile,/deals,3,False
9879,277,2025-03-18 12:40:30,2025-03-18 13:08:30,mobile,/product-search,,False
9880,,2024-11-12 05:44:50,2024-11-12 06:28:50,mobile,/category/electronics,,False
9881,,2025-09-05 10:24:50,2025-09-05 10:31:50,desktop,/home,,False
9882,206,2025-04-14 11:06:48,2025-04-14 11:48:48,mobile,/deals,11,False
9883,,2025-05-04 15:53:05,2025-05-04 15:58:05,desktop,/category/apparel,9,False
9884,29,2025-02-19 05:24:34,2025-02-19 05:44:34,desktop,/category/electronics,,True
9885,572,2025-12-03 15:14:22,2025-12-03 15:15:22,tablet,/category/apparel,9,True
9886,,2024-07-20 16:54:30,2024-07-20 17:02:30,mobile,/product-search,,True
9887,,2024-03-13 05:04:12,2024-03-13 05:17:12,mobile,/product-search,8,False
9888,,2025-07-10 18:25:37,2025-07-10 18:42:37,tablet,/category/apparel,13,False
9889,1363,2025-09-25 04:36:01,2025-09-25 04:54:01,tablet,/deals,,False
9890,,2025-10-16 02:03:28,2025-10-16 02:16:28,tablet,/home,2,False
9891,,2024-03-26 02:20:38,2024-03-26 02:56:38,desktop,/home,13,False
9892,1005,2025-06-19 16:52:29,2025-06-19 17:25:29,desktop,/home,,False
9893,,2024-12-07 18:57:36,2024-12-07 19:07:36,tablet,/deals,,False
9894,233,2025-02-12 06:32:42,2025-02-12 06:50:42,tablet,/home,10,False
9895,,2025-07-04 17:09:55,2025-07-04 17:41:55,desktop,/product-search,,False
9896,1002,2025-08-13 01:57:12,2025-08-13 02:03:12,desktop,/blog,2,True
9897,527,2025-11-17 15:36:44,2025-11-17 16:15:44,tablet,/category/electronics,6,False
9898,,2024-08-28 22:57:41,2024-08-28 23:32:41,desktop,/category/electronics,7,False
9899,1127,2025-09-09 18:48:08,2025-09-09 19:23:08,desktop,/product-search,,False
9900,461,2024-11-12 06:10:36,2024-11-12 06:31:36,tablet,/home,12,True
9901,903,2025-08-25 13:04:00,2025-08-25 13:28:00,mobile,/category/apparel,14,False
9902,,2024-05-18 14:05:03,2024-05-18 14:41:03,mobile,/deals,13,False
9903,642,2025-03-06 07:47:40,2025-03-06 07:48:40,mobile,/deals,13,False
9904,408,2025-10-19 07:19:18,2025-10-19 07:54:18,mobile,/category/electronics,2,True
9905,1126,2025-11-25 18:15:21,2025-11-25 18:35:21,desktop,/deals,,False
9906,1226,2025-12-24 01:02:18,2025-12-24 01:26:18,tablet,/deals,,False
9907,1478,2025-09-13 14:13:53,2025-09-13 14:18:53,desktop,/category/apparel,,False
9908,,2025-03-08 02:40:48,2025-03-08 03:07:48,desktop,/category/apparel,2,False
9909,1252,2025-01-22 14:22:29,2025-01-22 14:50:29,tablet,/category/electronics,,False
9910,184,2024-04-18 04:12:52,2024-04-18 04:45:52,desktop,/category/electronics,3,False
9911,346,2025-08-12 22:20:42,2025-08-12 22:37:42,tablet,/category/apparel,,False
9912,,2025-11-30 06:25:57,2025-11-30 06:35:57,tablet,/blog,,False
9913,,2024-10-15 01:00:56,2024-10-15 01:28:56,tablet,/category/apparel,,False
9914,1457,2024-11-26 09:42:00,2024-11-26 10:18:00,mobile,/blog,7,True
9915,,2024-01-27 14:36:55,2024-01-27 14:38:55,mobile,/blog,,False
9916,666,2025-04-04 19:20:44,2025-04-04 19:46:44,tablet,/category/electronics,,False
9917,,2025-07-17 17:37:47,2025-07-17 17:45:47,desktop,/deals,12,False
9918,1454,2025-02-21 08:13:07,2025-02-21 08:27:07,tablet,/product-search,,True
9919,1125,2025-04-16 07:33:51,2025-04-16 08:12:51,desktop,/deals,,False
9920,,2024-07-06 12:16:52,2024-07-06 13:00:52,desktop,/category/apparel,3,False
9921,361,2025-12-06 10:13:24,2025-12-06 10:57:24,tablet,/home,,False
9922,1461,2025-01-07 21:12:12,2025-01-07 21:23:12,mobile,/category/apparel,,False
9923,721,2025-11-23 17:22:45,2025-11-23 17:46:45,mobile,/product-search,,False
9924,1014,2025-05-12 13:20:50,2025-05-12 13:51:50,desktop,/category/electronics,6,False
9925,,2024-12-06 10:07:06,2024-12-06 10:17:06,tablet,/deals,,False
9926,914,2025-11-05 09:13:50,2025-11-05 09:16:50,mobile,/blog,,True
9927,446,2025-05-31 23:38:10,2025-06-01 00:09:10,desktop,/blog,,False
9928,617,2025-08-18 01:52:06,2025-08-18 02:24:06,mobile,/deals,14,False
9929,963,2025-11-10 07:41:36,2025-11-10 08:16:36,tablet,/home,,False
9930,1103,2025-12-20 12:49:03,2025-12-20 13:15:03,mobile,/product-search,,False
9931,981,2025-10-23 06:18:59,2025-10-23 06:33:59,mobile,/blog,6,True
9932,688,2025-09-21 20:49:26,2025-09-21 21:26:26,tablet,/home,,False
9933,226,2025-07-12 19:07:51,2025-07-12 19:20:51,tablet,/deals,,True
9934,1157,2025-11-29 02:25:59,2025-11-29 02:57:59,mobile,/blog,,False
9935,299,2025-08-24 22:08:05,2025-08-24 22:41:05,desktop,/deals,,True
9936,623,2025-07-24 03:21:23,2025-07-24 04:00:23,tablet,/home,,False
9937,,2024-05-28 05:47:53,2024-05-28 05:52:53,tablet,/category/electronics,,False
9938,,2025-03-11 18:32:50,2025-03-11 19:14:50,desktop,/product-search,7,False
9939,,2025-01-30 16:08:20,2025-01-30 16:53:20,tablet,/product-search,12,False
9940,1495,2024-07-14 13:14:14,2024-07-14 13:42:14,mobile,/product-search,4,True
9941,,2024-03-26 12:42:45,2024-03-26 13:10:45,desktop,/category/electronics,3,False
9942,192,2025-04-17 23:55:33,2025-04-18 00:18:33,mobile,/product-search,8,False
9943,479,2024-09-04 05:49:55,2024-09-04 06:27:55,tablet,/category/apparel,11,True
9944,511,2025-04-27 15:59:06,2025-04-27 16:15:06,mobile,/category/electronics,,False
9945,,2025-11-03 15:45:59,2025-11-03 16:06:59,mobile,/deals,,True
9946,,2024-09-15 23:57:45,2024-09-16 00:01:45,mobile,/home,,False
9947,419,2025-09-25 00:46:11,2025-09-25 01:05:11,tablet,/category/apparel,10,False
9948,,2024-04-01 07:53:06,2024-04-01 08:28:06,tablet,/category/apparel,,False
9949,,2025-07-10 13:52:00,2025-07-10 14:14:00,tablet,/category/apparel,,False
9950,354,2025-05-13 03:53:46,2025-05-13 04:38:46,mobile,/category/electronics,,False
9951,1282,2024-02-16 00:55:34,2024-02-16 01:30:34,tablet,/product-search,,False
9952,634,2025-10-04 08:25:36,2025-10-04 08:36:36,tablet,/product-search,,False
9953,585,2025-12-15 02:29:54,2025-12-15 02:40:54,mobile,/category/electronics,2,False
9954,1354,2025-11-08 01:37:57,2025-11-08 02:07:57,desktop,/home,,True
9955,,2024-05-22 23:24:28,2024-05-23 00:06:28,mobile,/deals,9,False
9956,929,2025-08-01 00:13:51,2025-08-01 00:21:51,mobile,/category/electronics,,False
9957,1462,2025-06-06 13:21:46,2025-06-06 13:29:46,desktop,/category/electronics,,False
9958,258,2025-07-27 16:54:34,2025-07-27 17:27:34,mobile,/product-search,,False
9959,,2025-08-25 18:56:43,2025-08-25 19:14:43,mobile,/category/electronics,,False
9960,,2025-05-19 23:18:55,2025-05-19 23:34:55,mobile,/blog,7,False
9961,309,2025-04-21 02:15:32,2025-04-21 02:31:32,tablet,/category/electronics,11,False
9962,347,2025-04-27 12:12:16,2025-04-27 12:29:16,tablet,/category/apparel,,False
9963,1473,2025-09-22 12:31:21,2025-09-22 12:51:21,desktop,/category/apparel,,False
9964,,2024-04-12 22:59:52,2024-04-12 23:06:52,desktop,/deals,4,False
9965,1257,2025-12-14 07:35:47,2025-12-14 07:41:47,tablet,/category/apparel,,False
9966,164,2025-09-18 15:46:27,2025-09-18 16:29:27,mobile,/deals,,False
9967,1298,2025-06-22 16:56:22,2025-06-22 17:04:22,tablet,/blog,,False
9968,60,2025-10-14 17:05:31,2025-10-14 17:36:31,mobile,/category/electronics,,True
9969,,2024-08-18 21:57:55,2024-08-18 22:40:55,mobile,/home,14,False
9970,389,2025-12-06 21:18:40,2025-12-06 21:21:40,desktop,/home,5,False
9971,1500,2025-09-03 04:04:40,2025-09-03 04:21:40,desktop,/deals,,True
9972,,2024-09-09 09:02:47,2024-09-09 09:25:47,tablet,/deals,1,False
9973,427,2025-12-21 09:22:26,2025-12-21 09:29:26,desktop,/product-search,8,False
9974,709,2025-12-21 22:38:30,2025-12-21 22:51:30,desktop,/blog,,True
9975,1348,2025-11-21 19:43:30,2025-11-21 20:10:30,mobile,/category/apparel,14,False
9976,122,2025-03-15 02:20:10,2025-03-15 02:56:10,desktop,/blog,13,False
9977,,2025-08-15 10:24:10,2025-08-15 10:38:10,tablet,/category/electronics,13,False
9978,685,2025-11-12 23:55:44,2025-11-13 00:33:44,desktop,/category/apparel,,True
9979,931,2025-11-17 23:08:39,2025-11-17 23:32:39,tablet,/category/electronics,,True
9980,397,2025-12-27 14:56:07,2025-12-27 15:09:07,desktop,/product-search,,False
9981,,2025-07-15 05:19:50,2025-07-15 05:57:50,mobile,/deals,,False
9982,,2024-01-16 04:00:51,2024-01-16 04:01:51,tablet,/blog,2,False
9983,500,2025-08-30 06:10:59,2025-08-30 06:34:59,desktop,/product-search,,False
9984,,2024-09-21 01:39:51,2024-09-21 01:46:51,mobile,/product-search,,False
9985,992,2025-12-31 06:58:30,2025-12-31 07:18:30,tablet,/home,,False
9986,,2024-06-07 02:21:06,2024-06-07 02:48:06,mobile,/home,,False
9987,,2024-04-10 23:15:27,2024-04-10 23:43:27,tablet,/category/apparel,,False
9988,584,2024-10-04 06:29:28,2024-10-04 06:44:28,desktop,/deals,,False
9989,162,2025-10-02 00:23:47,2025-10-02 00:49:47,mobile,/product-search,,False
9990,502,2025-06-01 11:57:45,2025-06-01 11:59:45,tablet,/blog,,False
9991,,2025-04-07 08:40:30,2025-04-07 09:06:30,mobile,/product-search,,False
9992,1092,2025-12-16 21:02:42,2025-12-16 21:46:42,mobile,/category/apparel,13,False
9993,1485,2025-11-22 09:51:09,2025-11-22 10:22:09,tablet,/blog,8,True
9994,,2025-05-19 06:06:54,2025-05-19 06:32:54,tablet,/deals,13,False
9995,783,2025-12-01 23:35:00,2025-12-02 00:14:00,tablet,/category/electronics,10,False
9996,1140,2025-12-22 05:15:12,2025-12-22 05:54:12,tablet,/blog,,False
9997,,2024-11-12 03:03:09,2024-11-12 03:46:09,mobile,/category/electronics,,False
9998,,2025-03-29 06:22:39,2025-03-29 06:52:39,desktop,/category/electronics,11,False
9999,997,2025-05-08 11:06:19,2025-05-08 11:39:19,desktop,/category/electronics,3,False
10000,338,2025-03-11 10:47:11,2025-03-11 11:15:11,desktop,/blog,,False
10001,,2024-03-16 09:24:54,2024-03-16 09:29:54,mobile,/home,,True
10002,1466,2025-06-03 09:02:39,2025-06-03 09:28:39,desktop,/blog,,False
10003,1337,2024-11-13 12:34:20,2024-11-13 13:12:20,mobile,/category/apparel,,False
10004,,2024-04-19 08:36:20,2024-04-19 09:07:20,mobile,/blog,5,False
10005,,2024-10-03 20:52:01,2024-10-03 21:34:01,desktop,/category/electronics,6,False
10006,372,2025-07-17 12:37:08,2025-07-17 13:07:08,mobile,/home,,False
10007,1211,2025-04-17 06:06:46,2025-04-17 06:28:46,tablet,/product-search,,True
10008,,2025-04-03 12:09:57,2025-04-03 12:50:57,mobile,/product-search,,True
10009,,2024-06-05 06:31:48,2024-06-05 06:54:48,mobile,/deals,4,False
10010,625,2025-12-12 01:15:18,2025-12-12 01:41:18,desktop,/home,,True
10011,487,2025-07-23 05:32:22,2025-07-23 05:45:22,mobile,/category/electronics,12,False
10012,76,2025-07-29 04:29:20,2025-07-29 04:30:20,desktop,/home,,False
10013,1193,2025-05-07 19:00:50,2025-05-07 19:31:50,desktop,/product-search,7,False
10014,,2025-06-12 10:12:45,2025-06-12 10:32:45,mobile,/category/apparel,,False
10015,836,2025-10-31 20:39:23,2025-10-31 20:43:23,mobile,/deals,,False
10016,558,2024-12-16 04:30:52,2024-12-16 05:03:52,mobile,/blog,3,True
10017,317,2025-06-22 15:50:50,2025-06-22 16:34:50,mobile,/product-search,,False
10018,955,2025-12-02 13:57:49,2025-12-02 14:02:49,tablet,/product-search,,False
10019,,2024-10-21 01:54:52,2024-10-21 02:06:52,tablet,/home,2,False
10020,,2025-03-07 00:34:59,2025-03-07 01:15:59,desktop,/category/electronics,,False
10021,1435,2025-12-06 08:48:40,2025-12-06 09:25:40,desktop,/category/apparel,,True
10022,,2025-10-11 16:19:07,2025-10-11 16:35:07,desktop,/deals,,False
10023,1086,2025-12-05 14:14:41,2025-12-05 14:34:41,desktop,/category/apparel,,False
10024,1390,2025-07-18 14:09:55,2025-07-18 14:23:55,mobile,/deals,,False
10025,,2025-01-20 20:58:49,2025-01-20 21:21:49,tablet,/category/electronics,,False
10026,,2025-06-09 07:02:11,2025-06-09 07:39:11,mobile,/product-search,,False
10027,,2024-05-13 07:49:38,2024-05-13 08:29:38,tablet,/blog,,False
10028,164,2025-12-16 13:12:57,2025-12-16 13:26:57,tablet,/product-search,,False
10029,,2025-04-15 03:29:39,2025-04-15 03:37:39,tablet,/blog,15,False
10030,121,2025-12-17 02:10:59,2025-12-17 02:52:59,tablet,/category/apparel,,True
10031,462,2025-02-21 22:40:36,2025-02-21 23:08:36,tablet,/category/apparel,4,False
10032,1117,2025-12-24 19:25:17,2025-12-24 20:04:17,mobile,/category/apparel,14,False
10033,377,2025-11-23 19:41:30,2025-11-23 19:50:30,tablet,/home,6,False
10034,1152,2025-09-09 09:19:20,2025-09-09 09:41:20,desktop,/category/electronics,,False
10035,1345,2025-12-02 20:19:47,2025-12-02 20:52:47,mobile,/product-search,7,True
10036,456,2025-10-15 01:17:57,2025-10-15 01:43:57,desktop,/product-search,,False
10037,,2024-05-31 00:49:34,2024-05-31 01:05:34,tablet,/blog,,False
10038,,2025-05-11 20:34:33,2025-05-11 21:00:33,desktop,/deals,9,False
10039,813,2025-12-30 23:11:04,2025-12-30 23:25:04,tablet,/category/apparel,,False
10040,424,2025-11-19 21:46:45,2025-11-19 22:20:45,desktop,/home,1,False
10041,,2025-06-05 03:10:47,2025-06-05 03:40:47,mobile,/home,,False
10042,349,2025-01-24 03:07:54,2025-01-24 03:08:54,desktop,/deals,9,False
10043,,2025-09-05 12:35:14,2025-09-05 13:00:14,desktop,/category/electronics,,False
10044,172,2025-09-20 16:46:36,2025-09-20 16:58:36,desktop,/category/electronics,14,True
10045,573,2025-12-26 00:21:48,2025-12-26 00:36:48,desktop,/product-search,,False
10046,,2024-06-17 14:48:59,2024-06-17 15:33:59,desktop,/category/electronics,9,True
10047,,2024-01-17 11:03:22,2024-01-17 11:40:22,desktop,/deals,,False
10048,35,2025-11-28 10:31:20,2025-11-28 10:41:20,mobile,/blog,,False
10049,593,2025-06-21 06:29:21,2025-06-21 07:09:21,tablet,/blog,7,True
10050,,2025-08-19 05:14:31,2025-08-19 05:42:31,tablet,/blog,6,False
10051,,2024-08-09 00:55:23,2024-08-09 01:36:23,desktop,/home,11,False
10052,625,2025-12-07 00:38:12,2025-12-07 01:08:12,mobile,/blog,,False
10053,,2025-09-18 20:00:53,2025-09-18 20:11:53,desktop,/home,13,True
10054,1234,2025-05-27 06:03:47,2025-05-27 06:08:47,desktop,/category/electronics,,False
10055,1458,2025-12-09 09:32:01,2025-12-09 10:07:01,mobile,/category/electronics,,True
10056,1218,2025-08-24 09:08:09,2025-08-24 09:28:09,mobile,/deals,,False
10057,1344,2025-12-02 12:13:00,2025-12-02 12:21:00,desktop,/blog,,False
10058,,2025-01-26 03:29:40,2025-01-26 04:12:40,tablet,/blog,,False
10059,589,2024-04-19 01:00:34,2024-04-19 01:42:34,desktop,/product-search,,False
10060,524,2025-12-21 01:05:43,2025-12-21 01:06:43,mobile,/category/apparel,,False
10061,17,2025-02-03 18:45:21,2025-02-03 18:47:21,mobile,/product-search,3,True
10062,637,2024-03-31 00:55:57,2024-03-31 01:32:57,desktop,/deals,2,False
10063,420,2025-11-10 00:59:10,2025-11-10 01:00:10,mobile,/deals,,False
10064,321,2025-02-02 13:42:22,2025-02-02 14:27:22,desktop,/category/apparel,14,False
10065,,2024-09-07 11:18:59,2024-09-07 11:30:59,tablet,/category/apparel,15,False
10066,,2024-05-27 06:36:31,2024-05-27 06:40:31,mobile,/home,8,False
10067,1334,2025-12-05 00:13:43,2025-12-05 00:21:43,desktop,/category/apparel,,False
10068,148,2025-04-13 06:24:02,2025-04-13 06:40:02,desktop,/product-search,,False
10069,,2024-05-27 14:11:37,2024-05-27 14:19:37,desktop,/deals,,False
10070,,2024-04-09 06:42:27,2024-04-09 07:09:27,desktop,/category/apparel,6,False
10071,,2025-04-12 12:03:36,2025-04-12 12:27:36,mobile,/blog,,False
10072,770,2025-11-14 00:17:41,2025-11-14 00:45:41,mobile,/category/electronics,,True
10073,362,2025-11-05 10:17:45,2025-11-05 10:40:45,desktop,/category/electronics,8,False
10074,,2024-03-06 09:47:52,2024-03-06 10:17:52,mobile,/category/electronics,,False
10075,,2025-05-04 21:35:01,2025-05-04 21:56:01,mobile,/blog,,False
10076,821,2025-12-31 02:21:45,2025-12-31 03:04:45,desktop,/deals,,False
10077,1048,2025-10-31 08:44:20,2025-10-31 09:19:20,desktop,/blog,11,True
10078,711,2025-11-05 19:29:59,2025-11-05 20:14:59,desktop,/blog,,False
10079,575,2025-06-19 17:53:10,2025-06-19 18:24:10,tablet,/category/electronics,6,False
10080,,2025-02-23 06:51:37,2025-02-23 06:52:37,mobile,/category/electronics,,False
10081,,2024-12-16 22:32:35,2024-12-16 23:09:35,mobile,/category/apparel,,False
10082,1038,2025-12-06 15:34:52,2025-12-06 15:52:52,tablet,/deals,4,False
10083,902,2025-03-08 16:45:42,2025-03-08 17:11:42,tablet,/blog,,False
10084,679,2025-03-27 07:57:49,2025-03-27 08:19:49,desktop,/home,,False
10085,,2025-05-22 15:38:43,2025-05-22 15:43:43,tablet,/product-search,9,False
10086,1222,2024-11-25 21:38:33,2024-11-25 22:20:33,tablet,/product-search,9,False
10087,1311,2025-06-03 11:41:26,2025-06-03 12:00:26,mobile,/product-search,,True
10088,793,2025-09-27 20:04:26,2025-09-27 20:05:26,mobile,/home,13,False
10089,77,2025-10-22 16:25:13,2025-10-22 16:42:13,tablet,/category/apparel,13,True
10090,,2024-02-23 19:53:00,2024-02-23 20:21:00,desktop,/deals,,False
10091,617,2025-03-18 00:30:29,2025-03-18 00:53:29,mobile,/category/apparel,14,False
10092,13,2025-12-20 11:57:32,2025-12-20 12:28:32,tablet,/home,1,False
10093,750,2025-05-28 09:45:23,2025-05-28 10:29:23,desktop,/category/apparel,15,False
10094,,2024-11-25 20:53:30,2024-11-25 21:34:30,mobile,/category/electronics,,False
10095,1042,2025-03-18 21:09:12,2025-03-18 21:23:12,desktop,/category/apparel,,False
10096,471,2025-02-16 18:41:55,2025-02-16 19:24:55,desktop,/category/apparel,,False
10097,,2024-01-25 06:08:02,2024-01-25 06:31:02,tablet,/category/apparel,,False
10098,884,2025-05-12 14:05:30,2025-05-12 14:07:30,tablet,/category/electronics,,False
10099,,2025-04-02 10:05:55,2025-04-02 10:11:55,tablet,/blog,,False
10100,,2025-09-13 08:27:35,2025-09-13 08:53:35,desktop,/product-search,12,False
10101,1106,2025-04-07 10:10:23,2025-04-07 10:52:23,mobile,/blog,,False
10102,1042,2024-08-31 09:27:21,2024-08-31 09:39:21,mobile,/home,,False
10103,714,2025-07-11 04:31:03,2025-07-11 04:39:03,tablet,/home,,True
10104,1102,2025-11-22 07:59:47,2025-11-22 08:17:47,tablet,/product-search,,False
10105,,2025-08-09 11:49:08,2025-08-09 11:56:08,tablet,/home,5,False
10106,,2025-01-22 01:21:13,2025-01-22 01:34:13,desktop,/deals,,False
10107,813,2025-12-29 01:44:58,2025-12-29 02:26:58,tablet,/category/electronics,,False
10108,744,2024-11-05 18:45:43,2024-11-05 18:54:43,mobile,/category/apparel,,False
10109,784,2025-10-29 13:22:34,2025-10-29 14:06:34,desktop,/category/electronics,,False
10110,1352,2025-12-22 09:12:27,2025-12-22 09:36:27,mobile,/category/apparel,,False
10111,703,2025-06-26 08:22:50,2025-06-26 09:06:50,desktop,/category/electronics,11,False
10112,1197,2024-11-27 11:03:46,2024-11-27 11:07:46,tablet,/home,,False
10113,488,2025-12-14 23:59:32,2025-12-15 00:31:32,tablet,/product-search,,False
10114,252,2025-01-05 18:40:51,2025-01-05 19:22:51,mobile,/home,13,True
10115,553,2024-05-08 11:21:51,2024-05-08 11:31:51,tablet,/home,,False
10116,1186,2025-10-02 16:53:30,2025-10-02 17:33:30,mobile,/home,8,False
10117,90,2025-12-28 12:56:33,2025-12-28 13:11:33,desktop,/category/electronics,13,False
10118,17,2025-12-11 05:15:24,2025-12-11 05:26:24,mobile,/blog,14,True
10119,,2025-12-06 18:40:21,2025-12-06 19:24:21,desktop,/product-search,,False
10120,506,2025-03-25 21:25:41,2025-03-25 21:29:41,desktop,/category/electronics,13,False
10121,1237,2025-10-16 15:38:20,2025-10-16 16:13:20,mobile,/product-search,4,False
10122,,2024-03-02 08:46:58,2024-03-02 09:09:58,mobile,/deals,,False
10123,863,2024-12-22 14:19:12,2024-12-22 14:21:12,mobile,/home,,False
10124,82,2025-12-26 06:55:07,2025-12-26 06:58:07,tablet,/blog,,True
10125,978,2024-11-13 01:10:10,2024-11-13 01:21:10,desktop,/blog,4,False
10126,284,2025-04-13 11:33:08,2025-04-13 12:14:08,mobile,/deals,,False
10127,1196,2025-05-26 06:51:12,2025-05-26 07:16:12,mobile,/home,8,False
10128,,2025-06-18 02:39:19,2025-06-18 03:05:19,desktop,/product-search,12,False
10129,548,2024-08-30 17:08:30,2024-08-30 17:28:30,mobile,/blog,,False
10130,,2025-03-15 02:17:11,2025-03-15 02:38:11,desktop,/category/electronics,10,False
10131,,2025-11-19 22:43:09,2025-11-19 23:26:09,mobile,/category/electronics,,False
10132,1233,2025-05-29 21:56:01,2025-05-29 22:07:01,mobile,/home,,True
10133,341,2025-07-26 05:19:28,2025-07-26 05:27:28,tablet,/product-search,,False
10134,,2024-01-12 05:26:01,2024-01-12 05:32:01,desktop,/blog,10,False
10135,1160,2025-11-08 21:00:07,2025-11-08 21:32:07,mobile,/home,,True
10136,1136,2024-07-08 06:52:34,2024-07-08 07:18:34,tablet,/category/electronics,,True
10137,803,2025-09-23 02:59:57,2025-09-23 03:00:57,mobile,/category/apparel,2,False
10138,,2024-05-18 13:48:56,2024-05-18 14:24:56,tablet,/home,,False
10139,1331,2024-10-28 19:06:03,2024-10-28 19:26:03,tablet,/deals,,False
10140,1316,2024-11-18 07:35:00,2024-11-18 07:57:00,tablet,/home,,False
10141,,2024-07-24 16:57:12,2024-07-24 17:10:12,tablet,/category/electronics,7,False
10142,1391,2025-12-05 14:05:46,2025-12-05 14:17:46,mobile,/deals,,False
10143,,2024-11-22 13:19:22,2024-11-22 13:29:22,mobile,/category/electronics,4,False
10144,62,2024-01-29 22:33:17,2024-01-29 23:07:17,desktop,/home,,False
10145,338,2025-10-30 18:20:51,2025-10-30 18:49:51,mobile,/blog,,False
10146,408,2025-12-05 21:14:50,2025-12-05 21:51:50,mobile,/category/apparel,,False
10147,1199,2025-11-26 00:24:39,2025-11-26 01:03:39,tablet,/category/electronics,3,False
10148,471,2025-09-16 03:46:29,2025-09-16 04:01:29,desktop,/home,,False
10149,1389,2025-12-01 22:56:16,2025-12-01 23:17:16,tablet,/deals,15,False
10150,155,2024-12-10 12:32:02,2024-12-10 13:17:02,desktop,/blog,,False
10151,,2025-01-04 22:10:17,2025-01-04 22:49:17,desktop,/category/electronics,,False
10152,612,2025-12-29 10:02:12,2025-12-29 10:16:12,desktop,/product-search,12,False
10153,15,2025-07-19 03:48:01,2025-07-19 04:23:01,mobile,/product-search,1,False
10154,721,2025-11-19 03:48:24,2025-11-19 03:50:24,mobile,/blog,10,False
10155,1401,2025-06-06 15:18:56,2025-06-06 15:35:56,mobile,/category/electronics,13,False
10156,1401,2025-06-29 08:16:41,2025-06-29 08:41:41,mobile,/product-search,,True
10157,572,2024-08-30 19:07:45,2024-08-30 19:19:45,mobile,/blog,14,False
10158,,2025-11-12 11:58:43,2025-11-12 12:33:43,desktop,/category/apparel,7,False
10159,112,2025-08-27 08:49:31,2025-08-27 09:15:31,mobile,/category/apparel,7,False
10160,,2024-11-05 23:25:03,2024-11-05 23:36:03,desktop,/blog,,True
10161,1277,2025-07-07 18:46:43,2025-07-07 19:08:43,mobile,/category/electronics,,False
10162,,2025-05-25 02:57:54,2025-05-25 03:27:54,desktop,/product-search,,False
10163,861,2025-07-27 14:35:36,2025-07-27 15:06:36,mobile,/product-search,1,False
10164,,2024-12-21 04:51:04,2024-12-21 05:08:04,tablet,/home,8,False
10165,1359,2025-08-22 11:20:22,2025-08-22 11:54:22,mobile,/category/apparel,,False
10166,1006,2025-10-04 20:56:24,2025-10-04 21:07:24,mobile,/product-search,13,False
10167,,2024-07-27 10:30:34,2024-07-27 10:53:34,desktop,/blog,,False
10168,782,2025-09-15 00:45:33,2025-09-15 01:16:33,tablet,/blog,14,False
10169,,2025-11-01 09:01:51,2025-11-01 09:42:51,tablet,/blog,,False
10170,1233,2025-12-15 09:22:14,2025-12-15 09:36:14,tablet,/blog,,True
10171,,2025-04-02 04:35:11,2025-04-02 04:58:11,tablet,/category/apparel,10,False
10172,,2024-06-11 10:25:29,2024-06-11 10:40:29,mobile,/deals,,False
10173,,2025-09-15 22:26:05,2025-09-15 22:55:05,tablet,/category/electronics,,False
10174,1318,2024-11-10 19:59:27,2024-11-10 20:24:27,mobile,/blog,,False
10175,,2025-11-08 20:38:58,2025-11-08 21:23:58,desktop,/blog,,False
10176,1265,2024-06-20 08:59:25,2024-06-20 09:44:25,mobile,/deals,4,False
10177,,2025-05-28 07:02:43,2025-05-28 07:23:43,mobile,/deals,6,False
10178,1344,2025-12-15 00:46:38,2025-12-15 01:01:38,desktop,/category/apparel,4,False
10179,415,2025-12-21 04:25:38,2025-12-21 04:42:38,desktop,/home,6,False
10180,,2025-12-29 13:33:32,2025-12-29 14:01:32,tablet,/product-search,14,False
10181,,2025-08-01 04:35:48,2025-08-01 04:53:48,tablet,/product-search,,False
10182,,2025-04-03 20:55:43,2025-04-03 21:11:43,tablet,/home,,False
10183,,2025-08-02 17:46:33,2025-08-02 18:14:33,mobile,/product-search,,False
10184,156,2025-04-12 08:12:25,2025-04-12 08:56:25,mobile,/category/electronics,,True
10185,,2024-12-15 20:01:17,2024-12-15 20:16:17,mobile,/category/apparel,,False
10186,65,2024-12-23 19:45:54,2024-12-23 20:14:54,tablet,/product-search,,False
10187,,2025-12-31 20:39:24,2025-12-31 21:23:24,desktop,/home,,False
10188,427,2025-05-05 02:44:34,2025-05-05 02:59:34,tablet,/category/electronics,,True
10189,,2025-05-10 08:24:44,2025-05-10 08:48:44,mobile,/home,,False
10190,,2025-10-14 19:53:01,2025-10-14 20:09:01,tablet,/product-search,12,False
10191,1392,2024-10-22 14:38:38,2024-10-22 14:54:38,desktop,/product-search,,False
10192,1420,2025-07-05 21:10:03,2025-07-05 21:51:03,desktop,/deals,,True
10193,617,2025-09-22 00:36:38,2025-09-22 00:43:38,tablet,/deals,5,False
10194,1047,2025-01-20 02:15:11,2025-01-20 02:27:11,mobile,/product-search,3,True
10195,,2025-01-02 06:35:11,2025-01-02 07:01:11,tablet,/blog,,False
10196,,2025-09-26 23:23:16,2025-09-26 23:43:16,desktop,/product-search,,False
10197,976,2025-01-24 20:35:40,2025-01-24 21:05:40,desktop,/home,9,True
10198,1258,2025-06-17 19:50:00,2025-06-17 20:32:00,mobile,/category/apparel,,False
10199,1184,2025-01-01 07:40:34,2025-01-01 07:45:34,tablet,/product-search,,True
10200,719,2025-10-18 12:15:22,2025-10-18 12:36:22,tablet,/category/apparel,,False
10201,,2025-09-15 01:30:55,2025-09-15 01:37:55,desktop,/deals,,False
10202,,2025-10-11 16:01:27,2025-10-11 16:16:27,desktop,/category/apparel,,False
10203,,2025-01-27 08:00:52,2025-01-27 08:24:52,desktop,/category/apparel,1,False
10204,,2025-02-03 00:09:42,2025-02-03 00:22:42,tablet,/deals,,False
10205,,2024-10-06 14:55:32,2024-10-06 15:18:32,tablet,/blog,,False
10206,1265,2025-12-05 17:08:06,2025-12-05 17:32:06,desktop,/product-search,,False
10207,1071,2025-11-23 05:12:31,2025-11-23 05:51:31,tablet,/blog,4,False
10208,,2025-06-30 11:07:07,2025-06-30 11:20:07,tablet,/product-search,,False
10209,,2025-07-04 05:43:33,2025-07-04 05:50:33,desktop,/category/electronics,15,False
10210,,2025-07-11 21:29:03,2025-07-11 22:13:03,desktop,/product-search,4,False
10211,1222,2025-12-07 16:45:02,2025-12-07 17:29:02,tablet,/deals,10,True
10212,,2025-12-27 19:53:07,2025-12-27 20:19:07,tablet,/home,,False
10213,,2025-12-26 15:45:10,2025-12-26 15:49:10,desktop,/category/apparel,,False
10214,849,2025-05-31 11:31:13,2025-05-31 12:07:13,mobile,/category/apparel,9,False
10215,,2025-11-15 10:59:23,2025-11-15 11:12:23,desktop,/category/electronics,,False
10216,,2024-10-08 20:14:12,2024-10-08 20:25:12,mobile,/category/electronics,9,False
10217,1180,2025-08-30 07:45:09,2025-08-30 08:16:09,desktop,/blog,2,True
10218,1161,2025-02-19 15:39:31,2025-02-19 15:43:31,mobile,/deals,,False
10219,1087,2025-12-07 02:43:11,2025-12-07 03:08:11,desktop,/home,,True
10220,318,2024-04-30 10:49:12,2024-04-30 11:00:12,tablet,/home,7,True
10221,729,2025-08-12 14:36:15,2025-08-12 15:17:15,desktop,/deals,15,False
10222,1346,2024-07-16 05:31:20,2024-07-16 05:49:20,desktop,/category/apparel,,False
10223,403,2025-04-07 19:22:43,2025-04-07 19:37:43,tablet,/home,1,False
10224,,2024-03-02 02:39:12,2024-03-02 02:51:12,mobile,/product-search,13,False
10225,132,2025-06-22 14:24:25,2025-06-22 14:50:25,mobile,/category/apparel,13,False
10226,797,2025-11-02 03:43:18,2025-11-02 03:44:18,mobile,/category/apparel,,True
10227,508,2024-06-04 02:40:15,2024-06-04 02:43:15,mobile,/home,4,True
10228,414,2025-09-17 15:41:11,2025-09-17 15:59:11,mobile,/product-search,,False
10229,1234,2025-11-28 04:07:20,2025-11-28 04:33:20,mobile,/category/electronics,,False
10230,1445,2025-12-24 08:23:35,2025-12-24 08:58:35,tablet,/category/electronics,13,False
10231,1345,2025-11-02 19:04:59,2025-11-02 19:17:59,tablet,/category/electronics,15,False
10232,1449,2024-12-07 11:18:06,2024-12-07 11:21:06,desktop,/category/apparel,5,False
10233,89,2024-07-24 04:59:31,2024-07-24 05:42:31,desktop,/product-search,,False
10234,1061,2025-09-19 12:24:40,2025-09-19 12:54:40,desktop,/home,11,True
10235,,2024-07-11 23:51:29,2024-07-12 00:20:29,mobile,/deals,,False
10236,,2025-08-26 22:58:36,2025-08-26 23:08:36,tablet,/deals,13,False
10237,355,2025-05-16 12:39:39,2025-05-16 13:04:39,mobile,/product-search,,True
10238,1370,2025-03-18 18:16:22,2025-03-18 18:50:22,tablet,/deals,,False
10239,1091,2025-10-15 19:02:59,2025-10-15 19:19:59,tablet,/category/electronics,7,False
10240,1363,2025-08-04 06:01:22,2025-08-04 06:03:22,mobile,/category/apparel,,False
10241,,2024-08-14 10:17:44,2024-08-14 10:27:44,desktop,/product-search,3,False
10242,312,2025-09-14 13:25:33,2025-09-14 14:02:33,mobile,/deals,,False
10243,1151,2025-06-17 23:53:42,2025-06-18 00:16:42,desktop,/home,,True
10244,407,2024-09-04 12:36:36,2024-09-04 13:06:36,tablet,/product-search,9,False
10245,46,2025-12-15 16:52:58,2025-12-15 17:14:58,desktop,/home,,False
10246,,2024-11-08 12:29:39,2024-11-08 12:47:39,tablet,/product-search,,False
10247,,2025-12-31 03:33:44,2025-12-31 03:56:44,mobile,/home,13,False
10248,462,2025-10-30 15:26:40,2025-10-30 15:43:40,desktop,/deals,12,False
10249,110,2025-08-14 20:49:22,2025-08-14 21:02:22,tablet,/blog,,False
10250,,2025-02-23 15:57:07,2025-02-23 16:02:07,desktop,/product-search,1,False
10251,829,2025-03-05 13:39:34,2025-03-05 14:12:34,desktop,/home,,True
10252,116,2025-09-28 06:31:08,2025-09-28 06:32:08,desktop,/blog,,False
10253,277,2025-05-01 15:04:24,2025-05-01 15:29:24,tablet,/category/apparel,15,True
10254,,2025-05-16 08:00:15,2025-05-16 08:16:15,tablet,/home,,False
10255,495,2025-11-14 17:21:13,2025-11-14 17:22:13,desktop,/blog,,False
10256,,2025-12-10 03:53:52,2025-12-10 04:33:52,mobile,/category/electronics,5,False
10257,1384,2025-07-14 16:37:32,2025-07-14 16:55:32,mobile,/category/electronics,6,False
10258,,2025-12-01 01:22:40,2025-12-01 01:28:40,desktop,/product-search,1,False
10259,1181,2025-08-05 16:20:27,2025-08-05 16:45:27,mobile,/category/apparel,,False
10260,,2025-12-23 11:22:17,2025-12-23 11:34:17,mobile,/product-search,11,False
10261,,2025-12-04 22:34:47,2025-12-04 23:08:47,mobile,/category/apparel,,False
10262,799,2025-10-02 06:55:39,2025-10-02 07:19:39,mobile,/home,,False
10263,1056,2025-11-11 04:05:54,2025-11-11 04:35:54,desktop,/home,,False
10264,1166,2025-08-28 20:23:51,2025-08-28 20:38:51,desktop,/blog,3,False
10265,1388,2025-12-24 07:52:39,2025-12-24 08:24:39,tablet,/deals,,False
10266,1400,2025-03-13 01:20:03,2025-03-13 01:58:03,tablet,/product-search,7,False
10267,900,2025-09-27 09:24:52,2025-09-27 09:32:52,desktop,/product-search,5,True
10268,,2025-05-24 02:38:05,2025-05-24 03:00:05,tablet,/category/electronics,,False
10269,,2024-02-08 01:02:30,2024-02-08 01:44:30,desktop,/product-search,,False
10270,771,2025-06-25 12:51:38,2025-06-25 13:14:38,desktop,/category/electronics,14,False
10271,648,2025-12-29 02:35:52,2025-12-29 02:50:52,desktop,/deals,,True
10272,754,2025-07-15 22:30:14,2025-07-15 22:44:14,tablet,/product-search,,False
10273,860,2025-07-13 20:12:27,2025-07-13 20:55:27,mobile,/category/apparel,,True
10274,418,2024-10-29 10:25:35,2024-10-29 11:09:35,mobile,/product-search,4,False
10275,1239,2025-09-05 11:51:49,2025-09-05 12:22:49,tablet,/category/apparel,14,False
10276,1071,2024-12-12 07:05:31,2024-12-12 07:06:31,tablet,/home,13,False
10277,,2025-08-02 17:31:19,2025-08-02 17:43:19,mobile,/home,15,False
10278,375,2025-12-26 10:27:21,2025-12-26 10:53:21,tablet,/home,,False
10279,908,2025-04-10 06:40:16,2025-04-10 07:11:16,mobile,/home,8,True
10280,,2024-12-28 01:17:44,2024-12-28 01:57:44,desktop,/deals,,True
10281,359,2025-09-17 06:39:18,2025-09-17 07:09:18,desktop,/blog,14,False
10282,,2024-09-08 06:48:41,2024-09-08 06:52:41,mobile,/category/apparel,,False
10283,,2024-10-04 13:05:52,2024-10-04 13:09:52,desktop,/product-search,,False
10284,255,2025-04-10 23:27:32,2025-04-11 00:09:32,desktop,/blog,,False
10285,857,2025-04-04 09:25:26,2025-04-04 09:48:26,desktop,/deals,14,True
10286,771,2024-12-27 07:26:35,2024-12-27 07:30:35,desktop,/home,,True
10287,722,2025-11-17 04:38:44,2025-11-17 04:48:44,desktop,/category/electronics,,False
10288,290,2025-12-15 10:18:59,2025-12-15 10:36:59,mobile,/blog,,False
10289,1100,2025-03-17 19:22:22,2025-03-17 19:36:22,desktop,/home,15,False
10290,,2024-07-14 04:46:23,2024-07-14 05:06:23,desktop,/home,,False
10291,,2024-04-21 23:27:50,2024-04-22 00:09:50,tablet,/blog,,False
10292,,2024-05-20 13:05:09,2024-05-20 13:35:09,mobile,/deals,,False
10293,,2025-02-04 11:06:07,2025-02-04 11:51:07,mobile,/home,,False
10294,573,2025-12-03 14:41:16,2025-12-03 15:17:16,tablet,/product-search,,True
10295,1115,2025-10-07 14:31:33,2025-10-07 15:09:33,mobile,/blog,,False
10296,,2025-04-04 11:34:26,2025-04-04 11:56:26,tablet,/deals,,False
10297,1279,2025-08-08 18:01:38,2025-08-08 18:39:38,mobile,/blog,13,False
10298,,2025-12-08 00:52:27,2025-12-08 01:01:27,mobile,/product-search,,False
10299,,2025-08-31 05:24:42,2025-08-31 05:50:42,desktop,/product-search,,True
10300,859,2025-04-01 00:29:00,2025-04-01 00:54:00,tablet,/deals,10,False
10301,,2024-12-19 00:43:29,2024-12-19 01:20:29,mobile,/category/electronics,12,False
10302,823,2025-11-11 15:16:20,2025-11-11 15:56:20,desktop,/product-search,,False
10303,855,2025-11-22 22:12:49,2025-11-22 22:14:49,tablet,/home,,True
10304,,2024-12-17 13:08:10,2024-12-17 13:28:10,tablet,/blog,,False
10305,,2025-04-24 15:37:13,2025-04-24 16:08:13,desktop,/product-search,,False
10306,1443,2025-03-14 14:49:51,2025-03-14 15:07:51,mobile,/category/electronics,,False
10307,,2025-02-28 12:41:14,2025-02-28 13:16:14,tablet,/blog,,False
10308,58,2024-12-14 22:44:50,2024-12-14 22:51:50,mobile,/category/apparel,3,False
10309,575,2025-08-11 03:03:27,2025-08-11 03:33:27,tablet,/blog,,False
10310,705,2025-09-07 15:56:03,2025-09-07 16:31:03,tablet,/category/apparel,,False
10311,,2025-10-23 22:26:35,2025-10-23 22:48:35,mobile,/product-search,,False
10312,868,2025-06-20 16:25:55,2025-06-20 16:47:55,desktop,/blog,13,False
10313,463,2025-09-07 13:56:35,2025-09-07 14:16:35,tablet,/home,,False
10314,1162,2025-11-24 01:48:34,2025-11-24 02:21:34,tablet,/category/apparel,,False
10315,1468,2025-06-30 12:49:41,2025-06-30 12:58:41,desktop,/deals,,False
10316,,2025-06-25 08:15:25,2025-06-25 08:39:25,mobile,/category/electronics,,False
10317,685,2025-04-29 15:28:38,2025-04-29 15:51:38,tablet,/category/apparel,4,False
10318,,2025-07-08 11:49:43,2025-07-08 12:31:43,tablet,/home,,False
10319,601,2025-10-11 19:15:08,2025-10-11 19:41:08,mobile,/home,6,True
10320,,2024-08-02 05:27:02,2024-08-02 05:54:02,desktop,/deals,,False
10321,,2024-05-06 10:56:49,2024-05-06 10:59:49,tablet,/category/apparel,,False
10322,206,2025-07-16 23:16:47,2025-07-16 23:49:47,tablet,/home,7,False
10323,,2024-02-27 17:20:49,2024-02-27 18:03:49,tablet,/deals,,False
10324,,2024-06-27 15:03:05,2024-06-27 15:14:05,desktop,/category/apparel,,False
10325,1043,2025-08-13 12:19:54,2025-08-13 12:49:54,mobile,/deals,,False
10326,239,2024-09-07 15:01:27,2024-09-07 15:18:27,tablet,/category/apparel,11,False
10327,871,2024-12-06 04:45:42,2024-12-06 05:03:42,desktop,/home,8,False
10328,,2024-05-19 14:29:51,2024-05-19 14:34:51,tablet,/blog,3,False
10329,,2025-09-13 06:03:42,2025-09-13 06:17:42,desktop,/category/electronics,,False
10330,,2025-07-29 17:02:57,2025-07-29 17:41:57,tablet,/category/electronics,,False
10331,,2024-02-03 22:01:42,2024-02-03 22:02:42,mobile,/product-search,15,False
10332,915,2025-02-17 03:45:53,2025-02-17 04:27:53,desktop,/category/apparel,7,False
10333,,2025-03-27 18:42:07,2025-03-27 19:04:07,desktop,/category/electronics,,False
10334,,2024-10-20 02:41:18,2024-10-20 03:00:18,tablet,/product-search,,False
10335,1168,2025-09-28 22:45:51,2025-09-28 22:50:51,mobile,/category/electronics,,False
10336,,2024-11-30 22:07:18,2024-11-30 22:45:18,desktop,/category/electronics,,True
10337,1397,2024-06-25 14:08:17,2024-06-25 14:19:17,tablet,/home,,False
10338,420,2025-09-04 16:04:40,2025-09-04 16:24:40,tablet,/blog,,False
10339,1087,2025-11-15 22:28:30,2025-11-15 22:32:30,desktop,/category/electronics,,True
10340,,2024-11-17 08:46:18,2024-11-17 08:48:18,desktop,/home,,False
10341,488,2025-01-17 20:02:58,2025-01-17 20:18:58,mobile,/category/apparel,15,False
10342,1442,2024-08-30 03:45:33,2024-08-30 04:04:33,mobile,/blog,,False
10343,1276,2025-02-10 06:46:13,2025-02-10 07:00:13,mobile,/category/apparel,,False
10344,1100,2025-01-22 03:57:27,2025-01-22 04:05:27,mobile,/blog,9,False
10345,15,2024-05-06 11:32:10,2024-05-06 12:13:10,desktop,/product-search,7,False
10346,1142,2025-10-29 22:43:44,2025-10-29 23:04:44,tablet,/category/electronics,3,False
10347,1208,2025-03-04 02:03:33,2025-03-04 02:09:33,tablet,/category/apparel,8,True
10348,353,2025-07-21 03:10:18,2025-07-21 03:17:18,desktop,/blog,9,False
10349,603,2025-07-11 15:03:38,2025-07-11 15:10:38,desktop,/product-search,,True
10350,463,2025-12-06 19:56:47,2025-12-06 20:22:47,desktop,/category/electronics,,False
10351,,2024-06-28 02:42:08,2024-06-28 02:43:08,mobile,/category/electronics,,False
10352,,2025-12-14 03:20:44,2025-12-14 03:30:44,mobile,/blog,7,False
10353,268,2024-11-13 01:38:58,2024-11-13 01:48:58,tablet,/home,10,False
10354,999,2025-04-08 23:42:49,2025-04-08 23:53:49,desktop,/blog,8,False
10355,1305,2025-07-30 00:07:01,2025-07-30 00:36:01,mobile,/blog,,False
10356,39,2024-09-16 13:44:19,2024-09-16 14:29:19,desktop,/deals,,True
10357,356,2025-12-30 12:55:37,2025-12-30 13:07:37,desktop,/home,11,False
10358,205,2025-10-11 23:46:15,2025-10-12 00:30:15,tablet,/deals,,True
10359,1268,2025-01-16 04:41:15,2025-01-16 04:42:15,mobile,/home,2,False
10360,1293,2025-12-18 15:22:18,2025-12-18 16:06:18,mobile,/category/apparel,,False
10361,1272,2025-11-15 04:01:08,2025-11-15 04:23:08,desktop,/category/electronics,,True
10362,,2025-06-09 09:12:44,2025-06-09 09:43:44,desktop,/deals,,False
10363,,2024-07-28 00:31:30,2024-07-28 00:33:30,mobile,/blog,,False
10364,689,2025-06-14 20:43:24,2025-06-14 21:21:24,tablet,/deals,13,False
10365,706,2025-08-29 03:27:16,2025-08-29 03:42:16,desktop,/home,,False
10366,386,2025-03-25 02:39:45,2025-03-25 03:18:45,mobile,/category/electronics,,False
10367,758,2025-05-24 05:55:19,2025-05-24 06:04:19,tablet,/product-search,2,True
10368,,2024-05-28 14:35:58,2024-05-28 15:06:58,tablet,/home,8,False
10369,277,2024-03-30 21:36:07,2024-03-30 21:38:07,tablet,/product-search,,False
10370,416,2025-05-24 09:04:12,2025-05-24 09:23:12,mobile,/deals,8,False
10371,174,2024-10-16 16:34:17,2024-10-16 16:55:17,desktop,/category/electronics,,True
10372,,2024-03-28 20:12:20,2024-03-28 20:51:20,mobile,/product-search,3,False
10373,,2024-01-31 22:52:08,2024-01-31 23:22:08,mobile,/deals,,False
10374,1363,2025-10-10 14:44:04,2025-10-10 15:28:04,mobile,/blog,9,False
10375,,2025-06-16 15:30:34,2025-06-16 15:32:34,desktop,/product-search,,False
10376,,2024-07-24 07:57:13,2024-07-24 08:42:13,mobile,/product-search,,False
10377,634,2025-10-01 14:15:48,2025-10-01 14:16:48,mobile,/blog,,False
10378,110,2024-10-30 21:33:23,2024-10-30 21:58:23,mobile,/product-search,5,False
10379,413,2025-11-28 15:09:48,2025-11-28 15:40:48,desktop,/blog,9,False
10380,,2025-07-01 01:36:08,2025-07-01 02:04:08,desktop,/category/apparel,14,False
10381,948,2024-02-04 01:00:48,2024-02-04 01:23:48,mobile,/home,2,False
10382,33,2025-03-11 21:29:32,2025-03-11 22:04:32,tablet,/category/electronics,10,False
10383,1131,2024-05-05 13:51:17,2024-05-05 13:56:17,tablet,/deals,10,False
10384,228,2025-05-24 15:02:11,2025-05-24 15:18:11,desktop,/deals,7,False
10385,637,2025-05-01 09:17:25,2025-05-01 09:41:25,mobile,/category/electronics,11,False
10386,289,2025-10-23 13:04:13,2025-10-23 13:06:13,mobile,/deals,,False
10387,1162,2025-10-05 08:03:21,2025-10-05 08:20:21,desktop,/product-search,4,False
10388,419,2025-11-17 07:30:19,2025-11-17 07:59:19,desktop,/home,,False
10389,1211,2025-07-07 09:16:23,2025-07-07 09:56:23,tablet,/category/apparel,4,False
10390,,2024-04-05 16:09:40,2024-04-05 16:53:40,mobile,/blog,,False
10391,,2024-04-04 00:15:21,2024-04-04 00:53:21,desktop,/deals,1,False
10392,872,2025-12-25 03:06:40,2025-12-25 03:18:40,desktop,/deals,,False
10393,,2025-06-15 16:19:16,2025-06-15 16:55:16,mobile,/blog,,False
10394,852,2025-04-10 06:09:05,2025-04-10 06:22:05,tablet,/blog,,False
10395,,2024-09-17 20:37:47,2024-09-17 21:19:47,tablet,/product-search,,False
10396,446,2025-02-26 08:14:02,2025-02-26 08:59:02,mobile,/category/electronics,,False
10397,343,2025-12-21 10:31:49,2025-12-21 11:05:49,desktop,/blog,12,True
10398,329,2025-12-09 04:35:19,2025-12-09 04:56:19,desktop,/category/electronics,,True
10399,1034,2025-08-13 18:18:56,2025-08-13 18:52:56,desktop,/product-search,,False
10400,142,2025-02-15 08:55:57,2025-02-15 09:06:57,tablet,/product-search,11,False
10401,,2024-09-03 17:35:26,2024-09-03 18:05:26,tablet,/category/apparel,,False
10402,,2024-06-07 04:50:21,2024-06-07 05:15:21,mobile,/deals,,False
10403,333,2025-12-25 11:58:35,2025-12-25 12:38:35,mobile,/category/electronics,,True
10404,943,2024-12-18 18:25:39,2024-12-18 19:01:39,tablet,/deals,4,False
10405,1408,2025-01-08 00:37:40,2025-01-08 00:43:40,mobile,/home,,False
10406,944,2025-06-23 13:02:27,2025-06-23 13:17:27,desktop,/home,,False
10407,,2024-05-29 15:18:50,2024-05-29 15:32:50,desktop,/home,,False
10408,17,2025-10-29 23:30:03,2025-10-29 23:54:03,mobile,/product-search,,False
10409,675,2025-12-29 00:00:08,2025-12-29 00:24:08,mobile,/home,,False
10410,,2025-08-02 05:16:08,2025-08-02 05:39:08,tablet,/product-search,4,False
10411,1032,2025-06-25 03:51:15,2025-06-25 03:58:15,mobile,/blog,9,False
10412,1320,2025-04-13 07:06:40,2025-04-13 07:43:40,desktop,/home,8,False
10413,781,2025-12-25 17:33:44,2025-12-25 18:16:44,tablet,/category/apparel,7,False
10414,1379,2025-03-04 10:30:28,2025-03-04 11:06:28,tablet,/deals,12,True
10415,,2025-03-31 01:00:25,2025-03-31 01:16:25,mobile,/blog,,False
10416,424,2025-09-06 19:50:57,2025-09-06 19:58:57,desktop,/blog,,False
10417,937,2025-10-20 11:50:23,2025-10-20 12:18:23,mobile,/product-search,15,False
10418,,2024-12-15 17:29:41,2024-12-15 17:46:41,desktop,/category/apparel,,False
10419,1039,2025-09-25 00:04:50,2025-09-25 00:09:50,tablet,/product-search,3,False
10420,,2024-05-07 22:47:22,2024-05-07 23:16:22,mobile,/deals,,False
10421,,2024-09-01 17:08:42,2024-09-01 17:51:42,mobile,/product-search,,False
10422,1367,2025-09-18 19:12:03,2025-09-18 19:56:03,desktop,/category/apparel,12,False
10423,,2024-01-08 08:16:39,2024-01-08 08:50:39,desktop,/blog,,False
10424,1041,2024-07-08 09:41:31,2024-07-08 10:21:31,mobile,/category/apparel,,True
10425,118,2025-09-26 23:18:18,2025-09-26 23:54:18,tablet,/category/apparel,,False
10426,404,2025-12-15 09:38:40,2025-12-15 10:23:40,desktop,/category/electronics,,False
10427,1155,2025-02-05 09:57:51,2025-02-05 10:08:51,tablet,/category/apparel,,True
10428,,2024-11-28 23:01:06,2024-11-28 23:35:06,tablet,/deals,,False
10429,43,2025-10-01 20:15:18,2025-10-01 20:19:18,tablet,/blog,,False
10430,,2024-09-20 23:22:28,2024-09-20 23:43:28,tablet,/category/apparel,13,False
10431,431,2025-06-21 09:13:54,2025-06-21 09:56:54,tablet,/product-search,6,False
10432,1018,2025-09-22 06:40:46,2025-09-22 07:06:46,desktop,/category/apparel,,False
10433,919,2025-09-02 12:04:50,2025-09-02 12:49:50,tablet,/home,,False
10434,102,2024-10-30 04:57:34,2024-10-30 05:34:34,tablet,/product-search,,False
10435,95,2025-05-26 23:31:17,2025-05-26 23:36:17,mobile,/deals,15,False
10436,1482,2025-06-10 02:17:35,2025-06-10 02:53:35,tablet,/blog,9,False
10437,1288,2025-11-05 19:42:01,2025-11-05 19:43:01,tablet,/blog,5,False
10438,,2025-03-16 23:49:18,2025-03-17 00:29:18,mobile,/category/apparel,7,False
10439,,2025-04-13 11:05:08,2025-04-13 11:16:08,desktop,/home,,False
10440,1299,2025-11-24 15:37:01,2025-11-24 16:16:01,mobile,/deals,,False
10441,,2025-05-05 00:32:35,2025-05-05 00:41:35,tablet,/deals,,False
10442,951,2025-12-30 20:36:14,2025-12-30 21:18:14,tablet,/product-search,5,False
10443,,2024-12-31 04:25:25,2024-12-31 04:57:25,tablet,/category/electronics,6,False
10444,,2025-07-10 16:30:12,2025-07-10 16:56:12,desktop,/product-search,,False
10445,158,2025-10-08 08:08:16,2025-10-08 08:20:16,desktop,/category/apparel,10,False
10446,409,2025-12-23 18:06:55,2025-12-23 18:26:55,mobile,/category/electronics,9,False
10447,1086,2025-11-12 04:17:44,2025-11-12 05:02:44,desktop,/blog,,False
10448,270,2025-11-11 15:47:53,2025-11-11 16:26:53,desktop,/deals,6,False
10449,394,2025-09-27 01:23:52,2025-09-27 02:05:52,desktop,/product-search,,False
10450,,2024-12-02 06:51:08,2024-12-02 06:55:08,tablet,/blog,,False
10451,285,2025-10-28 16:12:40,2025-10-28 16:19:40,desktop,/category/electronics,,False
10452,,2024-02-24 19:13:19,2024-02-24 19:46:19,mobile,/product-search,15,False
10453,1498,2025-01-11 17:40:22,2025-01-11 18:04:22,mobile,/category/electronics,,False
10454,386,2025-06-20 03:54:10,2025-06-20 04:04:10,tablet,/category/electronics,6,False
10455,952,2025-11-23 23:20:25,2025-11-23 23:42:25,desktop,/home,8,True
10456,560,2025-08-04 03:58:08,2025-08-04 04:08:08,tablet,/home,5,True
10457,1442,2025-09-04 21:16:14,2025-09-04 21:51:14,desktop,/category/apparel,5,False
10458,823,2025-12-07 11:02:27,2025-12-07 11:15:27,desktop,/home,,False
10459,624,2025-05-29 10:58:25,2025-05-29 11:40:25,desktop,/category/electronics,3,False
10460,,2024-09-19 21:48:22,2024-09-19 22:04:22,tablet,/product-search,7,False
10461,,2024-10-07 11:07:19,2024-10-07 11:48:19,mobile,/home,,False
10462,764,2025-11-19 20:52:56,2025-11-19 21:36:56,mobile,/category/apparel,8,False
10463,,2024-03-13 06:53:50,2024-03-13 07:31:50,desktop,/category/apparel,,False
10464,302,2025-12-15 16:34:09,2025-12-15 16:59:09,desktop,/deals,8,True
10465,744,2025-01-09 04:22:31,2025-01-09 04:23:31,tablet,/category/electronics,,False
10466,1493,2024-12-23 10:51:06,2024-12-23 11:05:06,tablet,/home,,True
10467,1143,2024-09-03 06:27:10,2024-09-03 06:42:10,tablet,/category/apparel,6,False
10468,1174,2025-11-13 12:00:38,2025-11-13 12:31:38,mobile,/home,,False
10469,,2024-03-16 10:15:06,2024-03-16 10:33:06,tablet,/deals,,False
10470,1368,2025-03-18 05:39:49,2025-03-18 06:21:49,tablet,/category/apparel,11,False
10471,709,2025-12-21 13:07:02,2025-12-21 13:29:02,mobile,/blog,,False
10472,215,2025-06-27 14:25:12,2025-06-27 14:27:12,desktop,/home,,True
10473,,2025-09-07 02:15:53,2025-09-07 02:39:53,desktop,/product-search,,False
10474,1217,2025-11-06 01:37:35,2025-11-06 02:06:35,desktop,/category/apparel,2,False
10475,1496,2025-05-11 09:12:00,2025-05-11 09:30:00,mobile,/blog,,True
10476,828,2025-06-09 21:01:30,2025-06-09 21:08:30,desktop,/home,8,False
10477,,2024-03-30 21:07:50,2024-03-30 21:09:50,tablet,/product-search,,False
10478,,2024-07-20 22:55:04,2024-07-20 23:39:04,mobile,/deals,,False
10479,,2025-06-06 11:16:11,2025-06-06 11:17:11,tablet,/category/apparel,13,False
10480,751,2024-07-14 06:26:51,2024-07-14 06:56:51,tablet,/blog,13,False
10481,,2025-06-05 09:53:09,2025-06-05 10:35:09,mobile,/blog,9,False
10482,,2025-07-20 07:18:41,2025-07-20 07:54:41,mobile,/category/electronics,,False
10483,160,2024-06-06 23:49:05,2024-06-07 00:29:05,mobile,/deals,,True
10484,,2025-07-17 00:30:38,2025-07-17 01:03:38,desktop,/category/apparel,1,False
10485,930,2025-12-16 03:10:04,2025-12-16 03:19:04,desktop,/category/electronics,10,False
10486,1395,2025-08-06 05:11:53,2025-08-06 05:24:53,desktop,/deals,,False
10487,,2025-03-27 18:14:29,2025-03-27 18:35:29,tablet,/category/apparel,,False
10488,,2025-02-15 02:49:19,2025-02-15 03:20:19,tablet,/product-search,,False
10489,221,2025-06-23 06:56:34,2025-06-23 07:12:34,desktop,/category/electronics,15,False
10490,612,2025-11-23 20:26:25,2025-11-23 20:27:25,desktop,/category/apparel,,False
10491,1285,2025-12-15 23:52:57,2025-12-16 00:24:57,desktop,/category/electronics,4,False
10492,1353,2025-09-09 02:15:03,2025-09-09 02:40:03,desktop,/category/electronics,,True
10493,,2024-03-15 10:32:42,2024-03-15 10:42:42,tablet,/deals,,False
10494,862,2025-08-12 08:26:55,2025-08-12 08:53:55,tablet,/blog,5,False
10495,421,2024-12-02 16:40:20,2024-12-02 17:18:20,desktop,/category/apparel,,False
10496,757,2024-11-23 21:25:02,2024-11-23 21:59:02,desktop,/home,7,False
10497,,2025-02-26 07:03:33,2025-02-26 07:34:33,tablet,/category/electronics,8,False
10498,,2025-11-18 23:57:14,2025-11-19 00:15:14,mobile,/product-search,,False
10499,,2025-03-11 00:22:23,2025-03-11 00:42:23,mobile,/category/apparel,1,False
10500,1032,2025-10-21 14:39:29,2025-10-21 15:03:29,desktop,/deals,3,False
10501,451,2025-06-16 07:42:25,2025-06-16 08:09:25,desktop,/home,11,True
10502,94,2025-12-13 13:59:11,2025-12-13 14:19:11,tablet,/category/electronics,,False
10503,677,2025-11-13 21:41:56,2025-11-13 22:01:56,tablet,/product-search,,False
10504,,2025-04-27 02:57:28,2025-04-27 03:17:28,tablet,/product-search,,False
10505,,2024-12-03 13:29:37,2024-12-03 14:01:37,tablet,/category/apparel,,True
10506,551,2025-12-01 21:14:44,2025-12-01 21:26:44,mobile,/deals,,True
10507,1149,2025-10-14 17:37:47,2025-10-14 18:22:47,mobile,/category/electronics,,False
10508,266,2025-06-23 01:27:51,2025-06-23 02:03:51,desktop,/product-search,,False
10509,617,2025-09-20 08:13:21,2025-09-20 08:38:21,tablet,/category/apparel,,False
10510,,2024-12-15 12:49:52,2024-12-15 12:54:52,tablet,/category/apparel,,False
10511,921,2025-08-26 04:37:53,2025-08-26 04:42:53,mobile,/category/electronics,5,False
10512,,2024-10-18 19:03:30,2024-10-18 19:30:30,mobile,/deals,5,False
10513,984,2025-07-01 08:51:14,2025-07-01 09:17:14,mobile,/category/apparel,,False
10514,192,2025-09-09 00:45:00,2025-09-09 01:13:00,desktop,/blog,8,True
10515,,2024-12-21 08:27:33,2024-12-21 08:48:33,tablet,/category/apparel,,False
10516,,2024-03-08 00:15:25,2024-03-08 00:28:25,desktop,/deals,6,False
10517,,2024-05-01 15:36:39,2024-05-01 15:48:39,desktop,/home,,False
10518,,2025-02-12 23:26:52,2025-02-12 23:44:52,desktop,/home,,False
10519,,2025-07-27 21:21:14,2025-07-27 21:36:14,desktop,/home,,False
10520,1362,2025-11-06 00:28:19,2025-11-06 01:08:19,mobile,/home,14,False
10521,,2025-09-07 16:11:36,2025-09-07 16:25:36,mobile,/blog,,False
10522,1367,2025-11-20 05:51:04,2025-11-20 06:31:04,tablet,/product-search,,True
10523,861,2024-02-10 13:21:16,2024-02-10 13:59:16,mobile,/product-search,,False
10524,,2025-12-31 06:14:45,2025-12-31 06:35:45,mobile,/category/electronics,,False
10525,1284,2025-11-05 01:37:45,2025-11-05 02:03:45,desktop,/home,,False
10526,476,2025-04-26 11:27:09,2025-04-26 11:43:09,desktop,/home,,False
10527,,2024-04-21 11:45:16,2024-04-21 12:04:16,desktop,/home,,False
10528,210,2024-07-23 10:11:41,2024-07-23 10:18:41,mobile,/blog,,False
10529,,2024-08-13 07:10:05,2024-08-13 07:11:05,mobile,/deals,14,False
10530,245,2025-08-30 08:02:21,2025-08-30 08:24:21,tablet,/home,13,False
10531,349,2025-01-11 19:31:19,2025-01-11 20:06:19,mobile,/category/electronics,,False
10532,783,2025-12-15 04:49:44,2025-12-15 05:25:44,tablet,/product-search,,True
10533,962,2025-09-29 22:50:51,2025-09-29 23:02:51,desktop,/home,12,False
10534,,2024-03-10 09:01:34,2024-03-10 09:18:34,tablet,/product-search,,False
10535,10,2025-12-20 22:26:27,2025-12-20 23:00:27,tablet,/category/apparel,,False
10536,592,2025-11-26 18:50:28,2025-11-26 18:53:28,mobile,/deals,,False
10537,,2025-12-23 18:12:03,2025-12-23 18:27:03,desktop,/category/apparel,,False
10538,1043,2025-08-12 15:33:14,2025-08-12 15:59:14,tablet,/home,5,False
10539,396,2025-12-20 11:15:38,2025-12-20 11:23:38,desktop,/deals,,False
10540,953,2025-03-28 11:38:00,2025-03-28 12:09:00,mobile,/category/apparel,,False
10541,1119,2025-12-15 00:56:56,2025-12-15 01:27:56,tablet,/home,3,False
10542,976,2025-03-25 05:04:50,2025-03-25 05:49:50,mobile,/category/apparel,,False
10543,1114,2025-11-19 09:29:07,2025-11-19 09:48:07,mobile,/category/electronics,7,False
10544,,2025-05-10 00:33:11,2025-05-10 00:53:11,desktop,/home,3,False
10545,,2024-03-12 21:25:54,2024-03-12 21:53:54,desktop,/blog,,False
10546,,2024-05-06 04:16:43,2024-05-06 04:52:43,desktop,/home,,False
10547,110,2024-09-16 09:09:55,2024-09-16 09:43:55,tablet,/category/apparel,,False
10548,156,2024-08-05 22:38:01,2024-08-05 22:45:01,mobile,/deals,11,False
10549,,2025-11-12 22:29:48,2025-11-12 23:04:48,tablet,/category/apparel,,False
10550,1242,2024-12-04 01:38:16,2024-12-04 02:13:16,tablet,/blog,14,False
10551,148,2024-05-29 22:53:22,2024-05-29 23:18:22,mobile,/deals,,False
10552,396,2025-12-24 00:50:06,2025-12-24 00:52:06,tablet,/category/apparel,,False
10553,1486,2025-10-26 08:26:51,2025-10-26 08:30:51,desktop,/category/apparel,6,False
10554,,2024-07-23 12:34:56,2024-07-23 12:57:56,mobile,/deals,,False
10555,44,2025-12-22 21:22:55,2025-12-22 21:38:55,tablet,/blog,5,False
10556,,2025-05-30 23:49:25,2025-05-31 00:12:25,desktop,/category/apparel,3,False
10557,,2025-02-16 21:38:31,2025-02-16 21:49:31,desktop,/blog,1,False
10558,470,2025-10-16 15:44:18,2025-10-16 16:06:18,tablet,/category/electronics,,True
10559,923,2024-07-24 20:35:06,2024-07-24 20:53:06,desktop,/category/electronics,,False
10560,78,2025-07-25 07:47:22,2025-07-25 08:32:22,mobile,/deals,1,True
10561,,2024-04-29 12:31:13,2024-04-29 13:09:13,tablet,/product-search,10,False
10562,774,2024-09-23 06:42:43,2024-09-23 07:01:43,desktop,/product-search,,False
10563,,2025-07-27 09:58:10,2025-07-27 10:16:10,desktop,/blog,,False
10564,1479,2024-11-27 18:25:36,2024-11-27 18:28:36,desktop,/deals,9,False
10565,1131,2024-04-05 02:00:53,2024-04-05 02:29:53,tablet,/category/electronics,,False
10566,738,2025-03-12 05:54:23,2025-03-12 06:02:23,desktop,/deals,14,False
10567,115,2025-12-02 23:27:24,2025-12-03 00:08:24,tablet,/product-search,,False
10568,378,2025-12-15 15:15:00,2025-12-15 15:28:00,desktop,/deals,10,False
10569,1198,2025-01-19 16:13:50,2025-01-19 16:16:50,tablet,/category/electronics,,False
10570,766,2025-11-25 13:29:24,2025-11-25 14:12:24,tablet,/deals,,False
10571,16,2025-08-13 14:13:45,2025-08-13 14:24:45,mobile,/category/apparel,14,False
10572,503,2024-05-01 05:40:43,2024-05-01 05:47:43,tablet,/category/electronics,,True
10573,93,2025-12-07 06:51:19,2025-12-07 07:01:19,desktop,/category/apparel,,False
10574,1270,2025-04-08 06:17:36,2025-04-08 06:38:36,desktop,/deals,,False
10575,650,2025-03-17 17:44:48,2025-03-17 18:09:48,desktop,/home,,False
10576,,2025-05-17 02:18:15,2025-05-17 03:02:15,mobile,/category/apparel,,False
10577,832,2025-12-23 13:36:25,2025-12-23 14:11:25,desktop,/blog,,True
10578,878,2024-10-11 13:38:55,2024-10-11 13:57:55,desktop,/category/apparel,5,True
10579,,2024-02-04 21:30:16,2024-02-04 21:54:16,desktop,/blog,,False
10580,260,2025-01-31 02:18:16,2025-01-31 02:31:16,mobile,/product-search,8,False
10581,1369,2024-12-11 14:45:46,2024-12-11 14:59:46,mobile,/product-search,3,False
10582,,2025-02-04 17:50:11,2025-02-04 18:06:11,tablet,/blog,,False
10583,,2024-04-23 10:22:19,2024-04-23 10:28:19,tablet,/home,,False
10584,141,2024-06-19 05:33:17,2024-06-19 05:36:17,mobile,/product-search,3,False
10585,247,2024-07-11 20:20:56,2024-07-11 20:24:56,desktop,/category/electronics,10,False
10586,820,2025-12-28 17:16:21,2025-12-28 17:27:21,desktop,/category/apparel,,False
10587,,2025-10-09 00:50:12,2025-10-09 01:32:12,mobile,/product-search,11,False
10588,403,2024-12-12 23:31:41,2024-12-13 00:09:41,desktop,/product-search,15,False
10589,412,2025-12-03 20:15:40,2025-12-03 20:16:40,mobile,/category/apparel,12,True
10590,678,2025-11-13 07:50:40,2025-11-13 07:51:40,tablet,/blog,,True
10591,299,2024-12-17 05:44:26,2024-12-17 06:28:26,tablet,/product-search,3,False
10592,,2025-08-06 14:14:12,2025-08-06 14:44:12,desktop,/category/apparel,,False
10593,178,2025-02-20 18:32:44,2025-02-20 19:00:44,tablet,/deals,,False
10594,,2025-03-12 08:32:42,2025-03-12 09:02:42,tablet,/blog,8,False
10595,,2025-08-10 11:19:47,2025-08-10 11:26:47,mobile,/deals,,False
10596,1490,2025-06-23 19:03:41,2025-06-23 19:07:41,desktop,/home,13,False
10597,1279,2025-08-06 02:19:42,2025-08-06 02:39:42,mobile,/category/electronics,,False
10598,1258,2024-12-25 07:05:03,2024-12-25 07:38:03,desktop,/product-search,,False
10599,,2024-09-21 12:48:43,2024-09-21 13:27:43,tablet,/product-search,,False
10600,226,2025-11-11 05:30:55,2025-11-11 05:48:55,tablet,/deals,9,False
10601,1449,2024-12-14 18:25:51,2024-12-14 18:58:51,tablet,/category/apparel,11,False
10602,,2025-05-16 21:26:12,2025-05-16 21:46:12,mobile,/deals,10,False
10603,,2024-04-19 20:50:25,2024-04-19 21:00:25,desktop,/product-search,2,False
10604,,2024-11-04 18:42:32,2024-11-04 19:07:32,mobile,/product-search,1,False
10605,889,2025-09-19 16:32:18,2025-09-19 16:40:18,desktop,/blog,6,False
10606,,2025-07-02 19:51:34,2025-07-02 20:34:34,mobile,/deals,7,False
10607,,2025-02-15 16:28:23,2025-02-15 16:58:23,mobile,/product-search,2,False
10608,1060,2025-11-28 04:37:43,2025-11-28 05:21:43,tablet,/category/apparel,13,False
10609,,2025-11-15 18:45:49,2025-11-15 18:51:49,tablet,/blog,,False
10610,143,2025-02-08 06:05:46,2025-02-08 06:14:46,tablet,/home,5,False
10611,1045,2025-11-25 07:30:23,2025-11-25 07:59:23,mobile,/blog,13,False
10612,1380,2025-06-10 05:40:40,2025-06-10 05:54:40,mobile,/category/apparel,9,False
10613,1444,2025-06-02 12:15:07,2025-06-02 12:17:07,tablet,/category/apparel,,False
10614,1321,2025-07-28 09:52:40,2025-07-28 10:25:40,mobile,/product-search,7,False
10615,215,2025-06-08 15:03:56,2025-06-08 15:06:56,tablet,/blog,,False
10616,,2024-03-27 05:43:43,2024-03-27 06:25:43,tablet,/category/electronics,,False
10617,,2024-11-08 20:16:49,2024-11-08 20:58:49,desktop,/product-search,,False
10618,1355,2025-12-29 01:22:40,2025-12-29 01:24:40,mobile,/product-search,12,False
10619,,2025-01-16 01:32:19,2025-01-16 02:04:19,tablet,/blog,11,False
10620,31,2025-06-13 22:29:43,2025-06-13 23:04:43,mobile,/category/apparel,,True
10621,737,2025-09-23 16:42:50,2025-09-23 16:48:50,tablet,/category/apparel,,False
10622,1088,2025-04-16 03:08:30,2025-04-16 03:46:30,mobile,/category/electronics,1,False
10623,,2025-07-19 07:17:12,2025-07-19 07:32:12,mobile,/category/electronics,,False
10624,1284,2025-09-21 12:32:09,2025-09-21 13:01:09,mobile,/deals,,False
10625,918,2025-04-22 08:57:46,2025-04-22 09:38:46,desktop,/deals,11,False
10626,1411,2025-03-20 01:43:52,2025-03-20 01:51:52,desktop,/home,,True
10627,,2024-06-06 11:59:40,2024-06-06 12:06:40,tablet,/deals,,False
10628,450,2025-09-19 04:25:35,2025-09-19 04:49:35,desktop,/home,13,True
10629,1163,2024-10-29 10:59:47,2024-10-29 11:38:47,mobile,/blog,,False
10630,1450,2024-06-23 23:10:14,2024-06-23 23:46:14,mobile,/home,,False
10631,240,2025-10-04 18:33:06,2025-10-04 19:12:06,tablet,/product-search,,False
10632,129,2025-08-15 12:45:24,2025-08-15 13:27:24,desktop,/home,,False
10633,951,2025-12-22 16:16:32,2025-12-22 16:50:32,desktop,/category/electronics,,True
10634,1396,2025-03-05 11:19:31,2025-03-05 11:30:31,tablet,/blog,8,False
10635,1254,2025-05-19 23:16:23,2025-05-19 23:52:23,tablet,/category/apparel,,False
10636,,2025-04-23 09:17:45,2025-04-23 10:01:45,desktop,/category/electronics,,False
10637,422,2025-05-19 17:37:32,2025-05-19 18:12:32,mobile,/deals,,False
10638,4,2025-03-21 15:37:30,2025-03-21 15:50:30,tablet,/category/apparel,12,True
10639,1498,2025-06-23 14:58:29,2025-06-23 15:22:29,tablet,/home,,False
10640,697,2025-11-16 20:36:31,2025-11-16 21:09:31,mobile,/home,,True
10641,688,2025-10-22 11:44:30,2025-10-22 12:14:30,mobile,/category/electronics,9,False
10642,,2025-02-15 08:06:55,2025-02-15 08:49:55,mobile,/category/electronics,,False
10643,200,2025-09-11 10:49:18,2025-09-11 10:52:18,desktop,/deals,,False
10644,,2025-03-23 21:02:33,2025-03-23 21:05:33,mobile,/deals,14,False
10645,792,2025-11-22 10:10:39,2025-11-22 10:20:39,desktop,/product-search,,False
10646,,2024-03-20 07:41:41,2024-03-20 08:11:41,tablet,/category/apparel,12,False
10647,,2025-02-10 16:34:46,2025-02-10 16:37:46,desktop,/category/apparel,14,False
10648,169,2025-08-29 03:47:32,2025-08-29 04:00:32,tablet,/category/electronics,3,False
10649,,2024-02-15 20:52:37,2024-02-15 21:27:37,mobile,/product-search,10,False
10650,,2025-06-20 00:02:56,2025-06-20 00:27:56,desktop,/product-search,,False
10651,402,2025-07-22 14:13:09,2025-07-22 14:16:09,desktop,/product-search,14,False
10652,,2025-03-01 16:52:55,2025-03-01 17:37:55,desktop,/blog,,False
10653,,2025-03-01 06:08:40,2025-03-01 06:19:40,mobile,/deals,,False
10654,1499,2025-08-10 19:06:05,2025-08-10 19:48:05,tablet,/blog,,False
10655,111,2025-01-05 08:15:45,2025-01-05 09:00:45,desktop,/category/apparel,,False
10656,905,2024-03-08 12:51:38,2024-03-08 13:08:38,desktop,/home,,False
10657,961,2025-12-21 06:38:47,2025-12-21 07:11:47,tablet,/blog,3,False
10658,,2025-11-11 11:15:31,2025-11-11 11:34:31,desktop,/category/electronics,,False
10659,1407,2025-12-06 19:52:58,2025-12-06 20:36:58,mobile,/product-search,9,False
10660,25,2025-07-04 04:04:27,2025-07-04 04:24:27,desktop,/home,2,False
10661,642,2025-02-22 11:02:38,2025-02-22 11:13:38,tablet,/product-search,3,False
10662,,2024-12-05 09:44:40,2024-12-05 10:29:40,mobile,/deals,6,False
10663,318,2025-08-26 05:44:56,2025-08-26 05:52:56,desktop,/category/apparel,,False
10664,62,2024-10-09 20:32:43,2024-10-09 20:47:43,tablet,/category/electronics,,True
10665,1107,2025-08-01 01:07:10,2025-08-01 01:38:10,mobile,/blog,,True
10666,515,2025-08-06 15:02:04,2025-08-06 15:15:04,mobile,/deals,,True
10667,,2024-01-17 03:51:53,2024-01-17 04:21:53,mobile,/blog,,False
10668,457,2025-06-01 21:05:25,2025-06-01 21:33:25,tablet,/category/apparel,3,False
10669,66,2024-08-07 19:00:36,2024-08-07 19:20:36,mobile,/deals,,False
10670,,2025-05-28 23:17:31,2025-05-29 00:02:31,tablet,/category/apparel,,False
10671,,2024-03-23 22:16:30,2024-03-23 22:54:30,desktop,/category/apparel,4,False
10672,,2024-06-02 00:53:59,2024-06-02 00:54:59,desktop,/deals,,False
10673,178,2025-06-13 13:23:31,2025-06-13 14:07:31,tablet,/home,12,True
10674,1029,2025-06-23 17:06:05,2025-06-23 17:33:05,tablet,/category/apparel,,True
10675,1070,2024-11-02 17:27:33,2024-11-02 17:54:33,mobile,/product-search,,False
10676,475,2024-05-16 05:54:00,2024-05-16 06:02:00,mobile,/product-search,3,False
10677,305,2024-06-13 15:05:24,2024-06-13 15:23:24,desktop,/product-search,,True
10678,803,2025-11-09 01:52:34,2025-11-09 02:07:34,mobile,/product-search,12,False
10679,,2024-08-31 18:29:44,2024-08-31 19:04:44,mobile,/deals,,False
10680,,2025-09-25 08:34:43,2025-09-25 08:56:43,mobile,/blog,8,False
10681,,2025-12-01 15:49:29,2025-12-01 16:10:29,tablet,/deals,3,False
10682,,2024-05-01 02:13:18,2024-05-01 02:43:18,mobile,/category/apparel,1,False
10683,884,2025-09-22 18:05:57,2025-09-22 18:30:57,mobile,/product-search,6,False
10684,109,2025-11-22 02:48:21,2025-11-22 03:00:21,mobile,/blog,12,False
10685,76,2025-03-12 10:38:59,2025-03-12 11:18:59,mobile,/category/electronics,,False
10686,606,2025-07-05 11:53:07,2025-07-05 12:37:07,mobile,/deals,,False
10687,228,2025-08-05 18:26:33,2025-08-05 18:36:33,tablet,/category/apparel,,False
10688,1099,2025-12-22 08:36:00,2025-12-22 08:56:00,tablet,/category/apparel,2,False
10689,221,2025-06-11 11:58:16,2025-06-11 12:38:16,desktop,/product-search,,False
10690,651,2024-09-17 03:02:40,2024-09-17 03:03:40,tablet,/blog,,False
10691,823,2025-11-29 23:57:49,2025-11-30 00:02:49,desktop,/deals,13,False
10692,860,2025-11-06 20:13:37,2025-11-06 20:37:37,tablet,/product-search,,False
10693,280,2025-11-07 19:52:27,2025-11-07 20:04:27,mobile,/deals,,True
10694,399,2025-11-28 12:57:39,2025-11-28 13:16:39,tablet,/blog,,False
10695,,2024-11-30 01:58:54,2024-11-30 02:30:54,mobile,/deals,,False
10696,1340,2025-02-26 07:41:22,2025-02-26 08:18:22,tablet,/home,,False
10697,1318,2025-03-12 07:43:30,2025-03-12 08:28:30,desktop,/deals,,False
10698,1299,2025-10-02 10:34:18,2025-10-02 10:58:18,mobile,/home,13,False
10699,790,2025-08-07 09:06:01,2025-08-07 09:41:01,tablet,/product-search,,False
10700,961,2025-01-25 21:14:52,2025-01-25 21:58:52,mobile,/category/apparel,,False
10701,399,2025-10-31 10:20:50,2025-10-31 10:44:50,tablet,/product-search,,False
10702,981,2025-11-29 05:52:15,2025-11-29 05:55:15,tablet,/category/electronics,,True
10703,,2024-05-29 04:53:47,2024-05-29 05:18:47,mobile,/home,12,False
10704,1279,2025-11-11 00:09:29,2025-11-11 00:31:29,mobile,/home,,False
10705,1216,2025-05-30 21:36:09,2025-05-30 22:20:09,tablet,/blog,,False
10706,,2025-02-20 08:56:00,2025-02-20 08:59:00,desktop,/deals,,True
10707,1344,2025-12-11 20:58:47,2025-12-11 21:18:47,desktop,/home,,False
10708,1409,2025-05-29 19:09:15,2025-05-29 19:26:15,tablet,/deals,,False
10709,,2024-03-16 21:30:48,2024-03-16 22:03:48,desktop,/deals,,False
10710,,2024-01-18 19:49:57,2024-01-18 20:33:57,tablet,/category/apparel,8,False
10711,1431,2025-12-04 21:58:02,2025-12-04 22:12:02,mobile,/category/electronics,,True
10712,,2025-07-18 05:28:40,2025-07-18 05:49:40,tablet,/blog,,False
10713,,2025-01-22 23:05:02,2025-01-22 23:15:02,tablet,/blog,14,False
10714,327,2025-09-15 01:14:17,2025-09-15 01:17:17,desktop,/product-search,,False
10715,,2024-03-23 23:17:13,2024-03-23 23:25:13,desktop,/home,,False
10716,1275,2025-09-02 05:20:49,2025-09-02 05:56:49,desktop,/category/apparel,,False
10717,1435,2025-10-31 10:39:15,2025-10-31 11:14:15,mobile,/deals,,True
10718,,2025-01-03 16:14:36,2025-01-03 16:49:36,desktop,/category/electronics,,False
10719,,2025-07-31 14:50:31,2025-07-31 15:20:31,mobile,/deals,6,False
10720,1195,2025-02-19 00:29:15,2025-02-19 00:58:15,desktop,/category/apparel,,False
10721,,2024-02-23 23:33:21,2024-02-23 23:51:21,desktop,/category/electronics,8,False
10722,747,2025-12-03 05:11:52,2025-12-03 05:42:52,tablet,/blog,,False
10723,730,2024-11-25 18:00:06,2024-11-25 18:16:06,tablet,/blog,,False
10724,921,2025-01-06 16:49:45,2025-01-06 17:32:45,mobile,/category/apparel,,True
10725,1118,2025-05-07 01:24:01,2025-05-07 01:38:01,desktop,/home,10,False
10726,955,2025-12-21 08:29:42,2025-12-21 08:30:42,desktop,/category/electronics,,False
10727,364,2025-12-17 04:43:42,2025-12-17 04:46:42,mobile,/home,6,False
10728,1443,2025-08-23 11:52:00,2025-08-23 12:14:00,tablet,/category/apparel,12,False
10729,,2024-07-24 23:44:26,2024-07-25 00:16:26,mobile,/product-search,,False
10730,1061,2025-09-23 01:48:13,2025-09-23 01:57:13,desktop,/home,1,False
10731,891,2025-06-16 04:16:51,2025-06-16 04:37:51,mobile,/category/apparel,,False
10732,,2024-03-23 08:43:37,2024-03-23 08:47:37,desktop,/product-search,,False
10733,,2025-10-22 16:39:01,2025-10-22 17:05:01,tablet,/product-search,12,False
10734,672,2025-07-30 07:28:13,2025-07-30 07:55:13,mobile,/product-search,,False
10735,,2025-10-22 19:01:31,2025-10-22 19:20:31,desktop,/category/apparel,,False
10736,463,2024-06-07 10:11:32,2024-06-07 10:50:32,mobile,/home,,False
10737,534,2025-09-23 13:21:17,2025-09-23 13:31:17,tablet,/product-search,11,False
10738,,2025-03-25 21:41:37,2025-03-25 21:56:37,mobile,/category/electronics,10,False
10739,,2024-02-01 08:35:16,2024-02-01 08:54:16,desktop,/category/electronics,,False
10740,125,2025-12-30 14:41:20,2025-12-30 14:51:20,mobile,/blog,,True
10741,,2024-03-08 14:32:03,2024-03-08 14:35:03,mobile,/category/apparel,,False
10742,1178,2025-12-16 22:14:39,2025-12-16 22:36:39,tablet,/home,,False
10743,331,2025-08-16 08:33:32,2025-08-16 08:46:32,tablet,/deals,,False
10744,,2024-04-20 16:27:03,2024-04-20 16:36:03,tablet,/category/electronics,,False
10745,76,2025-01-03 08:06:18,2025-01-03 08:28:18,mobile,/home,5,False
10746,85,2024-07-17 23:21:47,2024-07-17 23:38:47,tablet,/category/apparel,12,False
10747,1104,2025-07-23 02:28:11,2025-07-23 02:36:11,desktop,/category/apparel,14,False
10748,,2025-08-28 23:33:21,2025-08-29 00:03:21,tablet,/home,,False
10749,468,2025-11-14 22:22:52,2025-11-14 22:43:52,desktop,/home,,False
10750,410,2025-12-26 19:44:09,2025-12-26 20:20:09,tablet,/home,,False
10751,424,2025-11-13 10:07:59,2025-11-13 10:40:59,mobile,/category/electronics,8,True
10752,,2024-02-16 09:47:39,2024-02-16 10:06:39,tablet,/home,8,False
10753,1307,2025-04-28 00:00:51,2025-04-28 00:26:51,mobile,/blog,15,False
10754,,2025-12-14 20:58:47,2025-12-14 21:14:47,desktop,/category/electronics,,False
10755,747,2024-06-26 01:25:10,2024-06-26 01:43:10,mobile,/blog,13,False
10756,1211,2024-11-09 12:49:20,2024-11-09 13:06:20,tablet,/category/apparel,,True
10757,543,2025-07-29 06:51:11,2025-07-29 07:21:11,mobile,/deals,7,False
10758,124,2025-12-20 04:22:06,2025-12-20 04:32:06,mobile,/deals,,True
10759,1123,2025-08-18 14:25:20,2025-08-18 14:49:20,tablet,/home,11,False
10760,409,2025-12-22 01:55:48,2025-12-22 02:24:48,desktop,/home,15,True
10761,163,2025-10-05 18:18:48,2025-10-05 18:43:48,mobile,/product-search,,False
10762,1348,2025-10-15 10:18:21,2025-10-15 10:53:21,desktop,/blog,5,False
10763,892,2025-09-21 06:21:31,2025-09-21 06:41:31,tablet,/category/apparel,,False
10764,548,2024-08-28 19:53:11,2024-08-28 20:02:11,mobile,/deals,5,False
10765,1309,2024-08-04 16:59:22,2024-08-04 17:43:22,mobile,/home,1,True
10766,673,2025-06-29 10:37:22,2025-06-29 10:41:22,tablet,/home,,False
10767,429,2025-11-30 08:01:08,2025-11-30 08:24:08,tablet,/category/apparel,,False
10768,,2025-06-17 18:42:27,2025-06-17 19:20:27,tablet,/blog,,False
10769,,2025-04-10 06:24:28,2025-04-10 06:49:28,desktop,/blog,,False
10770,508,2025-04-26 05:12:41,2025-04-26 05:55:41,tablet,/blog,,False
10771,695,2025-11-08 06:20:19,2025-11-08 06:57:19,tablet,/product-search,4,True
10772,1107,2025-03-05 22:37:25,2025-03-05 23:11:25,mobile,/category/electronics,,False
10773,1389,2024-07-13 22:09:00,2024-07-13 22:44:00,tablet,/blog,,False
10774,473,2025-04-22 02:33:50,2025-04-22 03:15:50,tablet,/category/apparel,,False
10775,905,2024-07-23 05:06:27,2024-07-23 05:38:27,mobile,/category/electronics,,False
10776,592,2025-12-08 09:22:17,2025-12-08 09:26:17,desktop,/deals,8,False
10777,808,2025-08-03 18:17:03,2025-08-03 19:02:03,tablet,/blog,1,False
10778,1055,2024-11-27 08:42:19,2024-11-27 09:12:19,tablet,/home,,False
10779,476,2025-03-02 06:16:58,2025-03-02 06:36:58,tablet,/deals,,False
10780,,2024-01-07 14:00:15,2024-01-07 14:42:15,desktop,/home,9,False
10781,,2024-01-17 17:55:03,2024-01-17 18:17:03,mobile,/deals,,False
10782,380,2025-06-13 02:12:30,2025-06-13 02:35:30,tablet,/category/apparel,,False
10783,,2025-08-29 06:26:46,2025-08-29 06:27:46,tablet,/deals,7,False
10784,,2025-09-15 17:43:13,2025-09-15 18:19:13,mobile,/deals,5,False
10785,961,2025-03-08 18:02:00,2025-03-08 18:19:00,desktop,/category/apparel,,False
10786,1055,2025-12-17 20:57:27,2025-12-17 21:26:27,tablet,/category/apparel,8,False
10787,,2025-10-18 03:49:08,2025-10-18 04:23:08,tablet,/deals,1,False
10788,336,2025-01-25 16:20:09,2025-01-25 17:00:09,desktop,/product-search,,False
10789,389,2025-12-06 08:37:53,2025-12-06 08:52:53,tablet,/deals,,False
10790,934,2025-09-22 16:55:08,2025-09-22 17:14:08,mobile,/blog,,True
10791,840,2025-10-15 23:14:00,2025-10-15 23:52:00,desktop,/category/apparel,14,False
10792,1477,2025-08-11 05:15:53,2025-08-11 05:45:53,mobile,/category/electronics,,False
10793,,2024-01-03 04:47:24,2024-01-03 04:57:24,tablet,/category/apparel,15,False
10794,,2024-07-20 09:18:03,2024-07-20 10:03:03,desktop,/category/electronics,,False
10795,757,2025-07-07 00:01:02,2025-07-07 00:22:02,mobile,/blog,5,True
10796,,2025-07-27 03:58:25,2025-07-27 04:29:25,tablet,/category/electronics,10,False
10797,18,2025-08-19 09:13:56,2025-08-19 09:32:56,desktop,/product-search,,True
10798,747,2025-06-18 16:57:54,2025-06-18 17:34:54,tablet,/category/electronics,13,False
10799,296,2025-08-18 13:55:13,2025-08-18 14:28:13,tablet,/blog,11,False
10800,1254,2024-08-09 13:12:24,2024-08-09 13:57:24,desktop,/category/apparel,,True
10801,1425,2024-11-14 18:21:15,2024-11-14 18:22:15,tablet,/category/apparel,8,True
10802,1496,2025-06-18 00:16:17,2025-06-18 00:41:17,desktop,/category/electronics,1,False
10803,556,2025-10-13 13:48:23,2025-10-13 14:31:23,tablet,/home,,False
10804,447,2025-10-16 19:39:38,2025-10-16 20:20:38,tablet,/home,,False
10805,1046,2025-09-30 10:40:05,2025-09-30 10:46:05,mobile,/deals,,False
10806,1387,2025-10-15 12:33:39,2025-10-15 12:50:39,desktop,/home,,False
10807,635,2024-03-08 06:25:33,2024-03-08 07:07:33,mobile,/home,,True
10808,76,2025-06-29 15:50:52,2025-06-29 16:29:52,tablet,/home,,False
10809,483,2025-09-22 16:26:21,2025-09-22 16:56:21,tablet,/category/apparel,9,False
10810,,2025-02-07 22:41:08,2025-02-07 23:26:08,desktop,/blog,,False
10811,,2025-02-19 15:54:06,2025-02-19 16:12:06,tablet,/category/apparel,8,False
10812,971,2025-10-04 12:10:33,2025-10-04 12:44:33,desktop,/deals,,True
10813,163,2025-10-30 00:18:54,2025-10-30 00:29:54,mobile,/category/apparel,,True
10814,1071,2025-12-27 03:26:58,2025-12-27 03:46:58,mobile,/deals,,True
10815,,2025-05-14 15:53:51,2025-05-14 16:25:51,desktop,/blog,6,False
10816,983,2025-11-11 23:51:21,2025-11-12 00:26:21,desktop,/deals,4,False
10817,910,2025-07-05 19:39:10,2025-07-05 20:03:10,mobile,/home,,True
10818,,2025-05-08 21:03:07,2025-05-08 21:17:07,tablet,/blog,,False
10819,745,2025-12-19 23:39:35,2025-12-20 00:13:35,tablet,/home,,False
10820,,2025-02-14 10:56:19,2025-02-14 11:16:19,tablet,/home,9,False
10821,1252,2025-07-26 21:44:58,2025-07-26 22:28:58,tablet,/home,,False
10822,398,2025-11-07 23:01:45,2025-11-07 23:33:45,tablet,/category/electronics,,True
10823,644,2024-12-04 03:53:42,2024-12-04 03:59:42,tablet,/product-search,,False
10824,,2025-09-06 11:20:53,2025-09-06 11:53:53,desktop,/product-search,,False
10825,629,2025-08-21 11:06:45,2025-08-21 11:28:45,desktop,/category/apparel,14,False
10826,,2024-04-11 16:44:42,2024-04-11 17:11:42,mobile,/category/electronics,,False
10827,563,2025-11-13 23:02:17,2025-11-13 23:40:17,tablet,/deals,,False
10828,671,2025-11-04 08:41:44,2025-11-04 08:46:44,desktop,/deals,,True
10829,18,2025-07-10 15:21:18,2025-07-10 15:34:18,tablet,/product-search,3,True
10830,165,2025-12-28 06:13:43,2025-12-28 06:30:43,mobile,/deals,,True
10831,141,2024-06-05 14:14:28,2024-06-05 14:27:28,mobile,/blog,,False
10832,,2024-04-24 08:19:33,2024-04-24 08:46:33,tablet,/category/apparel,,False
10833,,2025-10-11 06:42:57,2025-10-11 07:01:57,tablet,/product-search,14,False
10834,,2024-02-26 00:42:56,2024-02-26 01:18:56,desktop,/product-search,10,False
10835,,2025-02-20 13:57:29,2025-02-20 14:27:29,desktop,/deals,,False
10836,,2025-12-20 21:53:19,2025-12-20 22:04:19,tablet,/category/electronics,8,False
10837,1399,2025-08-02 20:58:33,2025-08-02 21:39:33,tablet,/deals,,False
10838,1032,2025-10-02 21:45:20,2025-10-02 22:15:20,tablet,/home,,False
10839,,2024-04-03 22:55:23,2024-04-03 23:29:23,desktop,/category/electronics,15,False
10840,863,2025-04-25 20:01:25,2025-04-25 20:38:25,tablet,/product-search,,False
10841,1373,2025-11-26 07:27:45,2025-11-26 07:39:45,desktop,/blog,3,False
10842,70,2025-02-23 12:35:01,2025-02-23 12:37:01,mobile,/product-search,10,False
10843,979,2025-11-28 08:48:25,2025-11-28 09:30:25,tablet,/blog,,False
10844,,2024-10-07 12:53:03,2024-10-07 13:29:03,desktop,/category/apparel,,False
10845,1127,2025-07-26 16:00:52,2025-07-26 16:32:52,tablet,/category/apparel,,False
10846,,2024-04-10 23:09:06,2024-04-10 23:34:06,tablet,/deals,,False
10847,447,2025-10-05 09:09:17,2025-10-05 09:20:17,desktop,/product-search,,True
10848,520,2025-06-04 10:34:53,2025-06-04 11:08:53,mobile,/blog,,True
10849,,2024-03-17 04:32:35,2024-03-17 04:54:35,desktop,/blog,12,False
10850,,2024-10-08 06:09:25,2024-10-08 06:45:25,desktop,/home,2,False
10851,1049,2025-07-19 09:05:33,2025-07-19 09:33:33,mobile,/product-search,,False
10852,704,2025-11-10 10:04:07,2025-11-10 10:19:07,desktop,/home,8,False
10853,801,2025-04-15 04:41:10,2025-04-15 05:05:10,tablet,/category/apparel,10,True
10854,,2025-05-22 21:27:19,2025-05-22 22:11:19,mobile,/category/apparel,,False
10855,523,2025-02-15 16:47:08,2025-02-15 17:15:08,desktop,/blog,8,False
10856,,2025-11-20 02:31:41,2025-11-20 03:12:41,mobile,/product-search,14,False
10857,556,2025-09-11 11:17:50,2025-09-11 11:54:50,tablet,/home,,False
10858,746,2025-12-30 00:22:00,2025-12-30 00:55:00,mobile,/category/apparel,12,False
10859,435,2025-06-14 23:57:15,2025-06-15 00:20:15,mobile,/deals,1,False
10860,1240,2025-10-25 03:48:22,2025-10-25 04:23:22,mobile,/category/apparel,,False
10861,,2024-06-22 17:28:03,2024-06-22 17:34:03,desktop,/product-search,,False
10862,1126,2025-09-13 06:19:46,2025-09-13 06:31:46,mobile,/category/apparel,5,False
10863,1450,2024-06-14 23:01:20,2024-06-14 23:20:20,desktop,/home,,True
10864,,2024-03-02 04:46:50,2024-03-02 04:58:50,tablet,/deals,11,False
10865,,2024-10-04 03:12:48,2024-10-04 03:38:48,desktop,/product-search,9,False
10866,,2025-06-24 16:24:44,2025-06-24 16:55:44,tablet,/category/apparel,9,False
10867,,2024-01-13 17:20:30,2024-01-13 17:54:30,mobile,/category/electronics,,False
10868,,2025-03-30 05:59:42,2025-03-30 06:40:42,desktop,/product-search,5,False
10869,1474,2025-09-07 16:13:20,2025-09-07 16:48:20,tablet,/blog,,False
10870,14,2025-12-29 23:02:49,2025-12-29 23:29:49,mobile,/product-search,,True
10871,473,2025-06-21 08:04:19,2025-06-21 08:49:19,mobile,/home,,True
10872,,2024-11-03 08:36:23,2024-11-03 08:52:23,tablet,/blog,4,False
10873,,2024-01-17 05:24:04,2024-01-17 05:42:04,tablet,/category/apparel,,False
10874,,2025-09-20 13:38:53,2025-09-20 14:08:53,tablet,/category/electronics,1,False
10875,890,2025-11-23 17:42:59,2025-11-23 18:06:59,mobile,/blog,,False
10876,,2024-03-24 02:23:01,2024-03-24 03:06:01,desktop,/category/electronics,11,False
10877,411,2025-12-06 07:19:18,2025-12-06 07:56:18,desktop,/blog,2,False
10878,444,2024-09-09 03:19:04,2024-09-09 03:21:04,tablet,/deals,8,False
10879,795,2024-08-18 05:29:36,2024-08-18 05:43:36,mobile,/category/apparel,,False
10880,537,2025-08-31 00:28:54,2025-08-31 01:11:54,mobile,/product-search,,True
10881,,2024-05-05 09:17:55,2024-05-05 09:29:55,desktop,/home,,False
10882,,2024-02-09 11:29:16,2024-02-09 11:54:16,mobile,/category/apparel,8,False
10883,960,2025-08-04 06:10:44,2025-08-04 06:42:44,tablet,/product-search,,False
10884,74,2025-10-27 23:10:12,2025-10-27 23:44:12,mobile,/home,,False
10885,1395,2025-01-28 19:45:54,2025-01-28 19:57:54,desktop,/blog,,False
10886,,2025-02-20 00:03:46,2025-02-20 00:38:46,mobile,/product-search,,False
10887,627,2025-07-11 15:06:30,2025-07-11 15:47:30,tablet,/deals,,False
10888,,2024-08-03 02:31:03,2024-08-03 03:13:03,desktop,/blog,11,False
10889,1001,2024-09-14 09:29:46,2024-09-14 09:45:46,mobile,/deals,4,False
10890,516,2025-11-14 08:40:03,2025-11-14 08:45:03,tablet,/category/electronics,,False
10891,931,2025-12-01 03:35:30,2025-12-01 03:53:30,tablet,/product-search,,True
10892,1006,2025-09-29 06:58:41,2025-09-29 07:32:41,desktop,/deals,9,False
10893,386,2025-05-09 14:53:34,2025-05-09 15:29:34,desktop,/product-search,6,False
10894,1336,2025-09-06 04:59:58,2025-09-06 05:10:58,desktop,/deals,,False
10895,,2025-06-16 13:38:29,2025-06-16 13:48:29,desktop,/product-search,,False
10896,1391,2025-10-12 04:03:22,2025-10-12 04:05:22,mobile,/category/electronics,8,False
10897,1234,2025-04-06 14:38:09,2025-04-06 14:53:09,mobile,/home,14,True
10898,,2025-12-29 16:57:05,2025-12-29 17:37:05,mobile,/blog,,False
10899,497,2025-07-27 12:46:00,2025-07-27 13:30:00,tablet,/home,4,True
10900,130,2025-01-16 11:49:09,2025-01-16 11:51:09,desktop,/deals,,False
10901,,2024-12-11 03:04:21,2024-12-11 03:38:21,mobile,/category/apparel,9,False
10902,1453,2024-09-02 09:16:40,2024-09-02 09:18:40,tablet,/product-search,,True
10903,,2024-04-01 08:12:06,2024-04-01 08:15:06,desktop,/deals,2,False
10904,,2025-01-22 18:09:57,2025-01-22 18:23:57,mobile,/deals,5,False
10905,1049,2025-06-26 22:16:38,2025-06-26 22:52:38,mobile,/blog,,True
10906,40,2025-07-28 00:22:22,2025-07-28 00:55:22,mobile,/home,,False
10907,,2025-04-03 18:54:40,2025-04-03 19:34:40,tablet,/category/apparel,14,True
10908,606,2025-12-08 21:43:08,2025-12-08 21:58:08,mobile,/blog,4,False
10909,577,2025-05-12 06:38:40,2025-05-12 06:51:40,mobile,/category/apparel,,False
10910,1263,2025-08-05 07:31:23,2025-08-05 07:57:23,tablet,/home,8,False
10911,,2024-03-23 10:37:14,2024-03-23 10:51:14,mobile,/home,15,False
10912,832,2025-07-06 03:35:59,2025-07-06 04:11:59,desktop,/home,,True
10913,632,2025-08-11 09:47:21,2025-08-11 10:32:21,desktop,/category/electronics,,True
10914,920,2025-01-02 15:28:21,2025-01-02 16:02:21,desktop,/deals,13,False
10915,233,2025-07-23 17:39:49,2025-07-23 18:19:49,desktop,/blog,9,True
10916,745,2025-11-08 01:56:43,2025-11-08 02:07:43,tablet,/product-search,10,True
10917,116,2025-07-31 08:10:28,2025-07-31 08:14:28,tablet,/blog,3,False
10918,326,2024-10-29 01:49:59,2024-10-29 02:22:59,tablet,/category/electronics,,False
10919,1056,2025-11-22 00:50:34,2025-11-22 01:21:34,desktop,/home,,False
10920,1012,2025-08-17 00:31:36,2025-08-17 01:06:36,mobile,/product-search,,False
10921,823,2025-11-19 15:20:16,2025-11-19 15:28:16,mobile,/blog,,False
10922,882,2025-12-06 18:47:58,2025-12-06 18:57:58,desktop,/category/electronics,,False
10923,913,2025-12-31 18:10:41,2025-12-31 18:53:41,mobile,/product-search,13,False
10924,,2025-01-03 12:54:11,2025-01-03 12:58:11,desktop,/deals,,False
10925,214,2025-09-30 01:04:18,2025-09-30 01:17:18,tablet,/deals,12,False
10926,,2024-03-03 16:36:12,2024-03-03 17:13:12,desktop,/deals,9,False
10927,31,2024-10-09 02:05:27,2024-10-09 02:13:27,desktop,/product-search,,False
10928,,2025-10-11 01:16:30,2025-10-11 01:20:30,tablet,/deals,,False
10929,,2025-05-26 03:26:20,2025-05-26 04:11:20,desktop,/category/apparel,12,False
10930,,2025-01-31 13:51:24,2025-01-31 13:55:24,desktop,/category/apparel,,False
10931,304,2024-12-04 14:16:50,2024-12-04 14:53:50,tablet,/home,1,True
10932,353,2025-08-07 19:15:22,2025-08-07 19:28:22,mobile,/blog,,False
10933,,2025-04-12 23:24:29,2025-04-12 23:54:29,desktop,/category/electronics,9,False
10934,,2024-03-25 16:38:23,2024-03-25 17:00:23,tablet,/product-search,,False
10935,1472,2025-02-27 22:02:27,2025-02-27 22:27:27,tablet,/product-search,13,True
10936,772,2025-12-14 11:59:44,2025-12-14 12:19:44,desktop,/product-search,1,True
10937,,2024-12-01 15:05:08,2024-12-01 15:21:08,desktop,/category/apparel,11,False
10938,1410,2025-09-24 21:58:54,2025-09-24 22:29:54,mobile,/category/electronics,,False
10939,1282,2024-03-29 04:05:48,2024-03-29 04:42:48,desktop,/blog,,False
10940,179,2025-12-13 14:50:48,2025-12-13 15:23:48,desktop,/home,,False
10941,938,2024-06-24 09:13:04,2024-06-24 09:53:04,mobile,/home,,False
10942,1318,2024-06-30 06:10:10,2024-06-30 06:27:10,desktop,/blog,11,False
10943,720,2025-11-15 23:43:45,2025-11-16 00:16:45,mobile,/blog,4,True
10944,,2025-02-19 02:55:18,2025-02-19 03:39:18,tablet,/blog,,False
10945,438,2025-11-01 07:21:25,2025-11-01 07:35:25,tablet,/blog,,False
10946,234,2025-03-25 10:03:28,2025-03-25 10:15:28,desktop,/blog,,False
10947,,2024-07-04 03:22:04,2024-07-04 03:54:04,tablet,/home,,False
10948,648,2025-12-29 20:50:32,2025-12-29 21:01:32,tablet,/deals,7,False
10949,1342,2025-10-14 17:32:00,2025-10-14 17:33:00,mobile,/blog,,False
10950,1457,2025-08-02 14:57:29,2025-08-02 15:12:29,desktop,/blog,,True
10951,369,2025-09-26 11:25:04,2025-09-26 11:26:04,mobile,/deals,4,True
10952,130,2025-10-08 15:04:10,2025-10-08 15:36:10,tablet,/category/electronics,1,False
10953,1315,2025-06-09 10:12:37,2025-06-09 10:42:37,desktop,/blog,14,False
10954,414,2025-12-12 16:08:17,2025-12-12 16:49:17,desktop,/blog,4,False
10955,1303,2025-10-23 02:55:13,2025-10-23 03:38:13,mobile,/category/electronics,,False
10956,692,2025-04-05 03:43:10,2025-04-05 03:49:10,desktop,/deals,,False
10957,446,2025-03-21 22:58:37,2025-03-21 23:21:37,mobile,/blog,,False
10958,618,2024-06-30 02:40:01,2024-06-30 03:01:01,mobile,/blog,,True
10959,,2024-05-15 16:13:13,2024-05-15 16:23:13,tablet,/home,,False
10960,,2024-02-18 12:16:26,2024-02-18 12:54:26,mobile,/deals,9,False
10961,,2025-08-05 12:46:16,2025-08-05 13:10:16,tablet,/category/electronics,,False
10962,575,2024-12-20 08:47:31,2024-12-20 09:04:31,mobile,/product-search,,False
10963,1464,2025-12-01 15:15:00,2025-12-01 15:55:00,desktop,/product-search,3,False
10964,397,2025-12-07 04:21:40,2025-12-07 04:30:40,mobile,/home,,False
10965,394,2025-09-29 05:31:16,2025-09-29 06:15:16,mobile,/category/electronics,1,False
10966,396,2025-11-27 16:45:20,2025-11-27 17:05:20,tablet,/category/apparel,4,True
10967,1255,2025-02-24 17:52:05,2025-02-24 18:12:05,tablet,/deals,10,True
10968,,2025-06-03 10:13:20,2025-06-03 10:43:20,tablet,/category/electronics,4,False
10969,,2024-09-05 17:53:51,2024-09-05 17:54:51,desktop,/blog,11,False
10970,699,2025-06-22 18:31:49,2025-06-22 19:07:49,desktop,/deals,10,False
10971,565,2025-01-15 06:39:56,2025-01-15 07:24:56,desktop,/blog,,False
10972,,2024-07-16 17:40:36,2024-07-16 18:24:36,tablet,/blog,,False
10973,695,2025-10-22 09:59:22,2025-10-22 10:21:22,mobile,/category/apparel,,True
10974,1345,2025-10-31 19:26:23,2025-10-31 20:04:23,desktop,/category/apparel,,False
10975,1245,2025-09-08 12:26:40,2025-09-08 12:29:40,desktop,/category/electronics,,False
10976,101,2025-12-16 15:25:25,2025-12-16 15:40:25,desktop,/home,,False
10977,900,2025-08-18 07:00:43,2025-08-18 07:24:43,mobile,/deals,,False
10978,,2025-10-25 04:48:05,2025-10-25 05:18:05,desktop,/product-search,14,True
10979,,2024-08-24 06:57:38,2024-08-24 07:28:38,tablet,/category/electronics,,False
10980,,2025-01-24 12:18:49,2025-01-24 12:42:49,desktop,/deals,,True
10981,596,2025-12-18 18:29:04,2025-12-18 18:36:04,tablet,/category/apparel,,True
10982,147,2024-06-28 15:38:27,2024-06-28 16:05:27,tablet,/home,15,True
10983,505,2025-05-17 13:13:32,2025-05-17 13:17:32,mobile,/category/apparel,,True
10984,307,2025-08-22 23:10:15,2025-08-22 23:34:15,desktop,/home,,False
10985,1436,2025-03-24 22:50:15,2025-03-24 23:16:15,mobile,/product-search,1,False
10986,347,2025-07-03 16:57:45,2025-07-03 17:03:45,desktop,/blog,,False
10987,1398,2025-03-27 12:24:15,2025-03-27 12:54:15,desktop,/product-search,14,False
10988,,2024-07-16 18:31:16,2024-07-16 19:09:16,tablet,/blog,12,False
10989,310,2025-05-29 09:19:54,2025-05-29 09:42:54,tablet,/deals,,False
10990,,2025-05-11 03:19:11,2025-05-11 03:27:11,mobile,/category/apparel,,False
10991,,2025-08-22 03:37:15,2025-08-22 04:18:15,tablet,/product-search,,False
10992,,2024-07-02 06:52:11,2024-07-02 06:59:11,tablet,/home,,False
10993,207,2025-12-16 13:43:22,2025-12-16 14:24:22,tablet,/product-search,12,False
10994,,2024-07-04 10:06:05,2024-07-04 10:15:05,mobile,/category/apparel,9,False
10995,992,2024-12-06 14:39:19,2024-12-06 14:56:19,desktop,/blog,12,False
10996,836,2025-10-27 20:13:27,2025-10-27 20:53:27,tablet,/category/apparel,,False
10997,1003,2025-10-13 21:23:13,2025-10-13 21:42:13,mobile,/product-search,,False
10998,631,2025-01-25 13:05:39,2025-01-25 13:45:39,desktop,/deals,12,False
10999,893,2025-11-24 21:59:41,2025-11-24 22:15:41,desktop,/category/electronics,9,False
11000,476,2025-08-17 13:40:38,2025-08-17 14:13:38,mobile,/deals,,False
11001,255,2025-12-28 19:24:50,2025-12-28 19:26:50,mobile,/category/apparel,,False
11002,1020,2024-05-21 17:52:13,2024-05-21 18:15:13,mobile,/blog,,True
11003,481,2025-07-10 15:54:42,2025-07-10 16:00:42,desktop,/blog,,True
11004,,2024-05-05 22:12:25,2024-05-05 22:47:25,desktop,/deals,4,False
11005,1069,2025-10-12 23:39:49,2025-10-12 23:52:49,mobile,/product-search,7,True
11006,212,2025-10-14 14:27:52,2025-10-14 15:11:52,mobile,/blog,,False
11007,,2025-09-21 18:55:29,2025-09-21 19:06:29,tablet,/product-search,,False
11008,758,2025-05-26 18:06:05,2025-05-26 18:22:05,desktop,/category/apparel,10,False
11009,233,2025-01-20 11:48:37,2025-01-20 12:20:37,tablet,/category/electronics,,False
11010,610,2025-12-04 06:05:43,2025-12-04 06:26:43,desktop,/category/apparel,,False
11011,1448,2025-01-26 07:28:30,2025-01-26 07:45:30,tablet,/blog,,True
11012,1345,2025-10-19 15:45:54,2025-10-19 16:27:54,desktop,/product-search,,False
11013,,2024-11-26 17:28:31,2024-11-26 17:42:31,mobile,/category/apparel,,False
11014,1002,2025-12-02 17:28:09,2025-12-02 18:11:09,tablet,/product-search,,False
11015,1048,2025-09-02 21:46:05,2025-09-02 22:27:05,mobile,/product-search,,False
11016,,2024-11-23 08:36:09,2024-11-23 09:21:09,tablet,/blog,4,False
11017,,2025-02-12 02:18:47,2025-02-12 02:42:47,tablet,/blog,10,False
11018,1072,2025-04-22 20:14:38,2025-04-22 20:25:38,mobile,/product-search,,False
11019,,2024-01-23 17:23:14,2024-01-23 17:31:14,mobile,/deals,,False
11020,304,2024-07-06 13:16:39,2024-07-06 13:39:39,mobile,/product-search,,False
11021,217,2025-10-07 17:35:58,2025-10-07 17:40:58,mobile,/blog,,False
11022,426,2025-08-08 17:39:29,2025-08-08 17:47:29,desktop,/home,,False
11023,,2025-07-21 20:49:07,2025-07-21 21:08:07,mobile,/deals,,False
11024,633,2025-10-23 18:30:37,2025-10-23 19:10:37,mobile,/category/apparel,5,False
11025,227,2025-05-29 09:48:49,2025-05-29 10:03:49,desktop,/category/electronics,,False
11026,75,2025-11-20 01:19:10,2025-11-20 01:29:10,desktop,/category/electronics,,False
11027,1165,2025-05-02 23:04:02,2025-05-02 23:22:02,mobile,/home,13,False
11028,293,2025-03-28 04:58:15,2025-03-28 05:37:15,mobile,/deals,1,True
11029,844,2025-12-07 16:07:29,2025-12-07 16:40:29,mobile,/category/electronics,10,False
11030,1191,2025-12-23 19:38:38,2025-12-23 20:06:38,tablet,/blog,,False
11031,427,2025-05-03 22:08:04,2025-05-03 22:45:04,mobile,/blog,15,False
11032,,2024-06-27 12:10:48,2024-06-27 12:18:48,tablet,/blog,,False
11033,1440,2025-09-12 09:56:49,2025-09-12 10:03:49,mobile,/category/apparel,,False
11034,1156,2025-12-26 23:21:39,2025-12-26 23:43:39,mobile,/blog,10,False
11035,,2025-06-26 18:25:52,2025-06-26 18:34:52,mobile,/home,,False
11036,,2025-07-22 07:40:18,2025-07-22 07:45:18,desktop,/home,14,False
11037,,2025-03-24 01:25:06,2025-03-24 01:44:06,tablet,/home,10,False
11038,466,2025-01-17 23:02:50,2025-01-17 23:44:50,mobile,/blog,,False
11039,,2025-10-05 16:33:17,2025-10-05 17:11:17,desktop,/home,,True
11040,648,2025-12-29 21:29:38,2025-12-29 22:02:38,desktop,/blog,7,True
11041,953,2025-12-18 18:53:07,2025-12-18 19:06:07,desktop,/product-search,,False
11042,340,2025-07-17 16:53:28,2025-07-17 17:35:28,desktop,/deals,,False
11043,669,2025-12-26 21:48:47,2025-12-26 22:15:47,tablet,/product-search,,False
11044,648,2025-12-30 12:08:31,2025-12-30 12:45:31,desktop,/product-search,1,False
11045,302,2025-08-29 18:59:37,2025-08-29 19:39:37,mobile,/blog,8,True
11046,,2024-11-02 18:31:10,2024-11-02 19:03:10,mobile,/deals,11,False
11047,,2025-02-02 19:06:36,2025-02-02 19:17:36,tablet,/category/electronics,,False
11048,46,2025-12-31 06:24:52,2025-12-31 06:34:52,desktop,/category/apparel,,False
11049,542,2025-11-09 19:27:01,2025-11-09 19:35:01,tablet,/category/apparel,9,False
11050,22,2024-08-08 09:08:43,2024-08-08 09:09:43,desktop,/blog,,False
11051,650,2025-04-11 16:22:14,2025-04-11 16:44:14,desktop,/home,14,False
11052,,2025-10-21 08:19:58,2025-10-21 08:54:58,tablet,/blog,,False
11053,,2025-08-17 09:28:23,2025-08-17 09:41:23,mobile,/product-search,,False
11054,,2025-09-21 06:34:43,2025-09-21 07:15:43,desktop,/home,,False
11055,,2024-07-30 16:10:20,2024-07-30 16:39:20,desktop,/deals,,False
11056,,2024-09-13 14:04:12,2024-09-13 14:25:12,mobile,/blog,,False
11057,618,2025-08-20 21:55:29,2025-08-20 22:05:29,mobile,/product-search,5,False
11058,,2024-03-24 23:05:35,2024-03-24 23:07:35,mobile,/product-search,,False
11059,211,2024-12-28 00:40:57,2024-12-28 01:08:57,mobile,/blog,,True
11060,,2025-06-13 04:04:40,2025-06-13 04:45:40,mobile,/blog,,False
11061,42,2025-12-30 17:09:33,2025-12-30 17:48:33,mobile,/deals,11,False
11062,678,2025-09-23 10:45:58,2025-09-23 11:14:58,tablet,/product-search,11,True
11063,76,2025-11-24 14:57:15,2025-11-24 15:17:15,tablet,/deals,,True
11064,1170,2025-12-26 01:59:19,2025-12-26 02:31:19,desktop,/category/apparel,,False
11065,1308,2025-03-26 20:57:44,2025-03-26 21:13:44,tablet,/blog,14,False
11066,,2024-09-01 22:13:21,2024-09-01 22:36:21,mobile,/category/electronics,,False
11067,409,2025-12-15 09:01:57,2025-12-15 09:28:57,tablet,/category/apparel,5,False
11068,,2024-06-03 13:27:16,2024-06-03 13:51:16,mobile,/product-search,15,False
11069,306,2025-12-11 22:32:08,2025-12-11 22:39:08,tablet,/product-search,,True
11070,,2025-08-12 22:17:25,2025-08-12 22:21:25,mobile,/category/apparel,9,False
11071,,2025-11-19 20:33:11,2025-11-19 21:03:11,tablet,/blog,,True
11072,19,2025-08-16 14:01:02,2025-08-16 14:23:02,mobile,/home,1,False
11073,712,2025-09-04 22:02:00,2025-09-04 22:29:00,tablet,/home,13,False
11074,,2025-05-10 07:55:53,2025-05-10 08:06:53,mobile,/blog,15,False
11075,1339,2025-11-09 12:32:35,2025-11-09 12:45:35,tablet,/product-search,6,False
11076,1081,2025-12-09 16:17:38,2025-12-09 16:36:38,tablet,/blog,,False
11077,1283,2025-12-17 19:18:22,2025-12-17 19:48:22,desktop,/category/apparel,4,False
11078,,2025-12-26 05:38:25,2025-12-26 06:20:25,desktop,/category/apparel,4,False
11079,824,2025-11-11 17:16:02,2025-11-11 17:32:02,tablet,/deals,8,True
11080,486,2025-10-09 12:23:38,2025-10-09 13:04:38,desktop,/product-search,,True
11081,1199,2025-12-01 04:22:43,2025-12-01 04:32:43,mobile,/category/apparel,,False
11082,1213,2025-07-22 14:31:00,2025-07-22 14:58:00,tablet,/category/electronics,4,False
11083,872,2025-11-29 10:17:25,2025-11-29 10:33:25,desktop,/category/apparel,7,True
11084,,2024-07-14 02:24:32,2024-07-14 02:45:32,mobile,/product-search,,False
11085,306,2025-12-30 03:01:39,2025-12-30 03:04:39,mobile,/deals,4,False
11086,526,2025-12-01 04:12:11,2025-12-01 04:39:11,mobile,/product-search,,False
11087,,2024-02-03 02:49:12,2024-02-03 03:34:12,mobile,/blog,,False
11088,,2025-03-06 02:06:53,2025-03-06 02:09:53,mobile,/home,9,False
11089,76,2025-02-01 03:13:08,2025-02-01 03:49:08,mobile,/blog,4,False
11090,1398,2025-04-18 12:15:14,2025-04-18 12:39:14,desktop,/blog,,True
11091,,2024-07-17 17:13:48,2024-07-17 17:22:48,mobile,/home,15,False
11092,4,2025-05-30 23:33:12,2025-05-30 23:35:12,desktop,/category/apparel,,False
11093,,2025-06-09 18:50:01,2025-06-09 19:24:01,desktop,/blog,,False
11094,1405,2025-12-30 12:40:49,2025-12-30 13:18:49,desktop,/category/electronics,12,False
11095,997,2025-05-16 22:12:36,2025-05-16 22:20:36,tablet,/home,,False
11096,48,2025-09-15 10:18:10,2025-09-15 11:02:10,mobile,/deals,,False
11097,788,2024-10-29 16:02:24,2024-10-29 16:34:24,tablet,/blog,14,True
11098,1007,2025-09-16 10:32:57,2025-09-16 10:59:57,desktop,/category/apparel,7,False
11099,869,2024-07-01 04:44:34,2024-07-01 04:55:34,tablet,/category/electronics,,False
11100,,2024-03-17 12:49:19,2024-03-17 13:00:19,tablet,/home,,False
11101,506,2024-05-31 17:24:44,2024-05-31 17:48:44,desktop,/deals,4,False
11102,,2024-02-14 11:31:08,2024-02-14 11:48:08,mobile,/blog,,False
11103,,2024-09-14 01:29:41,2024-09-14 01:41:41,tablet,/product-search,15,False
11104,321,2025-04-11 06:48:22,2025-04-11 06:52:22,mobile,/category/electronics,7,False
11105,313,2025-08-13 16:43:27,2025-08-13 16:56:27,mobile,/blog,,False
11106,,2025-07-01 02:20:49,2025-07-01 02:43:49,desktop,/home,,False
11107,471,2025-08-04 13:57:17,2025-08-04 14:00:17,mobile,/product-search,,False
11108,,2024-10-14 10:58:44,2024-10-14 11:35:44,mobile,/category/apparel,,False
11109,557,2025-09-15 08:56:21,2025-09-15 09:40:21,desktop,/deals,,False
11110,,2024-03-02 01:59:18,2024-03-02 02:30:18,mobile,/category/apparel,,False
11111,,2025-04-19 18:15:39,2025-04-19 18:54:39,tablet,/category/apparel,,False
11112,,2024-04-13 18:24:35,2024-04-13 18:54:35,mobile,/deals,1,False
11113,1010,2024-08-06 17:27:00,2024-08-06 17:30:00,mobile,/category/electronics,13,False
11114,106,2025-01-05 14:55:45,2025-01-05 15:06:45,tablet,/deals,,True
11115,975,2025-11-08 17:32:40,2025-11-08 17:38:40,tablet,/home,,False
11116,,2024-07-25 22:58:26,2024-07-25 23:41:26,tablet,/deals,,False
11117,,2025-02-02 10:57:28,2025-02-02 11:22:28,mobile,/category/apparel,3,False
11118,,2024-01-21 21:10:37,2024-01-21 21:26:37,mobile,/category/apparel,,False
11119,361,2025-10-01 07:48:46,2025-10-01 08:02:46,mobile,/product-search,,False
11120,,2025-09-03 20:37:30,2025-09-03 21:08:30,mobile,/home,6,False
11121,,2024-10-16 06:19:56,2024-10-16 07:03:56,mobile,/home,,False
11122,513,2025-01-25 18:00:37,2025-01-25 18:29:37,tablet,/category/electronics,,True
11123,698,2025-12-13 08:48:18,2025-12-13 08:55:18,mobile,/home,,True
11124,732,2025-09-22 21:37:51,2025-09-22 21:55:51,desktop,/deals,4,False
11125,548,2025-11-13 22:59:39,2025-11-13 23:05:39,desktop,/category/apparel,2,False
11126,,2024-08-28 09:19:01,2024-08-28 10:04:01,tablet,/home,,False
11127,922,2024-06-20 16:10:53,2024-06-20 16:30:53,mobile,/category/electronics,,False
11128,730,2025-01-10 18:38:52,2025-01-10 19:19:52,mobile,/category/electronics,,False
11129,,2024-08-17 23:11:07,2024-08-17 23:45:07,mobile,/blog,,False
11130,,2024-07-12 05:26:45,2024-07-12 05:59:45,desktop,/blog,2,False
11131,689,2025-12-15 23:53:11,2025-12-15 23:55:11,mobile,/category/electronics,,False
11132,1274,2024-11-01 21:57:28,2024-11-01 21:58:28,tablet,/blog,13,False
11133,,2024-06-18 13:26:48,2024-06-18 13:50:48,mobile,/home,14,False
11134,,2024-08-04 21:35:07,2024-08-04 22:11:07,desktop,/blog,8,False
11135,251,2024-11-17 21:07:40,2024-11-17 21:50:40,mobile,/home,,False
11136,743,2025-12-09 10:46:34,2025-12-09 11:22:34,tablet,/category/apparel,,False
11137,,2024-02-05 02:48:54,2024-02-05 02:56:54,desktop,/home,,False
11138,1076,2025-11-27 15:21:22,2025-11-27 15:59:22,desktop,/blog,,False
11139,,2025-07-11 16:29:04,2025-07-11 16:52:04,tablet,/home,,False
11140,1174,2024-11-17 09:50:26,2024-11-17 10:05:26,desktop,/blog,6,False
11141,630,2024-08-30 18:57:55,2024-08-30 19:36:55,desktop,/deals,,False
11142,,2024-05-05 05:56:54,2024-05-05 06:22:54,mobile,/home,7,False
11143,168,2025-12-18 23:08:06,2025-12-18 23:20:06,desktop,/deals,,False
11144,,2025-12-01 20:19:05,2025-12-01 20:35:05,tablet,/product-search,,False
11145,,2025-05-31 21:16:51,2025-05-31 21:35:51,desktop,/product-search,,False
11146,1159,2025-05-06 01:15:35,2025-05-06 01:38:35,tablet,/category/apparel,3,False
11147,1224,2024-10-01 13:16:37,2024-10-01 13:52:37,desktop,/deals,,False
11148,,2025-05-31 22:08:24,2025-05-31 22:29:24,desktop,/product-search,8,False
11149,,2025-05-27 08:35:56,2025-05-27 09:07:56,desktop,/deals,,False
11150,,2024-07-10 09:34:30,2024-07-10 09:46:30,mobile,/home,,False
11151,,2025-06-03 18:22:52,2025-06-03 18:24:52,desktop,/home,,False
11152,438,2024-10-06 21:13:13,2024-10-06 21:24:13,tablet,/deals,,False
11153,,2025-11-13 05:46:04,2025-11-13 06:03:04,tablet,/blog,9,False
11154,,2025-09-18 04:18:50,2025-09-18 04:38:50,desktop,/deals,,False
11155,1204,2025-11-24 23:05:39,2025-11-24 23:19:39,desktop,/blog,10,False
11156,753,2025-05-14 04:22:14,2025-05-14 04:32:14,desktop,/category/electronics,,False
11157,373,2025-12-31 17:09:46,2025-12-31 17:10:46,tablet,/deals,15,False
11158,1181,2025-07-26 11:34:05,2025-07-26 11:38:05,desktop,/category/apparel,,True
11159,,2025-03-21 22:52:15,2025-03-21 23:13:15,tablet,/category/electronics,14,False
11160,,2025-03-02 18:14:36,2025-03-02 18:44:36,mobile,/category/apparel,,False
11161,461,2024-12-01 10:17:52,2024-12-01 10:33:52,desktop,/deals,7,True
11162,592,2025-11-02 21:19:27,2025-11-02 21:37:27,tablet,/blog,2,False
11163,404,2025-11-02 19:04:23,2025-11-02 19:49:23,mobile,/category/electronics,,False
11164,498,2025-05-17 20:22:05,2025-05-17 20:29:05,mobile,/home,5,True
11165,217,2025-11-09 06:32:19,2025-11-09 06:39:19,mobile,/category/electronics,9,False
11166,469,2025-03-01 10:24:20,2025-03-01 10:27:20,mobile,/deals,,False
11167,55,2025-11-23 20:01:23,2025-11-23 20:09:23,desktop,/home,,True
11168,829,2025-06-08 21:40:42,2025-06-08 21:53:42,desktop,/home,,True
11169,,2025-01-27 10:04:18,2025-01-27 10:12:18,mobile,/product-search,9,False
11170,1042,2025-09-08 10:08:32,2025-09-08 10:16:32,desktop,/category/apparel,10,False
11171,,2024-09-06 23:05:18,2024-09-06 23:14:18,tablet,/product-search,,True
11172,663,2025-05-18 22:05:14,2025-05-18 22:12:14,desktop,/blog,,False
11173,779,2025-07-13 04:08:55,2025-07-13 04:10:55,desktop,/category/electronics,,False
11174,,2025-12-02 15:15:03,2025-12-02 15:16:03,tablet,/blog,11,False
11175,,2024-08-06 05:15:25,2024-08-06 05:22:25,tablet,/product-search,,False
11176,,2025-01-21 23:07:33,2025-01-21 23:48:33,mobile,/category/apparel,6,False
11177,,2025-02-03 04:11:49,2025-02-03 04:39:49,desktop,/deals,,False
11178,1291,2024-11-23 09:28:32,2024-11-23 09:54:32,mobile,/deals,,False
11179,1370,2025-09-09 13:55:20,2025-09-09 14:11:20,tablet,/deals,,False
11180,932,2024-11-27 21:47:03,2024-11-27 21:56:03,mobile,/category/electronics,,False
11181,1408,2024-08-09 03:07:15,2024-08-09 03:43:15,mobile,/home,4,False
11182,,2025-06-20 03:20:58,2025-06-20 03:40:58,tablet,/category/electronics,11,False
11183,,2024-04-17 16:09:57,2024-04-17 16:15:57,desktop,/product-search,,False
11184,990,2024-09-07 21:18:37,2024-09-07 21:43:37,desktop,/blog,2,False
11185,761,2025-02-24 05:03:00,2025-02-24 05:38:00,tablet,/deals,,False
11186,,2024-09-05 21:37:23,2024-09-05 21:58:23,mobile,/category/apparel,,False
11187,913,2025-12-04 19:10:31,2025-12-04 19:47:31,desktop,/category/apparel,15,True
11188,,2025-11-16 09:06:25,2025-11-16 09:42:25,mobile,/category/apparel,,False
11189,14,2025-12-30 10:40:58,2025-12-30 11:09:58,mobile,/deals,,False
11190,,2025-06-21 23:07:57,2025-06-21 23:12:57,desktop,/blog,,False
11191,1086,2025-11-30 14:02:01,2025-11-30 14:15:01,mobile,/category/apparel,,False
11192,1108,2025-11-01 08:19:20,2025-11-01 08:32:20,desktop,/category/electronics,,True
11193,599,2025-09-19 19:08:28,2025-09-19 19:24:28,mobile,/blog,15,False
11194,1002,2025-05-30 08:54:36,2025-05-30 09:29:36,tablet,/category/electronics,,True
11195,177,2025-09-15 14:33:00,2025-09-15 15:09:00,tablet,/category/apparel,,False
11196,,2025-06-06 22:57:17,2025-06-06 23:30:17,mobile,/home,8,False
11197,,2025-04-06 10:59:13,2025-04-06 11:12:13,tablet,/category/electronics,,False
11198,1146,2025-06-30 23:30:58,2025-07-01 00:07:58,desktop,/product-search,2,True
11199,1229,2025-01-16 21:14:23,2025-01-16 21:44:23,tablet,/category/electronics,,False
11200,199,2025-12-29 00:15:44,2025-12-29 00:18:44,mobile,/category/apparel,13,False
11201,1110,2025-03-31 01:50:08,2025-03-31 02:21:08,desktop,/deals,10,False
11202,1244,2025-07-12 10:08:34,2025-07-12 10:10:34,mobile,/category/apparel,14,True
11203,334,2024-09-22 05:30:20,2024-09-22 05:43:20,tablet,/product-search,,False
11204,,2025-12-10 03:50:28,2025-12-10 03:52:28,mobile,/product-search,15,False
11205,531,2025-06-04 12:21:34,2025-06-04 12:25:34,desktop,/category/apparel,,False
11206,411,2025-09-05 04:03:09,2025-09-05 04:18:09,mobile,/home,,True
11207,,2024-11-26 06:37:56,2024-11-26 06:46:56,desktop,/category/apparel,,False
11208,,2024-06-14 13:42:29,2024-06-14 13:46:29,tablet,/category/electronics,,False
11209,,2024-05-29 04:13:48,2024-05-29 04:49:48,desktop,/category/apparel,,False
11210,1471,2025-12-28 17:31:17,2025-12-28 18:10:17,mobile,/deals,,False
11211,,2025-02-06 17:28:03,2025-02-06 17:41:03,mobile,/category/electronics,,False
11212,,2024-12-17 17:04:53,2024-12-17 17:47:53,desktop,/blog,,False
11213,317,2025-05-28 12:42:17,2025-05-28 13:23:17,desktop,/product-search,,True
11214,,2024-03-13 07:47:22,2024-03-13 07:52:22,desktop,/category/electronics,9,False
11215,,2025-02-28 04:13:35,2025-02-28 04:43:35,mobile,/category/electronics,13,True
11216,,2024-04-11 09:08:57,2024-04-11 09:11:57,desktop,/deals,,False
11217,166,2025-10-28 10:28:58,2025-10-28 10:53:58,tablet,/category/apparel,13,False
11218,452,2025-05-30 13:35:56,2025-05-30 14:06:56,mobile,/home,,False
11219,665,2024-11-21 21:15:22,2024-11-21 21:17:22,mobile,/deals,6,False
11220,1406,2024-07-02 17:04:59,2024-07-02 17:21:59,tablet,/deals,,False
11221,1295,2025-10-18 04:37:43,2025-10-18 04:47:43,mobile,/category/apparel,,False
11222,125,2025-12-28 05:22:46,2025-12-28 06:06:46,tablet,/home,3,False
11223,734,2025-03-25 13:34:07,2025-03-25 13:42:07,desktop,/category/electronics,14,True
11224,,2025-01-23 22:01:48,2025-01-23 22:15:48,mobile,/home,,False
11225,1283,2025-09-06 08:52:34,2025-09-06 09:11:34,desktop,/blog,14,False
11226,,2024-06-15 14:13:17,2024-06-15 14:31:17,tablet,/deals,,False
11227,,2024-07-17 02:47:15,2024-07-17 02:57:15,desktop,/product-search,,False
11228,,2025-08-25 17:12:28,2025-08-25 17:56:28,desktop,/blog,6,False
11229,1477,2025-12-07 01:52:12,2025-12-07 02:06:12,desktop,/home,,False
11230,620,2025-11-04 03:51:09,2025-11-04 04:32:09,tablet,/category/electronics,,True
11231,,2024-02-14 05:13:15,2024-02-14 05:33:15,mobile,/product-search,5,False
11232,,2024-03-06 23:57:29,2024-03-07 00:00:29,mobile,/category/apparel,,False
11233,766,2024-12-20 10:21:51,2024-12-20 10:56:51,mobile,/category/electronics,7,False
11234,642,2025-12-02 09:22:12,2025-12-02 09:59:12,tablet,/product-search,,False
11235,934,2025-10-20 14:53:10,2025-10-20 15:09:10,desktop,/category/electronics,,True
11236,,2025-04-10 10:45:13,2025-04-10 11:17:13,desktop,/home,,False
11237,101,2025-12-15 02:33:17,2025-12-15 02:40:17,desktop,/deals,,True
11238,955,2025-12-01 10:24:05,2025-12-01 10:46:05,tablet,/category/apparel,10,False
11239,1074,2024-05-04 11:05:12,2024-05-04 11:32:12,desktop,/deals,,True
11240,238,2025-12-23 12:09:16,2025-12-23 12:44:16,mobile,/home,11,False
11241,1046,2024-09-08 15:51:48,2024-09-08 16:34:48,mobile,/blog,,True
11242,,2024-07-21 00:39:23,2024-07-21 00:49:23,mobile,/category/electronics,1,False
11243,1034,2025-09-23 00:14:38,2025-09-23 00:53:38,desktop,/home,,False
11244,987,2025-07-12 12:26:49,2025-07-12 12:42:49,desktop,/home,,False
11245,614,2025-02-15 16:05:29,2025-02-15 16:43:29,desktop,/category/apparel,,False
11246,1492,2025-02-19 16:31:10,2025-02-19 16:56:10,desktop,/deals,,False
11247,875,2024-06-22 01:25:15,2024-06-22 02:04:15,desktop,/category/apparel,2,False
11248,17,2025-11-04 05:11:57,2025-11-04 05:20:57,desktop,/home,,False
11249,885,2025-03-27 18:01:29,2025-03-27 18:40:29,desktop,/category/apparel,,True
11250,,2025-01-26 19:48:53,2025-01-26 20:22:53,mobile,/product-search,14,False
11251,,2025-12-09 15:25:12,2025-12-09 15:44:12,mobile,/product-search,3,False
11252,1248,2025-06-26 07:13:36,2025-06-26 07:40:36,desktop,/deals,,False
11253,919,2025-10-13 08:16:18,2025-10-13 08:44:18,tablet,/category/apparel,12,False
11254,854,2025-01-16 07:48:30,2025-01-16 08:25:30,tablet,/blog,6,False
11255,400,2025-06-09 05:28:00,2025-06-09 05:39:00,tablet,/product-search,,False
11256,549,2025-04-10 18:18:11,2025-04-10 18:33:11,mobile,/category/electronics,,False
11257,425,2025-11-25 03:21:54,2025-11-25 03:27:54,tablet,/product-search,,False
11258,564,2025-05-03 01:51:10,2025-05-03 02:23:10,tablet,/deals,,False
11259,1417,2025-04-25 17:30:10,2025-04-25 18:01:10,mobile,/category/apparel,15,False
11260,311,2025-12-05 10:39:58,2025-12-05 10:58:58,mobile,/category/electronics,4,False
11261,,2025-03-13 06:01:22,2025-03-13 06:14:22,mobile,/product-search,1,False
11262,26,2025-11-24 13:46:48,2025-11-24 13:48:48,mobile,/deals,7,True
11263,,2025-02-18 03:12:10,2025-02-18 03:53:10,tablet,/category/apparel,15,False
11264,,2025-03-06 09:52:26,2025-03-06 10:32:26,desktop,/blog,,False
11265,146,2025-12-17 12:10:18,2025-12-17 12:44:18,tablet,/blog,15,False
11266,562,2025-12-31 16:46:42,2025-12-31 17:12:42,tablet,/product-search,,False
11267,,2025-03-16 01:04:25,2025-03-16 01:45:25,desktop,/product-search,2,False
11268,269,2025-03-01 20:24:06,2025-03-01 20:59:06,mobile,/home,,False
11269,696,2025-01-06 23:47:10,2025-01-07 00:12:10,mobile,/product-search,4,False
11270,1439,2025-05-06 12:09:06,2025-05-06 12:38:06,desktop,/blog,14,False
11271,347,2025-11-10 18:23:46,2025-11-10 18:54:46,mobile,/deals,,False
11272,,2024-08-20 03:21:02,2024-08-20 03:52:02,mobile,/product-search,,False
11273,,2025-03-24 15:30:33,2025-03-24 15:42:33,mobile,/home,12,False
11274,,2025-03-08 16:44:19,2025-03-08 16:59:19,mobile,/blog,,False
11275,994,2024-07-31 06:55:21,2024-07-31 07:09:21,mobile,/category/apparel,,False
11276,420,2025-04-03 13:18:43,2025-04-03 13:43:43,desktop,/home,,True
11277,,2024-08-02 19:45:32,2024-08-02 19:52:32,mobile,/home,2,False
11278,361,2025-11-15 03:08:56,2025-11-15 03:14:56,mobile,/deals,,False
11279,,2024-03-16 03:53:39,2024-03-16 04:09:39,mobile,/deals,,False
11280,402,2025-07-29 14:15:26,2025-07-29 14:20:26,mobile,/product-search,15,False
11281,120,2025-09-30 13:13:21,2025-09-30 13:41:21,tablet,/category/apparel,,False
11282,,2024-07-02 21:45:04,2024-07-02 22:06:04,desktop,/deals,,False
11283,1069,2025-12-07 10:29:33,2025-12-07 10:56:33,tablet,/home,3,False
11284,103,2025-12-04 16:42:42,2025-12-04 17:25:42,desktop,/product-search,,False
11285,,2025-09-18 00:25:40,2025-09-18 00:38:40,mobile,/deals,,False
11286,1294,2025-05-25 11:46:28,2025-05-25 12:02:28,desktop,/category/electronics,,False
11287,104,2025-01-03 02:50:26,2025-01-03 03:23:26,desktop,/deals,,False
11288,364,2025-11-25 20:39:05,2025-11-25 20:57:05,tablet,/category/apparel,6,False
11289,,2025-02-19 03:59:45,2025-02-19 04:27:45,tablet,/category/electronics,,False
11290,1055,2024-12-05 05:39:52,2024-12-05 06:06:52,desktop,/product-search,,False
11291,,2025-02-28 12:00:43,2025-02-28 12:36:43,desktop,/category/electronics,,False
11292,339,2025-12-27 13:56:20,2025-12-27 14:01:20,desktop,/blog,,False
11293,1060,2025-11-10 19:01:40,2025-11-10 19:22:40,tablet,/category/electronics,,False
11294,784,2025-05-20 02:05:54,2025-05-20 02:19:54,desktop,/blog,,True
11295,1390,2025-12-27 06:36:45,2025-12-27 06:57:45,desktop,/category/apparel,,False
11296,972,2025-11-03 10:31:58,2025-11-03 11:02:58,tablet,/product-search,,True
11297,1034,2025-08-19 08:15:58,2025-08-19 08:43:58,mobile,/product-search,10,False
11298,482,2024-05-22 04:58:32,2024-05-22 05:02:32,mobile,/product-search,,False
11299,,2024-06-23 02:50:54,2024-06-23 03:02:54,desktop,/category/electronics,,False
11300,,2024-01-17 19:37:45,2024-01-17 20:15:45,mobile,/blog,15,False
11301,,2025-09-10 07:02:02,2025-09-10 07:44:02,desktop,/product-search,,False
11302,,2025-11-01 08:55:56,2025-11-01 09:38:56,mobile,/product-search,3,False
11303,886,2025-12-20 03:35:14,2025-12-20 04:00:14,desktop,/category/apparel,,False
11304,412,2025-11-24 04:28:39,2025-11-24 04:30:39,mobile,/home,6,False
11305,281,2024-09-19 18:22:33,2024-09-19 18:34:33,desktop,/blog,,False
11306,,2024-02-25 23:45:51,2024-02-25 23:50:51,tablet,/product-search,,False
11307,1122,2025-11-02 17:27:08,2025-11-02 17:33:08,desktop,/product-search,,False
11308,915,2025-05-05 22:46:47,2025-05-05 22:49:47,mobile,/category/electronics,12,False
11309,540,2025-12-27 19:29:56,2025-12-27 19:51:56,mobile,/category/apparel,,True
11310,411,2025-09-15 23:57:05,2025-09-16 00:05:05,tablet,/category/apparel,13,True
11311,1271,2024-07-28 10:46:03,2024-07-28 11:28:03,desktop,/category/electronics,,False
11312,1472,2025-01-29 01:55:22,2025-01-29 02:34:22,desktop,/home,,True
11313,1491,2024-02-04 18:31:45,2024-02-04 18:32:45,mobile,/category/electronics,12,False
11314,1384,2025-11-15 09:11:40,2025-11-15 09:44:40,desktop,/category/apparel,,False
11315,1337,2025-11-28 13:26:03,2025-11-28 13:36:03,desktop,/category/apparel,8,False
11316,,2025-01-05 08:35:56,2025-01-05 08:50:56,desktop,/home,,False
11317,1226,2025-11-10 12:56:18,2025-11-10 13:00:18,desktop,/deals,10,False
11318,,2024-12-13 13:20:31,2024-12-13 14:02:31,tablet,/product-search,,False
11319,557,2024-08-17 12:20:05,2024-08-17 12:36:05,desktop,/deals,5,False
11320,,2025-05-15 22:35:21,2025-05-15 22:49:21,desktop,/home,,False
11321,446,2025-03-18 15:18:58,2025-03-18 15:52:58,mobile,/product-search,12,False
11322,,2024-04-05 01:47:18,2024-04-05 01:49:18,mobile,/blog,,False
11323,1207,2025-06-10 00:44:29,2025-06-10 01:00:29,mobile,/product-search,,False
11324,685,2025-01-18 13:15:02,2025-01-18 13:53:02,mobile,/deals,,False
11325,77,2025-11-15 10:33:46,2025-11-15 10:34:46,tablet,/product-search,4,True
11326,967,2024-09-29 04:26:17,2024-09-29 04:42:17,tablet,/blog,4,True
11327,624,2025-04-05 02:45:05,2025-04-05 02:47:05,tablet,/category/apparel,5,False
11328,1351,2025-05-29 13:10:03,2025-05-29 13:16:03,mobile,/category/electronics,,False
11329,1209,2025-12-24 10:14:11,2025-12-24 10:37:11,desktop,/category/electronics,13,False
11330,94,2025-12-13 05:30:36,2025-12-13 06:08:36,mobile,/category/apparel,,True
11331,416,2025-10-21 06:52:36,2025-10-21 07:01:36,tablet,/product-search,,False
11332,334,2025-05-15 19:31:14,2025-05-15 20:13:14,desktop,/product-search,,False
11333,696,2025-02-13 11:35:44,2025-02-13 12:04:44,mobile,/product-search,15,False
11334,163,2025-09-23 00:56:28,2025-09-23 01:37:28,mobile,/deals,10,False
11335,1354,2025-11-09 01:09:49,2025-11-09 01:50:49,mobile,/product-search,5,False
11336,1042,2024-09-15 01:17:13,2024-09-15 02:00:13,mobile,/product-search,,True
11337,422,2025-11-15 15:57:45,2025-11-15 16:04:45,tablet,/product-search,,True
11338,155,2025-03-03 08:49:43,2025-03-03 09:02:43,mobile,/home,9,False
11339,598,2024-07-26 11:08:55,2024-07-26 11:24:55,mobile,/deals,10,False
11340,1448,2025-02-25 14:53:01,2025-02-25 14:59:01,mobile,/category/apparel,,False
11341,1090,2025-04-02 06:08:08,2025-04-02 06:46:08,mobile,/category/apparel,2,False
11342,,2024-07-21 22:49:09,2024-07-21 23:20:09,tablet,/deals,6,False
11343,,2024-11-21 19:13:30,2024-11-21 19:33:30,mobile,/category/apparel,,False
11344,156,2025-04-06 09:22:18,2025-04-06 09:44:18,desktop,/home,,False
11345,,2024-03-17 14:04:45,2024-03-17 14:05:45,tablet,/blog,6,False
11346,142,2024-06-01 22:32:49,2024-06-01 23:16:49,mobile,/deals,,False
11347,,2025-11-18 20:53:22,2025-11-18 21:22:22,tablet,/home,13,False
11348,981,2025-08-12 21:57:52,2025-08-12 22:14:52,desktop,/category/electronics,3,True
11349,1030,2025-10-25 22:01:36,2025-10-25 22:10:36,tablet,/category/apparel,,False
11350,1309,2024-10-31 16:38:34,2024-10-31 17:14:34,desktop,/category/apparel,,True
11351,1064,2025-11-26 15:49:49,2025-11-26 16:25:49,mobile,/blog,,False
11352,,2025-09-01 00:18:40,2025-09-01 00:36:40,mobile,/category/apparel,,False
11353,748,2025-01-13 04:40:30,2025-01-13 05:02:30,tablet,/deals,,False
11354,1101,2025-09-11 15:46:46,2025-09-11 15:52:46,mobile,/category/electronics,1,False
11355,760,2025-12-01 18:52:13,2025-12-01 19:26:13,tablet,/deals,,False
11356,,2024-08-24 07:23:35,2024-08-24 07:37:35,tablet,/deals,13,False
11357,1461,2025-09-17 02:11:08,2025-09-17 02:26:08,tablet,/deals,,False
11358,1228,2024-06-14 05:49:02,2024-06-14 05:50:02,desktop,/deals,,False
11359,88,2025-01-05 05:27:12,2025-01-05 05:41:12,desktop,/product-search,5,False
11360,827,2025-10-13 04:58:07,2025-10-13 05:31:07,mobile,/home,,False
11361,,2024-07-09 04:58:59,2024-07-09 05:42:59,desktop,/deals,,False
11362,,2025-11-07 23:35:47,2025-11-08 00:20:47,tablet,/blog,,False
11363,,2025-11-09 22:31:32,2025-11-09 22:50:32,desktop,/blog,,False
11364,282,2025-07-14 23:47:38,2025-07-15 00:10:38,desktop,/category/electronics,15,False
11365,,2024-11-23 05:04:11,2024-11-23 05:18:11,tablet,/home,,False
11366,377,2025-12-19 03:13:27,2025-12-19 03:45:27,tablet,/home,,False
11367,229,2024-08-17 07:03:15,2024-08-17 07:15:15,mobile,/deals,6,False
11368,402,2025-11-28 16:23:28,2025-11-28 16:36:28,desktop,/category/apparel,,False
11369,730,2025-01-05 18:22:54,2025-01-05 18:38:54,mobile,/home,,False
11370,359,2025-09-23 04:47:37,2025-09-23 05:03:37,tablet,/category/electronics,,True
11371,,2024-08-28 18:03:27,2024-08-28 18:47:27,mobile,/deals,11,False
11372,571,2025-10-12 19:31:34,2025-10-12 19:34:34,tablet,/category/electronics,11,True
11373,983,2025-11-11 17:45:29,2025-11-11 18:16:29,mobile,/product-search,,False
11374,533,2025-09-29 05:30:43,2025-09-29 05:51:43,mobile,/blog,12,False
11375,1082,2025-12-21 21:21:43,2025-12-21 21:39:43,desktop,/blog,,False
11376,407,2025-11-03 13:02:03,2025-11-03 13:15:03,tablet,/product-search,,False
11377,241,2025-09-25 20:09:31,2025-09-25 20:46:31,mobile,/deals,11,False
11378,,2025-02-10 02:50:53,2025-02-10 03:00:53,desktop,/category/electronics,,False
11379,,2024-12-03 20:12:21,2024-12-03 20:47:21,tablet,/product-search,,False
11380,809,2024-08-04 03:34:03,2024-08-04 03:56:03,desktop,/deals,,False
11381,,2024-07-24 12:06:46,2024-07-24 12:11:46,tablet,/product-search,15,False
11382,388,2025-10-15 05:44:49,2025-10-15 06:05:49,desktop,/deals,8,False
11383,1056,2025-11-21 07:08:33,2025-11-21 07:23:33,desktop,/deals,,True
11384,724,2025-07-22 21:26:17,2025-07-22 22:09:17,mobile,/product-search,,False
11385,837,2025-12-26 15:38:50,2025-12-26 15:50:50,tablet,/deals,,False
11386,1335,2025-11-07 08:52:04,2025-11-07 09:20:04,tablet,/product-search,,False
11387,,2024-10-03 14:09:16,2024-10-03 14:42:16,desktop,/deals,,False
11388,95,2025-06-15 07:16:36,2025-06-15 07:39:36,tablet,/category/electronics,,False
11389,684,2025-10-28 19:00:09,2025-10-28 19:08:09,desktop,/category/electronics,,False
11390,831,2025-10-16 23:45:54,2025-10-17 00:15:54,desktop,/category/apparel,8,False
11391,694,2025-06-29 03:27:43,2025-06-29 03:48:43,mobile,/product-search,1,False
11392,,2025-08-14 01:06:36,2025-08-14 01:25:36,mobile,/home,,False
11393,,2025-02-26 14:50:29,2025-02-26 15:20:29,desktop,/blog,,False
11394,1346,2025-03-09 14:35:33,2025-03-09 14:56:33,mobile,/category/electronics,5,False
11395,871,2025-01-17 07:00:47,2025-01-17 07:08:47,desktop,/deals,1,False
11396,,2024-08-31 22:39:12,2024-08-31 22:46:12,mobile,/blog,,True
11397,35,2025-09-28 23:56:02,2025-09-29 00:19:02,tablet,/home,11,True
11398,1474,2025-11-24 03:18:22,2025-11-24 03:54:22,mobile,/category/apparel,,True
11399,485,2025-09-09 04:42:17,2025-09-09 05:05:17,tablet,/product-search,,True
11400,268,2025-05-17 11:11:32,2025-05-17 11:34:32,mobile,/deals,,False
11401,843,2025-09-12 22:29:48,2025-09-12 22:58:48,tablet,/home,,False
11402,798,2025-03-18 02:07:55,2025-03-18 02:48:55,mobile,/home,2,False
11403,,2024-03-12 23:40:57,2024-03-13 00:03:57,mobile,/category/electronics,,False
11404,1331,2025-03-25 21:48:18,2025-03-25 22:10:18,desktop,/blog,,False
11405,1433,2025-12-07 13:23:19,2025-12-07 13:35:19,tablet,/blog,9,False
11406,1151,2025-11-05 08:52:38,2025-11-05 09:15:38,desktop,/product-search,,False
11407,,2025-03-18 11:41:55,2025-03-18 12:14:55,tablet,/product-search,,False
11408,277,2024-06-13 16:39:34,2024-06-13 17:04:34,mobile,/category/apparel,12,False
11409,227,2025-03-20 16:47:06,2025-03-20 16:49:06,desktop,/product-search,,True
11410,1459,2025-08-09 00:47:12,2025-08-09 01:15:12,desktop,/category/electronics,,False
11411,826,2025-02-10 10:30:13,2025-02-10 10:38:13,tablet,/blog,14,True
11412,880,2025-10-23 08:17:53,2025-10-23 08:35:53,desktop,/product-search,,False
11413,864,2025-10-09 14:31:46,2025-10-09 14:37:46,desktop,/category/electronics,,False
11414,885,2025-11-17 08:07:41,2025-11-17 08:51:41,tablet,/deals,,False
11415,111,2024-08-17 02:59:20,2024-08-17 03:33:20,desktop,/deals,9,False
11416,1214,2025-04-07 21:00:27,2025-04-07 21:32:27,desktop,/blog,15,False
11417,1352,2025-10-15 03:53:57,2025-10-15 04:11:57,desktop,/category/electronics,8,False
11418,863,2025-06-03 11:16:39,2025-06-03 11:40:39,desktop,/category/electronics,11,False
11419,,2024-09-12 10:07:24,2024-09-12 10:29:24,mobile,/deals,5,False
11420,,2024-12-10 12:20:27,2024-12-10 13:04:27,mobile,/category/apparel,12,True
11421,,2024-12-10 23:39:56,2024-12-11 00:20:56,desktop,/blog,,False
11422,1221,2024-07-26 08:02:35,2024-07-26 08:25:35,tablet,/deals,8,False
11423,,2024-08-13 16:56:29,2024-08-13 17:31:29,desktop,/product-search,,False
11424,,2024-04-28 06:14:54,2024-04-28 06:54:54,desktop,/deals,9,False
11425,473,2025-11-16 13:43:27,2025-11-16 13:46:27,tablet,/blog,,True
11426,,2024-09-28 23:05:49,2024-09-28 23:36:49,tablet,/deals,9,False
11427,1180,2025-08-30 14:03:19,2025-08-30 14:24:19,desktop,/category/apparel,7,False
11428,1048,2025-12-01 09:54:31,2025-12-01 10:14:31,desktop,/product-search,,False
11429,291,2025-08-25 02:46:17,2025-08-25 03:26:17,tablet,/product-search,,True
11430,,2024-12-05 14:52:20,2024-12-05 14:53:20,desktop,/deals,,False
11431,644,2025-01-12 15:19:31,2025-01-12 15:35:31,desktop,/home,7,False
11432,1260,2025-11-19 23:17:39,2025-11-19 23:32:39,tablet,/product-search,,False
11433,1481,2025-06-07 10:54:17,2025-06-07 10:57:17,tablet,/category/apparel,,False
11434,,2024-03-19 08:37:44,2024-03-19 08:41:44,mobile,/category/apparel,,False
11435,,2024-05-05 23:02:12,2024-05-05 23:11:12,tablet,/category/apparel,11,False
11436,850,2025-12-27 14:56:27,2025-12-27 15:33:27,desktop,/category/apparel,,False
11437,,2024-03-15 07:23:06,2024-03-15 07:26:06,mobile,/category/electronics,7,False
11438,982,2025-12-09 12:02:09,2025-12-09 12:37:09,mobile,/category/apparel,,True
11439,1358,2025-10-14 22:12:12,2025-10-14 22:50:12,desktop,/blog,,False
11440,695,2025-10-23 03:33:55,2025-10-23 03:58:55,mobile,/blog,,False
11441,354,2025-05-27 10:13:04,2025-05-27 10:22:04,tablet,/category/electronics,6,False
11442,663,2025-12-10 04:25:21,2025-12-10 04:40:21,desktop,/category/electronics,7,False
11443,1240,2025-09-20 23:33:46,2025-09-20 23:46:46,desktop,/product-search,,False
11444,,2025-06-14 05:36:16,2025-06-14 06:13:16,tablet,/home,,False
11445,1102,2025-12-22 09:24:56,2025-12-22 09:26:56,tablet,/category/electronics,11,True
11446,911,2025-09-29 14:04:58,2025-09-29 14:17:58,desktop,/home,13,True
11447,342,2025-12-25 09:41:09,2025-12-25 09:57:09,mobile,/category/electronics,,False
11448,366,2024-05-20 10:59:29,2024-05-20 11:25:29,mobile,/deals,15,False
11449,,2025-11-11 21:50:19,2025-11-11 22:15:19,tablet,/product-search,,False
11450,1197,2025-06-25 21:40:14,2025-06-25 21:48:14,desktop,/deals,1,True
11451,,2024-01-27 04:57:10,2024-01-27 05:37:10,tablet,/deals,,False
11452,1468,2025-10-01 03:15:50,2025-10-01 03:28:50,desktop,/deals,,False
11453,984,2025-12-28 07:47:11,2025-12-28 08:17:11,mobile,/deals,,False
11454,1337,2024-08-07 01:26:33,2024-08-07 01:28:33,mobile,/deals,13,False
11455,,2024-02-15 14:49:01,2024-02-15 15:14:01,desktop,/category/apparel,,False
11456,1308,2025-12-29 20:34:46,2025-12-29 20:50:46,mobile,/category/apparel,5,False
11457,240,2025-04-07 09:56:18,2025-04-07 10:20:18,desktop,/blog,,False
11458,,2025-11-02 10:22:28,2025-11-02 10:30:28,desktop,/product-search,,False
11459,,2024-12-07 12:13:17,2024-12-07 12:16:17,tablet,/home,,False
11460,1175,2025-11-04 18:25:40,2025-11-04 19:10:40,desktop,/category/electronics,14,False
11461,159,2025-06-15 03:51:26,2025-06-15 04:36:26,desktop,/category/apparel,4,False
11462,,2024-02-22 05:37:07,2024-02-22 06:03:07,desktop,/category/apparel,,False
11463,,2025-06-22 09:39:04,2025-06-22 09:56:04,mobile,/blog,,False
11464,184,2025-06-12 00:46:40,2025-06-12 01:23:40,desktop,/blog,,True
11465,497,2025-10-11 08:42:36,2025-10-11 08:56:36,tablet,/blog,7,False
11466,,2024-12-25 01:53:08,2024-12-25 02:14:08,mobile,/deals,,True
11467,,2025-09-27 13:58:06,2025-09-27 14:37:06,mobile,/category/electronics,7,False
11468,1309,2025-02-16 19:37:17,2025-02-16 19:39:17,tablet,/home,14,False
11469,,2025-11-06 21:09:42,2025-11-06 21:42:42,tablet,/deals,4,False
11470,377,2025-12-18 09:19:48,2025-12-18 10:02:48,mobile,/category/electronics,,True
11471,865,2024-08-02 07:25:42,2024-08-02 08:02:42,tablet,/deals,2,False
11472,,2025-09-13 10:47:07,2025-09-13 11:11:07,mobile,/product-search,,False
11473,423,2025-07-26 08:33:23,2025-07-26 08:36:23,tablet,/category/electronics,11,False
11474,270,2025-05-03 12:51:32,2025-05-03 13:04:32,desktop,/product-search,10,False
11475,,2024-01-11 20:21:25,2024-01-11 20:36:25,desktop,/blog,,False
11476,1272,2025-09-23 01:21:26,2025-09-23 02:01:26,desktop,/category/electronics,12,False
11477,689,2025-11-29 15:47:24,2025-11-29 15:52:24,mobile,/home,2,False
11478,1167,2025-12-25 16:45:46,2025-12-25 17:00:46,desktop,/home,,True
11479,,2025-08-13 09:44:29,2025-08-13 09:58:29,mobile,/home,6,False
11480,,2025-12-05 20:09:43,2025-12-05 20:44:43,mobile,/category/apparel,2,False
11481,,2024-04-18 23:28:15,2024-04-18 23:40:15,tablet,/home,6,False
11482,,2025-09-11 04:02:29,2025-09-11 04:09:29,tablet,/category/electronics,12,False
11483,1325,2025-08-01 09:01:16,2025-08-01 09:17:16,tablet,/blog,14,False
11484,1440,2025-09-23 09:27:24,2025-09-23 09:39:24,tablet,/blog,,False
11485,74,2025-09-13 01:40:58,2025-09-13 02:20:58,tablet,/product-search,6,False
11486,1220,2025-11-22 01:53:34,2025-11-22 02:00:34,mobile,/blog,,False
11487,197,2025-09-22 08:00:18,2025-09-22 08:03:18,mobile,/home,14,False
11488,421,2025-03-21 04:36:47,2025-03-21 05:00:47,mobile,/product-search,6,False
11489,1216,2024-09-08 11:19:35,2024-09-08 12:00:35,desktop,/product-search,7,False
11490,,2025-02-20 13:30:03,2025-02-20 13:33:03,desktop,/blog,,False
11491,86,2024-12-24 20:34:24,2024-12-24 20:47:24,desktop,/category/electronics,,False
11492,1108,2024-12-16 06:13:04,2024-12-16 06:54:04,desktop,/home,15,True
11493,785,2025-07-16 17:45:48,2025-07-16 18:14:48,desktop,/product-search,,False
11494,1150,2025-08-29 04:35:21,2025-08-29 04:46:21,mobile,/product-search,7,False
11495,,2025-08-23 00:17:04,2025-08-23 00:19:04,mobile,/product-search,,False
11496,747,2025-01-13 06:53:00,2025-01-13 07:05:00,mobile,/home,14,False
11497,717,2025-08-27 06:37:55,2025-08-27 06:41:55,tablet,/deals,,False
11498,,2025-12-28 01:50:56,2025-12-28 02:01:56,mobile,/blog,,False
11499,,2024-02-23 14:02:40,2024-02-23 14:19:40,desktop,/product-search,3,True
11500,,2025-09-30 10:56:18,2025-09-30 11:31:18,tablet,/blog,9,False
11501,271,2025-07-16 02:32:12,2025-07-16 03:17:12,desktop,/product-search,,False
11502,985,2025-08-19 12:17:32,2025-08-19 13:02:32,mobile,/home,,False
11503,,2025-09-17 11:44:16,2025-09-17 12:29:16,desktop,/deals,4,False
11504,1428,2025-10-12 01:24:29,2025-10-12 01:53:29,tablet,/category/electronics,,False
11505,1386,2025-07-26 20:13:14,2025-07-26 20:19:14,desktop,/category/electronics,11,False
11506,668,2025-12-30 23:52:28,2025-12-31 00:02:28,tablet,/product-search,1,False
11507,,2024-04-26 07:03:08,2024-04-26 07:43:08,tablet,/blog,,False
11508,926,2024-04-28 07:39:01,2024-04-28 07:53:01,desktop,/deals,,False
11509,1032,2025-08-10 16:56:09,2025-08-10 17:36:09,mobile,/product-search,,False
11510,,2025-01-13 12:22:46,2025-01-13 12:46:46,desktop,/category/electronics,10,False
11511,,2024-10-07 21:10:05,2024-10-07 21:43:05,tablet,/category/electronics,1,False
11512,596,2025-12-26 15:12:29,2025-12-26 15:34:29,desktop,/category/apparel,,False
11513,,2024-05-28 01:48:25,2024-05-28 02:07:25,desktop,/deals,,False
11514,1366,2025-05-24 19:47:57,2025-05-24 20:01:57,tablet,/deals,15,True
11515,,2024-12-22 13:25:52,2024-12-22 14:07:52,mobile,/product-search,11,False
11516,1004,2025-06-14 04:28:48,2025-06-14 04:37:48,desktop,/deals,,False
11517,21,2024-07-21 03:39:24,2024-07-21 03:41:24,tablet,/deals,15,False
11518,530,2025-12-27 19:33:34,2025-12-27 20:18:34,desktop,/deals,12,False
11519,966,2025-10-18 18:29:13,2025-10-18 18:33:13,desktop,/home,,False
11520,1481,2025-10-19 11:08:16,2025-10-19 11:20:16,tablet,/home,,False
11521,,2025-07-17 14:39:42,2025-07-17 15:03:42,tablet,/blog,,False
11522,,2025-12-22 20:44:13,2025-12-22 21:10:13,mobile,/home,9,False
11523,,2024-12-13 09:15:45,2024-12-13 09:45:45,desktop,/product-search,,False
11524,,2025-03-14 02:59:05,2025-03-14 03:33:05,tablet,/category/apparel,2,False
11525,880,2025-06-01 02:06:29,2025-06-01 02:17:29,desktop,/product-search,,False
11526,,2025-05-31 18:47:00,2025-05-31 19:04:00,desktop,/product-search,1,False
11527,,2025-12-07 16:21:57,2025-12-07 16:40:57,mobile,/blog,,False
11528,,2025-08-08 11:32:13,2025-08-08 12:07:13,mobile,/home,7,False
11529,,2025-07-05 01:34:41,2025-07-05 01:41:41,mobile,/category/electronics,3,False
11530,,2025-05-14 00:04:40,2025-05-14 00:32:40,mobile,/product-search,10,False
11531,466,2025-10-07 23:25:49,2025-10-08 00:05:49,tablet,/category/electronics,11,True
11532,1137,2024-06-28 12:31:15,2024-06-28 12:52:15,desktop,/product-search,,False
11533,1187,2025-06-02 23:25:18,2025-06-02 23:46:18,tablet,/product-search,,True
11534,451,2025-09-29 07:28:23,2025-09-29 08:10:23,tablet,/home,13,False
11535,,2024-06-26 20:58:23,2024-06-26 21:10:23,mobile,/deals,5,False
11536,1390,2025-07-31 09:35:20,2025-07-31 10:10:20,tablet,/blog,,False
11537,763,2025-12-16 04:35:16,2025-12-16 05:17:16,tablet,/category/apparel,14,False
11538,296,2025-12-31 22:20:01,2025-12-31 22:37:01,desktop,/product-search,,False
11539,924,2025-08-26 01:15:23,2025-08-26 01:56:23,tablet,/home,,False
11540,159,2025-02-26 03:13:33,2025-02-26 03:21:33,desktop,/home,,False
11541,,2025-03-09 17:37:16,2025-03-09 18:22:16,mobile,/product-search,,False
11542,,2025-11-23 14:19:05,2025-11-23 14:47:05,mobile,/category/apparel,,False
11543,1221,2025-03-27 03:14:09,2025-03-27 03:59:09,tablet,/blog,,False
11544,784,2024-12-31 07:39:04,2024-12-31 08:04:04,desktop,/deals,8,False
11545,,2024-12-15 11:47:41,2024-12-15 11:55:41,desktop,/category/electronics,,False
11546,377,2025-12-21 03:05:24,2025-12-21 03:08:24,desktop,/product-search,,False
11547,545,2024-10-15 01:27:12,2024-10-15 01:35:12,desktop,/product-search,,False
11548,,2025-12-02 16:04:28,2025-12-02 16:33:28,desktop,/home,12,False
11549,685,2024-10-18 06:38:47,2024-10-18 06:41:47,mobile,/blog,14,False
11550,,2025-01-30 19:00:54,2025-01-30 19:10:54,desktop,/category/apparel,,False
11551,,2025-10-07 18:06:07,2025-10-07 18:23:07,desktop,/category/electronics,4,False
11552,1211,2025-12-01 18:02:23,2025-12-01 18:23:23,desktop,/home,,False
11553,,2025-03-02 03:56:08,2025-03-02 04:40:08,mobile,/product-search,12,False
11554,321,2025-09-25 03:00:09,2025-09-25 03:04:09,tablet,/home,,False
11555,,2024-04-06 22:38:27,2024-04-06 22:47:27,mobile,/category/apparel,,False
11556,190,2025-10-12 02:39:10,2025-10-12 02:41:10,tablet,/category/apparel,,False
11557,261,2025-12-19 08:27:14,2025-12-19 08:46:14,tablet,/product-search,12,False
11558,,2025-03-23 22:08:13,2025-03-23 22:14:13,tablet,/blog,,False
11559,1405,2025-12-09 14:00:09,2025-12-09 14:26:09,tablet,/home,,True
11560,,2024-02-07 06:50:31,2024-02-07 07:04:31,tablet,/category/apparel,10,False
11561,1328,2025-08-25 04:47:44,2025-08-25 05:07:44,mobile,/category/electronics,3,False
11562,,2024-07-15 11:41:45,2024-07-15 12:07:45,desktop,/home,4,False
11563,,2024-07-08 09:40:19,2024-07-08 09:48:19,tablet,/deals,12,False
11564,739,2025-08-23 02:06:05,2025-08-23 02:30:05,tablet,/blog,,False
11565,700,2024-11-30 23:21:26,2024-12-01 00:02:26,tablet,/product-search,,False
11566,1479,2025-10-15 22:46:01,2025-10-15 22:56:01,mobile,/deals,2,True
11567,312,2025-01-01 13:30:39,2025-01-01 14:14:39,desktop,/blog,8,False
11568,1031,2025-07-31 09:34:14,2025-07-31 09:50:14,tablet,/deals,,True
11569,917,2025-05-28 04:28:59,2025-05-28 04:33:59,tablet,/deals,,False
11570,,2025-12-12 07:35:23,2025-12-12 07:51:23,mobile,/blog,11,False
11571,,2024-06-29 18:38:25,2024-06-29 18:59:25,desktop,/home,,False
11572,98,2025-10-07 09:19:40,2025-10-07 09:31:40,desktop,/blog,,True
11573,909,2025-04-08 16:54:24,2025-04-08 17:08:24,mobile,/product-search,,False
11574,1343,2025-10-18 03:56:52,2025-10-18 04:22:52,mobile,/category/electronics,13,False
11575,1048,2025-09-18 21:25:19,2025-09-18 21:38:19,tablet,/category/apparel,9,False
11576,211,2025-12-21 22:12:55,2025-12-21 22:39:55,desktop,/category/apparel,8,False
11577,,2025-02-03 09:12:29,2025-02-03 09:41:29,desktop,/category/electronics,12,False
11578,727,2025-12-27 03:28:42,2025-12-27 03:31:42,tablet,/category/electronics,10,False
11579,1042,2025-08-09 09:01:50,2025-08-09 09:31:50,desktop,/home,,False
11580,1278,2025-04-06 14:12:28,2025-04-06 14:45:28,mobile,/blog,,False
11581,,2024-02-14 17:13:26,2024-02-14 17:55:26,tablet,/deals,5,False
11582,,2024-03-01 01:24:19,2024-03-01 01:52:19,desktop,/home,4,False
11583,1232,2025-05-18 11:20:25,2025-05-18 11:53:25,tablet,/home,13,True
11584,721,2025-12-17 07:51:28,2025-12-17 08:06:28,desktop,/category/apparel,,False
11585,1317,2025-09-07 22:40:05,2025-09-07 23:11:05,tablet,/blog,,True
11586,603,2025-12-04 10:57:26,2025-12-04 11:17:26,mobile,/product-search,,False
11587,1247,2024-09-21 11:08:53,2024-09-21 11:24:53,tablet,/product-search,,False
11588,,2024-11-24 03:19:51,2024-11-24 03:59:51,tablet,/category/electronics,3,False
11589,90,2025-11-23 18:47:35,2025-11-23 18:53:35,desktop,/deals,13,False
11590,,2025-08-12 19:02:53,2025-08-12 19:39:53,mobile,/deals,,False
11591,720,2025-06-17 21:51:42,2025-06-17 22:19:42,mobile,/deals,2,False
11592,140,2025-04-26 15:03:36,2025-04-26 15:41:36,mobile,/product-search,,False
11593,222,2025-03-28 11:28:24,2025-03-28 11:43:24,tablet,/deals,15,False
11594,797,2025-07-06 09:17:42,2025-07-06 09:53:42,mobile,/category/apparel,9,False
11595,450,2025-11-12 15:18:12,2025-11-12 15:25:12,mobile,/blog,,False
11596,128,2025-07-06 18:55:13,2025-07-06 19:00:13,mobile,/product-search,,True
11597,766,2025-01-22 13:48:07,2025-01-22 14:23:07,tablet,/deals,,False
11598,,2024-11-06 20:14:22,2024-11-06 20:20:22,tablet,/home,6,False
11599,,2024-11-05 22:13:53,2024-11-05 22:32:53,mobile,/deals,,False
11600,,2025-10-24 04:54:32,2025-10-24 05:07:32,mobile,/product-search,15,False
11601,900,2025-12-05 05:09:47,2025-12-05 05:45:47,desktop,/home,,False
11602,1498,2025-01-05 13:18:44,2025-01-05 13:55:44,desktop,/product-search,13,False
11603,1425,2024-08-26 22:12:04,2024-08-26 22:17:04,mobile,/product-search,,False
11604,1395,2025-08-12 11:53:33,2025-08-12 12:36:33,desktop,/product-search,12,True
11605,478,2025-04-12 04:45:56,2025-04-12 05:27:56,desktop,/category/electronics,,True
11606,339,2025-11-16 06:13:34,2025-11-16 06:33:34,desktop,/product-search,9,False
11607,579,2025-12-30 05:17:08,2025-12-30 05:24:08,desktop,/home,15,False
11608,399,2025-12-10 01:59:59,2025-12-10 02:16:59,mobile,/blog,,True
11609,785,2025-09-06 09:21:43,2025-09-06 09:30:43,mobile,/category/electronics,,False
11610,943,2025-01-03 22:56:31,2025-01-03 23:16:31,mobile,/home,,False
11611,473,2025-05-07 04:55:41,2025-05-07 05:13:41,desktop,/product-search,,False
11612,1194,2024-12-24 09:56:25,2024-12-24 10:34:25,mobile,/deals,,True
11613,656,2025-11-20 04:10:35,2025-11-20 04:16:35,tablet,/category/apparel,5,False
11614,290,2025-12-27 16:07:39,2025-12-27 16:17:39,desktop,/deals,,False
11615,767,2025-12-14 08:40:02,2025-12-14 08:58:02,tablet,/product-search,1,False
11616,298,2024-12-22 19:35:28,2024-12-22 20:02:28,tablet,/deals,8,False
11617,,2024-11-19 04:12:58,2024-11-19 04:45:58,tablet,/deals,,False
11618,902,2025-10-20 09:04:13,2025-10-20 09:36:13,tablet,/category/apparel,,False
11619,1496,2025-10-27 17:24:27,2025-10-27 17:55:27,tablet,/product-search,,False
11620,788,2024-08-08 16:15:42,2024-08-08 16:48:42,tablet,/category/apparel,,False
11621,586,2025-08-20 11:26:58,2025-08-20 12:05:58,mobile,/product-search,14,False
11622,591,2024-11-28 23:45:07,2024-11-29 00:19:07,mobile,/deals,,False
11623,,2024-05-22 09:37:49,2024-05-22 09:39:49,tablet,/category/apparel,14,False
11624,197,2024-06-11 20:29:53,2024-06-11 21:12:53,desktop,/product-search,,False
11625,289,2025-12-31 04:57:04,2025-12-31 05:23:04,tablet,/category/electronics,5,False
11626,200,2025-08-27 04:33:38,2025-08-27 04:54:38,desktop,/category/electronics,,False
11627,818,2025-09-16 01:00:50,2025-09-16 01:33:50,desktop,/category/apparel,15,False
11628,,2025-12-03 13:16:01,2025-12-03 13:20:01,mobile,/category/electronics,,False
11629,114,2024-08-30 20:59:53,2024-08-30 21:40:53,mobile,/category/apparel,,False
11630,844,2025-11-08 05:46:20,2025-11-08 06:31:20,tablet,/deals,,False
11631,657,2025-07-29 04:51:18,2025-07-29 05:18:18,tablet,/category/apparel,7,False
11632,725,2025-02-17 10:13:35,2025-02-17 10:26:35,tablet,/blog,8,False
11633,,2025-02-19 21:14:34,2025-02-19 21:54:34,mobile,/product-search,,False
11634,486,2025-12-23 16:40:36,2025-12-23 17:20:36,mobile,/category/electronics,,False
11635,,2025-04-11 22:26:12,2025-04-11 22:37:12,desktop,/product-search,4,False
11636,,2025-05-19 12:13:19,2025-05-19 12:38:19,mobile,/home,,False
11637,,2024-03-04 02:30:25,2024-03-04 02:42:25,desktop,/product-search,,False
11638,865,2025-03-25 11:36:52,2025-03-25 12:03:52,tablet,/category/apparel,9,False
11639,,2025-11-11 12:34:20,2025-11-11 13:17:20,desktop,/blog,,False
11640,907,2025-07-28 06:04:34,2025-07-28 06:33:34,tablet,/category/apparel,,False
11641,,2024-01-20 02:04:14,2024-01-20 02:13:14,mobile,/product-search,,False
11642,1450,2025-11-26 21:37:36,2025-11-26 22:20:36,tablet,/home,,False
11643,,2025-02-22 15:36:18,2025-02-22 15:48:18,desktop,/product-search,8,False
11644,774,2025-11-15 05:56:43,2025-11-15 06:34:43,desktop,/product-search,,False
11645,,2025-03-24 12:48:04,2025-03-24 13:31:04,tablet,/home,10,False
11646,655,2025-11-27 08:31:50,2025-11-27 09:11:50,mobile,/category/apparel,,False
11647,416,2025-04-11 20:05:19,2025-04-11 20:31:19,tablet,/product-search,,False
11648,450,2025-12-28 14:19:08,2025-12-28 15:00:08,mobile,/category/apparel,,False
11649,738,2025-07-15 04:10:17,2025-07-15 04:43:17,desktop,/blog,,False
11650,455,2025-06-11 07:49:21,2025-06-11 08:05:21,tablet,/category/electronics,11,True
11651,,2024-11-27 20:44:24,2024-11-27 21:12:24,mobile,/category/apparel,,False
11652,,2024-11-20 13:35:47,2024-11-20 13:55:47,desktop,/product-search,5,False
11653,1027,2025-12-31 02:18:42,2025-12-31 02:36:42,desktop,/product-search,,False
11654,,2024-12-06 19:44:16,2024-12-06 20:07:16,tablet,/category/electronics,3,False
11655,,2024-06-09 23:29:15,2024-06-09 23:42:15,desktop,/product-search,,False
11656,,2025-12-27 04:21:10,2025-12-27 05:01:10,desktop,/blog,,False
11657,759,2025-10-27 08:48:34,2025-10-27 09:22:34,tablet,/category/apparel,8,False
11658,663,2025-10-17 11:05:46,2025-10-17 11:27:46,desktop,/product-search,,False
11659,869,2024-03-26 19:42:41,2024-03-26 20:07:41,mobile,/category/electronics,,False
11660,1009,2024-08-04 15:28:49,2024-08-04 15:54:49,desktop,/deals,1,False
11661,631,2025-02-18 06:00:18,2025-02-18 06:33:18,tablet,/category/apparel,,False
11662,587,2025-04-06 05:57:49,2025-04-06 06:23:49,tablet,/category/electronics,,False
11663,,2024-12-27 23:22:00,2024-12-27 23:55:00,desktop,/home,,False
11664,118,2024-03-04 06:35:17,2024-03-04 07:05:17,mobile,/category/electronics,11,True
11665,193,2025-09-16 20:27:48,2025-09-16 20:51:48,desktop,/deals,,False
11666,252,2025-02-15 15:57:12,2025-02-15 16:21:12,tablet,/blog,,True
11667,1438,2025-10-05 06:19:26,2025-10-05 06:45:26,mobile,/product-search,3,True
11668,1076,2025-08-17 17:31:31,2025-08-17 18:00:31,mobile,/deals,,False
11669,103,2025-10-28 13:19:28,2025-10-28 13:45:28,mobile,/home,10,False
11670,,2024-05-10 00:37:03,2024-05-10 00:41:03,tablet,/deals,,False
11671,,2025-05-29 02:07:33,2025-05-29 02:38:33,tablet,/category/electronics,7,False
11672,737,2025-01-31 19:11:15,2025-01-31 19:12:15,tablet,/category/apparel,,False
11673,1216,2025-04-03 03:46:05,2025-04-03 04:20:05,desktop,/category/electronics,,False
11674,,2025-05-10 07:22:39,2025-05-10 07:42:39,tablet,/product-search,,False
11675,,2024-12-27 18:15:49,2024-12-27 18:16:49,desktop,/blog,11,False
11676,1005,2024-12-13 12:32:31,2024-12-13 13:09:31,desktop,/deals,,False
11677,1358,2025-02-22 17:28:04,2025-02-22 17:35:04,mobile,/category/apparel,,True
11678,400,2025-06-23 12:50:56,2025-06-23 12:52:56,tablet,/category/apparel,2,False
11679,,2024-10-23 15:14:23,2024-10-23 15:16:23,tablet,/blog,,False
11680,423,2025-09-18 03:01:00,2025-09-18 03:25:00,tablet,/blog,,False
11681,125,2025-12-31 03:22:30,2025-12-31 03:25:30,tablet,/category/apparel,9,False
11682,,2025-11-29 03:17:01,2025-11-29 03:30:01,tablet,/blog,,False
11683,570,2025-05-25 06:03:38,2025-05-25 06:05:38,desktop,/category/apparel,,False
11684,,2025-06-05 14:17:08,2025-06-05 14:26:08,mobile,/home,10,False
11685,639,2025-09-01 18:44:23,2025-09-01 19:19:23,desktop,/deals,14,False
11686,846,2024-07-04 02:11:44,2024-07-04 02:54:44,desktop,/home,,True
11687,780,2025-02-27 19:01:14,2025-02-27 19:17:14,mobile,/blog,,False
11688,1474,2025-11-21 07:45:55,2025-11-21 08:10:55,desktop,/home,,False
11689,,2025-03-27 06:33:08,2025-03-27 06:38:08,desktop,/product-search,5,False
11690,,2024-03-13 01:08:59,2024-03-13 01:46:59,desktop,/product-search,,False
11691,312,2025-05-08 14:25:46,2025-05-08 14:54:46,tablet,/product-search,2,False
11692,,2024-10-30 04:00:55,2024-10-30 04:02:55,tablet,/product-search,1,False
11693,630,2024-09-18 02:58:06,2024-09-18 03:15:06,tablet,/blog,,False
11694,,2024-09-25 12:03:41,2024-09-25 12:40:41,desktop,/home,,False
11695,211,2025-05-18 08:29:14,2025-05-18 09:14:14,mobile,/category/electronics,,False
11696,994,2025-09-01 02:44:14,2025-09-01 02:47:14,tablet,/category/apparel,3,False
11697,1131,2025-04-16 23:23:42,2025-04-17 00:06:42,mobile,/home,,False
11698,,2024-08-02 11:51:35,2024-08-02 11:57:35,desktop,/home,,False
11699,1231,2025-12-31 10:55:08,2025-12-31 11:24:08,mobile,/home,12,False
11700,1220,2025-11-19 11:39:33,2025-11-19 12:11:33,tablet,/deals,5,False
11701,1411,2025-02-23 06:41:11,2025-02-23 07:14:11,tablet,/category/electronics,,False
11702,1343,2025-11-24 02:05:18,2025-11-24 02:21:18,desktop,/blog,9,True
11703,1372,2025-11-17 18:23:02,2025-11-17 18:53:02,mobile,/category/apparel,,False
11704,293,2025-05-25 19:05:52,2025-05-25 19:34:52,tablet,/category/electronics,14,False
11705,1280,2025-12-12 15:12:54,2025-12-12 15:15:54,desktop,/home,,False
11706,598,2025-01-30 10:48:02,2025-01-30 11:04:02,desktop,/product-search,,False
11707,1026,2025-10-28 13:31:18,2025-10-28 14:15:18,tablet,/blog,10,True
11708,,2025-12-08 04:20:25,2025-12-08 04:52:25,mobile,/home,12,False
11709,1324,2024-06-24 14:49:51,2024-06-24 15:24:51,mobile,/home,15,False
11710,323,2025-12-17 05:59:33,2025-12-17 06:17:33,desktop,/home,,True
11711,1121,2025-12-13 20:12:38,2025-12-13 20:47:38,desktop,/home,,False
11712,1166,2025-07-12 09:47:03,2025-07-12 10:30:03,desktop,/blog,,False
11713,773,2025-12-16 01:18:48,2025-12-16 01:46:48,desktop,/category/apparel,,False
11714,270,2025-05-08 23:45:21,2025-05-09 00:05:21,tablet,/product-search,,False
11715,1325,2025-01-22 17:22:38,2025-01-22 18:00:38,desktop,/product-search,,True
11716,,2025-06-20 16:47:32,2025-06-20 17:15:32,desktop,/category/apparel,12,False
11717,891,2024-09-13 05:32:02,2024-09-13 06:00:02,tablet,/blog,4,False
11718,867,2025-09-24 08:55:22,2025-09-24 08:56:22,mobile,/blog,,False
11719,,2024-06-07 06:01:37,2024-06-07 06:18:37,tablet,/category/electronics,3,False
11720,1033,2024-10-20 19:27:48,2024-10-20 20:00:48,desktop,/product-search,,False
11721,699,2025-04-22 07:41:36,2025-04-22 08:12:36,tablet,/category/electronics,6,True
11722,905,2025-05-02 09:10:30,2025-05-02 09:46:30,desktop,/product-search,15,False
11723,,2025-01-09 17:00:31,2025-01-09 17:33:31,desktop,/category/electronics,,False
11724,556,2025-09-07 04:45:53,2025-09-07 04:53:53,mobile,/product-search,10,False
11725,335,2025-08-31 09:41:42,2025-08-31 10:14:42,desktop,/product-search,,True
11726,1130,2025-12-28 13:56:59,2025-12-28 13:59:59,desktop,/home,,False
11727,280,2025-12-17 06:13:36,2025-12-17 06:55:36,mobile,/home,,False
11728,,2024-07-14 22:32:49,2024-07-14 22:44:49,mobile,/category/apparel,,False
11729,,2024-11-05 21:15:23,2024-11-05 21:51:23,tablet,/home,,False
11730,43,2025-05-11 08:37:32,2025-05-11 09:21:32,tablet,/home,2,False
11731,1109,2025-12-27 09:37:50,2025-12-27 10:18:50,mobile,/category/electronics,,False
11732,1345,2025-11-29 03:18:15,2025-11-29 03:19:15,tablet,/product-search,,False
11733,,2025-08-07 14:26:28,2025-08-07 14:54:28,desktop,/product-search,,False
11734,838,2025-05-06 03:38:44,2025-05-06 03:43:44,desktop,/category/electronics,,False
11735,,2024-12-12 15:50:38,2024-12-12 16:08:38,mobile,/deals,13,True
11736,1426,2025-10-02 07:32:12,2025-10-02 08:14:12,desktop,/home,,False
11737,,2025-06-13 07:49:36,2025-06-13 08:25:36,desktop,/product-search,13,False
11738,680,2025-08-04 13:10:14,2025-08-04 13:39:14,mobile,/product-search,,False
11739,109,2025-12-11 01:44:18,2025-12-11 02:15:18,tablet,/deals,,False
11740,212,2025-10-19 18:46:58,2025-10-19 18:56:58,mobile,/home,,False
11741,1292,2025-07-01 06:16:29,2025-07-01 06:47:29,desktop,/deals,,False
11742,790,2025-08-05 13:32:38,2025-08-05 13:38:38,desktop,/blog,9,False
11743,830,2025-11-01 11:53:19,2025-11-01 12:38:19,tablet,/deals,4,False
11744,975,2024-10-10 09:26:10,2024-10-10 09:54:10,desktop,/product-search,,True
11745,380,2025-08-10 17:31:07,2025-08-10 17:35:07,desktop,/home,,False
11746,1121,2025-12-06 08:53:31,2025-12-06 08:59:31,tablet,/home,,False
11747,271,2025-05-24 12:15:55,2025-05-24 12:17:55,mobile,/category/electronics,,False
11748,575,2025-06-16 12:04:00,2025-06-16 12:42:00,desktop,/deals,,False
11749,56,2025-11-19 04:39:57,2025-11-19 04:52:57,desktop,/category/electronics,,False
11750,476,2025-07-10 03:04:38,2025-07-10 03:14:38,mobile,/category/electronics,,False
11751,,2025-05-01 02:35:42,2025-05-01 03:00:42,tablet,/category/apparel,15,False
11752,,2025-04-30 02:57:04,2025-04-30 03:11:04,desktop,/deals,,False
11753,,2025-11-19 13:34:06,2025-11-19 14:08:06,mobile,/product-search,,False
11754,,2025-04-20 12:07:32,2025-04-20 12:49:32,desktop,/category/electronics,,False
11755,714,2025-06-10 12:18:56,2025-06-10 12:55:56,desktop,/category/electronics,,False
11756,757,2025-07-04 23:36:41,2025-07-05 00:16:41,tablet,/home,,False
11757,,2025-03-30 09:02:59,2025-03-30 09:17:59,tablet,/category/apparel,14,False
11758,925,2025-07-23 18:30:30,2025-07-23 18:47:30,tablet,/deals,,False
11759,,2025-10-15 16:25:56,2025-10-15 16:42:56,tablet,/blog,12,False
11760,984,2025-10-06 15:56:01,2025-10-06 16:10:01,mobile,/deals,,False
11761,,2025-04-28 18:32:04,2025-04-28 19:05:04,desktop,/category/electronics,,False
11762,329,2025-09-25 15:05:00,2025-09-25 15:41:00,desktop,/category/apparel,3,False
11763,1248,2025-06-22 06:36:31,2025-06-22 06:54:31,tablet,/deals,15,False
11764,975,2025-03-31 11:53:08,2025-03-31 12:09:08,desktop,/deals,2,False
11765,202,2025-10-26 01:24:33,2025-10-26 01:29:33,desktop,/category/apparel,,False
11766,1277,2025-08-23 14:07:17,2025-08-23 14:36:17,desktop,/category/apparel,1,False
11767,69,2024-10-11 04:44:48,2024-10-11 05:23:48,mobile,/category/electronics,,False
11768,513,2025-03-12 09:33:52,2025-03-12 09:35:52,tablet,/category/electronics,12,False
11769,,2024-11-06 04:32:05,2024-11-06 04:52:05,mobile,/deals,,False
11770,1458,2025-12-18 07:06:29,2025-12-18 07:11:29,desktop,/home,13,True
11771,325,2025-03-24 02:13:31,2025-03-24 02:28:31,mobile,/deals,,False
11772,627,2024-11-13 09:28:02,2024-11-13 09:53:02,mobile,/blog,,False
11773,371,2025-11-01 09:05:36,2025-11-01 09:12:36,desktop,/home,,False
11774,742,2025-04-08 06:14:21,2025-04-08 06:43:21,mobile,/deals,,False
11775,206,2025-12-08 06:19:15,2025-12-08 06:55:15,mobile,/product-search,1,False
11776,812,2024-11-05 23:41:07,2024-11-06 00:10:07,mobile,/deals,,False
11777,768,2025-11-02 15:37:25,2025-11-02 16:22:25,desktop,/category/apparel,9,False
11778,1206,2025-12-28 20:00:31,2025-12-28 20:32:31,mobile,/deals,6,False
11779,998,2025-11-30 03:24:30,2025-11-30 03:37:30,desktop,/blog,,False
11780,1416,2025-07-23 13:37:19,2025-07-23 13:40:19,desktop,/home,,False
11781,1297,2025-03-21 05:28:57,2025-03-21 05:38:57,mobile,/product-search,,False
11782,816,2025-11-17 00:27:18,2025-11-17 01:06:18,mobile,/blog,,False
11783,399,2025-11-12 06:47:04,2025-11-12 07:04:04,tablet,/product-search,1,True
11784,488,2025-06-28 22:04:10,2025-06-28 22:48:10,tablet,/deals,,False
11785,1382,2025-09-03 09:01:54,2025-09-03 09:30:54,desktop,/product-search,,False
11786,,2024-02-02 17:02:22,2024-02-02 17:11:22,tablet,/blog,,False
11787,606,2025-03-27 22:16:53,2025-03-27 22:28:53,mobile,/product-search,10,True
11788,818,2024-03-27 02:18:23,2024-03-27 02:41:23,mobile,/deals,,False
11789,1108,2025-06-03 21:49:50,2025-06-03 21:55:50,desktop,/home,6,False
11790,923,2025-09-05 04:25:38,2025-09-05 05:06:38,desktop,/home,2,False
11791,883,2024-06-14 10:41:48,2024-06-14 10:49:48,mobile,/category/apparel,,False
11792,344,2025-06-09 03:39:26,2025-06-09 03:49:26,desktop,/deals,,False
11793,1189,2024-09-27 03:12:58,2024-09-27 03:48:58,desktop,/home,,False
11794,,2025-02-02 00:53:00,2025-02-02 01:23:00,mobile,/category/apparel,,False
11795,,2025-07-08 22:44:52,2025-07-08 23:17:52,mobile,/product-search,,False
11796,1033,2025-11-14 09:28:19,2025-11-14 09:46:19,desktop,/deals,,False
11797,1036,2024-10-10 08:50:34,2024-10-10 09:09:34,mobile,/home,,False
11798,110,2025-06-21 02:19:27,2025-06-21 02:58:27,desktop,/home,,False
11799,678,2025-08-22 23:55:37,2025-08-23 00:21:37,desktop,/home,4,False
11800,,2024-10-28 22:41:48,2024-10-28 22:55:48,desktop,/category/apparel,,False
11801,,2025-07-06 19:58:43,2025-07-06 20:41:43,desktop,/category/apparel,,False
11802,,2025-11-28 10:19:22,2025-11-28 10:50:22,tablet,/blog,11,False
11803,802,2025-07-06 06:42:05,2025-07-06 06:57:05,desktop,/category/electronics,,False
11804,,2025-04-27 16:53:43,2025-04-27 17:15:43,tablet,/home,,False
11805,681,2024-05-27 07:32:18,2024-05-27 07:59:18,desktop,/category/apparel,,True
11806,,2025-01-10 08:22:31,2025-01-10 09:00:31,mobile,/category/apparel,14,False
11807,,2025-05-06 03:05:10,2025-05-06 03:20:10,desktop,/category/electronics,,False
11808,,2025-03-10 00:31:01,2025-03-10 01:00:01,tablet,/category/electronics,,False
11809,915,2025-02-15 00:00:58,2025-02-15 00:29:58,mobile,/category/electronics,13,False
11810,,2025-08-28 13:01:41,2025-08-28 13:45:41,tablet,/blog,,False
11811,,2024-04-29 02:01:18,2024-04-29 02:39:18,desktop,/category/electronics,14,False
11812,1387,2025-12-04 12:26:40,2025-12-04 13:10:40,mobile,/product-search,,False
11813,802,2025-07-10 02:29:32,2025-07-10 03:07:32,mobile,/category/apparel,,False
11814,,2024-07-21 10:44:47,2024-07-21 10:47:47,tablet,/blog,12,True
11815,,2024-07-04 00:27:19,2024-07-04 01:08:19,desktop,/category/electronics,10,False
11816,20,2024-06-25 01:33:44,2024-06-25 01:56:44,desktop,/product-search,13,False
11817,,2025-03-05 08:40:07,2025-03-05 08:55:07,tablet,/product-search,,False
11818,1330,2025-12-29 09:03:05,2025-12-29 09:23:05,mobile,/deals,8,False
11819,,2025-10-29 12:16:11,2025-10-29 12:52:11,mobile,/home,,False
11820,1187,2025-09-15 20:38:12,2025-09-15 20:56:12,mobile,/category/electronics,,False
11821,1331,2025-03-15 13:21:26,2025-03-15 13:50:26,desktop,/category/apparel,,False
11822,239,2025-10-06 02:58:28,2025-10-06 03:38:28,mobile,/category/electronics,,False
11823,532,2025-09-06 14:02:11,2025-09-06 14:06:11,tablet,/product-search,,True
11824,,2024-09-14 02:31:58,2024-09-14 02:32:58,tablet,/blog,,False
11825,,2024-08-13 12:39:41,2024-08-13 12:45:41,desktop,/product-search,,False
11826,1229,2025-10-06 04:40:56,2025-10-06 04:57:56,tablet,/blog,,False
11827,223,2025-07-19 12:23:20,2025-07-19 12:53:20,desktop,/product-search,,False
11828,426,2025-12-10 21:06:10,2025-12-10 21:51:10,mobile,/blog,,False
11829,,2025-05-31 15:04:46,2025-05-31 15:42:46,desktop,/home,,False
11830,,2025-11-06 14:07:55,2025-11-06 14:14:55,desktop,/product-search,,False
11831,,2024-02-28 19:55:09,2024-02-28 19:56:09,tablet,/deals,,False
11832,351,2024-06-04 02:13:26,2024-06-04 02:55:26,mobile,/home,,False
11833,,2025-12-05 03:32:43,2025-12-05 04:09:43,tablet,/product-search,,False
11834,508,2024-06-11 17:29:53,2024-06-11 17:53:53,desktop,/blog,,True
11835,870,2025-03-30 05:17:16,2025-03-30 05:27:16,tablet,/category/apparel,,False
11836,222,2025-06-22 11:50:34,2025-06-22 11:54:34,mobile,/deals,14,False
11837,296,2025-06-11 03:53:52,2025-06-11 04:12:52,tablet,/deals,,True
11838,891,2024-03-27 13:19:39,2024-03-27 13:37:39,tablet,/home,15,True
11839,1142,2025-10-29 00:54:33,2025-10-29 01:31:33,desktop,/home,8,False
11840,1002,2025-12-15 14:53:22,2025-12-15 15:23:22,mobile,/category/electronics,,False
11841,,2025-12-16 13:35:52,2025-12-16 13:59:52,mobile,/category/apparel,,False
11842,,2025-09-02 00:57:01,2025-09-02 01:28:01,desktop,/product-search,,True
11843,,2025-10-15 02:16:32,2025-10-15 02:19:32,tablet,/category/apparel,11,False
11844,,2024-07-05 23:51:38,2024-07-06 00:34:38,desktop,/home,,False
11845,1453,2025-12-05 09:47:56,2025-12-05 09:52:56,desktop,/category/apparel,,False
11846,442,2025-06-29 04:43:01,2025-06-29 04:49:01,tablet,/category/electronics,,True
11847,82,2025-12-15 04:05:05,2025-12-15 04:31:05,tablet,/category/electronics,,False
11848,,2024-06-22 04:55:45,2024-06-22 05:07:45,mobile,/home,6,False
11849,632,2025-06-18 11:52:56,2025-06-18 12:29:56,desktop,/deals,,False
11850,28,2025-06-17 13:31:22,2025-06-17 14:03:22,mobile,/category/electronics,,False
11851,825,2025-07-31 21:25:14,2025-07-31 21:51:14,desktop,/category/electronics,13,False
11852,,2024-12-02 06:47:31,2024-12-02 07:20:31,tablet,/blog,,False
11853,306,2025-12-09 02:52:38,2025-12-09 03:25:38,mobile,/category/apparel,7,False
11854,,2025-11-16 14:49:30,2025-11-16 14:50:30,desktop,/home,,False
11855,,2025-10-08 18:52:20,2025-10-08 19:21:20,desktop,/product-search,2,False
11856,20,2025-05-03 11:32:36,2025-05-03 12:10:36,tablet,/deals,,False
11857,571,2025-11-09 10:15:50,2025-11-09 10:44:50,desktop,/home,,False
11858,787,2025-08-02 06:05:44,2025-08-02 06:35:44,tablet,/deals,,False
11859,667,2025-10-30 16:39:25,2025-10-30 17:13:25,tablet,/home,5,False
11860,160,2025-11-28 00:50:53,2025-11-28 01:10:53,desktop,/category/apparel,6,False
11861,1460,2025-09-07 17:31:58,2025-09-07 18:02:58,desktop,/category/electronics,,True
11862,,2024-02-10 10:01:35,2024-02-10 10:26:35,tablet,/category/electronics,,False
11863,,2024-05-14 01:56:12,2024-05-14 02:16:12,tablet,/category/electronics,,False
11864,,2024-02-18 19:17:30,2024-02-18 19:31:30,mobile,/product-search,,False
11865,,2025-08-08 23:07:49,2025-08-08 23:45:49,mobile,/home,,False
11866,,2024-01-22 17:17:47,2024-01-22 17:37:47,desktop,/home,,False
11867,,2024-08-12 03:06:45,2024-08-12 03:24:45,mobile,/home,,False
11868,,2025-05-06 11:10:49,2025-05-06 11:13:49,desktop,/product-search,,False
11869,1359,2025-05-13 20:17:14,2025-05-13 20:38:14,mobile,/blog,5,False
11870,1058,2025-05-11 06:25:34,2025-05-11 06:59:34,tablet,/category/electronics,,False
11871,,2024-11-12 09:02:42,2024-11-12 09:39:42,desktop,/deals,,False
11872,898,2025-10-22 20:21:22,2025-10-22 20:23:22,mobile,/category/apparel,,False
11873,,2024-06-30 05:46:25,2024-06-30 06:07:25,tablet,/blog,,False
11874,240,2025-05-22 14:30:06,2025-05-22 15:13:06,mobile,/blog,15,False
11875,966,2025-02-09 12:56:19,2025-02-09 13:37:19,desktop,/product-search,8,False
11876,441,2025-05-16 13:17:48,2025-05-16 14:01:48,mobile,/blog,10,False
11877,515,2024-05-16 14:28:01,2024-05-16 15:11:01,desktop,/category/electronics,,False
11878,547,2024-08-02 14:35:42,2024-08-02 15:14:42,tablet,/product-search,,False
11879,,2024-03-01 21:10:32,2024-03-01 21:20:32,mobile,/blog,,False
11880,336,2025-10-05 13:32:19,2025-10-05 13:40:19,tablet,/category/electronics,13,False
11881,,2025-07-04 19:27:04,2025-07-04 19:43:04,desktop,/category/electronics,14,False
11882,448,2024-07-14 06:07:59,2024-07-14 06:51:59,desktop,/blog,,False
11883,1017,2025-12-11 09:41:58,2025-12-11 09:47:58,desktop,/category/apparel,,True
11884,,2024-11-16 23:08:44,2024-11-16 23:23:44,mobile,/blog,,False
11885,296,2025-04-24 11:56:44,2025-04-24 12:00:44,desktop,/category/apparel,14,False
11886,,2025-11-28 05:04:41,2025-11-28 05:17:41,mobile,/category/apparel,,False
11887,448,2025-05-26 06:57:40,2025-05-26 07:22:40,desktop,/home,13,False
11888,770,2025-11-19 11:49:07,2025-11-19 12:06:07,mobile,/category/apparel,,False
11889,,2025-06-11 23:17:45,2025-06-11 23:28:45,tablet,/category/apparel,,False
11890,,2025-03-21 17:05:51,2025-03-21 17:13:51,tablet,/deals,,False
11891,285,2025-09-01 23:10:33,2025-09-01 23:17:33,tablet,/category/apparel,4,True
11892,,2024-08-24 03:18:12,2024-08-24 03:42:12,desktop,/home,6,False
11893,1345,2025-11-17 16:32:35,2025-11-17 16:59:35,mobile,/blog,10,True
11894,1429,2025-10-07 22:02:27,2025-10-07 22:07:27,mobile,/category/apparel,2,False
11895,663,2025-07-31 11:52:09,2025-07-31 12:11:09,tablet,/category/electronics,5,False
11896,550,2024-07-09 11:59:31,2024-07-09 12:34:31,mobile,/category/electronics,3,False
11897,,2024-12-11 05:53:05,2024-12-11 06:12:05,desktop,/deals,,False
11898,650,2025-06-29 07:02:35,2025-06-29 07:37:35,mobile,/blog,12,False
11899,974,2025-01-20 15:08:02,2025-01-20 15:09:02,mobile,/deals,7,False
11900,268,2025-05-05 05:22:58,2025-05-05 05:34:58,tablet,/category/electronics,,False
11901,,2024-11-16 15:24:00,2024-11-16 15:25:00,desktop,/category/electronics,14,False
11902,,2024-01-27 08:42:48,2024-01-27 09:04:48,tablet,/deals,3,False
11903,,2025-02-11 14:53:00,2025-02-11 15:01:00,tablet,/category/apparel,13,False
11904,818,2025-08-12 10:36:21,2025-08-12 11:17:21,tablet,/category/apparel,,False
11905,1449,2024-10-11 07:24:14,2024-10-11 07:26:14,mobile,/home,,False
11906,392,2025-05-17 03:50:10,2025-05-17 04:22:10,tablet,/deals,13,False
11907,1013,2025-07-17 15:01:04,2025-07-17 15:04:04,desktop,/category/electronics,13,False
11908,1500,2025-01-07 14:54:33,2025-01-07 15:33:33,mobile,/category/apparel,,False
11909,303,2024-12-16 03:59:55,2024-12-16 04:26:55,mobile,/home,,True
11910,21,2024-12-17 19:46:45,2024-12-17 20:08:45,tablet,/blog,1,False
11911,1399,2025-11-18 21:09:06,2025-11-18 21:10:06,tablet,/category/electronics,,False
11912,,2024-04-18 22:25:38,2024-04-18 22:35:38,mobile,/blog,,False
11913,248,2025-01-01 16:28:11,2025-01-01 16:54:11,tablet,/deals,,False
11914,147,2025-11-25 22:10:00,2025-11-25 22:13:00,desktop,/category/electronics,,False
11915,589,2025-11-14 14:40:26,2025-11-14 14:56:26,desktop,/blog,11,False
11916,125,2025-12-31 02:58:08,2025-12-31 03:14:08,mobile,/category/electronics,,False
11917,,2025-01-04 12:40:02,2025-01-04 13:02:02,desktop,/home,,False
11918,1169,2025-03-20 01:02:16,2025-03-20 01:37:16,mobile,/product-search,10,False
11919,667,2025-09-29 21:26:49,2025-09-29 21:54:49,mobile,/home,,True
11920,1325,2025-02-04 22:11:43,2025-02-04 22:24:43,mobile,/product-search,,False
11921,1374,2025-12-08 17:52:05,2025-12-08 18:18:05,desktop,/home,,False
11922,1365,2024-12-05 13:59:32,2024-12-05 14:10:32,desktop,/blog,,False
11923,,2025-03-07 03:11:37,2025-03-07 03:38:37,tablet,/product-search,,False
11924,,2024-09-03 05:49:37,2024-09-03 06:04:37,tablet,/blog,,False
11925,808,2025-08-23 07:04:46,2025-08-23 07:37:46,desktop,/product-search,,False
11926,969,2025-06-03 23:03:42,2025-06-03 23:27:42,desktop,/product-search,,True
11927,203,2025-06-02 08:07:22,2025-06-02 08:24:22,desktop,/deals,3,False
11928,,2025-07-12 03:16:49,2025-07-12 03:33:49,tablet,/product-search,,False
11929,610,2025-11-14 05:09:10,2025-11-14 05:20:10,desktop,/category/electronics,12,False
11930,155,2024-06-28 22:59:57,2024-06-28 23:16:57,tablet,/deals,,False
11931,1465,2024-10-20 14:36:00,2024-10-20 14:59:00,desktop,/product-search,,False
11932,452,2025-08-29 01:47:10,2025-08-29 02:09:10,mobile,/product-search,,False
11933,143,2024-06-23 19:50:46,2024-06-23 20:16:46,desktop,/blog,3,True
11934,1007,2025-10-31 18:35:51,2025-10-31 18:51:51,desktop,/home,11,False
11935,381,2025-12-11 05:09:09,2025-12-11 05:51:09,tablet,/product-search,3,False
11936,1010,2024-05-18 18:17:51,2024-05-18 18:53:51,tablet,/home,,True
11937,216,2025-08-14 05:25:01,2025-08-14 06:08:01,mobile,/home,5,False
11938,,2025-11-08 16:05:29,2025-11-08 16:27:29,tablet,/blog,,False
11939,118,2025-01-01 06:02:58,2025-01-01 06:26:58,desktop,/category/electronics,,False
11940,,2024-03-01 16:42:02,2024-03-01 17:13:02,mobile,/blog,3,False
11941,,2025-05-20 13:17:35,2025-05-20 14:02:35,tablet,/category/apparel,8,True
11942,,2024-01-20 00:10:58,2024-01-20 00:26:58,tablet,/deals,14,False
11943,1493,2025-05-23 03:03:20,2025-05-23 03:25:20,mobile,/category/apparel,1,False
11944,350,2025-11-16 00:54:53,2025-11-16 01:18:53,mobile,/home,,True
11945,,2024-08-31 06:03:28,2024-08-31 06:04:28,tablet,/blog,,False
11946,108,2024-05-12 01:16:38,2024-05-12 01:23:38,mobile,/blog,,True
11947,,2024-09-27 10:26:20,2024-09-27 11:01:20,mobile,/product-search,,False
11948,1376,2025-06-27 23:35:30,2025-06-27 23:52:30,mobile,/product-search,,False
11949,834,2025-10-31 16:09:44,2025-10-31 16:37:44,mobile,/blog,15,False
11950,,2024-03-03 08:32:35,2024-03-03 09:17:35,mobile,/blog,,False
11951,,2024-05-10 03:04:05,2024-05-10 03:12:05,tablet,/deals,14,False
11952,,2024-05-03 22:20:35,2024-05-03 22:50:35,mobile,/category/electronics,4,False
11953,641,2025-07-10 06:12:30,2025-07-10 06:40:30,mobile,/home,13,False
11954,195,2025-12-02 13:40:23,2025-12-02 13:50:23,tablet,/product-search,,False
11955,1133,2025-12-02 06:29:16,2025-12-02 07:14:16,tablet,/category/apparel,11,False
11956,297,2025-12-15 14:33:09,2025-12-15 14:52:09,mobile,/home,13,False
11957,834,2024-09-20 23:32:42,2024-09-21 00:10:42,tablet,/home,,False
11958,,2025-01-08 18:51:56,2025-01-08 19:26:56,desktop,/deals,,False
11959,82,2025-12-22 07:14:54,2025-12-22 07:56:54,mobile,/deals,5,False
11960,330,2025-12-23 01:17:55,2025-12-23 01:38:55,tablet,/home,,False
11961,1117,2025-12-30 00:24:03,2025-12-30 00:47:03,desktop,/category/apparel,15,False
11962,526,2025-11-05 18:02:52,2025-11-05 18:17:52,tablet,/product-search,,False
11963,1409,2024-08-13 19:33:32,2024-08-13 20:01:32,desktop,/category/apparel,12,False
11964,105,2025-02-14 00:39:35,2025-02-14 01:01:35,tablet,/deals,,False
11965,1249,2025-09-10 09:20:39,2025-09-10 09:55:39,desktop,/product-search,2,False
11966,301,2025-10-01 01:31:25,2025-10-01 02:08:25,mobile,/home,6,True
11967,1424,2025-07-13 13:18:28,2025-07-13 13:39:28,mobile,/blog,11,False
11968,987,2025-11-09 14:00:34,2025-11-09 14:31:34,desktop,/deals,4,False
11969,,2024-07-23 20:17:56,2024-07-23 20:51:56,tablet,/category/apparel,12,False
11970,,2024-05-11 14:47:58,2024-05-11 15:13:58,mobile,/category/electronics,15,False
11971,,2024-07-25 02:55:01,2024-07-25 02:56:01,desktop,/blog,,False
11972,785,2025-04-29 12:16:53,2025-04-29 12:54:53,tablet,/product-search,,True
11973,45,2025-01-11 15:02:21,2025-01-11 15:33:21,desktop,/category/electronics,,False
11974,,2024-05-25 15:36:12,2024-05-25 15:56:12,mobile,/category/apparel,,False
11975,,2025-05-30 21:29:42,2025-05-30 21:40:42,desktop,/category/apparel,3,False
11976,,2025-10-23 12:37:42,2025-10-23 13:02:42,tablet,/category/electronics,7,False
11977,,2024-07-12 03:49:05,2024-07-12 04:02:05,tablet,/home,,False
11978,1266,2025-09-24 09:23:47,2025-09-24 09:52:47,mobile,/home,,False
11979,,2025-08-17 14:07:53,2025-08-17 14:39:53,desktop,/blog,,False
11980,1355,2025-11-03 22:37:01,2025-11-03 22:58:01,mobile,/deals,,False
11981,,2025-03-21 22:00:02,2025-03-21 22:19:02,mobile,/home,5,False
11982,,2024-02-13 11:23:13,2024-02-13 12:07:13,mobile,/product-search,11,False
11983,1148,2025-11-06 07:19:35,2025-11-06 07:49:35,mobile,/category/apparel,,True
11984,1498,2024-12-10 18:52:24,2024-12-10 19:21:24,desktop,/category/electronics,,False
11985,387,2025-05-14 13:20:12,2025-05-14 13:21:12,tablet,/category/electronics,2,True
11986,1050,2025-12-21 17:54:04,2025-12-21 18:36:04,mobile,/home,9,False
11987,1300,2025-08-18 20:47:44,2025-08-18 21:05:44,tablet,/deals,13,False
11988,301,2025-10-25 21:51:18,2025-10-25 21:58:18,mobile,/deals,1,False
11989,,2025-07-23 04:07:50,2025-07-23 04:11:50,desktop,/category/electronics,1,False
11990,,2025-03-25 11:31:58,2025-03-25 12:06:58,mobile,/home,3,False
11991,1494,2024-12-07 00:59:27,2024-12-07 01:07:27,tablet,/category/apparel,,False
11992,1079,2025-05-13 13:26:30,2025-05-13 13:59:30,mobile,/home,,True
11993,82,2025-12-18 03:53:11,2025-12-18 04:18:11,tablet,/product-search,,True
11994,879,2025-01-02 07:26:45,2025-01-02 07:56:45,desktop,/category/electronics,,False
11995,1059,2025-12-27 04:40:40,2025-12-27 05:08:40,desktop,/category/apparel,6,False
11996,514,2025-11-23 05:16:28,2025-11-23 05:51:28,desktop,/deals,,False
11997,780,2025-02-20 20:07:02,2025-02-20 20:43:02,tablet,/category/apparel,,False
11998,265,2025-11-02 02:35:00,2025-11-02 02:51:00,tablet,/blog,1,True
11999,,2025-03-22 08:03:39,2025-03-22 08:32:39,tablet,/category/electronics,,False
12000,,2024-03-13 22:33:05,2024-03-13 23:03:05,mobile,/category/apparel,,False
