user_id,signup_date,event_name,event_timestamp
1,2025-02-25,signup,2025-02-25
1,2025-02-25,activated,2025-02-25
2,2025-06-25,signup,2025-06-25
3,2025-10-15,signup,2025-10-15
3,2025-10-15,activated,2025-10-16
3,2025-10-15,engaged,2025-10-25
3,2025-10-15,upgraded,2025-10-25
3,2025-10-15,engaged,2025-11-19
4,2025-10-21,signup,2025-10-21
4,2025-10-21,activated,2025-10-23
4,2025-10-21,engaged,2025-10-22
4,2025-10-21,engaged,2025-11-29
4,2025-10-21,engaged,2025-12-24
5,2025-01-16,signup,2025-01-16
5,2025-01-16,activated,2025-01-18
6,2025-07-10,signup,2025-07-10
7,2025-05-15,signup,2025-05-15
8,2025-12-26,signup,2025-12-26
9,2025-10-28,signup,2025-10-28
9,2025-10-28,activated,2025-10-28
10,2025-11-02,signup,2025-11-02
10,2025-11-02,activated,2025-11-02
10,2025-11-02,engaged,2025-11-06
10,2025-11-02,engaged,2025-12-10
10,2025-11-02,engaged,2026-01-07
11,2024-12-13,signup,2024-12-13
11,2024-12-13,activated,2024-12-14
11,2024-12-13,engaged,2024-12-16
12,2024-09-26,signup,2024-09-26
12,2024-09-26,activated,2024-09-26
13,2025-06-22,signup,2025-06-22
13,2025-06-22,activated,2025-06-23
14,2024-11-26,signup,2024-11-26
14,2024-11-26,activated,2024-11-26
14,2024-11-26,engaged,2024-11-30
14,2024-11-26,engaged,2024-12-30
14,2024-11-26,engaged,2025-02-04
14,2024-11-26,engaged,2025-03-01
15,2025-05-13,signup,2025-05-13
16,2025-06-26,signup,2025-06-26
17,2024-08-31,signup,2024-08-31
17,2024-08-31,activated,2024-09-02
18,2025-11-03,signup,2025-11-03
19,2025-03-03,signup,2025-03-03
19,2025-03-03,activated,2025-03-03
19,2025-03-03,engaged,2025-03-13
19,2025-03-03,engaged,2025-04-07
19,2025-03-03,engaged,2025-05-06
20,2024-12-01,signup,2024-12-01
20,2024-12-01,activated,2024-12-03
20,2024-12-01,engaged,2024-12-08
21,2025-06-11,signup,2025-06-11
21,2025-06-11,activated,2025-06-13
22,2025-05-21,signup,2025-05-21
22,2025-05-21,activated,2025-05-21
23,2025-12-25,signup,2025-12-25
24,2024-11-25,signup,2024-11-25
24,2024-11-25,activated,2024-11-27
24,2024-11-25,engaged,2024-11-25
24,2024-11-25,engaged,2024-12-28
24,2024-11-25,engaged,2025-01-31
25,2025-11-25,signup,2025-11-25
26,2025-06-23,signup,2025-06-23
26,2025-06-23,activated,2025-06-25
26,2025-06-23,engaged,2025-07-03
26,2025-06-23,engaged,2025-08-02
26,2025-06-23,engaged,2025-08-22
27,2024-08-10,signup,2024-08-10
28,2025-12-01,signup,2025-12-01
28,2025-12-01,activated,2025-12-01
29,2025-11-12,signup,2025-11-12
29,2025-11-12,activated,2025-11-15
30,2025-07-15,signup,2025-07-15
30,2025-07-15,activated,2025-07-17
30,2025-07-15,engaged,2025-07-15
31,2025-06-18,signup,2025-06-18
31,2025-06-18,activated,2025-06-19
32,2024-08-15,signup,2024-08-15
32,2024-08-15,activated,2024-08-16
32,2024-08-15,engaged,2024-08-17
32,2024-08-15,engaged,2024-09-15
32,2024-08-15,engaged,2024-10-19
32,2024-08-15,engaged,2024-11-23
32,2024-08-15,engaged,2024-12-16
32,2024-08-15,engaged,2025-01-14
33,2025-12-10,signup,2025-12-10
34,2026-01-07,signup,2026-01-07
35,2024-12-05,signup,2024-12-05
35,2024-12-05,activated,2024-12-08
35,2024-12-05,engaged,2024-12-08
35,2024-12-05,engaged,2025-01-12
35,2024-12-05,engaged,2025-02-08
36,2025-01-25,signup,2025-01-25
37,2024-08-21,signup,2024-08-21
38,2024-09-20,signup,2024-09-20
39,2025-09-15,signup,2025-09-15
39,2025-09-15,activated,2025-09-16
39,2025-09-15,engaged,2025-09-24
39,2025-09-15,engaged,2025-10-17
40,2024-11-24,signup,2024-11-24
40,2024-11-24,activated,2024-11-25
40,2024-11-24,engaged,2024-11-24
40,2024-11-24,engaged,2025-01-03
41,2024-10-02,signup,2024-10-02
41,2024-10-02,activated,2024-10-02
42,2026-01-20,signup,2026-01-20
43,2025-03-14,signup,2025-03-14
44,2025-06-29,signup,2025-06-29
44,2025-06-29,activated,2025-06-29
44,2025-06-29,engaged,2025-06-30
44,2025-06-29,engaged,2025-07-31
45,2024-10-31,signup,2024-10-31
45,2024-10-31,activated,2024-11-02
46,2025-09-16,signup,2025-09-16
46,2025-09-16,activated,2025-09-19
47,2025-05-03,signup,2025-05-03
48,2025-05-09,signup,2025-05-09
49,2024-08-30,signup,2024-08-30
49,2024-08-30,activated,2024-08-31
50,2025-10-23,signup,2025-10-23
51,2025-05-10,signup,2025-05-10
52,2025-11-21,signup,2025-11-21
52,2025-11-21,activated,2025-11-23
52,2025-11-21,engaged,2025-11-23
52,2025-11-21,engaged,2025-12-21
52,2025-11-21,engaged,2026-01-24
53,2025-11-24,signup,2025-11-24
53,2025-11-24,activated,2025-11-25
54,2024-12-24,signup,2024-12-24
54,2024-12-24,activated,2024-12-25
54,2024-12-24,engaged,2024-12-24
54,2024-12-24,engaged,2025-01-25
54,2024-12-24,engaged,2025-03-04
54,2024-12-24,engaged,2025-03-28
55,2024-12-07,signup,2024-12-07
56,2025-02-19,signup,2025-02-19
57,2025-12-11,signup,2025-12-11
57,2025-12-11,activated,2025-12-13
58,2025-03-28,signup,2025-03-28
59,2025-04-13,signup,2025-04-13
59,2025-04-13,activated,2025-04-13
60,2025-10-31,signup,2025-10-31
60,2025-10-31,activated,2025-11-02
60,2025-10-31,engaged,2025-11-02
61,2024-11-10,signup,2024-11-10
61,2024-11-10,activated,2024-11-11
61,2024-11-10,engaged,2024-11-13
62,2025-08-09,signup,2025-08-09
63,2024-08-30,signup,2024-08-30
63,2024-08-30,activated,2024-08-31
63,2024-08-30,engaged,2024-09-03
63,2024-08-30,upgraded,2024-09-03
63,2024-08-30,engaged,2024-10-04
64,2025-07-08,signup,2025-07-08
64,2025-07-08,activated,2025-07-11
64,2025-07-08,engaged,2025-07-11
64,2025-07-08,engaged,2025-08-10
64,2025-07-08,engaged,2025-09-07
65,2025-06-28,signup,2025-06-28
65,2025-06-28,activated,2025-06-29
66,2025-06-22,signup,2025-06-22
66,2025-06-22,activated,2025-06-22
66,2025-06-22,engaged,2025-07-01
67,2026-01-24,signup,2026-01-24
67,2026-01-24,activated,2026-01-27
67,2026-01-24,engaged,2026-01-24
68,2025-11-19,signup,2025-11-19
68,2025-11-19,activated,2025-11-20
69,2025-08-26,signup,2025-08-26
70,2025-08-21,signup,2025-08-21
71,2025-09-05,signup,2025-09-05
72,2026-01-22,signup,2026-01-22
73,2025-05-10,signup,2025-05-10
73,2025-05-10,activated,2025-05-10
73,2025-05-10,engaged,2025-05-13
73,2025-05-10,engaged,2025-06-15
73,2025-05-10,engaged,2025-07-13
73,2025-05-10,engaged,2025-08-12
74,2025-11-08,signup,2025-11-08
75,2024-12-28,signup,2024-12-28
76,2025-11-04,signup,2025-11-04
76,2025-11-04,activated,2025-11-05
76,2025-11-04,engaged,2025-11-06
77,2025-09-07,signup,2025-09-07
78,2025-03-05,signup,2025-03-05
78,2025-03-05,activated,2025-03-07
79,2025-07-06,signup,2025-07-06
79,2025-07-06,activated,2025-07-08
79,2025-07-06,engaged,2025-07-11
79,2025-07-06,upgraded,2025-07-11
79,2025-07-06,engaged,2025-08-05
80,2025-10-11,signup,2025-10-11
80,2025-10-11,activated,2025-10-13
80,2025-10-11,engaged,2025-10-18
80,2025-10-11,engaged,2025-11-20
80,2025-10-11,engaged,2025-12-20
80,2025-10-11,engaged,2026-01-15
81,2025-06-16,signup,2025-06-16
81,2025-06-16,activated,2025-06-17
82,2025-09-08,signup,2025-09-08
83,2025-03-07,signup,2025-03-07
83,2025-03-07,activated,2025-03-08
83,2025-03-07,engaged,2025-03-08
84,2025-11-23,signup,2025-11-23
85,2024-12-25,signup,2024-12-25
85,2024-12-25,activated,2024-12-26
85,2024-12-25,engaged,2024-12-27
86,2026-01-09,signup,2026-01-09
86,2026-01-09,activated,2026-01-12
87,2026-01-13,signup,2026-01-13
88,2025-01-28,signup,2025-01-28
88,2025-01-28,activated,2025-01-31
89,2025-10-19,signup,2025-10-19
89,2025-10-19,activated,2025-10-19
89,2025-10-19,engaged,2025-10-22
89,2025-10-19,engaged,2025-11-19
89,2025-10-19,engaged,2025-12-19
89,2025-10-19,engaged,2026-01-26
90,2025-04-07,signup,2025-04-07
91,2025-10-31,signup,2025-10-31
91,2025-10-31,activated,2025-11-03
91,2025-10-31,engaged,2025-11-10
91,2025-10-31,engaged,2025-12-10
92,2024-11-30,signup,2024-11-30
92,2024-11-30,activated,2024-11-30
92,2024-11-30,engaged,2024-12-07
93,2025-12-20,signup,2025-12-20
94,2025-11-20,signup,2025-11-20
94,2025-11-20,activated,2025-11-20
94,2025-11-20,engaged,2025-11-27
94,2025-11-20,engaged,2025-12-27
95,2024-11-10,signup,2024-11-10
95,2024-11-10,activated,2024-11-13
95,2024-11-10,engaged,2024-11-20
96,2025-06-27,signup,2025-06-27
96,2025-06-27,activated,2025-06-28
96,2025-06-27,engaged,2025-07-02
96,2025-06-27,engaged,2025-07-29
97,2024-12-21,signup,2024-12-21
98,2026-01-19,signup,2026-01-19
99,2024-12-11,signup,2024-12-11
99,2024-12-11,activated,2024-12-11
99,2024-12-11,engaged,2024-12-15
100,2025-07-28,signup,2025-07-28
100,2025-07-28,activated,2025-07-30
101,2025-06-19,signup,2025-06-19
101,2025-06-19,activated,2025-06-19
101,2025-06-19,engaged,2025-06-21
101,2025-06-19,engaged,2025-07-24
101,2025-06-19,engaged,2025-08-25
102,2024-11-12,signup,2024-11-12
103,2024-11-23,signup,2024-11-23
103,2024-11-23,activated,2024-11-23
103,2024-11-23,engaged,2024-11-23
104,2024-08-26,signup,2024-08-26
104,2024-08-26,activated,2024-08-29
105,2024-12-05,signup,2024-12-05
106,2025-01-29,signup,2025-01-29
107,2024-11-09,signup,2024-11-09
108,2025-05-04,signup,2025-05-04
108,2025-05-04,activated,2025-05-05
108,2025-05-04,engaged,2025-05-07
109,2025-11-14,signup,2025-11-14
109,2025-11-14,activated,2025-11-14
109,2025-11-14,engaged,2025-11-14
110,2026-01-10,signup,2026-01-10
110,2026-01-10,activated,2026-01-10
111,2025-07-04,signup,2025-07-04
111,2025-07-04,activated,2025-07-06
111,2025-07-04,engaged,2025-07-10
112,2024-08-03,signup,2024-08-03
112,2024-08-03,activated,2024-08-04
112,2024-08-03,engaged,2024-08-06
113,2025-01-09,signup,2025-01-09
113,2025-01-09,activated,2025-01-09
113,2025-01-09,engaged,2025-01-12
114,2025-12-28,signup,2025-12-28
114,2025-12-28,activated,2025-12-28
115,2025-04-20,signup,2025-04-20
115,2025-04-20,activated,2025-04-23
116,2025-12-16,signup,2025-12-16
117,2026-01-06,signup,2026-01-06
118,2025-08-14,signup,2025-08-14
118,2025-08-14,activated,2025-08-17
119,2025-01-13,signup,2025-01-13
119,2025-01-13,activated,2025-01-15
119,2025-01-13,engaged,2025-01-20
119,2025-01-13,upgraded,2025-01-20
120,2025-06-13,signup,2025-06-13
120,2025-06-13,activated,2025-06-15
121,2026-01-23,signup,2026-01-23
122,2025-08-23,signup,2025-08-23
122,2025-08-23,activated,2025-08-25
122,2025-08-23,engaged,2025-08-28
122,2025-08-23,engaged,2025-10-02
122,2025-08-23,upgraded,2025-10-02
122,2025-08-23,engaged,2025-10-30
123,2025-05-08,signup,2025-05-08
123,2025-05-08,activated,2025-05-11
124,2025-11-06,signup,2025-11-06
124,2025-11-06,activated,2025-11-08
124,2025-11-06,engaged,2025-11-16
125,2025-12-20,signup,2025-12-20
125,2025-12-20,activated,2025-12-20
126,2025-08-27,signup,2025-08-27
126,2025-08-27,activated,2025-08-29
126,2025-08-27,engaged,2025-08-28
127,2025-09-21,signup,2025-09-21
128,2025-03-27,signup,2025-03-27
128,2025-03-27,activated,2025-03-28
128,2025-03-27,engaged,2025-03-28
129,2025-08-21,signup,2025-08-21
129,2025-08-21,activated,2025-08-21
130,2025-06-19,signup,2025-06-19
131,2025-09-13,signup,2025-09-13
131,2025-09-13,activated,2025-09-14
131,2025-09-13,engaged,2025-09-21
131,2025-09-13,engaged,2025-10-23
132,2025-01-17,signup,2025-01-17
132,2025-01-17,activated,2025-01-19
133,2024-08-31,signup,2024-08-31
133,2024-08-31,activated,2024-09-03
134,2025-05-22,signup,2025-05-22
134,2025-05-22,activated,2025-05-25
135,2025-09-02,signup,2025-09-02
135,2025-09-02,activated,2025-09-03
136,2025-07-25,signup,2025-07-25
136,2025-07-25,activated,2025-07-27
136,2025-07-25,engaged,2025-07-31
136,2025-07-25,engaged,2025-09-03
136,2025-07-25,engaged,2025-09-26
137,2025-12-15,signup,2025-12-15
138,2025-06-29,signup,2025-06-29
138,2025-06-29,activated,2025-06-29
138,2025-06-29,engaged,2025-07-05
138,2025-06-29,engaged,2025-08-05
138,2025-06-29,engaged,2025-08-31
138,2025-06-29,engaged,2025-09-29
138,2025-06-29,engaged,2025-10-29
138,2025-06-29,engaged,2025-11-27
138,2025-06-29,engaged,2025-12-29
138,2025-06-29,engaged,2026-01-29
139,2025-09-27,signup,2025-09-27
139,2025-09-27,activated,2025-09-30
140,2025-04-05,signup,2025-04-05
140,2025-04-05,activated,2025-04-08
140,2025-04-05,engaged,2025-04-11
140,2025-04-05,engaged,2025-05-10
141,2025-01-27,signup,2025-01-27
141,2025-01-27,activated,2025-01-29
142,2025-12-30,signup,2025-12-30
142,2025-12-30,activated,2026-01-01
143,2026-01-29,signup,2026-01-29
143,2026-01-29,activated,2026-01-29
143,2026-01-29,engaged,2026-01-30
144,2026-01-24,signup,2026-01-24
144,2026-01-24,activated,2026-01-24
144,2026-01-24,engaged,2026-01-27
145,2025-05-27,signup,2025-05-27
145,2025-05-27,activated,2025-05-27
146,2024-12-09,signup,2024-12-09
146,2024-12-09,activated,2024-12-11
146,2024-12-09,engaged,2024-12-09
146,2024-12-09,engaged,2025-01-16
146,2024-12-09,engaged,2025-02-09
147,2025-08-17,signup,2025-08-17
147,2025-08-17,activated,2025-08-19
148,2025-03-11,signup,2025-03-11
148,2025-03-11,activated,2025-03-14
149,2026-01-03,signup,2026-01-03
150,2025-12-09,signup,2025-12-09
151,2025-08-18,signup,2025-08-18
151,2025-08-18,activated,2025-08-21
152,2025-05-17,signup,2025-05-17
152,2025-05-17,activated,2025-05-18
153,2025-08-28,signup,2025-08-28
153,2025-08-28,activated,2025-08-28
154,2025-12-12,signup,2025-12-12
154,2025-12-12,activated,2025-12-12
154,2025-12-12,engaged,2025-12-22
155,2025-09-11,signup,2025-09-11
155,2025-09-11,activated,2025-09-14
155,2025-09-11,engaged,2025-09-17
156,2025-01-20,signup,2025-01-20
156,2025-01-20,activated,2025-01-21
156,2025-01-20,engaged,2025-01-26
156,2025-01-20,engaged,2025-02-20
157,2025-01-26,signup,2025-01-26
157,2025-01-26,activated,2025-01-27
158,2025-08-19,signup,2025-08-19
159,2026-01-14,signup,2026-01-14
159,2026-01-14,activated,2026-01-16
159,2026-01-14,engaged,2026-01-19
160,2025-12-21,signup,2025-12-21
160,2025-12-21,activated,2025-12-21
160,2025-12-21,engaged,2025-12-22
161,2024-11-20,signup,2024-11-20
162,2025-09-02,signup,2025-09-02
162,2025-09-02,activated,2025-09-02
163,2024-12-12,signup,2024-12-12
164,2025-08-01,signup,2025-08-01
164,2025-08-01,activated,2025-08-03
164,2025-08-01,engaged,2025-08-01
164,2025-08-01,engaged,2025-09-05
164,2025-08-01,engaged,2025-10-05
164,2025-08-01,engaged,2025-11-04
164,2025-08-01,upgraded,2025-11-04
164,2025-08-01,engaged,2025-12-06
165,2025-12-11,signup,2025-12-11
166,2025-11-02,signup,2025-11-02
166,2025-11-02,activated,2025-11-05
167,2026-01-30,signup,2026-01-30
167,2026-01-30,activated,2026-02-01
168,2025-05-04,signup,2025-05-04
168,2025-05-04,activated,2025-05-06
168,2025-05-04,engaged,2025-05-08
168,2025-05-04,engaged,2025-06-05
169,2024-12-17,signup,2024-12-17
169,2024-12-17,activated,2024-12-19
169,2024-12-17,engaged,2024-12-24
170,2025-03-12,signup,2025-03-12
171,2025-06-07,signup,2025-06-07
172,2025-04-02,signup,2025-04-02
173,2025-09-02,signup,2025-09-02
173,2025-09-02,activated,2025-09-05
173,2025-09-02,engaged,2025-09-12
173,2025-09-02,engaged,2025-10-06
173,2025-09-02,engaged,2025-11-11
174,2024-09-03,signup,2024-09-03
174,2024-09-03,activated,2024-09-06
175,2025-06-28,signup,2025-06-28
176,2026-01-04,signup,2026-01-04
177,2024-07-19,signup,2024-07-19
177,2024-07-19,activated,2024-07-22
177,2024-07-19,engaged,2024-07-21
177,2024-07-19,upgraded,2024-07-21
178,2025-07-19,signup,2025-07-19
178,2025-07-19,activated,2025-07-20
178,2025-07-19,engaged,2025-07-23
178,2025-07-19,engaged,2025-08-21
179,2025-02-26,signup,2025-02-26
179,2025-02-26,activated,2025-02-26
179,2025-02-26,engaged,2025-02-26
180,2025-05-24,signup,2025-05-24
180,2025-05-24,activated,2025-05-27
180,2025-05-24,engaged,2025-05-28
181,2025-12-14,signup,2025-12-14
181,2025-12-14,activated,2025-12-17
181,2025-12-14,engaged,2025-12-20
181,2025-12-14,engaged,2026-01-22
182,2026-01-19,signup,2026-01-19
182,2026-01-19,activated,2026-01-21
182,2026-01-19,engaged,2026-01-23
183,2025-05-25,signup,2025-05-25
183,2025-05-25,activated,2025-05-27
183,2025-05-25,engaged,2025-05-27
183,2025-05-25,engaged,2025-06-26
183,2025-05-25,engaged,2025-07-26
184,2025-05-04,signup,2025-05-04
184,2025-05-04,activated,2025-05-06
185,2025-02-25,signup,2025-02-25
185,2025-02-25,activated,2025-02-26
185,2025-02-25,engaged,2025-03-06
185,2025-02-25,engaged,2025-03-27
186,2025-11-01,signup,2025-11-01
186,2025-11-01,activated,2025-11-01
186,2025-11-01,engaged,2025-11-06
186,2025-11-01,engaged,2025-12-07
187,2025-04-30,signup,2025-04-30
187,2025-04-30,activated,2025-05-02
187,2025-04-30,engaged,2025-05-05
188,2025-11-28,signup,2025-11-28
188,2025-11-28,activated,2025-11-28
188,2025-11-28,engaged,2025-12-07
189,2025-09-11,signup,2025-09-11
190,2025-01-31,signup,2025-01-31
191,2025-09-01,signup,2025-09-01
191,2025-09-01,activated,2025-09-02
191,2025-09-01,engaged,2025-09-05
192,2025-04-16,signup,2025-04-16
192,2025-04-16,activated,2025-04-16
192,2025-04-16,engaged,2025-04-24
192,2025-04-16,upgraded,2025-04-24
192,2025-04-16,engaged,2025-05-16
193,2025-11-24,signup,2025-11-24
194,2025-11-07,signup,2025-11-07
195,2025-11-04,signup,2025-11-04
195,2025-11-04,activated,2025-11-06
196,2025-10-18,signup,2025-10-18
196,2025-10-18,activated,2025-10-19
197,2025-02-23,signup,2025-02-23
197,2025-02-23,activated,2025-02-25
197,2025-02-23,engaged,2025-02-28
197,2025-02-23,upgraded,2025-02-28
198,2025-03-13,signup,2025-03-13
198,2025-03-13,activated,2025-03-13
199,2025-08-09,signup,2025-08-09
199,2025-08-09,activated,2025-08-10
199,2025-08-09,engaged,2025-08-12
200,2025-01-03,signup,2025-01-03
201,2024-09-10,signup,2024-09-10
201,2024-09-10,activated,2024-09-13
202,2024-11-01,signup,2024-11-01
202,2024-11-01,activated,2024-11-04
202,2024-11-01,engaged,2024-11-04
203,2026-01-25,signup,2026-01-25
203,2026-01-25,activated,2026-01-27
204,2025-12-17,signup,2025-12-17
204,2025-12-17,activated,2025-12-19
204,2025-12-17,engaged,2025-12-21
204,2025-12-17,engaged,2026-01-24
204,2025-12-17,upgraded,2026-01-24
205,2025-08-14,signup,2025-08-14
206,2025-04-10,signup,2025-04-10
207,2025-06-22,signup,2025-06-22
207,2025-06-22,activated,2025-06-23
207,2025-06-22,engaged,2025-06-24
208,2025-07-03,signup,2025-07-03
209,2025-04-23,signup,2025-04-23
210,2025-02-08,signup,2025-02-08
210,2025-02-08,activated,2025-02-09
210,2025-02-08,engaged,2025-02-11
210,2025-02-08,engaged,2025-03-12
211,2025-04-19,signup,2025-04-19
211,2025-04-19,activated,2025-04-20
211,2025-04-19,engaged,2025-04-26
211,2025-04-19,engaged,2025-05-24
211,2025-04-19,engaged,2025-06-26
211,2025-04-19,engaged,2025-07-25
211,2025-04-19,engaged,2025-08-19
211,2025-04-19,engaged,2025-09-26
211,2025-04-19,engaged,2025-10-16
211,2025-04-19,engaged,2025-11-19
211,2025-04-19,upgraded,2025-11-19
212,2025-10-03,signup,2025-10-03
213,2024-12-26,signup,2024-12-26
214,2025-04-03,signup,2025-04-03
215,2025-09-16,signup,2025-09-16
215,2025-09-16,activated,2025-09-18
215,2025-09-16,engaged,2025-09-18
215,2025-09-16,engaged,2025-10-22
215,2025-09-16,engaged,2025-11-21
215,2025-09-16,engaged,2025-12-23
216,2025-07-23,signup,2025-07-23
217,2025-01-25,signup,2025-01-25
218,2025-11-14,signup,2025-11-14
218,2025-11-14,activated,2025-11-14
219,2024-09-13,signup,2024-09-13
219,2024-09-13,activated,2024-09-14
220,2024-08-27,signup,2024-08-27
220,2024-08-27,activated,2024-08-27
220,2024-08-27,engaged,2024-08-31
220,2024-08-27,engaged,2024-10-02
220,2024-08-27,engaged,2024-10-26
220,2024-08-27,engaged,2024-12-02
220,2024-08-27,engaged,2025-01-04
221,2025-01-11,signup,2025-01-11
221,2025-01-11,activated,2025-01-12
221,2025-01-11,engaged,2025-01-11
221,2025-01-11,engaged,2025-02-11
222,2025-08-03,signup,2025-08-03
222,2025-08-03,activated,2025-08-05
222,2025-08-03,engaged,2025-08-08
223,2025-06-06,signup,2025-06-06
224,2025-07-17,signup,2025-07-17
224,2025-07-17,activated,2025-07-20
225,2025-06-06,signup,2025-06-06
225,2025-06-06,activated,2025-06-08
225,2025-06-06,engaged,2025-06-07
226,2025-02-27,signup,2025-02-27
226,2025-02-27,activated,2025-02-28
226,2025-02-27,engaged,2025-02-28
226,2025-02-27,engaged,2025-03-30
227,2025-11-05,signup,2025-11-05
227,2025-11-05,activated,2025-11-06
227,2025-11-05,engaged,2025-11-07
227,2025-11-05,engaged,2025-12-07
227,2025-11-05,engaged,2026-01-10
228,2025-03-17,signup,2025-03-17
229,2025-03-13,signup,2025-03-13
230,2024-08-20,signup,2024-08-20
231,2025-02-21,signup,2025-02-21
231,2025-02-21,activated,2025-02-23
231,2025-02-21,engaged,2025-02-24
231,2025-02-21,engaged,2025-03-23
231,2025-02-21,engaged,2025-04-27
231,2025-02-21,upgraded,2025-04-27
231,2025-02-21,engaged,2025-05-22
232,2025-07-30,signup,2025-07-30
233,2025-02-19,signup,2025-02-19
233,2025-02-19,activated,2025-02-20
234,2025-12-12,signup,2025-12-12
235,2025-04-15,signup,2025-04-15
235,2025-04-15,activated,2025-04-18
235,2025-04-15,engaged,2025-04-19
235,2025-04-15,upgraded,2025-04-19
235,2025-04-15,engaged,2025-05-24
236,2025-11-08,signup,2025-11-08
236,2025-11-08,activated,2025-11-08
237,2025-07-03,signup,2025-07-03
238,2024-10-14,signup,2024-10-14
239,2025-01-03,signup,2025-01-03
239,2025-01-03,activated,2025-01-03
240,2025-11-04,signup,2025-11-04
241,2025-09-24,signup,2025-09-24
241,2025-09-24,activated,2025-09-24
242,2025-07-01,signup,2025-07-01
242,2025-07-01,activated,2025-07-03
242,2025-07-01,engaged,2025-07-07
243,2024-10-10,signup,2024-10-10
243,2024-10-10,activated,2024-10-10
243,2024-10-10,engaged,2024-10-18
243,2024-10-10,engaged,2024-11-14
244,2025-04-04,signup,2025-04-04
245,2025-10-22,signup,2025-10-22
245,2025-10-22,activated,2025-10-23
246,2025-05-07,signup,2025-05-07
246,2025-05-07,activated,2025-05-09
246,2025-05-07,engaged,2025-05-14
246,2025-05-07,upgraded,2025-05-14
247,2025-06-09,signup,2025-06-09
247,2025-06-09,activated,2025-06-11
247,2025-06-09,engaged,2025-06-19
248,2025-08-21,signup,2025-08-21
248,2025-08-21,activated,2025-08-24
249,2026-01-24,signup,2026-01-24
249,2026-01-24,activated,2026-01-25
249,2026-01-24,engaged,2026-01-31
249,2026-01-24,upgraded,2026-01-31
250,2025-10-11,signup,2025-10-11
250,2025-10-11,activated,2025-10-14
251,2026-01-12,signup,2026-01-12
251,2026-01-12,activated,2026-01-14
252,2025-02-27,signup,2025-02-27
252,2025-02-27,activated,2025-03-02
252,2025-02-27,engaged,2025-03-03
252,2025-02-27,engaged,2025-04-07
252,2025-02-27,engaged,2025-05-05
252,2025-02-27,engaged,2025-06-06
252,2025-02-27,engaged,2025-07-07
252,2025-02-27,engaged,2025-07-28
252,2025-02-27,engaged,2025-08-28
252,2025-02-27,engaged,2025-09-29
252,2025-02-27,engaged,2025-10-31
252,2025-02-27,engaged,2025-11-26
252,2025-02-27,engaged,2025-12-24
252,2025-02-27,upgraded,2025-12-24
252,2025-02-27,engaged,2026-01-25
253,2025-02-25,signup,2025-02-25
253,2025-02-25,activated,2025-02-25
253,2025-02-25,engaged,2025-03-07
253,2025-02-25,engaged,2025-04-01
254,2025-07-24,signup,2025-07-24
254,2025-07-24,activated,2025-07-26
254,2025-07-24,engaged,2025-07-26
254,2025-07-24,engaged,2025-09-02
254,2025-07-24,engaged,2025-09-27
254,2025-07-24,engaged,2025-10-30
254,2025-07-24,engaged,2025-11-23
254,2025-07-24,engaged,2025-12-28
255,2025-09-03,signup,2025-09-03
255,2025-09-03,activated,2025-09-03
255,2025-09-03,engaged,2025-09-03
255,2025-09-03,engaged,2025-10-06
255,2025-09-03,engaged,2025-11-11
256,2024-09-21,signup,2024-09-21
257,2025-11-11,signup,2025-11-11
257,2025-11-11,activated,2025-11-14
258,2025-03-05,signup,2025-03-05
259,2025-05-13,signup,2025-05-13
260,2025-12-27,signup,2025-12-27
260,2025-12-27,activated,2025-12-30
260,2025-12-27,engaged,2025-12-27
261,2026-01-04,signup,2026-01-04
261,2026-01-04,activated,2026-01-06
261,2026-01-04,engaged,2026-01-11
262,2025-12-27,signup,2025-12-27
262,2025-12-27,activated,2025-12-30
263,2025-04-14,signup,2025-04-14
264,2025-07-03,signup,2025-07-03
264,2025-07-03,activated,2025-07-03
264,2025-07-03,engaged,2025-07-03
265,2025-11-05,signup,2025-11-05
265,2025-11-05,activated,2025-11-05
266,2025-11-23,signup,2025-11-23
266,2025-11-23,activated,2025-11-24
266,2025-11-23,engaged,2025-11-30
267,2025-09-15,signup,2025-09-15
267,2025-09-15,activated,2025-09-16
267,2025-09-15,engaged,2025-09-23
267,2025-09-15,engaged,2025-10-15
267,2025-09-15,upgraded,2025-10-15
267,2025-09-15,engaged,2025-11-23
267,2025-09-15,engaged,2025-12-24
268,2025-03-29,signup,2025-03-29
268,2025-03-29,activated,2025-04-01
268,2025-03-29,engaged,2025-04-08
268,2025-03-29,engaged,2025-05-04
268,2025-03-29,engaged,2025-05-28
269,2025-09-05,signup,2025-09-05
269,2025-09-05,activated,2025-09-07
270,2025-06-17,signup,2025-06-17
271,2025-07-05,signup,2025-07-05
271,2025-07-05,activated,2025-07-05
271,2025-07-05,engaged,2025-07-12
271,2025-07-05,upgraded,2025-07-12
271,2025-07-05,engaged,2025-08-10
272,2025-05-31,signup,2025-05-31
272,2025-05-31,activated,2025-06-03
272,2025-05-31,engaged,2025-06-05
272,2025-05-31,engaged,2025-07-09
272,2025-05-31,engaged,2025-08-04
272,2025-05-31,upgraded,2025-08-04
272,2025-05-31,engaged,2025-09-03
272,2025-05-31,engaged,2025-10-01
273,2025-06-29,signup,2025-06-29
274,2025-06-14,signup,2025-06-14
274,2025-06-14,activated,2025-06-17
274,2025-06-14,engaged,2025-06-24
274,2025-06-14,engaged,2025-07-23
274,2025-06-14,engaged,2025-08-18
274,2025-06-14,engaged,2025-09-20
274,2025-06-14,engaged,2025-10-16
275,2024-08-20,signup,2024-08-20
276,2024-08-25,signup,2024-08-25
276,2024-08-25,activated,2024-08-27
277,2025-01-07,signup,2025-01-07
277,2025-01-07,activated,2025-01-10
278,2025-07-08,signup,2025-07-08
278,2025-07-08,activated,2025-07-10
279,2025-10-23,signup,2025-10-23
279,2025-10-23,activated,2025-10-25
279,2025-10-23,engaged,2025-10-25
280,2024-08-01,signup,2024-08-01
280,2024-08-01,activated,2024-08-02
281,2025-08-16,signup,2025-08-16
282,2024-10-16,signup,2024-10-16
282,2024-10-16,activated,2024-10-16
283,2025-06-03,signup,2025-06-03
283,2025-06-03,activated,2025-06-05
283,2025-06-03,engaged,2025-06-07
283,2025-06-03,engaged,2025-07-10
283,2025-06-03,engaged,2025-08-12
283,2025-06-03,engaged,2025-09-04
284,2025-12-10,signup,2025-12-10
284,2025-12-10,activated,2025-12-13
285,2025-08-13,signup,2025-08-13
285,2025-08-13,activated,2025-08-16
286,2025-12-01,signup,2025-12-01
287,2025-06-02,signup,2025-06-02
287,2025-06-02,activated,2025-06-04
288,2025-06-29,signup,2025-06-29
288,2025-06-29,activated,2025-06-29
288,2025-06-29,engaged,2025-07-09
288,2025-06-29,engaged,2025-07-31
289,2024-11-14,signup,2024-11-14
289,2024-11-14,activated,2024-11-14
289,2024-11-14,engaged,2024-11-18
289,2024-11-14,engaged,2024-12-16
290,2024-12-19,signup,2024-12-19
291,2025-09-08,signup,2025-09-08
291,2025-09-08,activated,2025-09-11
292,2025-09-06,signup,2025-09-06
293,2025-11-09,signup,2025-11-09
293,2025-11-09,activated,2025-11-10
293,2025-11-09,engaged,2025-11-19
294,2026-01-12,signup,2026-01-12
294,2026-01-12,activated,2026-01-13
294,2026-01-12,engaged,2026-01-13
295,2025-04-19,signup,2025-04-19
295,2025-04-19,activated,2025-04-22
295,2025-04-19,engaged,2025-04-25
295,2025-04-19,engaged,2025-05-27
296,2025-08-08,signup,2025-08-08
296,2025-08-08,activated,2025-08-09
296,2025-08-08,engaged,2025-08-11
296,2025-08-08,engaged,2025-09-15
296,2025-08-08,engaged,2025-10-12
296,2025-08-08,engaged,2025-11-13
297,2025-11-08,signup,2025-11-08
297,2025-11-08,activated,2025-11-09
297,2025-11-08,engaged,2025-11-08
298,2025-02-03,signup,2025-02-03
299,2025-07-22,signup,2025-07-22
299,2025-07-22,activated,2025-07-22
300,2025-09-11,signup,2025-09-11
300,2025-09-11,activated,2025-09-11
301,2024-11-28,signup,2024-11-28
301,2024-11-28,activated,2024-11-29
302,2025-08-08,signup,2025-08-08
303,2024-10-09,signup,2024-10-09
304,2025-05-08,signup,2025-05-08
305,2026-01-23,signup,2026-01-23
305,2026-01-23,activated,2026-01-23
306,2025-10-30,signup,2025-10-30
306,2025-10-30,activated,2025-11-01
307,2024-12-14,signup,2024-12-14
307,2024-12-14,activated,2024-12-17
307,2024-12-14,engaged,2024-12-22
307,2024-12-14,engaged,2025-01-17
307,2024-12-14,engaged,2025-02-12
307,2024-12-14,upgraded,2025-02-12
307,2024-12-14,engaged,2025-03-18
308,2024-10-24,signup,2024-10-24
309,2024-12-17,signup,2024-12-17
309,2024-12-17,activated,2024-12-18
309,2024-12-17,engaged,2024-12-21
309,2024-12-17,engaged,2025-01-21
310,2025-02-10,signup,2025-02-10
311,2025-10-30,signup,2025-10-30
311,2025-10-30,activated,2025-11-01
311,2025-10-30,engaged,2025-10-31
311,2025-10-30,engaged,2025-12-01
311,2025-10-30,engaged,2026-01-04
312,2025-04-19,signup,2025-04-19
313,2025-11-30,signup,2025-11-30
313,2025-11-30,activated,2025-12-02
313,2025-11-30,engaged,2025-12-08
313,2025-11-30,engaged,2026-01-03
314,2025-09-29,signup,2025-09-29
314,2025-09-29,activated,2025-10-02
314,2025-09-29,engaged,2025-10-08
314,2025-09-29,engaged,2025-10-29
314,2025-09-29,upgraded,2025-10-29
314,2025-09-29,engaged,2025-12-03
315,2025-10-15,signup,2025-10-15
316,2025-10-05,signup,2025-10-05
316,2025-10-05,activated,2025-10-06
317,2025-02-03,signup,2025-02-03
317,2025-02-03,activated,2025-02-06
317,2025-02-03,engaged,2025-02-12
317,2025-02-03,engaged,2025-03-09
317,2025-02-03,engaged,2025-04-07
317,2025-02-03,upgraded,2025-04-07
317,2025-02-03,engaged,2025-05-10
317,2025-02-03,engaged,2025-06-09
317,2025-02-03,engaged,2025-07-09
317,2025-02-03,engaged,2025-08-08
317,2025-02-03,engaged,2025-09-09
318,2025-08-23,signup,2025-08-23
318,2025-08-23,activated,2025-08-25
318,2025-08-23,engaged,2025-08-23
318,2025-08-23,engaged,2025-09-30
318,2025-08-23,engaged,2025-10-26
318,2025-08-23,upgraded,2025-10-26
319,2024-10-09,signup,2024-10-09
319,2024-10-09,activated,2024-10-09
319,2024-10-09,engaged,2024-10-18
319,2024-10-09,engaged,2024-11-11
319,2024-10-09,upgraded,2024-11-11
319,2024-10-09,engaged,2024-12-13
319,2024-10-09,engaged,2025-01-08
320,2025-01-01,signup,2025-01-01
321,2025-08-23,signup,2025-08-23
322,2025-07-31,signup,2025-07-31
322,2025-07-31,activated,2025-08-03
322,2025-07-31,engaged,2025-08-06
323,2026-01-09,signup,2026-01-09
324,2026-01-23,signup,2026-01-23
325,2025-08-08,signup,2025-08-08
325,2025-08-08,activated,2025-08-09
326,2026-01-09,signup,2026-01-09
326,2026-01-09,activated,2026-01-09
326,2026-01-09,engaged,2026-01-11
327,2024-09-09,signup,2024-09-09
327,2024-09-09,activated,2024-09-10
328,2024-10-23,signup,2024-10-23
328,2024-10-23,activated,2024-10-23
329,2025-10-16,signup,2025-10-16
329,2025-10-16,activated,2025-10-19
330,2025-11-15,signup,2025-11-15
331,2025-10-16,signup,2025-10-16
331,2025-10-16,activated,2025-10-17
331,2025-10-16,engaged,2025-10-17
332,2024-08-15,signup,2024-08-15
333,2026-01-27,signup,2026-01-27
333,2026-01-27,activated,2026-01-29
333,2026-01-27,engaged,2026-01-28
334,2025-04-06,signup,2025-04-06
334,2025-04-06,activated,2025-04-09
334,2025-04-06,engaged,2025-04-10
334,2025-04-06,engaged,2025-05-16
335,2025-05-14,signup,2025-05-14
335,2025-05-14,activated,2025-05-14
335,2025-05-14,engaged,2025-05-18
335,2025-05-14,engaged,2025-06-17
335,2025-05-14,engaged,2025-07-18
335,2025-05-14,engaged,2025-08-17
335,2025-05-14,engaged,2025-09-16
335,2025-05-14,engaged,2025-10-19
335,2025-05-14,engaged,2025-11-17
336,2025-01-03,signup,2025-01-03
337,2025-03-12,signup,2025-03-12
337,2025-03-12,activated,2025-03-14
338,2025-09-14,signup,2025-09-14
339,2025-03-22,signup,2025-03-22
340,2025-12-13,signup,2025-12-13
340,2025-12-13,activated,2025-12-15
341,2025-12-19,signup,2025-12-19
342,2025-12-17,signup,2025-12-17
342,2025-12-17,activated,2025-12-17
343,2025-11-15,signup,2025-11-15
343,2025-11-15,activated,2025-11-15
343,2025-11-15,engaged,2025-11-23
343,2025-11-15,engaged,2025-12-24
344,2025-12-02,signup,2025-12-02
344,2025-12-02,activated,2025-12-04
344,2025-12-02,engaged,2025-12-10
345,2025-07-01,signup,2025-07-01
345,2025-07-01,activated,2025-07-04
345,2025-07-01,engaged,2025-07-06
345,2025-07-01,engaged,2025-08-02
345,2025-07-01,engaged,2025-08-31
345,2025-07-01,engaged,2025-10-06
345,2025-07-01,upgraded,2025-10-06
345,2025-07-01,engaged,2025-11-06
345,2025-07-01,engaged,2025-12-02
345,2025-07-01,engaged,2026-01-06
346,2025-08-30,signup,2025-08-30
346,2025-08-30,activated,2025-09-01
346,2025-08-30,engaged,2025-09-02
346,2025-08-30,engaged,2025-10-07
346,2025-08-30,upgraded,2025-10-07
346,2025-08-30,engaged,2025-11-05
346,2025-08-30,engaged,2025-12-04
346,2025-08-30,engaged,2025-12-30
347,2025-08-24,signup,2025-08-24
348,2025-01-14,signup,2025-01-14
348,2025-01-14,activated,2025-01-14
349,2026-01-16,signup,2026-01-16
349,2026-01-16,activated,2026-01-17
349,2026-01-16,engaged,2026-01-23
350,2024-09-29,signup,2024-09-29
351,2025-03-26,signup,2025-03-26
352,2025-10-11,signup,2025-10-11
352,2025-10-11,activated,2025-10-12
353,2025-12-11,signup,2025-12-11
353,2025-12-11,activated,2025-12-13
353,2025-12-11,engaged,2025-12-14
354,2025-09-10,signup,2025-09-10
354,2025-09-10,activated,2025-09-13
354,2025-09-10,engaged,2025-09-10
355,2025-08-03,signup,2025-08-03
355,2025-08-03,activated,2025-08-03
355,2025-08-03,engaged,2025-08-12
356,2026-01-20,signup,2026-01-20
356,2026-01-20,activated,2026-01-20
356,2026-01-20,engaged,2026-01-28
357,2025-05-01,signup,2025-05-01
358,2024-11-23,signup,2024-11-23
358,2024-11-23,activated,2024-11-25
359,2025-12-10,signup,2025-12-10
359,2025-12-10,activated,2025-12-10
360,2025-12-16,signup,2025-12-16
361,2026-01-07,signup,2026-01-07
362,2025-09-26,signup,2025-09-26
362,2025-09-26,activated,2025-09-27
362,2025-09-26,engaged,2025-10-06
363,2025-04-20,signup,2025-04-20
363,2025-04-20,activated,2025-04-22
364,2025-01-08,signup,2025-01-08
365,2025-08-05,signup,2025-08-05
366,2025-05-20,signup,2025-05-20
366,2025-05-20,activated,2025-05-23
366,2025-05-20,engaged,2025-05-25
366,2025-05-20,upgraded,2025-05-25
366,2025-05-20,engaged,2025-06-19
366,2025-05-20,engaged,2025-07-22
367,2026-01-09,signup,2026-01-09
367,2026-01-09,activated,2026-01-09
368,2025-07-09,signup,2025-07-09
368,2025-07-09,activated,2025-07-12
368,2025-07-09,engaged,2025-07-13
368,2025-07-09,engaged,2025-08-10
368,2025-07-09,engaged,2025-09-12
369,2026-01-18,signup,2026-01-18
369,2026-01-18,activated,2026-01-20
370,2025-03-04,signup,2025-03-04
370,2025-03-04,activated,2025-03-04
371,2025-07-21,signup,2025-07-21
371,2025-07-21,activated,2025-07-24
372,2025-11-20,signup,2025-11-20
372,2025-11-20,activated,2025-11-22
372,2025-11-20,engaged,2025-11-29
372,2025-11-20,engaged,2025-12-20
373,2026-01-27,signup,2026-01-27
373,2026-01-27,activated,2026-01-30
373,2026-01-27,engaged,2026-01-28
374,2025-04-13,signup,2025-04-13
374,2025-04-13,activated,2025-04-16
374,2025-04-13,engaged,2025-04-20
374,2025-04-13,engaged,2025-05-15
375,2025-12-30,signup,2025-12-30
376,2026-01-07,signup,2026-01-07
376,2026-01-07,activated,2026-01-10
376,2026-01-07,engaged,2026-01-14
377,2025-06-08,signup,2025-06-08
378,2025-07-15,signup,2025-07-15
378,2025-07-15,activated,2025-07-18
379,2025-07-22,signup,2025-07-22
380,2025-07-27,signup,2025-07-27
380,2025-07-27,activated,2025-07-29
380,2025-07-27,engaged,2025-08-01
380,2025-07-27,engaged,2025-08-26
381,2026-01-22,signup,2026-01-22
381,2026-01-22,activated,2026-01-25
381,2026-01-22,engaged,2026-01-25
382,2025-06-06,signup,2025-06-06
382,2025-06-06,activated,2025-06-09
382,2025-06-06,engaged,2025-06-15
383,2025-12-10,signup,2025-12-10
383,2025-12-10,activated,2025-12-13
384,2025-06-09,signup,2025-06-09
385,2025-03-21,signup,2025-03-21
385,2025-03-21,activated,2025-03-23
385,2025-03-21,engaged,2025-03-25
385,2025-03-21,upgraded,2025-03-25
385,2025-03-21,engaged,2025-04-27
386,2026-01-30,signup,2026-01-30
386,2026-01-30,activated,2026-02-01
387,2025-08-15,signup,2025-08-15
388,2025-07-11,signup,2025-07-11
388,2025-07-11,activated,2025-07-12
389,2025-04-16,signup,2025-04-16
389,2025-04-16,activated,2025-04-19
390,2025-09-18,signup,2025-09-18
391,2025-05-17,signup,2025-05-17
391,2025-05-17,activated,2025-05-17
391,2025-05-17,engaged,2025-05-20
391,2025-05-17,engaged,2025-06-26
392,2026-01-06,signup,2026-01-06
393,2024-08-31,signup,2024-08-31
394,2025-07-05,signup,2025-07-05
395,2026-01-23,signup,2026-01-23
395,2026-01-23,activated,2026-01-23
395,2026-01-23,engaged,2026-01-29
396,2025-12-08,signup,2025-12-08
396,2025-12-08,activated,2025-12-08
396,2025-12-08,engaged,2025-12-17
396,2025-12-08,upgraded,2025-12-17
396,2025-12-08,engaged,2026-01-17
397,2025-04-03,signup,2025-04-03
397,2025-04-03,activated,2025-04-06
398,2024-09-27,signup,2024-09-27
398,2024-09-27,activated,2024-09-28
398,2024-09-27,engaged,2024-10-05
398,2024-09-27,engaged,2024-11-06
399,2025-05-08,signup,2025-05-08
399,2025-05-08,activated,2025-05-11
400,2026-01-02,signup,2026-01-02
400,2026-01-02,activated,2026-01-03
400,2026-01-02,engaged,2026-01-10
401,2025-12-15,signup,2025-12-15
401,2025-12-15,activated,2025-12-17
402,2024-10-27,signup,2024-10-27
402,2024-10-27,activated,2024-10-30
402,2024-10-27,engaged,2024-11-06
402,2024-10-27,engaged,2024-11-29
403,2025-09-25,signup,2025-09-25
403,2025-09-25,activated,2025-09-27
404,2026-01-29,signup,2026-01-29
404,2026-01-29,activated,2026-01-30
405,2025-05-21,signup,2025-05-21
406,2025-06-03,signup,2025-06-03
406,2025-06-03,activated,2025-06-05
407,2025-08-18,signup,2025-08-18
407,2025-08-18,activated,2025-08-19
407,2025-08-18,engaged,2025-08-27
407,2025-08-18,engaged,2025-09-23
407,2025-08-18,engaged,2025-10-17
407,2025-08-18,upgraded,2025-10-17
407,2025-08-18,engaged,2025-11-19
407,2025-08-18,engaged,2025-12-22
407,2025-08-18,engaged,2026-01-16
408,2026-01-09,signup,2026-01-09
408,2026-01-09,activated,2026-01-12
409,2024-11-15,signup,2024-11-15
410,2026-01-26,signup,2026-01-26
411,2025-05-20,signup,2025-05-20
411,2025-05-20,activated,2025-05-23
411,2025-05-20,engaged,2025-05-29
411,2025-05-20,engaged,2025-06-21
412,2024-12-29,signup,2024-12-29
412,2024-12-29,activated,2024-12-30
412,2024-12-29,engaged,2024-12-30
413,2025-04-13,signup,2025-04-13
414,2025-03-23,signup,2025-03-23
415,2025-10-16,signup,2025-10-16
415,2025-10-16,activated,2025-10-16
415,2025-10-16,engaged,2025-10-16
415,2025-10-16,engaged,2025-11-21
416,2025-10-28,signup,2025-10-28
416,2025-10-28,activated,2025-10-29
416,2025-10-28,engaged,2025-11-03
416,2025-10-28,engaged,2025-11-27
417,2025-12-18,signup,2025-12-18
418,2025-09-21,signup,2025-09-21
419,2025-05-25,signup,2025-05-25
419,2025-05-25,activated,2025-05-25
420,2025-06-21,signup,2025-06-21
421,2025-02-10,signup,2025-02-10
421,2025-02-10,activated,2025-02-10
422,2024-10-23,signup,2024-10-23
422,2024-10-23,activated,2024-10-26
423,2025-10-24,signup,2025-10-24
423,2025-10-24,activated,2025-10-26
423,2025-10-24,engaged,2025-10-29
424,2025-10-22,signup,2025-10-22
424,2025-10-22,activated,2025-10-25
424,2025-10-22,engaged,2025-10-27
425,2025-10-26,signup,2025-10-26
425,2025-10-26,activated,2025-10-26
425,2025-10-26,engaged,2025-10-26
426,2025-01-23,signup,2025-01-23
426,2025-01-23,activated,2025-01-25
426,2025-01-23,engaged,2025-02-01
426,2025-01-23,engaged,2025-02-24
427,2025-05-06,signup,2025-05-06
427,2025-05-06,activated,2025-05-08
428,2026-01-03,signup,2026-01-03
428,2026-01-03,activated,2026-01-04
428,2026-01-03,engaged,2026-01-04
429,2024-10-02,signup,2024-10-02
430,2025-11-08,signup,2025-11-08
430,2025-11-08,activated,2025-11-08
431,2024-12-25,signup,2024-12-25
432,2025-11-05,signup,2025-11-05
432,2025-11-05,activated,2025-11-08
433,2025-12-23,signup,2025-12-23
433,2025-12-23,activated,2025-12-25
434,2026-01-13,signup,2026-01-13
435,2025-07-06,signup,2025-07-06
435,2025-07-06,activated,2025-07-08
436,2025-10-20,signup,2025-10-20
437,2024-09-05,signup,2024-09-05
438,2024-10-30,signup,2024-10-30
438,2024-10-30,activated,2024-10-30
438,2024-10-30,engaged,2024-11-09
438,2024-10-30,engaged,2024-12-06
439,2024-12-12,signup,2024-12-12
440,2025-08-08,signup,2025-08-08
440,2025-08-08,activated,2025-08-11
440,2025-08-08,engaged,2025-08-08
440,2025-08-08,upgraded,2025-08-08
440,2025-08-08,engaged,2025-09-07
440,2025-08-08,engaged,2025-10-09
440,2025-08-08,engaged,2025-11-09
440,2025-08-08,engaged,2025-12-15
441,2025-11-29,signup,2025-11-29
442,2025-11-11,signup,2025-11-11
442,2025-11-11,activated,2025-11-11
442,2025-11-11,engaged,2025-11-13
442,2025-11-11,engaged,2025-12-18
442,2025-11-11,engaged,2026-01-15
443,2025-10-28,signup,2025-10-28
443,2025-10-28,activated,2025-10-30
443,2025-10-28,engaged,2025-10-30
443,2025-10-28,engaged,2025-12-06
443,2025-10-28,engaged,2025-12-29
443,2025-10-28,engaged,2026-01-31
444,2025-04-29,signup,2025-04-29
445,2025-05-16,signup,2025-05-16
446,2026-01-09,signup,2026-01-09
446,2026-01-09,activated,2026-01-10
447,2025-10-26,signup,2025-10-26
448,2025-06-29,signup,2025-06-29
448,2025-06-29,activated,2025-06-29
449,2025-02-12,signup,2025-02-12
450,2025-11-09,signup,2025-11-09
450,2025-11-09,activated,2025-11-11
451,2025-07-23,signup,2025-07-23
452,2024-10-11,signup,2024-10-11
452,2024-10-11,activated,2024-10-14
453,2025-08-14,signup,2025-08-14
454,2025-07-27,signup,2025-07-27
454,2025-07-27,activated,2025-07-30
455,2025-04-01,signup,2025-04-01
455,2025-04-01,activated,2025-04-01
455,2025-04-01,engaged,2025-04-10
455,2025-04-01,engaged,2025-05-01
455,2025-04-01,engaged,2025-06-09
456,2025-11-14,signup,2025-11-14
456,2025-11-14,activated,2025-11-14
457,2024-09-18,signup,2024-09-18
458,2025-05-09,signup,2025-05-09
458,2025-05-09,activated,2025-05-12
459,2025-09-11,signup,2025-09-11
460,2025-07-30,signup,2025-07-30
460,2025-07-30,activated,2025-07-30
460,2025-07-30,engaged,2025-08-04
460,2025-07-30,engaged,2025-08-31
460,2025-07-30,engaged,2025-10-02
460,2025-07-30,engaged,2025-11-04
461,2026-01-24,signup,2026-01-24
462,2025-08-17,signup,2025-08-17
463,2024-09-30,signup,2024-09-30
463,2024-09-30,activated,2024-09-30
463,2024-09-30,engaged,2024-10-04
463,2024-09-30,engaged,2024-11-02
463,2024-09-30,engaged,2024-12-06
464,2025-05-24,signup,2025-05-24
465,2025-09-12,signup,2025-09-12
465,2025-09-12,activated,2025-09-14
465,2025-09-12,engaged,2025-09-19
465,2025-09-12,engaged,2025-10-20
466,2024-10-21,signup,2024-10-21
466,2024-10-21,activated,2024-10-22
467,2025-06-18,signup,2025-06-18
468,2025-06-07,signup,2025-06-07
469,2024-10-23,signup,2024-10-23
469,2024-10-23,activated,2024-10-23
469,2024-10-23,engaged,2024-10-28
469,2024-10-23,engaged,2024-11-25
469,2024-10-23,engaged,2024-12-28
470,2025-03-04,signup,2025-03-04
471,2025-07-14,signup,2025-07-14
472,2024-12-17,signup,2024-12-17
472,2024-12-17,activated,2024-12-18
472,2024-12-17,engaged,2024-12-22
472,2024-12-17,engaged,2025-01-26
473,2025-10-20,signup,2025-10-20
473,2025-10-20,activated,2025-10-22
474,2025-12-24,signup,2025-12-24
475,2024-10-12,signup,2024-10-12
476,2024-08-24,signup,2024-08-24
476,2024-08-24,activated,2024-08-25
477,2025-01-30,signup,2025-01-30
477,2025-01-30,activated,2025-02-01
477,2025-01-30,engaged,2025-02-02
477,2025-01-30,engaged,2025-03-09
477,2025-01-30,upgraded,2025-03-09
478,2025-12-04,signup,2025-12-04
478,2025-12-04,activated,2025-12-06
478,2025-12-04,engaged,2025-12-08
478,2025-12-04,upgraded,2025-12-08
478,2025-12-04,engaged,2026-01-10
479,2025-11-14,signup,2025-11-14
479,2025-11-14,activated,2025-11-15
480,2025-11-03,signup,2025-11-03
480,2025-11-03,activated,2025-11-05
480,2025-11-03,engaged,2025-11-10
480,2025-11-03,engaged,2025-12-08
481,2025-07-13,signup,2025-07-13
482,2026-01-21,signup,2026-01-21
482,2026-01-21,activated,2026-01-22
482,2026-01-21,engaged,2026-01-27
483,2025-09-02,signup,2025-09-02
483,2025-09-02,activated,2025-09-03
483,2025-09-02,engaged,2025-09-05
483,2025-09-02,engaged,2025-10-11
483,2025-09-02,engaged,2025-11-01
484,2024-12-26,signup,2024-12-26
484,2024-12-26,activated,2024-12-28
484,2024-12-26,engaged,2025-01-03
484,2024-12-26,engaged,2025-01-27
484,2024-12-26,engaged,2025-03-03
485,2025-06-19,signup,2025-06-19
485,2025-06-19,activated,2025-06-21
485,2025-06-19,engaged,2025-06-20
485,2025-06-19,engaged,2025-07-24
485,2025-06-19,engaged,2025-08-27
486,2025-10-17,signup,2025-10-17
486,2025-10-17,activated,2025-10-18
487,2025-08-21,signup,2025-08-21
488,2026-01-29,signup,2026-01-29
488,2026-01-29,activated,2026-01-30
489,2025-07-19,signup,2025-07-19
489,2025-07-19,activated,2025-07-20
490,2025-06-02,signup,2025-06-02
490,2025-06-02,activated,2025-06-04
491,2024-11-26,signup,2024-11-26
491,2024-11-26,activated,2024-11-29
491,2024-11-26,engaged,2024-12-06
491,2024-11-26,engaged,2025-01-01
491,2024-11-26,engaged,2025-02-01
492,2025-06-30,signup,2025-06-30
492,2025-06-30,activated,2025-07-02
493,2025-02-19,signup,2025-02-19
493,2025-02-19,activated,2025-02-19
493,2025-02-19,engaged,2025-02-23
494,2024-09-21,signup,2024-09-21
494,2024-09-21,activated,2024-09-24
495,2025-11-24,signup,2025-11-24
495,2025-11-24,activated,2025-11-26
496,2025-04-20,signup,2025-04-20
497,2025-11-26,signup,2025-11-26
497,2025-11-26,activated,2025-11-29
497,2025-11-26,engaged,2025-12-04
497,2025-11-26,engaged,2026-01-04
498,2025-09-29,signup,2025-09-29
499,2025-10-05,signup,2025-10-05
499,2025-10-05,activated,2025-10-05
499,2025-10-05,engaged,2025-10-06
499,2025-10-05,engaged,2025-11-13
500,2025-03-18,signup,2025-03-18
501,2024-12-04,signup,2024-12-04
502,2025-11-01,signup,2025-11-01
502,2025-11-01,activated,2025-11-01
502,2025-11-01,engaged,2025-11-10
503,2025-11-29,signup,2025-11-29
503,2025-11-29,activated,2025-11-29
503,2025-11-29,engaged,2025-12-02
503,2025-11-29,engaged,2026-01-07
504,2024-12-14,signup,2024-12-14
505,2025-01-30,signup,2025-01-30
506,2025-01-04,signup,2025-01-04
506,2025-01-04,activated,2025-01-06
507,2025-08-12,signup,2025-08-12
507,2025-08-12,activated,2025-08-12
508,2025-04-07,signup,2025-04-07
509,2024-08-19,signup,2024-08-19
509,2024-08-19,activated,2024-08-21
510,2025-06-27,signup,2025-06-27
510,2025-06-27,activated,2025-06-29
511,2025-11-23,signup,2025-11-23
512,2025-02-26,signup,2025-02-26
512,2025-02-26,activated,2025-02-27
513,2025-09-30,signup,2025-09-30
514,2025-07-06,signup,2025-07-06
514,2025-07-06,activated,2025-07-06
514,2025-07-06,engaged,2025-07-09
515,2024-10-02,signup,2024-10-02
515,2024-10-02,activated,2024-10-02
516,2024-11-19,signup,2024-11-19
516,2024-11-19,activated,2024-11-19
516,2024-11-19,engaged,2024-11-25
516,2024-11-19,engaged,2024-12-26
516,2024-11-19,upgraded,2024-12-26
517,2024-09-23,signup,2024-09-23
518,2025-05-09,signup,2025-05-09
518,2025-05-09,activated,2025-05-10
519,2026-01-08,signup,2026-01-08
519,2026-01-08,activated,2026-01-11
519,2026-01-08,engaged,2026-01-11
519,2026-01-08,upgraded,2026-01-11
520,2025-09-26,signup,2025-09-26
520,2025-09-26,activated,2025-09-27
520,2025-09-26,engaged,2025-10-04
521,2025-10-09,signup,2025-10-09
521,2025-10-09,activated,2025-10-10
522,2024-12-31,signup,2024-12-31
523,2025-04-06,signup,2025-04-06
523,2025-04-06,activated,2025-04-08
523,2025-04-06,engaged,2025-04-06
523,2025-04-06,engaged,2025-05-09
524,2024-09-04,signup,2024-09-04
525,2025-08-16,signup,2025-08-16
526,2024-11-02,signup,2024-11-02
527,2025-11-29,signup,2025-11-29
527,2025-11-29,activated,2025-11-29
527,2025-11-29,engaged,2025-12-08
527,2025-11-29,engaged,2025-12-29
528,2025-11-19,signup,2025-11-19
528,2025-11-19,activated,2025-11-22
529,2025-12-07,signup,2025-12-07
529,2025-12-07,activated,2025-12-08
529,2025-12-07,engaged,2025-12-11
530,2024-10-06,signup,2024-10-06
530,2024-10-06,activated,2024-10-06
530,2024-10-06,engaged,2024-10-08
531,2025-06-25,signup,2025-06-25
531,2025-06-25,activated,2025-06-28
531,2025-06-25,engaged,2025-07-02
531,2025-06-25,engaged,2025-08-04
531,2025-06-25,engaged,2025-09-01
531,2025-06-25,engaged,2025-10-03
531,2025-06-25,engaged,2025-10-27
531,2025-06-25,engaged,2025-11-22
531,2025-06-25,engaged,2026-01-01
531,2025-06-25,upgraded,2026-01-01
531,2025-06-25,engaged,2026-01-23
532,2025-05-20,signup,2025-05-20
532,2025-05-20,activated,2025-05-21
533,2025-04-21,signup,2025-04-21
533,2025-04-21,activated,2025-04-21
534,2025-08-10,signup,2025-08-10
534,2025-08-10,activated,2025-08-12
534,2025-08-10,engaged,2025-08-19
535,2025-08-10,signup,2025-08-10
536,2025-11-18,signup,2025-11-18
537,2025-11-23,signup,2025-11-23
537,2025-11-23,activated,2025-11-24
537,2025-11-23,engaged,2025-12-03
537,2025-11-23,engaged,2025-12-31
537,2025-11-23,engaged,2026-01-26
538,2025-03-06,signup,2025-03-06
538,2025-03-06,activated,2025-03-09
539,2024-10-14,signup,2024-10-14
540,2025-03-28,signup,2025-03-28
540,2025-03-28,activated,2025-03-29
541,2025-06-11,signup,2025-06-11
541,2025-06-11,activated,2025-06-13
542,2025-08-30,signup,2025-08-30
542,2025-08-30,activated,2025-09-01
543,2026-01-30,signup,2026-01-30
544,2024-09-17,signup,2024-09-17
545,2025-03-16,signup,2025-03-16
546,2025-07-01,signup,2025-07-01
546,2025-07-01,activated,2025-07-02
547,2025-03-30,signup,2025-03-30
547,2025-03-30,activated,2025-03-30
547,2025-03-30,engaged,2025-04-08
547,2025-03-30,upgraded,2025-04-08
547,2025-03-30,engaged,2025-05-03
547,2025-03-30,engaged,2025-06-07
547,2025-03-30,engaged,2025-06-29
548,2025-12-19,signup,2025-12-19
549,2025-03-25,signup,2025-03-25
549,2025-03-25,activated,2025-03-26
549,2025-03-25,engaged,2025-03-29
549,2025-03-25,engaged,2025-05-04
549,2025-03-25,engaged,2025-06-02
549,2025-03-25,engaged,2025-06-29
550,2025-06-04,signup,2025-06-04
551,2025-09-23,signup,2025-09-23
551,2025-09-23,activated,2025-09-24
552,2024-10-01,signup,2024-10-01
552,2024-10-01,activated,2024-10-01
553,2025-11-12,signup,2025-11-12
553,2025-11-12,activated,2025-11-13
554,2025-09-24,signup,2025-09-24
555,2025-10-05,signup,2025-10-05
555,2025-10-05,activated,2025-10-06
555,2025-10-05,engaged,2025-10-08
555,2025-10-05,upgraded,2025-10-08
556,2025-08-18,signup,2025-08-18
557,2025-08-10,signup,2025-08-10
557,2025-08-10,activated,2025-08-11
557,2025-08-10,engaged,2025-08-11
557,2025-08-10,engaged,2025-09-12
557,2025-08-10,engaged,2025-10-11
558,2025-12-09,signup,2025-12-09
558,2025-12-09,activated,2025-12-10
559,2025-02-18,signup,2025-02-18
560,2025-12-28,signup,2025-12-28
561,2025-12-27,signup,2025-12-27
562,2024-12-06,signup,2024-12-06
563,2025-09-16,signup,2025-09-16
563,2025-09-16,activated,2025-09-16
564,2025-03-12,signup,2025-03-12
564,2025-03-12,activated,2025-03-15
565,2025-05-21,signup,2025-05-21
566,2025-07-29,signup,2025-07-29
566,2025-07-29,activated,2025-07-31
566,2025-07-29,engaged,2025-07-30
566,2025-07-29,engaged,2025-09-06
567,2025-04-22,signup,2025-04-22
567,2025-04-22,activated,2025-04-24
568,2024-09-10,signup,2024-09-10
568,2024-09-10,activated,2024-09-13
568,2024-09-10,engaged,2024-09-14
568,2024-09-10,engaged,2024-10-19
568,2024-09-10,upgraded,2024-10-19
569,2025-12-14,signup,2025-12-14
569,2025-12-14,activated,2025-12-16
569,2025-12-14,engaged,2025-12-23
569,2025-12-14,upgraded,2025-12-23
569,2025-12-14,engaged,2026-01-21
570,2025-04-26,signup,2025-04-26
570,2025-04-26,activated,2025-04-27
570,2025-04-26,engaged,2025-05-01
570,2025-04-26,engaged,2025-05-31
570,2025-04-26,engaged,2025-06-25
571,2025-07-23,signup,2025-07-23
571,2025-07-23,activated,2025-07-26
572,2025-05-25,signup,2025-05-25
572,2025-05-25,activated,2025-05-27
573,2025-09-01,signup,2025-09-01
573,2025-09-01,activated,2025-09-03
574,2024-11-30,signup,2024-11-30
574,2024-11-30,activated,2024-12-03
575,2024-11-22,signup,2024-11-22
575,2024-11-22,activated,2024-11-22
575,2024-11-22,engaged,2024-11-28
575,2024-11-22,engaged,2024-12-22
575,2024-11-22,engaged,2025-01-27
575,2024-11-22,engaged,2025-02-21
575,2024-11-22,upgraded,2025-02-21
575,2024-11-22,engaged,2025-03-23
575,2024-11-22,engaged,2025-04-27
575,2024-11-22,engaged,2025-05-27
576,2024-11-05,signup,2024-11-05
577,2026-01-16,signup,2026-01-16
578,2025-07-31,signup,2025-07-31
578,2025-07-31,activated,2025-07-31
579,2025-11-09,signup,2025-11-09
580,2025-05-22,signup,2025-05-22
580,2025-05-22,activated,2025-05-24
580,2025-05-22,engaged,2025-05-27
580,2025-05-22,upgraded,2025-05-27
581,2025-02-07,signup,2025-02-07
581,2025-02-07,activated,2025-02-07
582,2025-09-05,signup,2025-09-05
582,2025-09-05,activated,2025-09-07
582,2025-09-05,engaged,2025-09-13
582,2025-09-05,engaged,2025-10-11
582,2025-09-05,engaged,2025-11-10
582,2025-09-05,engaged,2025-12-07
582,2025-09-05,engaged,2026-01-11
583,2025-11-14,signup,2025-11-14
584,2025-12-26,signup,2025-12-26
584,2025-12-26,activated,2025-12-29
585,2025-02-22,signup,2025-02-22
585,2025-02-22,activated,2025-02-24
585,2025-02-22,engaged,2025-03-03
586,2025-06-18,signup,2025-06-18
587,2024-11-29,signup,2024-11-29
588,2025-05-25,signup,2025-05-25
588,2025-05-25,activated,2025-05-26
588,2025-05-25,engaged,2025-06-03
588,2025-05-25,upgraded,2025-06-03
588,2025-05-25,engaged,2025-06-24
589,2025-12-22,signup,2025-12-22
589,2025-12-22,activated,2025-12-24
590,2024-10-23,signup,2024-10-23
590,2024-10-23,activated,2024-10-26
590,2024-10-23,engaged,2024-10-27
590,2024-10-23,engaged,2024-11-30
591,2025-10-06,signup,2025-10-06
592,2025-02-10,signup,2025-02-10
592,2025-02-10,activated,2025-02-11
592,2025-02-10,engaged,2025-02-17
592,2025-02-10,engaged,2025-03-20
593,2026-01-21,signup,2026-01-21
594,2025-11-18,signup,2025-11-18
595,2024-09-18,signup,2024-09-18
596,2025-09-03,signup,2025-09-03
596,2025-09-03,activated,2025-09-06
596,2025-09-03,engaged,2025-09-09
596,2025-09-03,engaged,2025-10-11
597,2026-01-15,signup,2026-01-15
597,2026-01-15,activated,2026-01-16
598,2025-03-25,signup,2025-03-25
599,2025-03-27,signup,2025-03-27
600,2025-08-21,signup,2025-08-21
600,2025-08-21,activated,2025-08-21
601,2025-10-02,signup,2025-10-02
601,2025-10-02,activated,2025-10-04
601,2025-10-02,engaged,2025-10-11
601,2025-10-02,engaged,2025-11-08
602,2025-12-21,signup,2025-12-21
603,2025-09-07,signup,2025-09-07
604,2026-01-25,signup,2026-01-25
604,2026-01-25,activated,2026-01-28
604,2026-01-25,engaged,2026-01-31
605,2025-07-06,signup,2025-07-06
606,2025-07-29,signup,2025-07-29
607,2025-10-12,signup,2025-10-12
608,2025-09-06,signup,2025-09-06
608,2025-09-06,activated,2025-09-08
608,2025-09-06,engaged,2025-09-07
608,2025-09-06,upgraded,2025-09-07
608,2025-09-06,engaged,2025-10-08
609,2025-06-09,signup,2025-06-09
609,2025-06-09,activated,2025-06-12
610,2025-07-28,signup,2025-07-28
610,2025-07-28,activated,2025-07-29
611,2026-01-19,signup,2026-01-19
611,2026-01-19,activated,2026-01-20
612,2025-09-12,signup,2025-09-12
612,2025-09-12,activated,2025-09-13
612,2025-09-12,engaged,2025-09-19
612,2025-09-12,upgraded,2025-09-19
612,2025-09-12,engaged,2025-10-20
612,2025-09-12,engaged,2025-11-15
613,2026-01-11,signup,2026-01-11
614,2024-11-14,signup,2024-11-14
614,2024-11-14,activated,2024-11-15
615,2025-05-23,signup,2025-05-23
615,2025-05-23,activated,2025-05-26
616,2025-12-17,signup,2025-12-17
616,2025-12-17,activated,2025-12-17
617,2025-02-07,signup,2025-02-07
617,2025-02-07,activated,2025-02-08
618,2025-09-24,signup,2025-09-24
618,2025-09-24,activated,2025-09-27
619,2025-06-10,signup,2025-06-10
619,2025-06-10,activated,2025-06-13
619,2025-06-10,engaged,2025-06-15
619,2025-06-10,engaged,2025-07-13
619,2025-06-10,engaged,2025-08-17
619,2025-06-10,engaged,2025-09-12
620,2025-10-31,signup,2025-10-31
620,2025-10-31,activated,2025-11-03
620,2025-10-31,engaged,2025-11-01
620,2025-10-31,engaged,2025-12-04
621,2025-08-20,signup,2025-08-20
621,2025-08-20,activated,2025-08-21
621,2025-08-20,engaged,2025-08-24
622,2025-06-12,signup,2025-06-12
622,2025-06-12,activated,2025-06-15
622,2025-06-12,engaged,2025-06-14
622,2025-06-12,engaged,2025-07-20
623,2025-03-12,signup,2025-03-12
623,2025-03-12,activated,2025-03-14
624,2025-01-23,signup,2025-01-23
624,2025-01-23,activated,2025-01-25
625,2025-07-17,signup,2025-07-17
626,2025-10-01,signup,2025-10-01
627,2025-12-30,signup,2025-12-30
627,2025-12-30,activated,2026-01-02
628,2025-03-20,signup,2025-03-20
629,2026-01-27,signup,2026-01-27
630,2025-05-27,signup,2025-05-27
631,2025-03-21,signup,2025-03-21
631,2025-03-21,activated,2025-03-23
632,2025-07-11,signup,2025-07-11
633,2024-11-21,signup,2024-11-21
633,2024-11-21,activated,2024-11-21
634,2026-01-31,signup,2026-01-31
634,2026-01-31,activated,2026-02-03
635,2025-06-07,signup,2025-06-07
636,2025-12-21,signup,2025-12-21
636,2025-12-21,activated,2025-12-23
636,2025-12-21,engaged,2025-12-28
637,2025-10-01,signup,2025-10-01
637,2025-10-01,activated,2025-10-03
637,2025-10-01,engaged,2025-10-08
638,2024-10-18,signup,2024-10-18
639,2025-10-01,signup,2025-10-01
639,2025-10-01,activated,2025-10-04
640,2025-01-01,signup,2025-01-01
641,2025-07-11,signup,2025-07-11
642,2025-05-01,signup,2025-05-01
642,2025-05-01,activated,2025-05-03
642,2025-05-01,engaged,2025-05-04
643,2025-11-17,signup,2025-11-17
643,2025-11-17,activated,2025-11-17
643,2025-11-17,engaged,2025-11-22
643,2025-11-17,engaged,2025-12-19
643,2025-11-17,engaged,2026-01-18
644,2025-04-14,signup,2025-04-14
645,2025-08-26,signup,2025-08-26
645,2025-08-26,activated,2025-08-28
646,2025-05-21,signup,2025-05-21
646,2025-05-21,activated,2025-05-21
646,2025-05-21,engaged,2025-05-29
647,2025-08-18,signup,2025-08-18
648,2025-10-25,signup,2025-10-25
648,2025-10-25,activated,2025-10-27
649,2025-05-16,signup,2025-05-16
650,2025-10-13,signup,2025-10-13
650,2025-10-13,activated,2025-10-15
651,2026-01-29,signup,2026-01-29
652,2026-01-29,signup,2026-01-29
653,2025-12-07,signup,2025-12-07
653,2025-12-07,activated,2025-12-09
653,2025-12-07,engaged,2025-12-08
654,2025-12-31,signup,2025-12-31
655,2024-09-19,signup,2024-09-19
655,2024-09-19,activated,2024-09-20
656,2025-04-16,signup,2025-04-16
657,2025-01-20,signup,2025-01-20
658,2025-10-18,signup,2025-10-18
659,2025-10-25,signup,2025-10-25
659,2025-10-25,activated,2025-10-26
659,2025-10-25,engaged,2025-10-27
659,2025-10-25,engaged,2025-12-01
659,2025-10-25,engaged,2025-12-24
660,2025-01-22,signup,2025-01-22
660,2025-01-22,activated,2025-01-25
660,2025-01-22,engaged,2025-01-31
661,2024-12-19,signup,2024-12-19
661,2024-12-19,activated,2024-12-20
662,2025-12-12,signup,2025-12-12
662,2025-12-12,activated,2025-12-14
663,2024-08-06,signup,2024-08-06
663,2024-08-06,activated,2024-08-06
664,2025-12-22,signup,2025-12-22
664,2025-12-22,activated,2025-12-23
664,2025-12-22,engaged,2025-12-24
665,2026-01-01,signup,2026-01-01
665,2026-01-01,activated,2026-01-01
665,2026-01-01,engaged,2026-01-06
666,2025-10-09,signup,2025-10-09
666,2025-10-09,activated,2025-10-11
667,2025-09-11,signup,2025-09-11
668,2025-03-28,signup,2025-03-28
668,2025-03-28,activated,2025-03-29
669,2025-06-24,signup,2025-06-24
670,2024-08-04,signup,2024-08-04
671,2025-12-01,signup,2025-12-01
671,2025-12-01,activated,2025-12-03
672,2025-03-17,signup,2025-03-17
672,2025-03-17,activated,2025-03-17
672,2025-03-17,engaged,2025-03-25
672,2025-03-17,engaged,2025-04-16
673,2025-08-18,signup,2025-08-18
673,2025-08-18,activated,2025-08-19
673,2025-08-18,engaged,2025-08-24
674,2025-09-16,signup,2025-09-16
674,2025-09-16,activated,2025-09-16
674,2025-09-16,engaged,2025-09-22
674,2025-09-16,engaged,2025-10-24
674,2025-09-16,engaged,2025-11-17
675,2026-01-01,signup,2026-01-01
676,2024-09-25,signup,2024-09-25
677,2025-08-03,signup,2025-08-03
677,2025-08-03,activated,2025-08-03
678,2025-02-19,signup,2025-02-19
678,2025-02-19,activated,2025-02-20
679,2025-12-13,signup,2025-12-13
679,2025-12-13,activated,2025-12-16
679,2025-12-13,engaged,2025-12-15
679,2025-12-13,engaged,2026-01-22
680,2025-07-21,signup,2025-07-21
680,2025-07-21,activated,2025-07-21
680,2025-07-21,engaged,2025-07-23
681,2025-06-07,signup,2025-06-07
681,2025-06-07,activated,2025-06-10
681,2025-06-07,engaged,2025-06-14
682,2025-03-24,signup,2025-03-24
682,2025-03-24,activated,2025-03-24
682,2025-03-24,engaged,2025-04-01
682,2025-03-24,engaged,2025-04-28
682,2025-03-24,engaged,2025-05-29
683,2024-12-17,signup,2024-12-17
683,2024-12-17,activated,2024-12-17
683,2024-12-17,engaged,2024-12-27
683,2024-12-17,engaged,2025-01-26
683,2024-12-17,engaged,2025-02-16
683,2024-12-17,engaged,2025-03-22
683,2024-12-17,engaged,2025-04-21
684,2024-09-29,signup,2024-09-29
684,2024-09-29,activated,2024-10-01
684,2024-09-29,engaged,2024-10-03
685,2025-10-19,signup,2025-10-19
685,2025-10-19,activated,2025-10-19
685,2025-10-19,engaged,2025-10-21
685,2025-10-19,upgraded,2025-10-21
685,2025-10-19,engaged,2025-11-26
685,2025-10-19,engaged,2025-12-22
686,2025-04-08,signup,2025-04-08
687,2025-10-25,signup,2025-10-25
687,2025-10-25,activated,2025-10-26
687,2025-10-25,engaged,2025-10-26
687,2025-10-25,upgraded,2025-10-26
688,2024-10-23,signup,2024-10-23
689,2025-02-16,signup,2025-02-16
689,2025-02-16,activated,2025-02-19
690,2025-07-01,signup,2025-07-01
690,2025-07-01,activated,2025-07-01
690,2025-07-01,engaged,2025-07-07
691,2025-11-10,signup,2025-11-10
691,2025-11-10,activated,2025-11-13
692,2025-08-01,signup,2025-08-01
692,2025-08-01,activated,2025-08-01
693,2025-10-02,signup,2025-10-02
693,2025-10-02,activated,2025-10-04
693,2025-10-02,engaged,2025-10-04
693,2025-10-02,upgraded,2025-10-04
693,2025-10-02,engaged,2025-11-09
694,2025-04-22,signup,2025-04-22
695,2025-02-10,signup,2025-02-10
695,2025-02-10,activated,2025-02-10
695,2025-02-10,engaged,2025-02-20
696,2025-10-05,signup,2025-10-05
696,2025-10-05,activated,2025-10-06
696,2025-10-05,engaged,2025-10-09
697,2025-10-04,signup,2025-10-04
697,2025-10-04,activated,2025-10-07
698,2025-12-28,signup,2025-12-28
698,2025-12-28,activated,2025-12-31
698,2025-12-28,engaged,2026-01-05
698,2025-12-28,engaged,2026-01-28
699,2026-01-19,signup,2026-01-19
699,2026-01-19,activated,2026-01-19
700,2024-09-13,signup,2024-09-13
701,2025-01-20,signup,2025-01-20
702,2024-09-18,signup,2024-09-18
702,2024-09-18,activated,2024-09-18
702,2024-09-18,engaged,2024-09-23
703,2025-12-24,signup,2025-12-24
704,2024-12-18,signup,2024-12-18
705,2025-09-13,signup,2025-09-13
705,2025-09-13,activated,2025-09-15
705,2025-09-13,engaged,2025-09-20
705,2025-09-13,engaged,2025-10-22
706,2024-12-04,signup,2024-12-04
706,2024-12-04,activated,2024-12-05
706,2024-12-04,engaged,2024-12-08
706,2024-12-04,engaged,2025-01-12
706,2024-12-04,engaged,2025-02-07
706,2024-12-04,engaged,2025-03-04
706,2024-12-04,engaged,2025-04-06
706,2024-12-04,engaged,2025-05-10
707,2025-05-23,signup,2025-05-23
707,2025-05-23,activated,2025-05-26
707,2025-05-23,engaged,2025-05-31
707,2025-05-23,engaged,2025-06-30
707,2025-05-23,engaged,2025-07-27
707,2025-05-23,engaged,2025-08-21
707,2025-05-23,upgraded,2025-08-21
707,2025-05-23,engaged,2025-09-29
707,2025-05-23,engaged,2025-10-30
708,2024-12-02,signup,2024-12-02
709,2024-12-21,signup,2024-12-21
709,2024-12-21,activated,2024-12-23
709,2024-12-21,engaged,2024-12-30
709,2024-12-21,engaged,2025-01-23
709,2024-12-21,engaged,2025-02-28
709,2024-12-21,engaged,2025-03-30
709,2024-12-21,engaged,2025-04-29
709,2024-12-21,engaged,2025-05-26
709,2024-12-21,engaged,2025-06-27
709,2024-12-21,engaged,2025-07-19
710,2024-12-23,signup,2024-12-23
711,2026-01-26,signup,2026-01-26
712,2025-08-05,signup,2025-08-05
713,2024-12-10,signup,2024-12-10
713,2024-12-10,activated,2024-12-10
713,2024-12-10,engaged,2024-12-11
714,2025-07-16,signup,2025-07-16
714,2025-07-16,activated,2025-07-19
714,2025-07-16,engaged,2025-07-19
714,2025-07-16,engaged,2025-08-22
714,2025-07-16,engaged,2025-09-21
714,2025-07-16,upgraded,2025-09-21
714,2025-07-16,engaged,2025-10-23
714,2025-07-16,engaged,2025-11-20
714,2025-07-16,engaged,2025-12-21
714,2025-07-16,engaged,2026-01-19
715,2025-05-22,signup,2025-05-22
716,2025-06-08,signup,2025-06-08
717,2025-12-28,signup,2025-12-28
718,2025-11-25,signup,2025-11-25
719,2025-06-28,signup,2025-06-28
720,2025-05-05,signup,2025-05-05
721,2024-09-28,signup,2024-09-28
721,2024-09-28,activated,2024-09-29
722,2025-03-26,signup,2025-03-26
722,2025-03-26,activated,2025-03-28
722,2025-03-26,engaged,2025-03-30
722,2025-03-26,upgraded,2025-03-30
723,2025-09-22,signup,2025-09-22
723,2025-09-22,activated,2025-09-22
724,2025-05-14,signup,2025-05-14
724,2025-05-14,activated,2025-05-14
725,2024-11-30,signup,2024-11-30
725,2024-11-30,activated,2024-12-02
726,2025-08-13,signup,2025-08-13
727,2025-05-13,signup,2025-05-13
727,2025-05-13,activated,2025-05-15
728,2025-10-15,signup,2025-10-15
729,2025-08-19,signup,2025-08-19
729,2025-08-19,activated,2025-08-22
730,2024-11-30,signup,2024-11-30
730,2024-11-30,activated,2024-11-30
731,2025-03-15,signup,2025-03-15
731,2025-03-15,activated,2025-03-16
731,2025-03-15,engaged,2025-03-18
731,2025-03-15,engaged,2025-04-24
731,2025-03-15,engaged,2025-05-20
732,2025-12-12,signup,2025-12-12
733,2025-03-06,signup,2025-03-06
733,2025-03-06,activated,2025-03-06
734,2025-11-20,signup,2025-11-20
735,2024-10-04,signup,2024-10-04
736,2025-09-30,signup,2025-09-30
736,2025-09-30,activated,2025-10-03
737,2025-12-03,signup,2025-12-03
737,2025-12-03,activated,2025-12-06
738,2026-01-11,signup,2026-01-11
738,2026-01-11,activated,2026-01-12
738,2026-01-11,engaged,2026-01-20
739,2025-11-18,signup,2025-11-18
739,2025-11-18,activated,2025-11-20
739,2025-11-18,engaged,2025-11-22
739,2025-11-18,engaged,2025-12-25
739,2025-11-18,engaged,2026-01-22
739,2025-11-18,upgraded,2026-01-22
740,2025-12-31,signup,2025-12-31
740,2025-12-31,activated,2026-01-01
741,2025-06-17,signup,2025-06-17
741,2025-06-17,activated,2025-06-17
742,2025-05-07,signup,2025-05-07
743,2025-11-24,signup,2025-11-24
743,2025-11-24,activated,2025-11-26
743,2025-11-24,engaged,2025-11-25
743,2025-11-24,engaged,2025-12-29
743,2025-11-24,upgraded,2025-12-29
744,2026-01-31,signup,2026-01-31
745,2024-12-10,signup,2024-12-10
746,2025-10-14,signup,2025-10-14
746,2025-10-14,activated,2025-10-17
747,2025-09-22,signup,2025-09-22
747,2025-09-22,activated,2025-09-23
747,2025-09-22,engaged,2025-09-24
747,2025-09-22,engaged,2025-10-26
748,2025-08-07,signup,2025-08-07
749,2025-08-21,signup,2025-08-21
749,2025-08-21,activated,2025-08-23
750,2025-07-05,signup,2025-07-05
750,2025-07-05,activated,2025-07-07
750,2025-07-05,engaged,2025-07-05
750,2025-07-05,engaged,2025-08-10
750,2025-07-05,engaged,2025-09-13
750,2025-07-05,engaged,2025-10-12
750,2025-07-05,engaged,2025-11-03
750,2025-07-05,upgraded,2025-11-03
751,2025-11-02,signup,2025-11-02
751,2025-11-02,activated,2025-11-04
751,2025-11-02,engaged,2025-11-03
752,2024-11-11,signup,2024-11-11
752,2024-11-11,activated,2024-11-11
752,2024-11-11,engaged,2024-11-19
752,2024-11-11,engaged,2024-12-11
752,2024-11-11,engaged,2025-01-12
753,2026-01-10,signup,2026-01-10
754,2025-05-25,signup,2025-05-25
754,2025-05-25,activated,2025-05-26
755,2025-09-26,signup,2025-09-26
755,2025-09-26,activated,2025-09-26
755,2025-09-26,engaged,2025-09-27
755,2025-09-26,engaged,2025-10-31
756,2025-09-17,signup,2025-09-17
756,2025-09-17,activated,2025-09-19
756,2025-09-17,engaged,2025-09-23
756,2025-09-17,engaged,2025-10-20
757,2025-03-15,signup,2025-03-15
757,2025-03-15,activated,2025-03-15
757,2025-03-15,engaged,2025-03-16
758,2025-10-10,signup,2025-10-10
759,2024-10-18,signup,2024-10-18
760,2025-06-02,signup,2025-06-02
760,2025-06-02,activated,2025-06-03
760,2025-06-02,engaged,2025-06-07
760,2025-06-02,engaged,2025-07-07
760,2025-06-02,engaged,2025-08-06
760,2025-06-02,engaged,2025-09-02
761,2025-11-12,signup,2025-11-12
761,2025-11-12,activated,2025-11-14
761,2025-11-12,engaged,2025-11-15
761,2025-11-12,engaged,2025-12-20
761,2025-11-12,upgraded,2025-12-20
761,2025-11-12,engaged,2026-01-20
762,2025-12-04,signup,2025-12-04
762,2025-12-04,activated,2025-12-04
763,2026-01-25,signup,2026-01-25
764,2025-02-25,signup,2025-02-25
764,2025-02-25,activated,2025-02-25
765,2025-06-19,signup,2025-06-19
765,2025-06-19,activated,2025-06-20
766,2025-01-21,signup,2025-01-21
766,2025-01-21,activated,2025-01-21
766,2025-01-21,engaged,2025-01-30
767,2025-08-17,signup,2025-08-17
768,2025-11-26,signup,2025-11-26
768,2025-11-26,activated,2025-11-27
769,2026-01-08,signup,2026-01-08
769,2026-01-08,activated,2026-01-09
769,2026-01-08,engaged,2026-01-16
770,2025-10-02,signup,2025-10-02
771,2025-08-03,signup,2025-08-03
771,2025-08-03,activated,2025-08-05
772,2025-09-07,signup,2025-09-07
772,2025-09-07,activated,2025-09-10
772,2025-09-07,engaged,2025-09-10
773,2025-11-19,signup,2025-11-19
774,2025-08-19,signup,2025-08-19
775,2025-11-03,signup,2025-11-03
775,2025-11-03,activated,2025-11-03
775,2025-11-03,engaged,2025-11-07
775,2025-11-03,engaged,2025-12-06
775,2025-11-03,engaged,2026-01-10
776,2026-01-04,signup,2026-01-04
776,2026-01-04,activated,2026-01-06
776,2026-01-04,engaged,2026-01-10
777,2025-06-05,signup,2025-06-05
778,2025-11-04,signup,2025-11-04
779,2025-11-26,signup,2025-11-26
779,2025-11-26,activated,2025-11-28
780,2025-12-24,signup,2025-12-24
781,2025-07-03,signup,2025-07-03
781,2025-07-03,activated,2025-07-04
782,2025-01-29,signup,2025-01-29
783,2025-03-15,signup,2025-03-15
783,2025-03-15,activated,2025-03-18
783,2025-03-15,engaged,2025-03-21
783,2025-03-15,engaged,2025-04-24
783,2025-03-15,upgraded,2025-04-24
783,2025-03-15,engaged,2025-05-14
784,2025-07-02,signup,2025-07-02
784,2025-07-02,activated,2025-07-05
785,2025-12-17,signup,2025-12-17
785,2025-12-17,activated,2025-12-17
786,2026-01-30,signup,2026-01-30
787,2024-11-25,signup,2024-11-25
788,2024-10-08,signup,2024-10-08
789,2026-01-07,signup,2026-01-07
790,2025-04-15,signup,2025-04-15
790,2025-04-15,activated,2025-04-16
791,2025-11-24,signup,2025-11-24
791,2025-11-24,activated,2025-11-24
791,2025-11-24,engaged,2025-11-25
791,2025-11-24,engaged,2025-12-27
792,2026-01-17,signup,2026-01-17
793,2025-08-27,signup,2025-08-27
794,2025-09-24,signup,2025-09-24
794,2025-09-24,activated,2025-09-25
794,2025-09-24,engaged,2025-10-04
794,2025-09-24,engaged,2025-10-24
794,2025-09-24,engaged,2025-11-25
794,2025-09-24,engaged,2025-12-31
794,2025-09-24,engaged,2026-01-30
795,2025-12-04,signup,2025-12-04
796,2024-12-12,signup,2024-12-12
797,2026-01-22,signup,2026-01-22
798,2025-02-24,signup,2025-02-24
798,2025-02-24,activated,2025-02-26
798,2025-02-24,engaged,2025-03-02
798,2025-02-24,engaged,2025-04-02
799,2025-04-11,signup,2025-04-11
799,2025-04-11,activated,2025-04-11
799,2025-04-11,engaged,2025-04-18
800,2026-01-19,signup,2026-01-19
800,2026-01-19,activated,2026-01-21
800,2026-01-19,engaged,2026-01-21
801,2025-12-11,signup,2025-12-11
802,2026-01-12,signup,2026-01-12
802,2026-01-12,activated,2026-01-15
802,2026-01-12,engaged,2026-01-18
802,2026-01-12,upgraded,2026-01-18
803,2025-12-10,signup,2025-12-10
803,2025-12-10,activated,2025-12-11
804,2025-06-27,signup,2025-06-27
804,2025-06-27,activated,2025-06-30
804,2025-06-27,engaged,2025-07-02
804,2025-06-27,engaged,2025-07-28
804,2025-06-27,engaged,2025-08-29
804,2025-06-27,upgraded,2025-08-29
804,2025-06-27,engaged,2025-10-01
804,2025-06-27,engaged,2025-10-26
805,2024-12-21,signup,2024-12-21
806,2025-04-15,signup,2025-04-15
806,2025-04-15,activated,2025-04-18
806,2025-04-15,engaged,2025-04-16
806,2025-04-15,upgraded,2025-04-16
807,2024-09-16,signup,2024-09-16
808,2025-06-23,signup,2025-06-23
808,2025-06-23,activated,2025-06-24
808,2025-06-23,engaged,2025-06-29
808,2025-06-23,engaged,2025-07-23
808,2025-06-23,engaged,2025-08-25
808,2025-06-23,engaged,2025-09-23
808,2025-06-23,engaged,2025-10-23
809,2026-01-23,signup,2026-01-23
810,2024-08-11,signup,2024-08-11
810,2024-08-11,activated,2024-08-14
811,2025-10-31,signup,2025-10-31
811,2025-10-31,activated,2025-11-01
812,2024-11-02,signup,2024-11-02
812,2024-11-02,activated,2024-11-04
812,2024-11-02,engaged,2024-11-07
812,2024-11-02,upgraded,2024-11-07
813,2026-01-10,signup,2026-01-10
813,2026-01-10,activated,2026-01-11
814,2025-12-23,signup,2025-12-23
814,2025-12-23,activated,2025-12-24
814,2025-12-23,engaged,2025-12-30
814,2025-12-23,engaged,2026-01-27
815,2025-04-14,signup,2025-04-14
815,2025-04-14,activated,2025-04-14
816,2025-10-11,signup,2025-10-11
816,2025-10-11,activated,2025-10-13
816,2025-10-11,engaged,2025-10-17
816,2025-10-11,engaged,2025-11-12
816,2025-10-11,engaged,2025-12-20
816,2025-10-11,engaged,2026-01-15
817,2025-11-27,signup,2025-11-27
817,2025-11-27,activated,2025-11-28
817,2025-11-27,engaged,2025-12-03
817,2025-11-27,engaged,2025-12-31
817,2025-11-27,engaged,2026-01-31
818,2024-12-19,signup,2024-12-19
818,2024-12-19,activated,2024-12-19
818,2024-12-19,engaged,2024-12-28
819,2024-10-05,signup,2024-10-05
819,2024-10-05,activated,2024-10-05
820,2025-12-22,signup,2025-12-22
820,2025-12-22,activated,2025-12-25
821,2025-11-18,signup,2025-11-18
821,2025-11-18,activated,2025-11-20
821,2025-11-18,engaged,2025-11-25
822,2024-12-24,signup,2024-12-24
822,2024-12-24,activated,2024-12-24
823,2025-06-18,signup,2025-06-18
823,2025-06-18,activated,2025-06-19
823,2025-06-18,engaged,2025-06-24
823,2025-06-18,engaged,2025-07-25
823,2025-06-18,upgraded,2025-07-25
824,2026-01-27,signup,2026-01-27
824,2026-01-27,activated,2026-01-29
825,2025-12-25,signup,2025-12-25
825,2025-12-25,activated,2025-12-27
826,2024-10-27,signup,2024-10-27
827,2024-09-25,signup,2024-09-25
827,2024-09-25,activated,2024-09-26
828,2025-02-25,signup,2025-02-25
828,2025-02-25,activated,2025-02-26
829,2026-01-12,signup,2026-01-12
829,2026-01-12,activated,2026-01-13
830,2025-06-30,signup,2025-06-30
830,2025-06-30,activated,2025-07-03
831,2024-12-02,signup,2024-12-02
832,2025-10-02,signup,2025-10-02
832,2025-10-02,activated,2025-10-02
832,2025-10-02,engaged,2025-10-04
832,2025-10-02,engaged,2025-11-03
833,2026-01-28,signup,2026-01-28
834,2025-04-26,signup,2025-04-26
835,2025-10-28,signup,2025-10-28
835,2025-10-28,activated,2025-10-31
836,2025-05-13,signup,2025-05-13
836,2025-05-13,activated,2025-05-15
837,2025-02-03,signup,2025-02-03
837,2025-02-03,activated,2025-02-04
837,2025-02-03,engaged,2025-02-10
837,2025-02-03,engaged,2025-03-09
837,2025-02-03,engaged,2025-04-14
838,2025-01-09,signup,2025-01-09
838,2025-01-09,activated,2025-01-11
839,2025-06-18,signup,2025-06-18
839,2025-06-18,activated,2025-06-19
840,2025-12-27,signup,2025-12-27
840,2025-12-27,activated,2025-12-30
840,2025-12-27,engaged,2025-12-28
841,2025-10-23,signup,2025-10-23
841,2025-10-23,activated,2025-10-24
842,2025-05-20,signup,2025-05-20
842,2025-05-20,activated,2025-05-22
843,2025-10-28,signup,2025-10-28
843,2025-10-28,activated,2025-10-29
843,2025-10-28,engaged,2025-10-28
843,2025-10-28,engaged,2025-12-03
843,2025-10-28,engaged,2025-12-31
843,2025-10-28,upgraded,2025-12-31
843,2025-10-28,engaged,2026-01-27
844,2024-08-24,signup,2024-08-24
844,2024-08-24,activated,2024-08-27
844,2024-08-24,engaged,2024-08-27
844,2024-08-24,engaged,2024-10-03
844,2024-08-24,engaged,2024-10-31
844,2024-08-24,engaged,2024-11-24
844,2024-08-24,engaged,2024-12-26
845,2024-11-15,signup,2024-11-15
845,2024-11-15,activated,2024-11-17
846,2025-08-29,signup,2025-08-29
847,2026-01-11,signup,2026-01-11
847,2026-01-11,activated,2026-01-14
847,2026-01-11,engaged,2026-01-14
848,2025-05-19,signup,2025-05-19
848,2025-05-19,activated,2025-05-20
849,2025-12-20,signup,2025-12-20
849,2025-12-20,activated,2025-12-22
849,2025-12-20,engaged,2025-12-26
849,2025-12-20,engaged,2026-01-20
850,2025-08-18,signup,2025-08-18
850,2025-08-18,activated,2025-08-21
851,2025-06-08,signup,2025-06-08
851,2025-06-08,activated,2025-06-08
852,2025-03-09,signup,2025-03-09
853,2025-05-03,signup,2025-05-03
853,2025-05-03,activated,2025-05-04
854,2025-08-09,signup,2025-08-09
855,2025-05-17,signup,2025-05-17
856,2025-10-03,signup,2025-10-03
857,2025-08-14,signup,2025-08-14
857,2025-08-14,activated,2025-08-14
857,2025-08-14,engaged,2025-08-15
857,2025-08-14,engaged,2025-09-22
858,2026-01-02,signup,2026-01-02
859,2025-06-18,signup,2025-06-18
859,2025-06-18,activated,2025-06-19
859,2025-06-18,engaged,2025-06-28
859,2025-06-18,engaged,2025-07-21
859,2025-06-18,engaged,2025-08-22
859,2025-06-18,upgraded,2025-08-22
859,2025-06-18,engaged,2025-09-19
859,2025-06-18,engaged,2025-10-20
860,2025-03-26,signup,2025-03-26
861,2026-01-21,signup,2026-01-21
862,2025-09-13,signup,2025-09-13
862,2025-09-13,activated,2025-09-15
863,2025-11-21,signup,2025-11-21
863,2025-11-21,activated,2025-11-21
863,2025-11-21,engaged,2025-12-01
863,2025-11-21,engaged,2025-12-31
863,2025-11-21,engaged,2026-01-21
864,2025-12-07,signup,2025-12-07
864,2025-12-07,activated,2025-12-07
864,2025-12-07,engaged,2025-12-16
864,2025-12-07,engaged,2026-01-16
865,2025-10-09,signup,2025-10-09
865,2025-10-09,activated,2025-10-12
865,2025-10-09,engaged,2025-10-11
866,2025-06-18,signup,2025-06-18
866,2025-06-18,activated,2025-06-21
867,2025-01-20,signup,2025-01-20
868,2024-09-28,signup,2024-09-28
869,2025-11-12,signup,2025-11-12
870,2025-08-30,signup,2025-08-30
871,2025-02-22,signup,2025-02-22
872,2025-10-20,signup,2025-10-20
873,2025-08-02,signup,2025-08-02
873,2025-08-02,activated,2025-08-02
874,2024-09-05,signup,2024-09-05
874,2024-09-05,activated,2024-09-07
874,2024-09-05,engaged,2024-09-08
874,2024-09-05,engaged,2024-10-07
875,2025-05-08,signup,2025-05-08
875,2025-05-08,activated,2025-05-09
876,2025-11-08,signup,2025-11-08
876,2025-11-08,activated,2025-11-11
877,2025-03-21,signup,2025-03-21
877,2025-03-21,activated,2025-03-21
877,2025-03-21,engaged,2025-03-27
877,2025-03-21,engaged,2025-04-28
878,2025-07-11,signup,2025-07-11
878,2025-07-11,activated,2025-07-13
878,2025-07-11,engaged,2025-07-20
879,2025-11-07,signup,2025-11-07
879,2025-11-07,activated,2025-11-07
880,2024-10-25,signup,2024-10-25
881,2025-12-25,signup,2025-12-25
881,2025-12-25,activated,2025-12-26
881,2025-12-25,engaged,2025-12-27
882,2025-06-12,signup,2025-06-12
882,2025-06-12,activated,2025-06-13
883,2025-12-31,signup,2025-12-31
884,2025-04-20,signup,2025-04-20
884,2025-04-20,activated,2025-04-23
884,2025-04-20,engaged,2025-04-28
885,2025-04-21,signup,2025-04-21
886,2024-12-14,signup,2024-12-14
887,2025-02-08,signup,2025-02-08
887,2025-02-08,activated,2025-02-11
888,2025-11-16,signup,2025-11-16
888,2025-11-16,activated,2025-11-17
889,2025-05-02,signup,2025-05-02
889,2025-05-02,activated,2025-05-05
890,2025-08-21,signup,2025-08-21
890,2025-08-21,activated,2025-08-24
891,2025-10-22,signup,2025-10-22
891,2025-10-22,activated,2025-10-22
892,2026-01-17,signup,2026-01-17
892,2026-01-17,activated,2026-01-17
892,2026-01-17,engaged,2026-01-24
893,2025-01-17,signup,2025-01-17
893,2025-01-17,activated,2025-01-17
894,2024-10-11,signup,2024-10-11
895,2025-03-08,signup,2025-03-08
895,2025-03-08,activated,2025-03-08
895,2025-03-08,engaged,2025-03-10
895,2025-03-08,upgraded,2025-03-10
896,2025-12-01,signup,2025-12-01
896,2025-12-01,activated,2025-12-03
897,2025-06-03,signup,2025-06-03
897,2025-06-03,activated,2025-06-06
898,2025-09-29,signup,2025-09-29
899,2025-03-01,signup,2025-03-01
899,2025-03-01,activated,2025-03-03
899,2025-03-01,engaged,2025-03-06
899,2025-03-01,engaged,2025-04-03
900,2024-09-07,signup,2024-09-07
900,2024-09-07,activated,2024-09-08
900,2024-09-07,engaged,2024-09-10
900,2024-09-07,engaged,2024-10-16
900,2024-09-07,upgraded,2024-10-16
901,2025-01-31,signup,2025-01-31
901,2025-01-31,activated,2025-01-31
901,2025-01-31,engaged,2025-02-06
901,2025-01-31,engaged,2025-03-11
901,2025-01-31,engaged,2025-04-05
901,2025-01-31,engaged,2025-05-09
902,2025-10-22,signup,2025-10-22
902,2025-10-22,activated,2025-10-23
903,2025-07-04,signup,2025-07-04
903,2025-07-04,activated,2025-07-06
904,2025-08-13,signup,2025-08-13
905,2025-05-17,signup,2025-05-17
905,2025-05-17,activated,2025-05-17
906,2026-01-05,signup,2026-01-05
906,2026-01-05,activated,2026-01-07
907,2025-10-25,signup,2025-10-25
907,2025-10-25,activated,2025-10-25
908,2025-04-16,signup,2025-04-16
908,2025-04-16,activated,2025-04-18
908,2025-04-16,engaged,2025-04-18
908,2025-04-16,engaged,2025-05-24
909,2025-08-18,signup,2025-08-18
909,2025-08-18,activated,2025-08-21
909,2025-08-18,engaged,2025-08-18
909,2025-08-18,engaged,2025-09-20
909,2025-08-18,engaged,2025-10-18
910,2025-06-17,signup,2025-06-17
911,2025-12-17,signup,2025-12-17
912,2025-07-05,signup,2025-07-05
913,2025-07-15,signup,2025-07-15
914,2025-10-04,signup,2025-10-04
915,2025-04-29,signup,2025-04-29
916,2025-10-19,signup,2025-10-19
916,2025-10-19,activated,2025-10-22
916,2025-10-19,engaged,2025-10-22
917,2025-12-02,signup,2025-12-02
918,2025-10-14,signup,2025-10-14
918,2025-10-14,activated,2025-10-16
918,2025-10-14,engaged,2025-10-18
918,2025-10-14,upgraded,2025-10-18
918,2025-10-14,engaged,2025-11-18
919,2026-01-21,signup,2026-01-21
919,2026-01-21,activated,2026-01-23
919,2026-01-21,engaged,2026-01-25
920,2025-08-08,signup,2025-08-08
920,2025-08-08,activated,2025-08-10
921,2025-02-15,signup,2025-02-15
921,2025-02-15,activated,2025-02-16
922,2024-11-05,signup,2024-11-05
923,2025-06-23,signup,2025-06-23
924,2025-12-04,signup,2025-12-04
924,2025-12-04,activated,2025-12-04
924,2025-12-04,engaged,2025-12-04
925,2025-02-02,signup,2025-02-02
925,2025-02-02,activated,2025-02-04
926,2025-06-06,signup,2025-06-06
926,2025-06-06,activated,2025-06-07
927,2025-10-20,signup,2025-10-20
928,2025-01-25,signup,2025-01-25
928,2025-01-25,activated,2025-01-26
929,2025-11-22,signup,2025-11-22
929,2025-11-22,activated,2025-11-24
930,2025-01-01,signup,2025-01-01
930,2025-01-01,activated,2025-01-01
930,2025-01-01,engaged,2025-01-01
930,2025-01-01,engaged,2025-02-07
930,2025-01-01,engaged,2025-03-02
930,2025-01-01,engaged,2025-04-04
930,2025-01-01,engaged,2025-05-07
931,2025-09-16,signup,2025-09-16
932,2025-02-27,signup,2025-02-27
933,2025-10-05,signup,2025-10-05
933,2025-10-05,activated,2025-10-06
934,2024-10-07,signup,2024-10-07
934,2024-10-07,activated,2024-10-08
934,2024-10-07,engaged,2024-10-15
934,2024-10-07,engaged,2024-11-10
934,2024-10-07,upgraded,2024-11-10
934,2024-10-07,engaged,2024-12-15
935,2025-09-23,signup,2025-09-23
936,2025-11-08,signup,2025-11-08
937,2025-12-25,signup,2025-12-25
937,2025-12-25,activated,2025-12-27
937,2025-12-25,engaged,2026-01-04
937,2025-12-25,engaged,2026-01-30
938,2025-05-12,signup,2025-05-12
938,2025-05-12,activated,2025-05-15
939,2024-12-28,signup,2024-12-28
939,2024-12-28,activated,2024-12-31
940,2025-09-01,signup,2025-09-01
941,2025-08-02,signup,2025-08-02
941,2025-08-02,activated,2025-08-05
941,2025-08-02,engaged,2025-08-11
941,2025-08-02,engaged,2025-09-06
942,2025-01-20,signup,2025-01-20
942,2025-01-20,activated,2025-01-23
943,2025-10-31,signup,2025-10-31
943,2025-10-31,activated,2025-10-31
944,2025-09-07,signup,2025-09-07
944,2025-09-07,activated,2025-09-10
944,2025-09-07,engaged,2025-09-13
944,2025-09-07,engaged,2025-10-10
945,2025-04-16,signup,2025-04-16
945,2025-04-16,activated,2025-04-16
945,2025-04-16,engaged,2025-04-25
945,2025-04-16,upgraded,2025-04-25
946,2026-01-24,signup,2026-01-24
947,2025-10-03,signup,2025-10-03
947,2025-10-03,activated,2025-10-04
947,2025-10-03,engaged,2025-10-03
947,2025-10-03,engaged,2025-11-04
947,2025-10-03,upgraded,2025-11-04
947,2025-10-03,engaged,2025-12-06
947,2025-10-03,engaged,2026-01-10
948,2025-12-03,signup,2025-12-03
948,2025-12-03,activated,2025-12-04
948,2025-12-03,engaged,2025-12-13
948,2025-12-03,engaged,2026-01-08
949,2025-05-15,signup,2025-05-15
949,2025-05-15,activated,2025-05-16
950,2025-09-09,signup,2025-09-09
950,2025-09-09,activated,2025-09-10
951,2025-12-24,signup,2025-12-24
951,2025-12-24,activated,2025-12-25
951,2025-12-24,engaged,2026-01-02
952,2025-12-03,signup,2025-12-03
952,2025-12-03,activated,2025-12-04
952,2025-12-03,engaged,2025-12-06
953,2025-05-17,signup,2025-05-17
953,2025-05-17,activated,2025-05-18
953,2025-05-17,engaged,2025-05-19
953,2025-05-17,engaged,2025-06-17
953,2025-05-17,upgraded,2025-06-17
953,2025-05-17,engaged,2025-07-16
953,2025-05-17,engaged,2025-08-18
954,2025-01-09,signup,2025-01-09
954,2025-01-09,activated,2025-01-11
955,2024-11-20,signup,2024-11-20
955,2024-11-20,activated,2024-11-23
956,2025-12-14,signup,2025-12-14
956,2025-12-14,activated,2025-12-16
957,2025-05-26,signup,2025-05-26
957,2025-05-26,activated,2025-05-27
957,2025-05-26,engaged,2025-06-03
958,2025-10-25,signup,2025-10-25
958,2025-10-25,activated,2025-10-26
959,2026-01-14,signup,2026-01-14
960,2025-09-27,signup,2025-09-27
960,2025-09-27,activated,2025-09-30
961,2025-01-08,signup,2025-01-08
962,2024-11-27,signup,2024-11-27
962,2024-11-27,activated,2024-11-30
963,2024-12-15,signup,2024-12-15
963,2024-12-15,activated,2024-12-18
963,2024-12-15,engaged,2024-12-19
963,2024-12-15,engaged,2025-01-16
963,2024-12-15,engaged,2025-02-18
963,2024-12-15,engaged,2025-03-23
963,2024-12-15,engaged,2025-04-17
963,2024-12-15,engaged,2025-05-20
963,2024-12-15,engaged,2025-06-19
963,2024-12-15,engaged,2025-07-20
963,2024-12-15,engaged,2025-08-22
963,2024-12-15,engaged,2025-09-15
963,2024-12-15,engaged,2025-10-20
964,2025-09-23,signup,2025-09-23
965,2025-05-14,signup,2025-05-14
965,2025-05-14,activated,2025-05-17
965,2025-05-14,engaged,2025-05-18
965,2025-05-14,engaged,2025-06-18
965,2025-05-14,engaged,2025-07-19
965,2025-05-14,engaged,2025-08-22
965,2025-05-14,engaged,2025-09-20
965,2025-05-14,engaged,2025-10-18
966,2026-01-24,signup,2026-01-24
967,2025-01-30,signup,2025-01-30
967,2025-01-30,activated,2025-01-31
967,2025-01-30,engaged,2025-02-02
967,2025-01-30,engaged,2025-03-07
968,2024-12-28,signup,2024-12-28
968,2024-12-28,activated,2024-12-28
968,2024-12-28,engaged,2025-01-06
969,2024-11-18,signup,2024-11-18
969,2024-11-18,activated,2024-11-19
969,2024-11-18,engaged,2024-11-19
970,2025-02-25,signup,2025-02-25
971,2025-08-02,signup,2025-08-02
971,2025-08-02,activated,2025-08-05
972,2024-08-31,signup,2024-08-31
972,2024-08-31,activated,2024-09-01
973,2025-12-31,signup,2025-12-31
973,2025-12-31,activated,2026-01-02
973,2025-12-31,engaged,2026-01-06
973,2025-12-31,engaged,2026-01-31
974,2025-04-29,signup,2025-04-29
974,2025-04-29,activated,2025-05-02
974,2025-04-29,engaged,2025-05-06
975,2026-01-18,signup,2026-01-18
976,2026-01-30,signup,2026-01-30
976,2026-01-30,activated,2026-02-02
977,2025-01-05,signup,2025-01-05
977,2025-01-05,activated,2025-01-07
978,2025-02-09,signup,2025-02-09
978,2025-02-09,activated,2025-02-10
978,2025-02-09,engaged,2025-02-17
978,2025-02-09,engaged,2025-03-11
978,2025-02-09,engaged,2025-04-13
978,2025-02-09,engaged,2025-05-19
978,2025-02-09,engaged,2025-06-14
978,2025-02-09,engaged,2025-07-10
979,2026-01-21,signup,2026-01-21
979,2026-01-21,activated,2026-01-23
979,2026-01-21,engaged,2026-01-24
980,2025-06-03,signup,2025-06-03
980,2025-06-03,activated,2025-06-05
981,2025-08-16,signup,2025-08-16
981,2025-08-16,activated,2025-08-18
982,2024-11-25,signup,2024-11-25
983,2025-04-21,signup,2025-04-21
984,2025-03-01,signup,2025-03-01
984,2025-03-01,activated,2025-03-02
985,2024-08-03,signup,2024-08-03
985,2024-08-03,activated,2024-08-04
985,2024-08-03,engaged,2024-08-07
985,2024-08-03,engaged,2024-09-05
985,2024-08-03,engaged,2024-10-12
986,2025-09-07,signup,2025-09-07
986,2025-09-07,activated,2025-09-07
987,2025-10-30,signup,2025-10-30
987,2025-10-30,activated,2025-11-02
988,2025-05-19,signup,2025-05-19
988,2025-05-19,activated,2025-05-21
988,2025-05-19,engaged,2025-05-23
988,2025-05-19,engaged,2025-06-23
989,2025-10-13,signup,2025-10-13
989,2025-10-13,activated,2025-10-13
989,2025-10-13,engaged,2025-10-20
990,2024-08-26,signup,2024-08-26
990,2024-08-26,activated,2024-08-26
990,2024-08-26,engaged,2024-09-04
991,2025-07-10,signup,2025-07-10
991,2025-07-10,activated,2025-07-12
991,2025-07-10,engaged,2025-07-15
991,2025-07-10,engaged,2025-08-14
992,2025-01-09,signup,2025-01-09
992,2025-01-09,activated,2025-01-10
993,2025-11-17,signup,2025-11-17
994,2025-10-22,signup,2025-10-22
994,2025-10-22,activated,2025-10-23
994,2025-10-22,engaged,2025-10-28
995,2025-06-15,signup,2025-06-15
995,2025-06-15,activated,2025-06-15
995,2025-06-15,engaged,2025-06-17
996,2025-10-20,signup,2025-10-20
996,2025-10-20,activated,2025-10-23
997,2025-03-26,signup,2025-03-26
997,2025-03-26,activated,2025-03-26
997,2025-03-26,engaged,2025-04-04
997,2025-03-26,engaged,2025-04-26
997,2025-03-26,engaged,2025-05-25
997,2025-03-26,engaged,2025-07-02
998,2025-07-12,signup,2025-07-12
998,2025-07-12,activated,2025-07-14
998,2025-07-12,engaged,2025-07-12
998,2025-07-12,engaged,2025-08-12
998,2025-07-12,engaged,2025-09-19
998,2025-07-12,engaged,2025-10-11
998,2025-07-12,engaged,2025-11-13
999,2024-09-29,signup,2024-09-29
999,2024-09-29,activated,2024-09-30
1000,2024-11-07,signup,2024-11-07
1000,2024-11-07,activated,2024-11-07
1000,2024-11-07,engaged,2024-11-15
1000,2024-11-07,engaged,2024-12-16
1001,2025-07-24,signup,2025-07-24
1001,2025-07-24,activated,2025-07-24
1001,2025-07-24,engaged,2025-07-27
1001,2025-07-24,engaged,2025-08-27
1001,2025-07-24,engaged,2025-10-02
1001,2025-07-24,upgraded,2025-10-02
1001,2025-07-24,engaged,2025-10-30
1002,2025-01-22,signup,2025-01-22
1003,2024-10-02,signup,2024-10-02
1003,2024-10-02,activated,2024-10-02
1003,2024-10-02,engaged,2024-10-12
1003,2024-10-02,engaged,2024-11-11
1003,2024-10-02,engaged,2024-12-06
1004,2024-09-19,signup,2024-09-19
1004,2024-09-19,activated,2024-09-22
1005,2024-11-02,signup,2024-11-02
1006,2025-12-16,signup,2025-12-16
1006,2025-12-16,activated,2025-12-16
1006,2025-12-16,engaged,2025-12-17
1006,2025-12-16,engaged,2026-01-16
1006,2025-12-16,upgraded,2026-01-16
1007,2025-09-27,signup,2025-09-27
1007,2025-09-27,activated,2025-09-30
1007,2025-09-27,engaged,2025-10-06
1008,2025-03-24,signup,2025-03-24
1009,2025-09-19,signup,2025-09-19
1009,2025-09-19,activated,2025-09-21
1009,2025-09-19,engaged,2025-09-27
1009,2025-09-19,engaged,2025-10-22
1010,2025-05-03,signup,2025-05-03
1010,2025-05-03,activated,2025-05-04
1011,2026-01-08,signup,2026-01-08
1012,2025-07-17,signup,2025-07-17
1013,2025-07-14,signup,2025-07-14
1013,2025-07-14,activated,2025-07-17
1013,2025-07-14,engaged,2025-07-14
1013,2025-07-14,engaged,2025-08-17
1013,2025-07-14,engaged,2025-09-18
1013,2025-07-14,engaged,2025-10-19
1013,2025-07-14,engaged,2025-11-17
1013,2025-07-14,engaged,2025-12-15
1014,2025-07-30,signup,2025-07-30
1015,2024-12-20,signup,2024-12-20
1015,2024-12-20,activated,2024-12-21
1015,2024-12-20,engaged,2024-12-27
1016,2025-08-17,signup,2025-08-17
1017,2025-01-20,signup,2025-01-20
1017,2025-01-20,activated,2025-01-21
1017,2025-01-20,engaged,2025-01-29
1018,2025-06-16,signup,2025-06-16
1018,2025-06-16,activated,2025-06-18
1019,2025-06-22,signup,2025-06-22
1019,2025-06-22,activated,2025-06-22
1020,2026-01-10,signup,2026-01-10
1020,2026-01-10,activated,2026-01-13
1021,2025-06-30,signup,2025-06-30
1022,2024-08-22,signup,2024-08-22
1023,2025-03-22,signup,2025-03-22
1024,2025-01-25,signup,2025-01-25
1024,2025-01-25,activated,2025-01-25
1025,2025-04-26,signup,2025-04-26
1025,2025-04-26,activated,2025-04-27
1025,2025-04-26,engaged,2025-05-01
1025,2025-04-26,engaged,2025-05-27
1025,2025-04-26,engaged,2025-07-05
1026,2026-01-04,signup,2026-01-04
1026,2026-01-04,activated,2026-01-04
1026,2026-01-04,engaged,2026-01-13
1026,2026-01-04,upgraded,2026-01-13
1027,2025-09-28,signup,2025-09-28
1027,2025-09-28,activated,2025-10-01
1027,2025-09-28,engaged,2025-09-30
1028,2025-04-27,signup,2025-04-27
1028,2025-04-27,activated,2025-04-29
1029,2025-03-03,signup,2025-03-03
1029,2025-03-03,activated,2025-03-03
1030,2025-12-20,signup,2025-12-20
1030,2025-12-20,activated,2025-12-20
1031,2025-02-13,signup,2025-02-13
1031,2025-02-13,activated,2025-02-13
1031,2025-02-13,engaged,2025-02-15
1031,2025-02-13,engaged,2025-03-16
1031,2025-02-13,engaged,2025-04-14
1031,2025-02-13,engaged,2025-05-19
1031,2025-02-13,engaged,2025-06-21
1031,2025-02-13,engaged,2025-07-23
1032,2025-07-18,signup,2025-07-18
1032,2025-07-18,activated,2025-07-21
1033,2025-12-10,signup,2025-12-10
1034,2025-09-27,signup,2025-09-27
1035,2025-10-13,signup,2025-10-13
1035,2025-10-13,activated,2025-10-16
1036,2026-01-17,signup,2026-01-17
1036,2026-01-17,activated,2026-01-19
1037,2025-06-22,signup,2025-06-22
1037,2025-06-22,activated,2025-06-22
1038,2025-06-23,signup,2025-06-23
1038,2025-06-23,activated,2025-06-23
1039,2025-11-04,signup,2025-11-04
1040,2025-09-05,signup,2025-09-05
1040,2025-09-05,activated,2025-09-06
1041,2025-09-13,signup,2025-09-13
1041,2025-09-13,activated,2025-09-16
1041,2025-09-13,engaged,2025-09-22
1041,2025-09-13,engaged,2025-10-18
1042,2025-04-23,signup,2025-04-23
1042,2025-04-23,activated,2025-04-23
1042,2025-04-23,engaged,2025-04-25
1042,2025-04-23,engaged,2025-06-02
1043,2025-04-04,signup,2025-04-04
1043,2025-04-04,activated,2025-04-04
1043,2025-04-04,engaged,2025-04-05
1043,2025-04-04,engaged,2025-05-14
1043,2025-04-04,engaged,2025-06-04
1043,2025-04-04,upgraded,2025-06-04
1043,2025-04-04,engaged,2025-07-13
1043,2025-04-04,engaged,2025-08-09
1044,2025-12-10,signup,2025-12-10
1044,2025-12-10,activated,2025-12-11
1044,2025-12-10,engaged,2025-12-18
1045,2025-03-23,signup,2025-03-23
1045,2025-03-23,activated,2025-03-24
1046,2025-10-26,signup,2025-10-26
1046,2025-10-26,activated,2025-10-26
1046,2025-10-26,engaged,2025-10-28
1046,2025-10-26,engaged,2025-12-01
1047,2024-11-01,signup,2024-11-01
1047,2024-11-01,activated,2024-11-01
1048,2026-01-27,signup,2026-01-27
1048,2026-01-27,activated,2026-01-27
1049,2025-07-22,signup,2025-07-22
1049,2025-07-22,activated,2025-07-25
1050,2025-09-18,signup,2025-09-18
1050,2025-09-18,activated,2025-09-19
1050,2025-09-18,engaged,2025-09-27
1050,2025-09-18,engaged,2025-10-18
1051,2025-05-01,signup,2025-05-01
1051,2025-05-01,activated,2025-05-02
1051,2025-05-01,engaged,2025-05-09
1051,2025-05-01,engaged,2025-05-31
1051,2025-05-01,engaged,2025-07-06
1051,2025-05-01,engaged,2025-08-02
1051,2025-05-01,engaged,2025-09-06
1052,2025-06-13,signup,2025-06-13
1052,2025-06-13,activated,2025-06-15
1052,2025-06-13,engaged,2025-06-18
1052,2025-06-13,engaged,2025-07-14
1052,2025-06-13,engaged,2025-08-20
1052,2025-06-13,engaged,2025-09-20
1052,2025-06-13,engaged,2025-10-17
1053,2025-11-29,signup,2025-11-29
1053,2025-11-29,activated,2025-12-02
1053,2025-11-29,engaged,2025-12-02
1054,2024-07-25,signup,2024-07-25
1054,2024-07-25,activated,2024-07-28
1055,2025-06-19,signup,2025-06-19
1055,2025-06-19,activated,2025-06-21
1056,2025-12-11,signup,2025-12-11
1056,2025-12-11,activated,2025-12-11
1056,2025-12-11,engaged,2025-12-20
1056,2025-12-11,engaged,2026-01-15
1057,2025-03-28,signup,2025-03-28
1057,2025-03-28,activated,2025-03-29
1058,2025-09-20,signup,2025-09-20
1058,2025-09-20,activated,2025-09-23
1058,2025-09-20,engaged,2025-09-26
1058,2025-09-20,engaged,2025-10-29
1058,2025-09-20,engaged,2025-11-21
1058,2025-09-20,engaged,2025-12-23
1058,2025-09-20,engaged,2026-01-22
1059,2025-04-02,signup,2025-04-02
1060,2025-12-17,signup,2025-12-17
1060,2025-12-17,activated,2025-12-19
1060,2025-12-17,engaged,2025-12-22
1061,2025-08-23,signup,2025-08-23
1061,2025-08-23,activated,2025-08-25
1061,2025-08-23,engaged,2025-08-30
1061,2025-08-23,engaged,2025-09-29
1062,2025-07-27,signup,2025-07-27
1062,2025-07-27,activated,2025-07-27
1062,2025-07-27,engaged,2025-08-03
1063,2025-06-21,signup,2025-06-21
1063,2025-06-21,activated,2025-06-22
1064,2025-02-24,signup,2025-02-24
1065,2025-09-20,signup,2025-09-20
1065,2025-09-20,activated,2025-09-21
1065,2025-09-20,engaged,2025-09-23
1065,2025-09-20,engaged,2025-10-28
1066,2025-11-24,signup,2025-11-24
1066,2025-11-24,activated,2025-11-27
1067,2025-01-05,signup,2025-01-05
1068,2025-07-07,signup,2025-07-07
1068,2025-07-07,activated,2025-07-07
1068,2025-07-07,engaged,2025-07-07
1068,2025-07-07,engaged,2025-08-14
1068,2025-07-07,engaged,2025-09-14
1069,2025-10-05,signup,2025-10-05
1069,2025-10-05,activated,2025-10-05
1069,2025-10-05,engaged,2025-10-06
1069,2025-10-05,engaged,2025-11-09
1069,2025-10-05,engaged,2025-12-08
1070,2025-02-05,signup,2025-02-05
1070,2025-02-05,activated,2025-02-05
1070,2025-02-05,engaged,2025-02-07
1070,2025-02-05,engaged,2025-03-13
1070,2025-02-05,engaged,2025-04-06
1071,2025-09-05,signup,2025-09-05
1072,2025-10-20,signup,2025-10-20
1073,2025-08-14,signup,2025-08-14
1073,2025-08-14,activated,2025-08-16
1073,2025-08-14,engaged,2025-08-19
1073,2025-08-14,engaged,2025-09-23
1074,2025-11-10,signup,2025-11-10
1074,2025-11-10,activated,2025-11-12
1074,2025-11-10,engaged,2025-11-17
1074,2025-11-10,engaged,2025-12-12
1074,2025-11-10,engaged,2026-01-18
1075,2025-02-15,signup,2025-02-15
1075,2025-02-15,activated,2025-02-18
1076,2026-01-07,signup,2026-01-07
1077,2025-07-24,signup,2025-07-24
1077,2025-07-24,activated,2025-07-25
1077,2025-07-24,engaged,2025-07-25
1077,2025-07-24,engaged,2025-09-01
1078,2025-11-23,signup,2025-11-23
1078,2025-11-23,activated,2025-11-24
1079,2025-10-31,signup,2025-10-31
1079,2025-10-31,activated,2025-11-03
1080,2025-07-15,signup,2025-07-15
1081,2024-12-20,signup,2024-12-20
1081,2024-12-20,activated,2024-12-22
1082,2025-03-12,signup,2025-03-12
1082,2025-03-12,activated,2025-03-15
1082,2025-03-12,engaged,2025-03-22
1083,2026-01-05,signup,2026-01-05
1083,2026-01-05,activated,2026-01-05
1083,2026-01-05,engaged,2026-01-15
1084,2024-10-08,signup,2024-10-08
1084,2024-10-08,activated,2024-10-09
1085,2025-03-30,signup,2025-03-30
1086,2025-06-14,signup,2025-06-14
1087,2025-03-20,signup,2025-03-20
1087,2025-03-20,activated,2025-03-20
1087,2025-03-20,engaged,2025-03-27
1087,2025-03-20,engaged,2025-04-25
1088,2025-10-09,signup,2025-10-09
1088,2025-10-09,activated,2025-10-12
1088,2025-10-09,engaged,2025-10-12
1088,2025-10-09,upgraded,2025-10-12
1088,2025-10-09,engaged,2025-11-14
1089,2025-12-22,signup,2025-12-22
1090,2025-09-11,signup,2025-09-11
1090,2025-09-11,activated,2025-09-11
1090,2025-09-11,engaged,2025-09-20
1090,2025-09-11,engaged,2025-10-13
1090,2025-09-11,engaged,2025-11-14
1091,2025-08-17,signup,2025-08-17
1091,2025-08-17,activated,2025-08-19
1091,2025-08-17,engaged,2025-08-17
1091,2025-08-17,engaged,2025-09-21
1092,2024-08-23,signup,2024-08-23
1092,2024-08-23,activated,2024-08-25
1092,2024-08-23,engaged,2024-08-28
1092,2024-08-23,engaged,2024-09-27
1093,2024-08-29,signup,2024-08-29
1093,2024-08-29,activated,2024-08-31
1094,2025-05-01,signup,2025-05-01
1095,2025-11-10,signup,2025-11-10
1095,2025-11-10,activated,2025-11-13
1095,2025-11-10,engaged,2025-11-19
1095,2025-11-10,engaged,2025-12-11
1095,2025-11-10,engaged,2026-01-12
1096,2025-02-02,signup,2025-02-02
1097,2024-09-16,signup,2024-09-16
1098,2025-01-28,signup,2025-01-28
1098,2025-01-28,activated,2025-01-30
1098,2025-01-28,engaged,2025-01-30
1099,2026-01-24,signup,2026-01-24
1100,2025-05-12,signup,2025-05-12
1101,2025-03-31,signup,2025-03-31
1101,2025-03-31,activated,2025-03-31
1102,2025-03-19,signup,2025-03-19
1102,2025-03-19,activated,2025-03-22
1102,2025-03-19,engaged,2025-03-20
1102,2025-03-19,engaged,2025-04-22
1102,2025-03-19,engaged,2025-05-21
1102,2025-03-19,engaged,2025-06-20
1102,2025-03-19,engaged,2025-07-25
1102,2025-03-19,engaged,2025-08-25
1102,2025-03-19,engaged,2025-09-17
1102,2025-03-19,engaged,2025-10-25
1102,2025-03-19,engaged,2025-11-15
1102,2025-03-19,engaged,2025-12-17
1102,2025-03-19,engaged,2026-01-14
1103,2025-05-30,signup,2025-05-30
1103,2025-05-30,activated,2025-05-31
1103,2025-05-30,engaged,2025-05-30
1103,2025-05-30,engaged,2025-07-05
1103,2025-05-30,engaged,2025-08-03
1103,2025-05-30,engaged,2025-09-06
1103,2025-05-30,engaged,2025-10-02
1104,2025-05-25,signup,2025-05-25
1104,2025-05-25,activated,2025-05-28
1105,2025-02-26,signup,2025-02-26
1106,2025-11-08,signup,2025-11-08
1107,2025-12-19,signup,2025-12-19
1107,2025-12-19,activated,2025-12-22
1108,2025-04-26,signup,2025-04-26
1108,2025-04-26,activated,2025-04-29
1109,2025-10-27,signup,2025-10-27
1110,2025-06-24,signup,2025-06-24
1111,2026-01-04,signup,2026-01-04
1111,2026-01-04,activated,2026-01-05
1111,2026-01-04,engaged,2026-01-14
1112,2025-11-06,signup,2025-11-06
1112,2025-11-06,activated,2025-11-09
1112,2025-11-06,engaged,2025-11-10
1113,2025-10-23,signup,2025-10-23
1113,2025-10-23,activated,2025-10-26
1113,2025-10-23,engaged,2025-10-26
1113,2025-10-23,engaged,2025-11-28
1114,2025-11-08,signup,2025-11-08
1114,2025-11-08,activated,2025-11-10
1114,2025-11-08,engaged,2025-11-08
1115,2026-01-22,signup,2026-01-22
1115,2026-01-22,activated,2026-01-23
1115,2026-01-22,engaged,2026-01-23
1116,2025-05-21,signup,2025-05-21
1117,2025-03-11,signup,2025-03-11
1117,2025-03-11,activated,2025-03-14
1118,2025-08-19,signup,2025-08-19
1118,2025-08-19,activated,2025-08-20
1119,2024-11-26,signup,2024-11-26
1119,2024-11-26,activated,2024-11-26
1119,2024-11-26,engaged,2024-12-05
1119,2024-11-26,engaged,2024-12-29
1120,2026-01-23,signup,2026-01-23
1121,2025-10-10,signup,2025-10-10
1121,2025-10-10,activated,2025-10-13
1122,2025-12-19,signup,2025-12-19
1122,2025-12-19,activated,2025-12-22
1123,2026-01-01,signup,2026-01-01
1123,2026-01-01,activated,2026-01-02
1123,2026-01-01,engaged,2026-01-02
1124,2025-04-12,signup,2025-04-12
1124,2025-04-12,activated,2025-04-14
1124,2025-04-12,engaged,2025-04-15
1125,2025-11-27,signup,2025-11-27
1126,2025-03-24,signup,2025-03-24
1126,2025-03-24,activated,2025-03-25
1126,2025-03-24,engaged,2025-03-30
1126,2025-03-24,engaged,2025-05-01
1126,2025-03-24,engaged,2025-05-31
1127,2025-11-18,signup,2025-11-18
1128,2025-03-10,signup,2025-03-10
1128,2025-03-10,activated,2025-03-11
1128,2025-03-10,engaged,2025-03-16
1128,2025-03-10,engaged,2025-04-14
1128,2025-03-10,engaged,2025-05-09
1128,2025-03-10,engaged,2025-06-12
1128,2025-03-10,engaged,2025-07-13
1129,2025-11-14,signup,2025-11-14
1130,2025-07-12,signup,2025-07-12
1130,2025-07-12,activated,2025-07-15
1131,2025-11-06,signup,2025-11-06
1132,2025-01-01,signup,2025-01-01
1133,2025-07-19,signup,2025-07-19
1134,2025-05-29,signup,2025-05-29
1135,2025-05-01,signup,2025-05-01
1135,2025-05-01,activated,2025-05-04
1136,2025-05-12,signup,2025-05-12
1136,2025-05-12,activated,2025-05-12
1136,2025-05-12,engaged,2025-05-14
1136,2025-05-12,upgraded,2025-05-14
1136,2025-05-12,engaged,2025-06-14
1136,2025-05-12,engaged,2025-07-12
1137,2026-01-20,signup,2026-01-20
1137,2026-01-20,activated,2026-01-20
1137,2026-01-20,engaged,2026-01-22
1138,2024-09-26,signup,2024-09-26
1138,2024-09-26,activated,2024-09-28
1138,2024-09-26,engaged,2024-09-26
1139,2025-11-04,signup,2025-11-04
1139,2025-11-04,activated,2025-11-04
1139,2025-11-04,engaged,2025-11-10
1139,2025-11-04,engaged,2025-12-07
1139,2025-11-04,engaged,2026-01-13
1140,2025-05-20,signup,2025-05-20
1140,2025-05-20,activated,2025-05-20
1141,2025-09-18,signup,2025-09-18
1141,2025-09-18,activated,2025-09-19
1142,2025-05-02,signup,2025-05-02
1142,2025-05-02,activated,2025-05-05
1143,2025-08-31,signup,2025-08-31
1144,2025-06-26,signup,2025-06-26
1144,2025-06-26,activated,2025-06-26
1144,2025-06-26,engaged,2025-07-01
1145,2025-10-19,signup,2025-10-19
1145,2025-10-19,activated,2025-10-22
1146,2025-05-22,signup,2025-05-22
1146,2025-05-22,activated,2025-05-23
1146,2025-05-22,engaged,2025-05-30
1146,2025-05-22,upgraded,2025-05-30
1146,2025-05-22,engaged,2025-06-21
1147,2025-10-01,signup,2025-10-01
1148,2024-09-20,signup,2024-09-20
1148,2024-09-20,activated,2024-09-21
1148,2024-09-20,engaged,2024-09-22
1148,2024-09-20,engaged,2024-10-22
1149,2025-09-02,signup,2025-09-02
1149,2025-09-02,activated,2025-09-02
1149,2025-09-02,engaged,2025-09-09
1150,2025-06-10,signup,2025-06-10
1150,2025-06-10,activated,2025-06-10
1150,2025-06-10,engaged,2025-06-15
1150,2025-06-10,engaged,2025-07-12
1150,2025-06-10,engaged,2025-08-11
1150,2025-06-10,engaged,2025-09-18
1151,2024-10-15,signup,2024-10-15
1151,2024-10-15,activated,2024-10-15
1152,2025-08-24,signup,2025-08-24
1152,2025-08-24,activated,2025-08-26
1152,2025-08-24,engaged,2025-08-28
1152,2025-08-24,engaged,2025-10-03
1152,2025-08-24,engaged,2025-10-30
1152,2025-08-24,engaged,2025-11-23
1152,2025-08-24,engaged,2026-01-01
1152,2025-08-24,engaged,2026-01-31
1153,2026-01-14,signup,2026-01-14
1153,2026-01-14,activated,2026-01-15
1153,2026-01-14,engaged,2026-01-14
1154,2025-06-28,signup,2025-06-28
1154,2025-06-28,activated,2025-06-30
1154,2025-06-28,engaged,2025-07-03
1154,2025-06-28,engaged,2025-08-06
1154,2025-06-28,upgraded,2025-08-06
1154,2025-06-28,engaged,2025-09-03
1155,2025-10-10,signup,2025-10-10
1156,2026-01-22,signup,2026-01-22
1156,2026-01-22,activated,2026-01-24
1157,2025-10-30,signup,2025-10-30
1157,2025-10-30,activated,2025-10-31
1158,2025-10-22,signup,2025-10-22
1158,2025-10-22,activated,2025-10-24
1158,2025-10-22,engaged,2025-10-23
1158,2025-10-22,engaged,2025-11-30
1158,2025-10-22,engaged,2025-12-23
1159,2025-11-20,signup,2025-11-20
1160,2025-09-24,signup,2025-09-24
1160,2025-09-24,activated,2025-09-27
1161,2025-10-14,signup,2025-10-14
1162,2026-01-29,signup,2026-01-29
1162,2026-01-29,activated,2026-01-30
1162,2026-01-29,engaged,2026-01-30
1162,2026-01-29,upgraded,2026-01-30
1163,2025-12-08,signup,2025-12-08
1163,2025-12-08,activated,2025-12-09
1164,2024-11-15,signup,2024-11-15
1164,2024-11-15,activated,2024-11-15
1165,2025-05-15,signup,2025-05-15
1165,2025-05-15,activated,2025-05-17
1166,2025-12-06,signup,2025-12-06
1167,2025-01-20,signup,2025-01-20
1167,2025-01-20,activated,2025-01-21
1167,2025-01-20,engaged,2025-01-25
1168,2026-01-05,signup,2026-01-05
1168,2026-01-05,activated,2026-01-07
1168,2026-01-05,engaged,2026-01-14
1169,2025-12-08,signup,2025-12-08
1170,2025-09-24,signup,2025-09-24
1171,2025-03-13,signup,2025-03-13
1171,2025-03-13,activated,2025-03-14
1171,2025-03-13,engaged,2025-03-17
1171,2025-03-13,upgraded,2025-03-17
1171,2025-03-13,engaged,2025-04-17
1171,2025-03-13,engaged,2025-05-17
1171,2025-03-13,engaged,2025-06-14
1171,2025-03-13,engaged,2025-07-12
1171,2025-03-13,engaged,2025-08-13
1172,2025-03-19,signup,2025-03-19
1172,2025-03-19,activated,2025-03-20
1172,2025-03-19,engaged,2025-03-19
1172,2025-03-19,engaged,2025-04-20
1172,2025-03-19,engaged,2025-05-19
1172,2025-03-19,engaged,2025-06-20
1172,2025-03-19,upgraded,2025-06-20
1172,2025-03-19,engaged,2025-07-17
1172,2025-03-19,engaged,2025-08-20
1172,2025-03-19,engaged,2025-09-18
1172,2025-03-19,engaged,2025-10-24
1172,2025-03-19,engaged,2025-11-16
1173,2025-12-09,signup,2025-12-09
1173,2025-12-09,activated,2025-12-11
1174,2026-01-17,signup,2026-01-17
1175,2026-01-05,signup,2026-01-05
1175,2026-01-05,activated,2026-01-07
1175,2026-01-05,engaged,2026-01-09
1176,2026-01-16,signup,2026-01-16
1176,2026-01-16,activated,2026-01-16
1177,2025-03-27,signup,2025-03-27
1178,2024-11-19,signup,2024-11-19
1178,2024-11-19,activated,2024-11-20
1179,2024-08-24,signup,2024-08-24
1180,2026-01-22,signup,2026-01-22
1180,2026-01-22,activated,2026-01-25
1180,2026-01-22,engaged,2026-01-24
1181,2024-08-07,signup,2024-08-07
1181,2024-08-07,activated,2024-08-09
1182,2025-11-17,signup,2025-11-17
1182,2025-11-17,activated,2025-11-17
1182,2025-11-17,engaged,2025-11-23
1183,2025-05-27,signup,2025-05-27
1183,2025-05-27,activated,2025-05-27
1183,2025-05-27,engaged,2025-06-05
1184,2025-06-07,signup,2025-06-07
1185,2025-05-20,signup,2025-05-20
1185,2025-05-20,activated,2025-05-20
1186,2025-09-19,signup,2025-09-19
1187,2025-10-19,signup,2025-10-19
1187,2025-10-19,activated,2025-10-20
1188,2025-12-26,signup,2025-12-26
1188,2025-12-26,activated,2025-12-28
1188,2025-12-26,engaged,2025-12-26
1189,2025-09-10,signup,2025-09-10
1189,2025-09-10,activated,2025-09-11
1190,2025-09-13,signup,2025-09-13
1190,2025-09-13,activated,2025-09-13
1190,2025-09-13,engaged,2025-09-14
1191,2025-12-07,signup,2025-12-07
1191,2025-12-07,activated,2025-12-07
1191,2025-12-07,engaged,2025-12-11
1191,2025-12-07,engaged,2026-01-16
1192,2025-10-26,signup,2025-10-26
1193,2025-10-19,signup,2025-10-19
1194,2024-11-08,signup,2024-11-08
1194,2024-11-08,activated,2024-11-08
1194,2024-11-08,engaged,2024-11-08
1194,2024-11-08,engaged,2024-12-10
1194,2024-11-08,engaged,2025-01-17
1194,2024-11-08,upgraded,2025-01-17
1194,2024-11-08,engaged,2025-02-10
1194,2024-11-08,engaged,2025-03-17
1195,2025-11-20,signup,2025-11-20
1196,2026-01-16,signup,2026-01-16
1196,2026-01-16,activated,2026-01-16
1196,2026-01-16,engaged,2026-01-21
1197,2025-09-07,signup,2025-09-07
1197,2025-09-07,activated,2025-09-10
1197,2025-09-07,engaged,2025-09-16
1197,2025-09-07,engaged,2025-10-10
1198,2025-05-04,signup,2025-05-04
1198,2025-05-04,activated,2025-05-04
1198,2025-05-04,engaged,2025-05-10
1199,2025-10-11,signup,2025-10-11
1200,2024-11-07,signup,2024-11-07
1200,2024-11-07,activated,2024-11-10
1200,2024-11-07,engaged,2024-11-17
1200,2024-11-07,engaged,2024-12-08
1200,2024-11-07,engaged,2025-01-08
1200,2024-11-07,engaged,2025-02-09
1201,2025-01-04,signup,2025-01-04
1202,2025-05-29,signup,2025-05-29
1203,2025-04-07,signup,2025-04-07
1204,2025-06-13,signup,2025-06-13
1205,2025-07-08,signup,2025-07-08
1205,2025-07-08,activated,2025-07-11
1205,2025-07-08,engaged,2025-07-16
1205,2025-07-08,upgraded,2025-07-16
1205,2025-07-08,engaged,2025-08-15
1205,2025-07-08,engaged,2025-09-13
1205,2025-07-08,engaged,2025-10-15
1206,2025-08-21,signup,2025-08-21
1206,2025-08-21,activated,2025-08-22
1206,2025-08-21,engaged,2025-08-24
1206,2025-08-21,upgraded,2025-08-24
1207,2025-01-28,signup,2025-01-28
1207,2025-01-28,activated,2025-01-29
1208,2025-11-29,signup,2025-11-29
1209,2025-12-10,signup,2025-12-10
1209,2025-12-10,activated,2025-12-13
1210,2025-11-23,signup,2025-11-23
1210,2025-11-23,activated,2025-11-24
1210,2025-11-23,engaged,2025-12-01
1211,2025-08-25,signup,2025-08-25
1211,2025-08-25,activated,2025-08-25
1212,2026-01-29,signup,2026-01-29
1213,2025-12-30,signup,2025-12-30
1213,2025-12-30,activated,2026-01-02
1213,2025-12-30,engaged,2026-01-07
1214,2025-12-14,signup,2025-12-14
1215,2025-12-14,signup,2025-12-14
1215,2025-12-14,activated,2025-12-14
1215,2025-12-14,engaged,2025-12-24
1216,2024-12-12,signup,2024-12-12
1216,2024-12-12,activated,2024-12-15
1216,2024-12-12,engaged,2024-12-14
1217,2025-12-11,signup,2025-12-11
1217,2025-12-11,activated,2025-12-14
1218,2026-01-30,signup,2026-01-30
1218,2026-01-30,activated,2026-02-02
1219,2025-12-30,signup,2025-12-30
1219,2025-12-30,activated,2025-12-30
1219,2025-12-30,engaged,2026-01-04
1220,2026-01-09,signup,2026-01-09
1220,2026-01-09,activated,2026-01-10
1220,2026-01-09,engaged,2026-01-16
1221,2025-11-28,signup,2025-11-28
1221,2025-11-28,activated,2025-11-30
1221,2025-11-28,engaged,2025-12-07
1221,2025-11-28,engaged,2026-01-07
1222,2025-12-08,signup,2025-12-08
1223,2025-02-14,signup,2025-02-14
1224,2025-01-19,signup,2025-01-19
1224,2025-01-19,activated,2025-01-19
1225,2025-08-20,signup,2025-08-20
1225,2025-08-20,activated,2025-08-20
1226,2025-07-11,signup,2025-07-11
1227,2024-10-11,signup,2024-10-11
1228,2025-06-19,signup,2025-06-19
1229,2025-09-11,signup,2025-09-11
1229,2025-09-11,activated,2025-09-14
1229,2025-09-11,engaged,2025-09-16
1230,2025-09-07,signup,2025-09-07
1230,2025-09-07,activated,2025-09-07
1231,2026-01-08,signup,2026-01-08
1231,2026-01-08,activated,2026-01-09
1231,2026-01-08,engaged,2026-01-12
1232,2025-02-24,signup,2025-02-24
1233,2026-01-11,signup,2026-01-11
1233,2026-01-11,activated,2026-01-11
1233,2026-01-11,engaged,2026-01-21
1234,2025-02-08,signup,2025-02-08
1235,2025-07-16,signup,2025-07-16
1235,2025-07-16,activated,2025-07-17
1235,2025-07-16,engaged,2025-07-20
1236,2024-11-17,signup,2024-11-17
1237,2024-09-18,signup,2024-09-18
1237,2024-09-18,activated,2024-09-20
1238,2024-07-30,signup,2024-07-30
1238,2024-07-30,activated,2024-07-31
1239,2025-09-11,signup,2025-09-11
1239,2025-09-11,activated,2025-09-11
1240,2025-02-15,signup,2025-02-15
1240,2025-02-15,activated,2025-02-17
1241,2025-09-24,signup,2025-09-24
1241,2025-09-24,activated,2025-09-26
1242,2024-09-08,signup,2024-09-08
1242,2024-09-08,activated,2024-09-09
1243,2025-10-19,signup,2025-10-19
1243,2025-10-19,activated,2025-10-19
1243,2025-10-19,engaged,2025-10-23
1244,2025-09-25,signup,2025-09-25
1245,2025-02-20,signup,2025-02-20
1245,2025-02-20,activated,2025-02-23
1245,2025-02-20,engaged,2025-02-23
1246,2025-06-25,signup,2025-06-25
1247,2025-10-21,signup,2025-10-21
1248,2025-03-03,signup,2025-03-03
1248,2025-03-03,activated,2025-03-06
1249,2025-03-14,signup,2025-03-14
1249,2025-03-14,activated,2025-03-17
1250,2025-06-30,signup,2025-06-30
1250,2025-06-30,activated,2025-07-03
1251,2025-08-04,signup,2025-08-04
1251,2025-08-04,activated,2025-08-04
1251,2025-08-04,engaged,2025-08-10
1251,2025-08-04,upgraded,2025-08-10
1251,2025-08-04,engaged,2025-09-09
1251,2025-08-04,engaged,2025-10-10
1252,2026-01-16,signup,2026-01-16
1252,2026-01-16,activated,2026-01-18
1253,2024-09-12,signup,2024-09-12
1253,2024-09-12,activated,2024-09-13
1254,2024-12-16,signup,2024-12-16
1254,2024-12-16,activated,2024-12-18
1254,2024-12-16,engaged,2024-12-18
1255,2025-12-01,signup,2025-12-01
1255,2025-12-01,activated,2025-12-03
1256,2025-05-04,signup,2025-05-04
1256,2025-05-04,activated,2025-05-06
1256,2025-05-04,engaged,2025-05-12
1256,2025-05-04,engaged,2025-06-07
1257,2025-01-30,signup,2025-01-30
1258,2025-05-23,signup,2025-05-23
1258,2025-05-23,activated,2025-05-25
1258,2025-05-23,engaged,2025-05-28
1258,2025-05-23,engaged,2025-06-24
1258,2025-05-23,engaged,2025-07-25
1259,2025-02-08,signup,2025-02-08
1259,2025-02-08,activated,2025-02-11
1260,2025-11-02,signup,2025-11-02
1260,2025-11-02,activated,2025-11-05
1261,2025-04-08,signup,2025-04-08
1261,2025-04-08,activated,2025-04-11
1261,2025-04-08,engaged,2025-04-08
1261,2025-04-08,engaged,2025-05-11
1261,2025-04-08,engaged,2025-06-10
1262,2025-09-15,signup,2025-09-15
1262,2025-09-15,activated,2025-09-16
1262,2025-09-15,engaged,2025-09-19
1263,2025-05-05,signup,2025-05-05
1263,2025-05-05,activated,2025-05-08
1263,2025-05-05,engaged,2025-05-09
1263,2025-05-05,engaged,2025-06-07
1263,2025-05-05,upgraded,2025-06-07
1264,2025-02-11,signup,2025-02-11
1264,2025-02-11,activated,2025-02-13
1265,2025-04-27,signup,2025-04-27
1265,2025-04-27,activated,2025-04-27
1265,2025-04-27,engaged,2025-05-04
1266,2024-12-20,signup,2024-12-20
1266,2024-12-20,activated,2024-12-22
1266,2024-12-20,engaged,2024-12-30
1266,2024-12-20,engaged,2025-01-26
1266,2024-12-20,engaged,2025-02-22
1266,2024-12-20,engaged,2025-03-24
1266,2024-12-20,engaged,2025-04-24
1267,2025-06-18,signup,2025-06-18
1267,2025-06-18,activated,2025-06-18
1268,2025-03-13,signup,2025-03-13
1269,2025-07-18,signup,2025-07-18
1269,2025-07-18,activated,2025-07-20
1270,2025-05-18,signup,2025-05-18
1271,2024-10-16,signup,2024-10-16
1271,2024-10-16,activated,2024-10-17
1272,2024-07-24,signup,2024-07-24
1273,2025-09-01,signup,2025-09-01
1273,2025-09-01,activated,2025-09-04
1273,2025-09-01,engaged,2025-09-09
1274,2025-03-25,signup,2025-03-25
1274,2025-03-25,activated,2025-03-28
1274,2025-03-25,engaged,2025-03-27
1275,2025-05-21,signup,2025-05-21
1276,2025-12-30,signup,2025-12-30
1276,2025-12-30,activated,2025-12-30
1276,2025-12-30,engaged,2026-01-01
1277,2025-12-08,signup,2025-12-08
1277,2025-12-08,activated,2025-12-09
1277,2025-12-08,engaged,2025-12-11
1278,2025-04-15,signup,2025-04-15
1279,2025-12-07,signup,2025-12-07
1280,2025-04-17,signup,2025-04-17
1281,2025-09-04,signup,2025-09-04
1282,2024-09-20,signup,2024-09-20
1282,2024-09-20,activated,2024-09-21
1282,2024-09-20,engaged,2024-09-28
1283,2025-12-16,signup,2025-12-16
1283,2025-12-16,activated,2025-12-18
1283,2025-12-16,engaged,2025-12-18
1283,2025-12-16,engaged,2026-01-25
1284,2025-11-08,signup,2025-11-08
1285,2025-03-26,signup,2025-03-26
1285,2025-03-26,activated,2025-03-28
1285,2025-03-26,engaged,2025-04-01
1285,2025-03-26,engaged,2025-04-26
1285,2025-03-26,engaged,2025-05-30
1285,2025-03-26,engaged,2025-06-29
1285,2025-03-26,upgraded,2025-06-29
1285,2025-03-26,engaged,2025-07-29
1285,2025-03-26,engaged,2025-08-26
1286,2025-06-19,signup,2025-06-19
1286,2025-06-19,activated,2025-06-19
1287,2025-10-01,signup,2025-10-01
1288,2026-01-23,signup,2026-01-23
1288,2026-01-23,activated,2026-01-23
1288,2026-01-23,engaged,2026-01-25
1289,2024-12-11,signup,2024-12-11
1289,2024-12-11,activated,2024-12-12
1289,2024-12-11,engaged,2024-12-13
1289,2024-12-11,engaged,2025-01-11
1289,2024-12-11,engaged,2025-02-19
1290,2026-01-25,signup,2026-01-25
1290,2026-01-25,activated,2026-01-28
1291,2026-01-13,signup,2026-01-13
1291,2026-01-13,activated,2026-01-14
1291,2026-01-13,engaged,2026-01-15
1292,2024-12-13,signup,2024-12-13
1292,2024-12-13,activated,2024-12-14
1292,2024-12-13,engaged,2024-12-14
1292,2024-12-13,engaged,2025-01-20
1292,2024-12-13,engaged,2025-02-12
1292,2024-12-13,engaged,2025-03-17
1292,2024-12-13,upgraded,2025-03-17
1292,2024-12-13,engaged,2025-04-22
1292,2024-12-13,engaged,2025-05-21
1292,2024-12-13,engaged,2025-06-18
1293,2025-10-22,signup,2025-10-22
1293,2025-10-22,activated,2025-10-22
1294,2025-11-03,signup,2025-11-03
1295,2025-08-19,signup,2025-08-19
1295,2025-08-19,activated,2025-08-21
1295,2025-08-19,engaged,2025-08-22
1295,2025-08-19,engaged,2025-09-27
1296,2025-08-07,signup,2025-08-07
1296,2025-08-07,activated,2025-08-08
1297,2025-06-18,signup,2025-06-18
1297,2025-06-18,activated,2025-06-18
1297,2025-06-18,engaged,2025-06-19
1297,2025-06-18,upgraded,2025-06-19
1297,2025-06-18,engaged,2025-07-20
1297,2025-06-18,engaged,2025-08-21
1297,2025-06-18,engaged,2025-09-26
1297,2025-06-18,engaged,2025-10-21
1298,2024-11-11,signup,2024-11-11
1299,2025-12-06,signup,2025-12-06
1300,2025-10-10,signup,2025-10-10
1300,2025-10-10,activated,2025-10-13
1300,2025-10-10,engaged,2025-10-16
1301,2025-08-28,signup,2025-08-28
1301,2025-08-28,activated,2025-08-29
1301,2025-08-28,engaged,2025-09-03
1302,2025-11-08,signup,2025-11-08
1302,2025-11-08,activated,2025-11-11
1302,2025-11-08,engaged,2025-11-18
1302,2025-11-08,engaged,2025-12-13
1303,2025-05-10,signup,2025-05-10
1303,2025-05-10,activated,2025-05-11
1304,2026-01-05,signup,2026-01-05
1304,2026-01-05,activated,2026-01-07
1304,2026-01-05,engaged,2026-01-15
1305,2025-08-31,signup,2025-08-31
1306,2025-05-06,signup,2025-05-06
1306,2025-05-06,activated,2025-05-09
1306,2025-05-06,engaged,2025-05-15
1306,2025-05-06,engaged,2025-06-15
1306,2025-05-06,engaged,2025-07-13
1307,2025-04-13,signup,2025-04-13
1307,2025-04-13,activated,2025-04-13
1307,2025-04-13,engaged,2025-04-19
1307,2025-04-13,engaged,2025-05-18
1307,2025-04-13,engaged,2025-06-14
1308,2025-02-14,signup,2025-02-14
1308,2025-02-14,activated,2025-02-16
1308,2025-02-14,engaged,2025-02-21
1308,2025-02-14,engaged,2025-03-25
1309,2025-07-14,signup,2025-07-14
1309,2025-07-14,activated,2025-07-15
1310,2025-05-31,signup,2025-05-31
1310,2025-05-31,activated,2025-06-01
1310,2025-05-31,engaged,2025-06-03
1310,2025-05-31,engaged,2025-07-09
1310,2025-05-31,engaged,2025-08-09
1310,2025-05-31,engaged,2025-09-01
1310,2025-05-31,engaged,2025-10-02
1310,2025-05-31,upgraded,2025-10-02
1311,2025-05-31,signup,2025-05-31
1311,2025-05-31,activated,2025-06-03
1311,2025-05-31,engaged,2025-06-07
1312,2025-03-30,signup,2025-03-30
1312,2025-03-30,activated,2025-04-02
1313,2025-03-08,signup,2025-03-08
1314,2025-09-14,signup,2025-09-14
1315,2025-04-01,signup,2025-04-01
1315,2025-04-01,activated,2025-04-01
1316,2025-03-27,signup,2025-03-27
1316,2025-03-27,activated,2025-03-29
1317,2025-12-02,signup,2025-12-02
1317,2025-12-02,activated,2025-12-03
1318,2024-10-16,signup,2024-10-16
1318,2024-10-16,activated,2024-10-17
1319,2025-02-03,signup,2025-02-03
1319,2025-02-03,activated,2025-02-06
1319,2025-02-03,engaged,2025-02-13
1320,2025-11-11,signup,2025-11-11
1320,2025-11-11,activated,2025-11-12
1320,2025-11-11,engaged,2025-11-16
1320,2025-11-11,engaged,2025-12-11
1320,2025-11-11,engaged,2026-01-11
1321,2025-02-19,signup,2025-02-19
1321,2025-02-19,activated,2025-02-21
1321,2025-02-19,engaged,2025-02-25
1322,2025-11-15,signup,2025-11-15
1322,2025-11-15,activated,2025-11-17
1322,2025-11-15,engaged,2025-11-18
1323,2026-01-27,signup,2026-01-27
1323,2026-01-27,activated,2026-01-28
1324,2025-07-09,signup,2025-07-09
1324,2025-07-09,activated,2025-07-11
1324,2025-07-09,engaged,2025-07-12
1324,2025-07-09,engaged,2025-08-18
1324,2025-07-09,engaged,2025-09-17
1324,2025-07-09,upgraded,2025-09-17
1325,2024-10-14,signup,2024-10-14
1325,2024-10-14,activated,2024-10-16
1326,2024-11-02,signup,2024-11-02
1327,2024-11-12,signup,2024-11-12
1327,2024-11-12,activated,2024-11-14
1327,2024-11-12,engaged,2024-11-20
1327,2024-11-12,engaged,2024-12-12
1327,2024-11-12,engaged,2025-01-17
1327,2024-11-12,engaged,2025-02-10
1328,2025-08-04,signup,2025-08-04
1328,2025-08-04,activated,2025-08-04
1329,2026-01-03,signup,2026-01-03
1330,2024-11-21,signup,2024-11-21
1331,2025-12-24,signup,2025-12-24
1332,2025-09-28,signup,2025-09-28
1332,2025-09-28,activated,2025-09-28
1333,2025-05-06,signup,2025-05-06
1333,2025-05-06,activated,2025-05-09
1333,2025-05-06,engaged,2025-05-10
1333,2025-05-06,upgraded,2025-05-10
1333,2025-05-06,engaged,2025-06-15
1334,2025-07-06,signup,2025-07-06
1334,2025-07-06,activated,2025-07-08
1334,2025-07-06,engaged,2025-07-09
1334,2025-07-06,engaged,2025-08-11
1334,2025-07-06,upgraded,2025-08-11
1335,2024-08-14,signup,2024-08-14
1335,2024-08-14,activated,2024-08-15
1336,2025-12-26,signup,2025-12-26
1336,2025-12-26,activated,2025-12-28
1337,2025-03-10,signup,2025-03-10
1337,2025-03-10,activated,2025-03-10
1337,2025-03-10,engaged,2025-03-16
1337,2025-03-10,engaged,2025-04-17
1337,2025-03-10,engaged,2025-05-18
1337,2025-03-10,engaged,2025-06-09
1338,2025-08-11,signup,2025-08-11
1338,2025-08-11,activated,2025-08-12
1339,2024-08-30,signup,2024-08-30
1340,2026-01-03,signup,2026-01-03
1340,2026-01-03,activated,2026-01-05
1341,2025-11-09,signup,2025-11-09
1342,2025-07-26,signup,2025-07-26
1342,2025-07-26,activated,2025-07-29
1342,2025-07-26,engaged,2025-08-05
1343,2025-03-05,signup,2025-03-05
1344,2024-12-09,signup,2024-12-09
1344,2024-12-09,activated,2024-12-12
1344,2024-12-09,engaged,2024-12-15
1344,2024-12-09,engaged,2025-01-17
1344,2024-12-09,engaged,2025-02-12
1345,2025-06-05,signup,2025-06-05
1345,2025-06-05,activated,2025-06-05
1345,2025-06-05,engaged,2025-06-11
1346,2025-01-30,signup,2025-01-30
1346,2025-01-30,activated,2025-02-01
1346,2025-01-30,engaged,2025-02-08
1347,2024-12-23,signup,2024-12-23
1347,2024-12-23,activated,2024-12-25
1347,2024-12-23,engaged,2024-12-26
1347,2024-12-23,engaged,2025-01-24
1348,2024-10-26,signup,2024-10-26
1349,2025-03-24,signup,2025-03-24
1350,2025-10-04,signup,2025-10-04
1350,2025-10-04,activated,2025-10-05
1351,2026-01-25,signup,2026-01-25
1351,2026-01-25,activated,2026-01-26
1352,2025-11-06,signup,2025-11-06
1353,2025-12-30,signup,2025-12-30
1353,2025-12-30,activated,2025-12-31
1354,2025-01-30,signup,2025-01-30
1355,2025-08-29,signup,2025-08-29
1355,2025-08-29,activated,2025-08-31
1356,2025-11-18,signup,2025-11-18
1356,2025-11-18,activated,2025-11-19
1357,2025-09-29,signup,2025-09-29
1357,2025-09-29,activated,2025-10-01
1358,2025-05-30,signup,2025-05-30
1359,2025-02-06,signup,2025-02-06
1359,2025-02-06,activated,2025-02-08
1359,2025-02-06,engaged,2025-02-16
1359,2025-02-06,engaged,2025-03-17
1360,2025-09-01,signup,2025-09-01
1360,2025-09-01,activated,2025-09-01
1361,2025-08-14,signup,2025-08-14
1361,2025-08-14,activated,2025-08-14
1362,2025-06-27,signup,2025-06-27
1363,2025-05-14,signup,2025-05-14
1363,2025-05-14,activated,2025-05-14
1364,2024-10-29,signup,2024-10-29
1364,2024-10-29,activated,2024-11-01
1364,2024-10-29,engaged,2024-10-31
1364,2024-10-29,engaged,2024-12-02
1364,2024-10-29,engaged,2024-12-28
1364,2024-10-29,engaged,2025-01-30
1365,2025-02-05,signup,2025-02-05
1365,2025-02-05,activated,2025-02-08
1365,2025-02-05,engaged,2025-02-05
1365,2025-02-05,engaged,2025-03-15
1366,2024-12-27,signup,2024-12-27
1367,2024-12-28,signup,2024-12-28
1367,2024-12-28,activated,2024-12-31
1368,2025-06-23,signup,2025-06-23
1368,2025-06-23,activated,2025-06-23
1369,2024-09-16,signup,2024-09-16
1369,2024-09-16,activated,2024-09-16
1370,2025-07-14,signup,2025-07-14
1370,2025-07-14,activated,2025-07-17
1370,2025-07-14,engaged,2025-07-21
1370,2025-07-14,engaged,2025-08-15
1370,2025-07-14,engaged,2025-09-18
1370,2025-07-14,engaged,2025-10-17
1370,2025-07-14,engaged,2025-11-16
1370,2025-07-14,upgraded,2025-11-16
1370,2025-07-14,engaged,2025-12-17
1370,2025-07-14,engaged,2026-01-18
1371,2025-08-19,signup,2025-08-19
1371,2025-08-19,activated,2025-08-22
1371,2025-08-19,engaged,2025-08-24
1371,2025-08-19,engaged,2025-09-22
1371,2025-08-19,engaged,2025-10-19
1371,2025-08-19,engaged,2025-11-22
1371,2025-08-19,engaged,2025-12-26
1371,2025-08-19,engaged,2026-01-22
1372,2025-11-16,signup,2025-11-16
1372,2025-11-16,activated,2025-11-16
1372,2025-11-16,engaged,2025-11-26
1372,2025-11-16,engaged,2025-12-21
1372,2025-11-16,engaged,2026-01-23
1373,2025-07-12,signup,2025-07-12
1373,2025-07-12,activated,2025-07-13
1373,2025-07-12,engaged,2025-07-14
1373,2025-07-12,engaged,2025-08-18
1373,2025-07-12,engaged,2025-09-10
1373,2025-07-12,engaged,2025-10-13
1373,2025-07-12,upgraded,2025-10-13
1373,2025-07-12,engaged,2025-11-09
1374,2026-01-01,signup,2026-01-01
1375,2025-05-18,signup,2025-05-18
1375,2025-05-18,activated,2025-05-21
1375,2025-05-18,engaged,2025-05-22
1375,2025-05-18,engaged,2025-06-27
1375,2025-05-18,engaged,2025-07-19
1375,2025-05-18,engaged,2025-08-19
1375,2025-05-18,upgraded,2025-08-19
1375,2025-05-18,engaged,2025-09-15
1376,2025-10-12,signup,2025-10-12
1376,2025-10-12,activated,2025-10-13
1377,2025-04-13,signup,2025-04-13
1377,2025-04-13,activated,2025-04-15
1377,2025-04-13,engaged,2025-04-23
1378,2026-01-02,signup,2026-01-02
1379,2024-10-31,signup,2024-10-31
1380,2025-11-11,signup,2025-11-11
1380,2025-11-11,activated,2025-11-14
1380,2025-11-11,engaged,2025-11-13
1381,2026-01-19,signup,2026-01-19
1381,2026-01-19,activated,2026-01-21
1382,2025-01-17,signup,2025-01-17
1383,2025-01-18,signup,2025-01-18
1383,2025-01-18,activated,2025-01-19
1384,2025-01-07,signup,2025-01-07
1384,2025-01-07,activated,2025-01-07
1385,2025-02-09,signup,2025-02-09
1385,2025-02-09,activated,2025-02-10
1386,2025-03-05,signup,2025-03-05
1386,2025-03-05,activated,2025-03-07
1386,2025-03-05,engaged,2025-03-08
1386,2025-03-05,engaged,2025-04-10
1387,2025-08-30,signup,2025-08-30
1387,2025-08-30,activated,2025-08-31
1387,2025-08-30,engaged,2025-09-05
1387,2025-08-30,engaged,2025-10-07
1387,2025-08-30,engaged,2025-11-05
1388,2025-04-03,signup,2025-04-03
1388,2025-04-03,activated,2025-04-05
1389,2025-04-21,signup,2025-04-21
1389,2025-04-21,activated,2025-04-21
1389,2025-04-21,engaged,2025-04-29
1390,2026-01-30,signup,2026-01-30
1390,2026-01-30,activated,2026-01-31
1390,2026-01-30,engaged,2026-01-30
1391,2024-09-05,signup,2024-09-05
1391,2024-09-05,activated,2024-09-05
1391,2024-09-05,engaged,2024-09-11
1392,2025-12-09,signup,2025-12-09
1393,2025-12-16,signup,2025-12-16
1393,2025-12-16,activated,2025-12-18
1394,2024-12-09,signup,2024-12-09
1394,2024-12-09,activated,2024-12-12
1395,2025-05-26,signup,2025-05-26
1395,2025-05-26,activated,2025-05-29
1396,2024-12-27,signup,2024-12-27
1397,2025-03-02,signup,2025-03-02
1398,2025-12-29,signup,2025-12-29
1399,2025-04-14,signup,2025-04-14
1399,2025-04-14,activated,2025-04-15
1399,2025-04-14,engaged,2025-04-15
1399,2025-04-14,engaged,2025-05-18
1400,2025-03-12,signup,2025-03-12
1401,2025-11-21,signup,2025-11-21
1401,2025-11-21,activated,2025-11-22
1402,2024-09-04,signup,2024-09-04
1402,2024-09-04,activated,2024-09-06
1402,2024-09-04,engaged,2024-09-14
1402,2024-09-04,engaged,2024-10-12
1402,2024-09-04,engaged,2024-11-10
1402,2024-09-04,engaged,2024-12-11
1403,2024-10-17,signup,2024-10-17
1403,2024-10-17,activated,2024-10-19
1403,2024-10-17,engaged,2024-10-17
1403,2024-10-17,engaged,2024-11-21
1404,2025-02-10,signup,2025-02-10
1405,2025-10-26,signup,2025-10-26
1406,2026-01-21,signup,2026-01-21
1406,2026-01-21,activated,2026-01-21
1407,2025-08-06,signup,2025-08-06
1407,2025-08-06,activated,2025-08-08
1407,2025-08-06,engaged,2025-08-11
1407,2025-08-06,engaged,2025-09-11
1407,2025-08-06,engaged,2025-10-09
1407,2025-08-06,engaged,2025-11-10
1407,2025-08-06,engaged,2025-12-06
1407,2025-08-06,engaged,2026-01-06
1408,2025-05-27,signup,2025-05-27
1408,2025-05-27,activated,2025-05-27
1408,2025-05-27,engaged,2025-05-31
1408,2025-05-27,engaged,2025-06-27
1408,2025-05-27,engaged,2025-08-03
1408,2025-05-27,engaged,2025-09-02
1409,2025-12-17,signup,2025-12-17
1409,2025-12-17,activated,2025-12-20
1409,2025-12-17,engaged,2025-12-19
1410,2024-08-10,signup,2024-08-10
1411,2026-01-23,signup,2026-01-23
1412,2025-08-22,signup,2025-08-22
1412,2025-08-22,activated,2025-08-22
1413,2025-10-18,signup,2025-10-18
1413,2025-10-18,activated,2025-10-19
1413,2025-10-18,engaged,2025-10-28
1413,2025-10-18,engaged,2025-11-26
1414,2025-06-24,signup,2025-06-24
1415,2024-09-13,signup,2024-09-13
1415,2024-09-13,activated,2024-09-16
1415,2024-09-13,engaged,2024-09-22
1415,2024-09-13,engaged,2024-10-18
1416,2024-11-03,signup,2024-11-03
1417,2025-09-03,signup,2025-09-03
1417,2025-09-03,activated,2025-09-05
1418,2025-06-20,signup,2025-06-20
1419,2025-03-13,signup,2025-03-13
1420,2025-08-24,signup,2025-08-24
1420,2025-08-24,activated,2025-08-25
1420,2025-08-24,engaged,2025-08-25
1421,2025-11-14,signup,2025-11-14
1421,2025-11-14,activated,2025-11-16
1421,2025-11-14,engaged,2025-11-16
1422,2025-11-13,signup,2025-11-13
1422,2025-11-13,activated,2025-11-16
1423,2025-02-18,signup,2025-02-18
1424,2025-01-01,signup,2025-01-01
1424,2025-01-01,activated,2025-01-04
1424,2025-01-01,engaged,2025-01-11
1425,2025-01-23,signup,2025-01-23
1425,2025-01-23,activated,2025-01-24
1425,2025-01-23,engaged,2025-01-26
1425,2025-01-23,engaged,2025-02-27
1425,2025-01-23,engaged,2025-04-02
1425,2025-01-23,engaged,2025-05-02
1425,2025-01-23,engaged,2025-05-30
1425,2025-01-23,engaged,2025-06-26
1425,2025-01-23,engaged,2025-07-29
1425,2025-01-23,engaged,2025-08-25
1425,2025-01-23,engaged,2025-09-26
1426,2025-08-19,signup,2025-08-19
1426,2025-08-19,activated,2025-08-19
1426,2025-08-19,engaged,2025-08-29
1427,2024-09-03,signup,2024-09-03
1427,2024-09-03,activated,2024-09-05
1427,2024-09-03,engaged,2024-09-08
1427,2024-09-03,upgraded,2024-09-08
1427,2024-09-03,engaged,2024-10-03
1427,2024-09-03,engaged,2024-11-03
1427,2024-09-03,engaged,2024-12-10
1427,2024-09-03,engaged,2025-01-02
1427,2024-09-03,engaged,2025-02-05
1428,2025-02-13,signup,2025-02-13
1428,2025-02-13,activated,2025-02-14
1428,2025-02-13,engaged,2025-02-23
1429,2025-12-30,signup,2025-12-30
1430,2025-12-23,signup,2025-12-23
1431,2025-11-11,signup,2025-11-11
1431,2025-11-11,activated,2025-11-12
1432,2025-07-22,signup,2025-07-22
1432,2025-07-22,activated,2025-07-25
1432,2025-07-22,engaged,2025-07-22
1432,2025-07-22,upgraded,2025-07-22
1433,2025-05-26,signup,2025-05-26
1434,2025-11-02,signup,2025-11-02
1435,2025-10-04,signup,2025-10-04
1435,2025-10-04,activated,2025-10-06
1436,2024-10-27,signup,2024-10-27
1436,2024-10-27,activated,2024-10-28
1436,2024-10-27,engaged,2024-11-05
1436,2024-10-27,engaged,2024-12-04
1436,2024-10-27,upgraded,2024-12-04
1436,2024-10-27,engaged,2024-12-31
1436,2024-10-27,engaged,2025-01-27
1436,2024-10-27,engaged,2025-03-04
1437,2026-01-17,signup,2026-01-17
1437,2026-01-17,activated,2026-01-19
1437,2026-01-17,engaged,2026-01-17
1438,2025-07-17,signup,2025-07-17
1438,2025-07-17,activated,2025-07-20
1439,2025-02-22,signup,2025-02-22
1439,2025-02-22,activated,2025-02-25
1439,2025-02-22,engaged,2025-02-22
1439,2025-02-22,upgraded,2025-02-22
1440,2026-01-19,signup,2026-01-19
1440,2026-01-19,activated,2026-01-20
1441,2025-07-19,signup,2025-07-19
1441,2025-07-19,activated,2025-07-21
1442,2025-03-20,signup,2025-03-20
1443,2025-05-28,signup,2025-05-28
1443,2025-05-28,activated,2025-05-28
1444,2025-02-03,signup,2025-02-03
1444,2025-02-03,activated,2025-02-06
1445,2024-08-27,signup,2024-08-27
1445,2024-08-27,activated,2024-08-29
1446,2025-04-06,signup,2025-04-06
1446,2025-04-06,activated,2025-04-09
1447,2026-01-22,signup,2026-01-22
1447,2026-01-22,activated,2026-01-23
1447,2026-01-22,engaged,2026-01-31
1448,2025-09-02,signup,2025-09-02
1448,2025-09-02,activated,2025-09-03
1448,2025-09-02,engaged,2025-09-08
1449,2026-01-05,signup,2026-01-05
1449,2026-01-05,activated,2026-01-06
1449,2026-01-05,engaged,2026-01-13
1450,2025-06-22,signup,2025-06-22
1451,2025-09-01,signup,2025-09-01
1452,2025-01-01,signup,2025-01-01
1452,2025-01-01,activated,2025-01-04
1453,2025-04-15,signup,2025-04-15
1454,2025-07-28,signup,2025-07-28
1455,2025-10-08,signup,2025-10-08
1455,2025-10-08,activated,2025-10-10
1455,2025-10-08,engaged,2025-10-12
1455,2025-10-08,engaged,2025-11-11
1455,2025-10-08,engaged,2025-12-08
1455,2025-10-08,engaged,2026-01-15
1456,2025-11-04,signup,2025-11-04
1456,2025-11-04,activated,2025-11-07
1456,2025-11-04,engaged,2025-11-08
1457,2024-12-27,signup,2024-12-27
1457,2024-12-27,activated,2024-12-27
1458,2025-10-08,signup,2025-10-08
1458,2025-10-08,activated,2025-10-10
1459,2025-04-01,signup,2025-04-01
1459,2025-04-01,activated,2025-04-04
1459,2025-04-01,engaged,2025-04-01
1459,2025-04-01,engaged,2025-05-04
1460,2024-12-03,signup,2024-12-03
1461,2025-05-12,signup,2025-05-12
1462,2025-01-22,signup,2025-01-22
1463,2025-08-11,signup,2025-08-11
1463,2025-08-11,activated,2025-08-13
1464,2025-01-21,signup,2025-01-21
1465,2025-01-02,signup,2025-01-02
1465,2025-01-02,activated,2025-01-02
1465,2025-01-02,engaged,2025-01-06
1465,2025-01-02,engaged,2025-02-10
1465,2025-01-02,engaged,2025-03-08
1465,2025-01-02,engaged,2025-04-05
1465,2025-01-02,engaged,2025-05-10
1465,2025-01-02,engaged,2025-06-04
1465,2025-01-02,engaged,2025-07-08
1466,2025-10-28,signup,2025-10-28
1466,2025-10-28,activated,2025-10-29
1466,2025-10-28,engaged,2025-10-31
1466,2025-10-28,upgraded,2025-10-31
1466,2025-10-28,engaged,2025-11-29
1467,2025-08-21,signup,2025-08-21
1467,2025-08-21,activated,2025-08-21
1468,2025-08-08,signup,2025-08-08
1469,2025-05-25,signup,2025-05-25
1469,2025-05-25,activated,2025-05-27
1469,2025-05-25,engaged,2025-05-25
1470,2025-03-11,signup,2025-03-11
1471,2025-05-07,signup,2025-05-07
1472,2025-07-18,signup,2025-07-18
1473,2025-06-22,signup,2025-06-22
1473,2025-06-22,activated,2025-06-23
1474,2025-09-14,signup,2025-09-14
1474,2025-09-14,activated,2025-09-17
1475,2025-10-29,signup,2025-10-29
1476,2025-04-07,signup,2025-04-07
1477,2025-10-10,signup,2025-10-10
1477,2025-10-10,activated,2025-10-13
1477,2025-10-10,engaged,2025-10-11
1478,2025-09-05,signup,2025-09-05
1478,2025-09-05,activated,2025-09-08
1478,2025-09-05,engaged,2025-09-07
1478,2025-09-05,engaged,2025-10-05
1479,2025-10-27,signup,2025-10-27
1479,2025-10-27,activated,2025-10-30
1479,2025-10-27,engaged,2025-11-03
1479,2025-10-27,engaged,2025-12-06
1479,2025-10-27,engaged,2025-12-26
1480,2025-12-13,signup,2025-12-13
1480,2025-12-13,activated,2025-12-16
1480,2025-12-13,engaged,2025-12-19
1481,2025-06-10,signup,2025-06-10
1481,2025-06-10,activated,2025-06-10
1481,2025-06-10,engaged,2025-06-10
1481,2025-06-10,engaged,2025-07-19
1482,2025-08-24,signup,2025-08-24
1482,2025-08-24,activated,2025-08-25
1483,2025-12-30,signup,2025-12-30
1483,2025-12-30,activated,2025-12-31
1484,2025-04-20,signup,2025-04-20
1484,2025-04-20,activated,2025-04-23
1484,2025-04-20,engaged,2025-04-24
1484,2025-04-20,upgraded,2025-04-24
1484,2025-04-20,engaged,2025-05-29
1484,2025-04-20,engaged,2025-06-25
1484,2025-04-20,engaged,2025-07-21
1484,2025-04-20,engaged,2025-08-19
1485,2026-01-15,signup,2026-01-15
1486,2025-11-18,signup,2025-11-18
1486,2025-11-18,activated,2025-11-18
1487,2026-01-19,signup,2026-01-19
1487,2026-01-19,activated,2026-01-20
1487,2026-01-19,engaged,2026-01-21
1488,2025-02-17,signup,2025-02-17
1488,2025-02-17,activated,2025-02-19
1488,2025-02-17,engaged,2025-02-24
1488,2025-02-17,engaged,2025-03-19
1488,2025-02-17,upgraded,2025-03-19
1488,2025-02-17,engaged,2025-04-20
1489,2025-11-09,signup,2025-11-09
1489,2025-11-09,activated,2025-11-10
1490,2025-04-10,signup,2025-04-10
1490,2025-04-10,activated,2025-04-13
1491,2024-12-25,signup,2024-12-25
1491,2024-12-25,activated,2024-12-27
1491,2024-12-25,engaged,2025-01-04
1491,2024-12-25,engaged,2025-02-02
1491,2024-12-25,engaged,2025-03-03
1491,2024-12-25,engaged,2025-03-25
1491,2024-12-25,engaged,2025-05-01
1491,2024-12-25,engaged,2025-05-25
1492,2025-04-29,signup,2025-04-29
1492,2025-04-29,activated,2025-04-30
1492,2025-04-29,engaged,2025-05-05
1493,2024-12-09,signup,2024-12-09
1493,2024-12-09,activated,2024-12-10
1494,2025-07-18,signup,2025-07-18
1495,2025-03-18,signup,2025-03-18
1496,2025-10-18,signup,2025-10-18
1496,2025-10-18,activated,2025-10-19
1496,2025-10-18,engaged,2025-10-26
1497,2025-06-08,signup,2025-06-08
1497,2025-06-08,activated,2025-06-10
1497,2025-06-08,engaged,2025-06-11
1497,2025-06-08,engaged,2025-07-18
1497,2025-06-08,engaged,2025-08-12
1497,2025-06-08,engaged,2025-09-14
1498,2025-08-20,signup,2025-08-20
1498,2025-08-20,activated,2025-08-23
1498,2025-08-20,engaged,2025-08-28
1499,2026-01-09,signup,2026-01-09
1499,2026-01-09,activated,2026-01-09
1499,2026-01-09,engaged,2026-01-15
1500,2025-06-04,signup,2025-06-04
1500,2025-06-04,activated,2025-06-05
1501,2025-12-06,signup,2025-12-06
1502,2025-09-18,signup,2025-09-18
1502,2025-09-18,activated,2025-09-19
1503,2024-09-19,signup,2024-09-19
1503,2024-09-19,activated,2024-09-19
1504,2025-09-23,signup,2025-09-23
1504,2025-09-23,activated,2025-09-25
1504,2025-09-23,engaged,2025-10-03
1505,2025-11-17,signup,2025-11-17
1505,2025-11-17,activated,2025-11-19
1505,2025-11-17,engaged,2025-11-24
1505,2025-11-17,engaged,2025-12-21
1506,2025-03-03,signup,2025-03-03
1506,2025-03-03,activated,2025-03-03
1506,2025-03-03,engaged,2025-03-05
1506,2025-03-03,engaged,2025-04-07
1507,2025-10-05,signup,2025-10-05
1508,2025-07-14,signup,2025-07-14
1508,2025-07-14,activated,2025-07-16
1509,2025-11-13,signup,2025-11-13
1509,2025-11-13,activated,2025-11-14
1510,2025-09-05,signup,2025-09-05
1510,2025-09-05,activated,2025-09-06
1511,2025-06-11,signup,2025-06-11
1512,2024-10-03,signup,2024-10-03
1513,2025-10-12,signup,2025-10-12
1514,2025-05-20,signup,2025-05-20
1514,2025-05-20,activated,2025-05-21
1514,2025-05-20,engaged,2025-05-30
1514,2025-05-20,engaged,2025-06-22
1514,2025-05-20,upgraded,2025-06-22
1514,2025-05-20,engaged,2025-07-24
1514,2025-05-20,engaged,2025-08-19
1514,2025-05-20,engaged,2025-09-27
1515,2025-03-08,signup,2025-03-08
1516,2025-01-30,signup,2025-01-30
1517,2025-10-22,signup,2025-10-22
1517,2025-10-22,activated,2025-10-23
1517,2025-10-22,engaged,2025-10-30
1517,2025-10-22,engaged,2025-11-24
1518,2025-11-19,signup,2025-11-19
1518,2025-11-19,activated,2025-11-21
1518,2025-11-19,engaged,2025-11-26
1518,2025-11-19,engaged,2025-12-25
1519,2025-11-14,signup,2025-11-14
1519,2025-11-14,activated,2025-11-16
1520,2025-06-17,signup,2025-06-17
1521,2025-11-20,signup,2025-11-20
1522,2025-11-18,signup,2025-11-18
1523,2025-10-17,signup,2025-10-17
1523,2025-10-17,activated,2025-10-17
1523,2025-10-17,engaged,2025-10-18
1524,2025-10-17,signup,2025-10-17
1524,2025-10-17,activated,2025-10-20
1524,2025-10-17,engaged,2025-10-22
1525,2025-06-07,signup,2025-06-07
1525,2025-06-07,activated,2025-06-09
1526,2024-10-23,signup,2024-10-23
1526,2024-10-23,activated,2024-10-24
1526,2024-10-23,engaged,2024-10-31
1526,2024-10-23,engaged,2024-11-23
1526,2024-10-23,engaged,2024-12-23
1526,2024-10-23,engaged,2025-01-31
1527,2024-11-14,signup,2024-11-14
1528,2025-02-15,signup,2025-02-15
1528,2025-02-15,activated,2025-02-15
1528,2025-02-15,engaged,2025-02-25
1529,2025-05-24,signup,2025-05-24
1529,2025-05-24,activated,2025-05-27
1529,2025-05-24,engaged,2025-05-26
1529,2025-05-24,engaged,2025-06-24
1529,2025-05-24,engaged,2025-07-26
1530,2025-10-31,signup,2025-10-31
1531,2026-01-07,signup,2026-01-07
1532,2025-10-22,signup,2025-10-22
1532,2025-10-22,activated,2025-10-25
1533,2025-12-19,signup,2025-12-19
1534,2024-12-17,signup,2024-12-17
1534,2024-12-17,activated,2024-12-19
1535,2025-01-16,signup,2025-01-16
1535,2025-01-16,activated,2025-01-18
1536,2025-05-07,signup,2025-05-07
1536,2025-05-07,activated,2025-05-10
1536,2025-05-07,engaged,2025-05-09
1536,2025-05-07,engaged,2025-06-10
1536,2025-05-07,engaged,2025-07-12
1537,2025-01-15,signup,2025-01-15
1537,2025-01-15,activated,2025-01-17
1537,2025-01-15,engaged,2025-01-15
1537,2025-01-15,engaged,2025-02-18
1537,2025-01-15,engaged,2025-03-24
1537,2025-01-15,engaged,2025-04-18
1538,2025-09-21,signup,2025-09-21
1538,2025-09-21,activated,2025-09-24
1539,2025-09-22,signup,2025-09-22
1539,2025-09-22,activated,2025-09-25
1540,2025-03-30,signup,2025-03-30
1540,2025-03-30,activated,2025-03-31
1541,2025-10-09,signup,2025-10-09
1541,2025-10-09,activated,2025-10-12
1541,2025-10-09,engaged,2025-10-19
1542,2025-11-25,signup,2025-11-25
1542,2025-11-25,activated,2025-11-25
1542,2025-11-25,engaged,2025-12-05
1543,2025-05-18,signup,2025-05-18
1543,2025-05-18,activated,2025-05-19
1544,2025-10-08,signup,2025-10-08
1544,2025-10-08,activated,2025-10-10
1545,2025-05-03,signup,2025-05-03
1546,2025-09-08,signup,2025-09-08
1546,2025-09-08,activated,2025-09-10
1547,2025-06-10,signup,2025-06-10
1547,2025-06-10,activated,2025-06-12
1548,2025-01-05,signup,2025-01-05
1548,2025-01-05,activated,2025-01-07
1549,2024-10-02,signup,2024-10-02
1549,2024-10-02,activated,2024-10-03
1550,2025-06-08,signup,2025-06-08
1551,2025-05-05,signup,2025-05-05
1551,2025-05-05,activated,2025-05-06
1552,2025-08-24,signup,2025-08-24
1553,2025-02-05,signup,2025-02-05
1554,2025-12-04,signup,2025-12-04
1555,2024-08-31,signup,2024-08-31
1556,2025-12-03,signup,2025-12-03
1557,2025-09-12,signup,2025-09-12
1557,2025-09-12,activated,2025-09-13
1558,2025-08-30,signup,2025-08-30
1558,2025-08-30,activated,2025-09-02
1558,2025-08-30,engaged,2025-09-07
1559,2025-02-21,signup,2025-02-21
1559,2025-02-21,activated,2025-02-23
1560,2025-02-05,signup,2025-02-05
1560,2025-02-05,activated,2025-02-05
1560,2025-02-05,engaged,2025-02-05
1561,2025-05-03,signup,2025-05-03
1562,2025-06-06,signup,2025-06-06
1563,2025-09-13,signup,2025-09-13
1563,2025-09-13,activated,2025-09-15
1564,2025-06-24,signup,2025-06-24
1565,2025-02-26,signup,2025-02-26
1565,2025-02-26,activated,2025-02-28
1566,2024-11-27,signup,2024-11-27
1566,2024-11-27,activated,2024-11-30
1566,2024-11-27,engaged,2024-11-29
1566,2024-11-27,engaged,2025-01-02
1566,2024-11-27,engaged,2025-02-02
1567,2025-10-16,signup,2025-10-16
1568,2025-11-09,signup,2025-11-09
1568,2025-11-09,activated,2025-11-12
1568,2025-11-09,engaged,2025-11-17
1568,2025-11-09,engaged,2025-12-14
1568,2025-11-09,upgraded,2025-12-14
1569,2025-08-15,signup,2025-08-15
1569,2025-08-15,activated,2025-08-16
1570,2025-03-31,signup,2025-03-31
1571,2024-08-03,signup,2024-08-03
1571,2024-08-03,activated,2024-08-03
1572,2025-05-22,signup,2025-05-22
1572,2025-05-22,activated,2025-05-22
1573,2025-09-13,signup,2025-09-13
1573,2025-09-13,activated,2025-09-13
1574,2025-06-22,signup,2025-06-22
1575,2025-11-21,signup,2025-11-21
1575,2025-11-21,activated,2025-11-23
1576,2025-10-14,signup,2025-10-14
1576,2025-10-14,activated,2025-10-16
1577,2025-03-30,signup,2025-03-30
1578,2025-06-09,signup,2025-06-09
1578,2025-06-09,activated,2025-06-09
1578,2025-06-09,engaged,2025-06-09
1578,2025-06-09,engaged,2025-07-18
1578,2025-06-09,engaged,2025-08-17
1578,2025-06-09,engaged,2025-09-15
1578,2025-06-09,engaged,2025-10-17
1578,2025-06-09,engaged,2025-11-10
1578,2025-06-09,engaged,2025-12-06
1578,2025-06-09,engaged,2026-01-07
1579,2026-01-03,signup,2026-01-03
1579,2026-01-03,activated,2026-01-03
1579,2026-01-03,engaged,2026-01-03
1580,2025-01-16,signup,2025-01-16
1580,2025-01-16,activated,2025-01-16
1580,2025-01-16,engaged,2025-01-22
1580,2025-01-16,engaged,2025-02-21
1580,2025-01-16,engaged,2025-03-21
1581,2025-10-15,signup,2025-10-15
1582,2024-12-29,signup,2024-12-29
1583,2025-07-31,signup,2025-07-31
1583,2025-07-31,activated,2025-08-02
1584,2025-12-15,signup,2025-12-15
1585,2025-10-14,signup,2025-10-14
1585,2025-10-14,activated,2025-10-17
1586,2026-01-14,signup,2026-01-14
1586,2026-01-14,activated,2026-01-14
1586,2026-01-14,engaged,2026-01-17
1586,2026-01-14,upgraded,2026-01-17
1587,2024-09-07,signup,2024-09-07
1587,2024-09-07,activated,2024-09-08
1588,2025-07-23,signup,2025-07-23
1588,2025-07-23,activated,2025-07-25
1589,2025-05-25,signup,2025-05-25
1590,2025-11-03,signup,2025-11-03
1591,2024-11-27,signup,2024-11-27
1592,2025-01-24,signup,2025-01-24
1592,2025-01-24,activated,2025-01-24
1592,2025-01-24,engaged,2025-01-25
1592,2025-01-24,engaged,2025-03-04
1592,2025-01-24,engaged,2025-04-02
1593,2024-12-07,signup,2024-12-07
1594,2025-03-19,signup,2025-03-19
1595,2025-11-30,signup,2025-11-30
1595,2025-11-30,activated,2025-11-30
1596,2024-11-18,signup,2024-11-18
1596,2024-11-18,activated,2024-11-21
1597,2025-04-04,signup,2025-04-04
1597,2025-04-04,activated,2025-04-06
1598,2025-04-03,signup,2025-04-03
1598,2025-04-03,activated,2025-04-04
1598,2025-04-03,engaged,2025-04-13
1598,2025-04-03,upgraded,2025-04-13
1598,2025-04-03,engaged,2025-05-09
1599,2025-12-30,signup,2025-12-30
1599,2025-12-30,activated,2025-12-30
1600,2025-02-02,signup,2025-02-02
1601,2025-04-02,signup,2025-04-02
1601,2025-04-02,activated,2025-04-05
1601,2025-04-02,engaged,2025-04-12
1601,2025-04-02,engaged,2025-05-03
1601,2025-04-02,engaged,2025-06-02
1601,2025-04-02,upgraded,2025-06-02
1601,2025-04-02,engaged,2025-07-03
1601,2025-04-02,engaged,2025-08-09
1601,2025-04-02,engaged,2025-09-01
1601,2025-04-02,engaged,2025-09-29
1602,2025-02-19,signup,2025-02-19
1602,2025-02-19,activated,2025-02-19
1603,2025-01-25,signup,2025-01-25
1603,2025-01-25,activated,2025-01-26
1603,2025-01-25,engaged,2025-01-26
1603,2025-01-25,engaged,2025-02-28
1604,2025-08-19,signup,2025-08-19
1605,2025-11-03,signup,2025-11-03
1605,2025-11-03,activated,2025-11-05
1605,2025-11-03,engaged,2025-11-05
1606,2025-11-20,signup,2025-11-20
1606,2025-11-20,activated,2025-11-22
1606,2025-11-20,engaged,2025-11-28
1607,2025-12-27,signup,2025-12-27
1608,2024-10-10,signup,2024-10-10
1608,2024-10-10,activated,2024-10-12
1609,2025-11-13,signup,2025-11-13
1609,2025-11-13,activated,2025-11-13
1609,2025-11-13,engaged,2025-11-21
1610,2025-02-21,signup,2025-02-21
1611,2025-11-07,signup,2025-11-07
1611,2025-11-07,activated,2025-11-09
1611,2025-11-07,engaged,2025-11-07
1611,2025-11-07,engaged,2025-12-12
1611,2025-11-07,engaged,2026-01-11
1612,2025-10-16,signup,2025-10-16
1612,2025-10-16,activated,2025-10-16
1612,2025-10-16,engaged,2025-10-25
1613,2025-03-29,signup,2025-03-29
1614,2024-08-10,signup,2024-08-10
1614,2024-08-10,activated,2024-08-13
1614,2024-08-10,engaged,2024-08-20
1615,2025-07-03,signup,2025-07-03
1615,2025-07-03,activated,2025-07-06
1615,2025-07-03,engaged,2025-07-08
1616,2025-04-15,signup,2025-04-15
1616,2025-04-15,activated,2025-04-18
1617,2024-08-05,signup,2024-08-05
1617,2024-08-05,activated,2024-08-05
1617,2024-08-05,engaged,2024-08-15
1617,2024-08-05,engaged,2024-09-10
1618,2026-01-01,signup,2026-01-01
1618,2026-01-01,activated,2026-01-04
1618,2026-01-01,engaged,2026-01-03
1619,2025-07-23,signup,2025-07-23
1619,2025-07-23,activated,2025-07-24
1620,2025-04-01,signup,2025-04-01
1621,2025-05-17,signup,2025-05-17
1622,2024-11-12,signup,2024-11-12
1622,2024-11-12,activated,2024-11-14
1623,2025-11-09,signup,2025-11-09
1624,2025-01-24,signup,2025-01-24
1624,2025-01-24,activated,2025-01-25
1624,2025-01-24,engaged,2025-02-02
1624,2025-01-24,engaged,2025-03-03
1624,2025-01-24,engaged,2025-04-02
1624,2025-01-24,engaged,2025-04-28
1624,2025-01-24,engaged,2025-06-01
1624,2025-01-24,engaged,2025-06-29
1624,2025-01-24,engaged,2025-07-25
1625,2025-10-29,signup,2025-10-29
1625,2025-10-29,activated,2025-10-29
1626,2025-11-10,signup,2025-11-10
1626,2025-11-10,activated,2025-11-12
1626,2025-11-10,engaged,2025-11-19
1627,2025-11-04,signup,2025-11-04
1627,2025-11-04,activated,2025-11-06
1628,2024-11-25,signup,2024-11-25
1628,2024-11-25,activated,2024-11-28
1629,2025-07-12,signup,2025-07-12
1629,2025-07-12,activated,2025-07-15
1629,2025-07-12,engaged,2025-07-21
1629,2025-07-12,engaged,2025-08-11
1629,2025-07-12,engaged,2025-09-14
1629,2025-07-12,engaged,2025-10-20
1629,2025-07-12,engaged,2025-11-19
1629,2025-07-12,engaged,2025-12-11
1629,2025-07-12,engaged,2026-01-09
1630,2025-04-27,signup,2025-04-27
1630,2025-04-27,activated,2025-04-28
1631,2025-01-06,signup,2025-01-06
1631,2025-01-06,activated,2025-01-06
1631,2025-01-06,engaged,2025-01-11
1632,2025-11-12,signup,2025-11-12
1632,2025-11-12,activated,2025-11-15
1632,2025-11-12,engaged,2025-11-12
1632,2025-11-12,engaged,2025-12-20
1632,2025-11-12,engaged,2026-01-11
1633,2025-08-09,signup,2025-08-09
1633,2025-08-09,activated,2025-08-11
1633,2025-08-09,engaged,2025-08-12
1634,2025-08-21,signup,2025-08-21
1634,2025-08-21,activated,2025-08-23
1635,2025-09-10,signup,2025-09-10
1635,2025-09-10,activated,2025-09-13
1636,2024-10-07,signup,2024-10-07
1636,2024-10-07,activated,2024-10-09
1637,2025-03-03,signup,2025-03-03
1637,2025-03-03,activated,2025-03-06
1638,2025-07-08,signup,2025-07-08
1638,2025-07-08,activated,2025-07-09
1638,2025-07-08,engaged,2025-07-14
1638,2025-07-08,upgraded,2025-07-14
1638,2025-07-08,engaged,2025-08-14
1639,2025-01-25,signup,2025-01-25
1639,2025-01-25,activated,2025-01-28
1639,2025-01-25,engaged,2025-02-03
1639,2025-01-25,engaged,2025-02-28
1639,2025-01-25,engaged,2025-03-29
1640,2025-12-28,signup,2025-12-28
1641,2025-04-25,signup,2025-04-25
1641,2025-04-25,activated,2025-04-26
1641,2025-04-25,engaged,2025-05-01
1642,2025-02-09,signup,2025-02-09
1642,2025-02-09,activated,2025-02-09
1642,2025-02-09,engaged,2025-02-17
1643,2024-10-13,signup,2024-10-13
1643,2024-10-13,activated,2024-10-15
1644,2025-10-14,signup,2025-10-14
1644,2025-10-14,activated,2025-10-15
1644,2025-10-14,engaged,2025-10-19
1644,2025-10-14,engaged,2025-11-20
1644,2025-10-14,engaged,2025-12-16
1645,2025-08-02,signup,2025-08-02
1646,2026-01-28,signup,2026-01-28
1646,2026-01-28,activated,2026-01-31
1647,2025-07-19,signup,2025-07-19
1647,2025-07-19,activated,2025-07-22
1647,2025-07-19,engaged,2025-07-25
1648,2025-10-23,signup,2025-10-23
1649,2025-10-01,signup,2025-10-01
1649,2025-10-01,activated,2025-10-03
1650,2025-11-20,signup,2025-11-20
1650,2025-11-20,activated,2025-11-21
1651,2025-05-16,signup,2025-05-16
1651,2025-05-16,activated,2025-05-18
1651,2025-05-16,engaged,2025-05-17
1652,2025-08-22,signup,2025-08-22
1652,2025-08-22,activated,2025-08-24
1653,2025-02-08,signup,2025-02-08
1653,2025-02-08,activated,2025-02-10
1654,2025-10-10,signup,2025-10-10
1655,2025-11-02,signup,2025-11-02
1655,2025-11-02,activated,2025-11-02
1655,2025-11-02,engaged,2025-11-02
1656,2024-12-30,signup,2024-12-30
1656,2024-12-30,activated,2025-01-02
1657,2025-07-28,signup,2025-07-28
1657,2025-07-28,activated,2025-07-28
1657,2025-07-28,engaged,2025-08-06
1657,2025-07-28,upgraded,2025-08-06
1658,2024-10-02,signup,2024-10-02
1658,2024-10-02,activated,2024-10-02
1658,2024-10-02,engaged,2024-10-09
1658,2024-10-02,engaged,2024-11-09
1659,2024-12-03,signup,2024-12-03
1659,2024-12-03,activated,2024-12-06
1660,2025-07-23,signup,2025-07-23
1660,2025-07-23,activated,2025-07-23
1660,2025-07-23,engaged,2025-08-01
1660,2025-07-23,engaged,2025-08-25
1660,2025-07-23,engaged,2025-09-24
1660,2025-07-23,engaged,2025-10-26
1661,2024-11-08,signup,2024-11-08
1662,2026-01-01,signup,2026-01-01
1662,2026-01-01,activated,2026-01-02
1663,2025-12-03,signup,2025-12-03
1663,2025-12-03,activated,2025-12-03
1664,2025-11-02,signup,2025-11-02
1664,2025-11-02,activated,2025-11-03
1665,2024-11-06,signup,2024-11-06
1665,2024-11-06,activated,2024-11-06
1666,2025-08-19,signup,2025-08-19
1666,2025-08-19,activated,2025-08-22
1667,2025-10-26,signup,2025-10-26
1667,2025-10-26,activated,2025-10-29
1667,2025-10-26,engaged,2025-10-30
1667,2025-10-26,engaged,2025-11-28
1667,2025-10-26,engaged,2025-12-28
1667,2025-10-26,engaged,2026-01-30
1668,2025-08-13,signup,2025-08-13
1668,2025-08-13,activated,2025-08-16
1669,2025-11-19,signup,2025-11-19
1669,2025-11-19,activated,2025-11-19
1670,2025-03-29,signup,2025-03-29
1670,2025-03-29,activated,2025-03-31
1670,2025-03-29,engaged,2025-04-03
1670,2025-03-29,engaged,2025-05-04
1670,2025-03-29,engaged,2025-06-02
1670,2025-03-29,engaged,2025-06-28
1671,2025-10-29,signup,2025-10-29
1672,2025-04-13,signup,2025-04-13
1672,2025-04-13,activated,2025-04-16
1672,2025-04-13,engaged,2025-04-15
1672,2025-04-13,engaged,2025-05-19
1672,2025-04-13,engaged,2025-06-14
1673,2024-12-12,signup,2024-12-12
1673,2024-12-12,activated,2024-12-12
1674,2025-08-20,signup,2025-08-20
1674,2025-08-20,activated,2025-08-21
1674,2025-08-20,engaged,2025-08-30
1675,2025-12-01,signup,2025-12-01
1675,2025-12-01,activated,2025-12-01
1676,2025-05-18,signup,2025-05-18
1677,2025-08-25,signup,2025-08-25
1677,2025-08-25,activated,2025-08-28
1677,2025-08-25,engaged,2025-08-28
1677,2025-08-25,engaged,2025-09-29
1678,2026-01-07,signup,2026-01-07
1679,2025-05-17,signup,2025-05-17
1680,2024-12-15,signup,2024-12-15
1681,2024-09-08,signup,2024-09-08
1681,2024-09-08,activated,2024-09-08
1681,2024-09-08,engaged,2024-09-09
1681,2024-09-08,engaged,2024-10-16
1682,2025-07-19,signup,2025-07-19
1683,2024-11-21,signup,2024-11-21
1684,2025-09-29,signup,2025-09-29
1684,2025-09-29,activated,2025-10-02
1684,2025-09-29,engaged,2025-10-01
1684,2025-09-29,engaged,2025-11-07
1685,2025-08-15,signup,2025-08-15
1685,2025-08-15,activated,2025-08-16
1686,2025-07-16,signup,2025-07-16
1686,2025-07-16,activated,2025-07-16
1687,2025-04-08,signup,2025-04-08
1687,2025-04-08,activated,2025-04-08
1687,2025-04-08,engaged,2025-04-09
1688,2025-10-03,signup,2025-10-03
1689,2026-01-18,signup,2026-01-18
1689,2026-01-18,activated,2026-01-21
1689,2026-01-18,engaged,2026-01-21
1690,2025-04-10,signup,2025-04-10
1690,2025-04-10,activated,2025-04-13
1691,2024-12-26,signup,2024-12-26
1692,2025-09-19,signup,2025-09-19
1692,2025-09-19,activated,2025-09-21
1693,2025-02-21,signup,2025-02-21
1693,2025-02-21,activated,2025-02-22
1693,2025-02-21,engaged,2025-03-02
1693,2025-02-21,engaged,2025-03-26
1693,2025-02-21,engaged,2025-04-26
1694,2026-01-19,signup,2026-01-19
1694,2026-01-19,activated,2026-01-22
1695,2025-12-12,signup,2025-12-12
1696,2025-11-21,signup,2025-11-21
1696,2025-11-21,activated,2025-11-22
1696,2025-11-21,engaged,2025-11-24
1697,2025-12-11,signup,2025-12-11
1697,2025-12-11,activated,2025-12-11
1698,2025-12-13,signup,2025-12-13
1699,2024-12-01,signup,2024-12-01
1700,2025-12-04,signup,2025-12-04
1700,2025-12-04,activated,2025-12-07
1700,2025-12-04,engaged,2025-12-08
1700,2025-12-04,engaged,2026-01-06
1701,2025-09-26,signup,2025-09-26
1701,2025-09-26,activated,2025-09-28
1701,2025-09-26,engaged,2025-09-30
1702,2025-10-02,signup,2025-10-02
1703,2025-02-02,signup,2025-02-02
1704,2025-12-24,signup,2025-12-24
1704,2025-12-24,activated,2025-12-27
1704,2025-12-24,engaged,2025-12-31
1705,2025-11-10,signup,2025-11-10
1705,2025-11-10,activated,2025-11-13
1705,2025-11-10,engaged,2025-11-10
1705,2025-11-10,engaged,2025-12-20
1705,2025-11-10,upgraded,2025-12-20
1705,2025-11-10,engaged,2026-01-16
1706,2025-11-28,signup,2025-11-28
1707,2025-11-01,signup,2025-11-01
1707,2025-11-01,activated,2025-11-03
1708,2025-02-09,signup,2025-02-09
1708,2025-02-09,activated,2025-02-12
1709,2025-02-02,signup,2025-02-02
1709,2025-02-02,activated,2025-02-05
1709,2025-02-02,engaged,2025-02-02
1709,2025-02-02,engaged,2025-03-11
1709,2025-02-02,engaged,2025-04-12
1709,2025-02-02,upgraded,2025-04-12
1710,2025-03-12,signup,2025-03-12
1710,2025-03-12,activated,2025-03-12
1711,2024-07-19,signup,2024-07-19
1711,2024-07-19,activated,2024-07-20
1711,2024-07-19,engaged,2024-07-24
1711,2024-07-19,engaged,2024-08-21
1712,2025-07-07,signup,2025-07-07
1713,2025-06-22,signup,2025-06-22
1714,2025-04-09,signup,2025-04-09
1714,2025-04-09,activated,2025-04-11
1715,2025-05-10,signup,2025-05-10
1715,2025-05-10,activated,2025-05-10
1716,2025-11-16,signup,2025-11-16
1717,2025-09-25,signup,2025-09-25
1717,2025-09-25,activated,2025-09-28
1718,2025-05-02,signup,2025-05-02
1718,2025-05-02,activated,2025-05-02
1719,2025-07-01,signup,2025-07-01
1720,2024-12-26,signup,2024-12-26
1721,2025-02-08,signup,2025-02-08
1722,2025-11-17,signup,2025-11-17
1722,2025-11-17,activated,2025-11-19
1722,2025-11-17,engaged,2025-11-21
1723,2025-06-20,signup,2025-06-20
1723,2025-06-20,activated,2025-06-22
1724,2025-12-19,signup,2025-12-19
1724,2025-12-19,activated,2025-12-19
1724,2025-12-19,engaged,2025-12-22
1725,2025-10-12,signup,2025-10-12
1725,2025-10-12,activated,2025-10-14
1725,2025-10-12,engaged,2025-10-17
1725,2025-10-12,upgraded,2025-10-17
1726,2025-01-24,signup,2025-01-24
1726,2025-01-24,activated,2025-01-26
1726,2025-01-24,engaged,2025-02-01
1727,2025-06-22,signup,2025-06-22
1727,2025-06-22,activated,2025-06-22
1727,2025-06-22,engaged,2025-06-25
1728,2025-10-30,signup,2025-10-30
1728,2025-10-30,activated,2025-11-02
1728,2025-10-30,engaged,2025-11-03
1729,2025-09-06,signup,2025-09-06
1729,2025-09-06,activated,2025-09-08
1729,2025-09-06,engaged,2025-09-16
1730,2025-03-27,signup,2025-03-27
1730,2025-03-27,activated,2025-03-27
1730,2025-03-27,engaged,2025-04-05
1731,2025-08-03,signup,2025-08-03
1731,2025-08-03,activated,2025-08-06
1731,2025-08-03,engaged,2025-08-10
1732,2025-04-18,signup,2025-04-18
1733,2024-10-26,signup,2024-10-26
1734,2025-11-16,signup,2025-11-16
1734,2025-11-16,activated,2025-11-16
1735,2025-09-05,signup,2025-09-05
1735,2025-09-05,activated,2025-09-08
1736,2025-09-26,signup,2025-09-26
1737,2024-08-09,signup,2024-08-09
1737,2024-08-09,activated,2024-08-11
1738,2025-08-20,signup,2025-08-20
1738,2025-08-20,activated,2025-08-21
1738,2025-08-20,engaged,2025-08-21
1739,2025-08-16,signup,2025-08-16
1739,2025-08-16,activated,2025-08-16
1740,2024-11-14,signup,2024-11-14
1741,2025-02-24,signup,2025-02-24
1742,2024-11-14,signup,2024-11-14
1743,2024-09-27,signup,2024-09-27
1743,2024-09-27,activated,2024-09-29
1743,2024-09-27,engaged,2024-09-29
1743,2024-09-27,upgraded,2024-09-29
1743,2024-09-27,engaged,2024-10-31
1743,2024-09-27,engaged,2024-12-01
1743,2024-09-27,engaged,2024-12-30
1743,2024-09-27,engaged,2025-01-29
1744,2024-09-11,signup,2024-09-11
1744,2024-09-11,activated,2024-09-13
1744,2024-09-11,engaged,2024-09-14
1744,2024-09-11,engaged,2024-10-12
1744,2024-09-11,engaged,2024-11-18
1744,2024-09-11,upgraded,2024-11-18
1744,2024-09-11,engaged,2024-12-18
1744,2024-09-11,engaged,2025-01-19
1745,2025-09-21,signup,2025-09-21
1746,2025-02-15,signup,2025-02-15
1746,2025-02-15,activated,2025-02-18
1747,2025-09-17,signup,2025-09-17
1748,2026-01-27,signup,2026-01-27
1748,2026-01-27,activated,2026-01-29
1749,2025-10-17,signup,2025-10-17
1749,2025-10-17,activated,2025-10-19
1750,2025-10-22,signup,2025-10-22
1751,2025-10-28,signup,2025-10-28
1751,2025-10-28,activated,2025-10-28
1752,2025-06-15,signup,2025-06-15
1752,2025-06-15,activated,2025-06-18
1752,2025-06-15,engaged,2025-06-15
1752,2025-06-15,engaged,2025-07-21
1752,2025-06-15,engaged,2025-08-20
1752,2025-06-15,engaged,2025-09-22
1752,2025-06-15,engaged,2025-10-18
1752,2025-06-15,engaged,2025-11-22
1752,2025-06-15,engaged,2025-12-12
1753,2025-08-22,signup,2025-08-22
1754,2025-10-04,signup,2025-10-04
1754,2025-10-04,activated,2025-10-05
1754,2025-10-04,engaged,2025-10-13
1755,2024-10-08,signup,2024-10-08
1756,2024-08-05,signup,2024-08-05
1756,2024-08-05,activated,2024-08-07
1757,2025-05-18,signup,2025-05-18
1757,2025-05-18,activated,2025-05-21
1758,2025-01-22,signup,2025-01-22
1759,2025-03-19,signup,2025-03-19
1760,2025-11-12,signup,2025-11-12
1761,2025-09-30,signup,2025-09-30
1761,2025-09-30,activated,2025-10-03
1762,2025-02-26,signup,2025-02-26
1762,2025-02-26,activated,2025-02-28
1762,2025-02-26,engaged,2025-02-28
1762,2025-02-26,upgraded,2025-02-28
1762,2025-02-26,engaged,2025-03-28
1763,2025-09-18,signup,2025-09-18
1763,2025-09-18,activated,2025-09-18
1763,2025-09-18,engaged,2025-09-19
1764,2025-07-29,signup,2025-07-29
1764,2025-07-29,activated,2025-07-29
1764,2025-07-29,engaged,2025-08-06
1764,2025-07-29,engaged,2025-09-04
1764,2025-07-29,engaged,2025-10-07
1764,2025-07-29,engaged,2025-11-03
1764,2025-07-29,engaged,2025-11-29
1765,2025-09-22,signup,2025-09-22
1765,2025-09-22,activated,2025-09-25
1765,2025-09-22,engaged,2025-09-26
1765,2025-09-22,engaged,2025-10-22
1765,2025-09-22,engaged,2025-11-27
1766,2025-03-12,signup,2025-03-12
1766,2025-03-12,activated,2025-03-15
1766,2025-03-12,engaged,2025-03-13
1767,2024-11-22,signup,2024-11-22
1767,2024-11-22,activated,2024-11-25
1767,2024-11-22,engaged,2024-12-02
1768,2026-01-26,signup,2026-01-26
1768,2026-01-26,activated,2026-01-27
1768,2026-01-26,engaged,2026-01-28
1769,2024-11-23,signup,2024-11-23
1770,2025-02-08,signup,2025-02-08
1771,2025-11-24,signup,2025-11-24
1771,2025-11-24,activated,2025-11-26
1772,2025-10-31,signup,2025-10-31
1772,2025-10-31,activated,2025-11-01
1773,2025-06-28,signup,2025-06-28
1773,2025-06-28,activated,2025-06-29
1773,2025-06-28,engaged,2025-07-08
1773,2025-06-28,engaged,2025-08-06
1773,2025-06-28,engaged,2025-08-27
1773,2025-06-28,engaged,2025-09-28
1773,2025-06-28,engaged,2025-11-04
1774,2025-10-03,signup,2025-10-03
1774,2025-10-03,activated,2025-10-04
1775,2026-01-06,signup,2026-01-06
1776,2025-10-22,signup,2025-10-22
1776,2025-10-22,activated,2025-10-22
1777,2024-10-04,signup,2024-10-04
1777,2024-10-04,activated,2024-10-07
1778,2025-02-10,signup,2025-02-10
1779,2025-07-19,signup,2025-07-19
1780,2025-11-20,signup,2025-11-20
1780,2025-11-20,activated,2025-11-22
1781,2025-07-11,signup,2025-07-11
1782,2025-12-03,signup,2025-12-03
1782,2025-12-03,activated,2025-12-05
1782,2025-12-03,engaged,2025-12-12
1782,2025-12-03,engaged,2026-01-07
1783,2025-07-24,signup,2025-07-24
1783,2025-07-24,activated,2025-07-26
1784,2026-01-04,signup,2026-01-04
1784,2026-01-04,activated,2026-01-05
1784,2026-01-04,engaged,2026-01-11
1785,2025-08-05,signup,2025-08-05
1785,2025-08-05,activated,2025-08-06
1785,2025-08-05,engaged,2025-08-05
1786,2026-01-23,signup,2026-01-23
1786,2026-01-23,activated,2026-01-24
1786,2026-01-23,engaged,2026-01-29
1787,2024-09-12,signup,2024-09-12
1787,2024-09-12,activated,2024-09-12
1787,2024-09-12,engaged,2024-09-21
1788,2025-04-22,signup,2025-04-22
1788,2025-04-22,activated,2025-04-23
1788,2025-04-22,engaged,2025-04-22
1788,2025-04-22,engaged,2025-05-27
1789,2025-07-27,signup,2025-07-27
1790,2025-05-17,signup,2025-05-17
1790,2025-05-17,activated,2025-05-18
1790,2025-05-17,engaged,2025-05-19
1791,2025-07-31,signup,2025-07-31
1791,2025-07-31,activated,2025-07-31
1792,2025-01-07,signup,2025-01-07
1792,2025-01-07,activated,2025-01-07
1792,2025-01-07,engaged,2025-01-08
1792,2025-01-07,engaged,2025-02-07
1792,2025-01-07,engaged,2025-03-09
1793,2026-01-24,signup,2026-01-24
1793,2026-01-24,activated,2026-01-27
1794,2025-12-24,signup,2025-12-24
1794,2025-12-24,activated,2025-12-27
1794,2025-12-24,engaged,2026-01-02
1794,2025-12-24,engaged,2026-01-29
1795,2025-12-28,signup,2025-12-28
1795,2025-12-28,activated,2025-12-28
1796,2024-11-18,signup,2024-11-18
1796,2024-11-18,activated,2024-11-19
1797,2025-01-03,signup,2025-01-03
1797,2025-01-03,activated,2025-01-03
1798,2024-11-21,signup,2024-11-21
1799,2025-07-18,signup,2025-07-18
1799,2025-07-18,activated,2025-07-18
1800,2025-08-30,signup,2025-08-30
1800,2025-08-30,activated,2025-08-31
1800,2025-08-30,engaged,2025-09-09
1800,2025-08-30,engaged,2025-10-04
1800,2025-08-30,engaged,2025-11-08
1800,2025-08-30,engaged,2025-12-02
1800,2025-08-30,engaged,2026-01-01
1801,2024-12-03,signup,2024-12-03
1801,2024-12-03,activated,2024-12-03
1801,2024-12-03,engaged,2024-12-06
1802,2025-10-28,signup,2025-10-28
1802,2025-10-28,activated,2025-10-31
1803,2025-09-24,signup,2025-09-24
1803,2025-09-24,activated,2025-09-24
1804,2025-10-28,signup,2025-10-28
1805,2025-08-27,signup,2025-08-27
1805,2025-08-27,activated,2025-08-27
1805,2025-08-27,engaged,2025-08-28
1806,2025-08-13,signup,2025-08-13
1806,2025-08-13,activated,2025-08-16
1807,2025-08-12,signup,2025-08-12
1807,2025-08-12,activated,2025-08-14
1808,2025-08-21,signup,2025-08-21
1808,2025-08-21,activated,2025-08-23
1809,2025-08-23,signup,2025-08-23
1810,2024-09-10,signup,2024-09-10
1810,2024-09-10,activated,2024-09-10
1810,2024-09-10,engaged,2024-09-20
1810,2024-09-10,upgraded,2024-09-20
1811,2025-11-08,signup,2025-11-08
1811,2025-11-08,activated,2025-11-10
1812,2025-11-24,signup,2025-11-24
1813,2025-11-22,signup,2025-11-22
1813,2025-11-22,activated,2025-11-23
1814,2025-01-25,signup,2025-01-25
1815,2026-01-12,signup,2026-01-12
1815,2026-01-12,activated,2026-01-14
1816,2025-10-15,signup,2025-10-15
1816,2025-10-15,activated,2025-10-15
1816,2025-10-15,engaged,2025-10-23
1816,2025-10-15,engaged,2025-11-20
1817,2026-01-20,signup,2026-01-20
1817,2026-01-20,activated,2026-01-20
1817,2026-01-20,engaged,2026-01-20
1818,2024-12-05,signup,2024-12-05
1818,2024-12-05,activated,2024-12-06
1818,2024-12-05,engaged,2024-12-06
1818,2024-12-05,upgraded,2024-12-06
1818,2024-12-05,engaged,2025-01-11
1818,2024-12-05,engaged,2025-02-03
1819,2025-09-02,signup,2025-09-02
1819,2025-09-02,activated,2025-09-03
1820,2024-11-12,signup,2024-11-12
1820,2024-11-12,activated,2024-11-14
1820,2024-11-12,engaged,2024-11-17
1820,2024-11-12,engaged,2024-12-14
1820,2024-11-12,engaged,2025-01-15
1820,2024-11-12,engaged,2025-02-11
1820,2024-11-12,engaged,2025-03-12
1821,2025-10-28,signup,2025-10-28
1821,2025-10-28,activated,2025-10-28
1822,2024-12-18,signup,2024-12-18
1822,2024-12-18,activated,2024-12-21
1822,2024-12-18,engaged,2024-12-24
1822,2024-12-18,upgraded,2024-12-24
1822,2024-12-18,engaged,2025-01-26
1823,2026-01-22,signup,2026-01-22
1823,2026-01-22,activated,2026-01-22
1824,2025-04-04,signup,2025-04-04
1824,2025-04-04,activated,2025-04-07
1825,2025-12-02,signup,2025-12-02
1825,2025-12-02,activated,2025-12-03
1825,2025-12-02,engaged,2025-12-09
1825,2025-12-02,engaged,2026-01-09
1826,2025-08-29,signup,2025-08-29
1826,2025-08-29,activated,2025-08-29
1827,2025-05-08,signup,2025-05-08
1827,2025-05-08,activated,2025-05-10
1828,2026-01-11,signup,2026-01-11
1828,2026-01-11,activated,2026-01-12
1828,2026-01-11,engaged,2026-01-12
1829,2026-01-09,signup,2026-01-09
1830,2025-05-28,signup,2025-05-28
1830,2025-05-28,activated,2025-05-31
1831,2025-09-19,signup,2025-09-19
1832,2025-06-16,signup,2025-06-16
1833,2025-03-30,signup,2025-03-30
1833,2025-03-30,activated,2025-03-30
1833,2025-03-30,engaged,2025-04-03
1833,2025-03-30,upgraded,2025-04-03
1834,2025-10-21,signup,2025-10-21
1834,2025-10-21,activated,2025-10-24
1835,2025-07-24,signup,2025-07-24
1835,2025-07-24,activated,2025-07-25
1835,2025-07-24,engaged,2025-07-27
1835,2025-07-24,engaged,2025-08-30
1835,2025-07-24,engaged,2025-10-01
1835,2025-07-24,engaged,2025-10-25
1835,2025-07-24,engaged,2025-11-27
1835,2025-07-24,upgraded,2025-11-27
1836,2025-12-07,signup,2025-12-07
1836,2025-12-07,activated,2025-12-07
1836,2025-12-07,engaged,2025-12-12
1837,2025-07-01,signup,2025-07-01
1838,2025-03-30,signup,2025-03-30
1839,2025-07-02,signup,2025-07-02
1840,2024-10-20,signup,2024-10-20
1841,2025-11-03,signup,2025-11-03
1841,2025-11-03,activated,2025-11-03
1841,2025-11-03,engaged,2025-11-13
1841,2025-11-03,engaged,2025-12-03
1841,2025-11-03,engaged,2026-01-04
1842,2025-03-21,signup,2025-03-21
1842,2025-03-21,activated,2025-03-24
1843,2025-10-19,signup,2025-10-19
1843,2025-10-19,activated,2025-10-19
1844,2025-06-29,signup,2025-06-29
1844,2025-06-29,activated,2025-06-29
1844,2025-06-29,engaged,2025-06-30
1844,2025-06-29,engaged,2025-08-08
1845,2024-12-06,signup,2024-12-06
1846,2026-01-17,signup,2026-01-17
1846,2026-01-17,activated,2026-01-17
1846,2026-01-17,engaged,2026-01-17
1847,2025-07-13,signup,2025-07-13
1848,2025-10-19,signup,2025-10-19
1848,2025-10-19,activated,2025-10-19
1849,2026-01-02,signup,2026-01-02
1850,2026-01-29,signup,2026-01-29
1850,2026-01-29,activated,2026-01-31
1851,2025-03-26,signup,2025-03-26
1852,2025-06-28,signup,2025-06-28
1853,2025-01-06,signup,2025-01-06
1853,2025-01-06,activated,2025-01-08
1854,2025-10-18,signup,2025-10-18
1855,2024-08-15,signup,2024-08-15
1855,2024-08-15,activated,2024-08-18
1855,2024-08-15,engaged,2024-08-17
1855,2024-08-15,engaged,2024-09-17
1855,2024-08-15,engaged,2024-10-18
1855,2024-08-15,upgraded,2024-10-18
1856,2024-11-12,signup,2024-11-12
1856,2024-11-12,activated,2024-11-14
1856,2024-11-12,engaged,2024-11-16
1857,2025-08-08,signup,2025-08-08
1857,2025-08-08,activated,2025-08-09
1857,2025-08-08,engaged,2025-08-10
1857,2025-08-08,upgraded,2025-08-10
1857,2025-08-08,engaged,2025-09-12
1858,2025-05-20,signup,2025-05-20
1858,2025-05-20,activated,2025-05-21
1858,2025-05-20,engaged,2025-05-21
1859,2025-10-10,signup,2025-10-10
1859,2025-10-10,activated,2025-10-11
1860,2026-01-04,signup,2026-01-04
1860,2026-01-04,activated,2026-01-06
1860,2026-01-04,engaged,2026-01-14
1861,2025-10-10,signup,2025-10-10
1861,2025-10-10,activated,2025-10-10
1861,2025-10-10,engaged,2025-10-15
1862,2025-12-15,signup,2025-12-15
1863,2025-03-07,signup,2025-03-07
1864,2025-02-21,signup,2025-02-21
1865,2024-08-25,signup,2024-08-25
1865,2024-08-25,activated,2024-08-28
1866,2025-08-06,signup,2025-08-06
1867,2025-10-29,signup,2025-10-29
1867,2025-10-29,activated,2025-10-30
1868,2025-07-07,signup,2025-07-07
1869,2025-07-11,signup,2025-07-11
1869,2025-07-11,activated,2025-07-11
1869,2025-07-11,engaged,2025-07-11
1870,2025-10-24,signup,2025-10-24
1870,2025-10-24,activated,2025-10-26
1870,2025-10-24,engaged,2025-11-01
1871,2025-08-04,signup,2025-08-04
1872,2025-08-16,signup,2025-08-16
1872,2025-08-16,activated,2025-08-17
1872,2025-08-16,engaged,2025-08-16
1872,2025-08-16,engaged,2025-09-20
1872,2025-08-16,engaged,2025-10-24
1873,2025-04-19,signup,2025-04-19
1873,2025-04-19,activated,2025-04-19
1874,2025-03-30,signup,2025-03-30
1875,2025-11-15,signup,2025-11-15
1875,2025-11-15,activated,2025-11-17
1875,2025-11-15,engaged,2025-11-15
1876,2024-08-17,signup,2024-08-17
1876,2024-08-17,activated,2024-08-19
1876,2024-08-17,engaged,2024-08-27
1877,2025-10-03,signup,2025-10-03
1878,2025-10-15,signup,2025-10-15
1878,2025-10-15,activated,2025-10-15
1878,2025-10-15,engaged,2025-10-22
1878,2025-10-15,engaged,2025-11-17
1879,2025-03-26,signup,2025-03-26
1879,2025-03-26,activated,2025-03-26
1879,2025-03-26,engaged,2025-04-04
1879,2025-03-26,engaged,2025-05-02
1880,2025-03-09,signup,2025-03-09
1880,2025-03-09,activated,2025-03-11
1881,2025-11-07,signup,2025-11-07
1882,2025-02-19,signup,2025-02-19
1882,2025-02-19,activated,2025-02-19
1883,2025-01-04,signup,2025-01-04
1883,2025-01-04,activated,2025-01-04
1884,2024-12-30,signup,2024-12-30
1884,2024-12-30,activated,2024-12-30
1884,2024-12-30,engaged,2024-12-30
1884,2024-12-30,engaged,2025-01-29
1884,2024-12-30,engaged,2025-03-03
1884,2024-12-30,engaged,2025-03-31
1885,2025-09-13,signup,2025-09-13
1885,2025-09-13,activated,2025-09-16
1886,2025-06-07,signup,2025-06-07
1887,2024-11-13,signup,2024-11-13
1887,2024-11-13,activated,2024-11-14
1887,2024-11-13,engaged,2024-11-17
1888,2024-11-12,signup,2024-11-12
1889,2024-10-09,signup,2024-10-09
1889,2024-10-09,activated,2024-10-09
1890,2024-12-01,signup,2024-12-01
1890,2024-12-01,activated,2024-12-03
1891,2025-11-24,signup,2025-11-24
1891,2025-11-24,activated,2025-11-26
1891,2025-11-24,engaged,2025-11-30
1892,2025-05-26,signup,2025-05-26
1893,2025-07-05,signup,2025-07-05
1893,2025-07-05,activated,2025-07-05
1893,2025-07-05,engaged,2025-07-05
1894,2025-03-02,signup,2025-03-02
1894,2025-03-02,activated,2025-03-03
1894,2025-03-02,engaged,2025-03-10
1894,2025-03-02,engaged,2025-04-07
1895,2025-06-26,signup,2025-06-26
1896,2026-01-30,signup,2026-01-30
1896,2026-01-30,activated,2026-01-31
1897,2025-04-25,signup,2025-04-25
1897,2025-04-25,activated,2025-04-26
1897,2025-04-25,engaged,2025-04-26
1897,2025-04-25,upgraded,2025-04-26
1898,2025-08-14,signup,2025-08-14
1898,2025-08-14,activated,2025-08-14
1899,2025-12-23,signup,2025-12-23
1900,2025-10-21,signup,2025-10-21
1900,2025-10-21,activated,2025-10-24
1901,2024-12-18,signup,2024-12-18
1901,2024-12-18,activated,2024-12-21
1902,2025-10-26,signup,2025-10-26
1902,2025-10-26,activated,2025-10-26
1903,2024-10-10,signup,2024-10-10
1903,2024-10-10,activated,2024-10-11
1903,2024-10-10,engaged,2024-10-20
1903,2024-10-10,engaged,2024-11-14
1904,2025-06-03,signup,2025-06-03
1905,2025-11-21,signup,2025-11-21
1906,2025-10-06,signup,2025-10-06
1906,2025-10-06,activated,2025-10-07
1907,2025-02-20,signup,2025-02-20
1907,2025-02-20,activated,2025-02-23
1907,2025-02-20,engaged,2025-02-23
1907,2025-02-20,engaged,2025-03-29
1907,2025-02-20,upgraded,2025-03-29
1908,2025-09-03,signup,2025-09-03
1908,2025-09-03,activated,2025-09-03
1908,2025-09-03,engaged,2025-09-08
1908,2025-09-03,engaged,2025-10-07
1908,2025-09-03,engaged,2025-11-07
1908,2025-09-03,engaged,2025-12-09
1908,2025-09-03,engaged,2026-01-10
1909,2025-12-05,signup,2025-12-05
1909,2025-12-05,activated,2025-12-08
1909,2025-12-05,engaged,2025-12-05
1909,2025-12-05,engaged,2026-01-14
1910,2025-01-06,signup,2025-01-06
1910,2025-01-06,activated,2025-01-09
1910,2025-01-06,engaged,2025-01-15
1910,2025-01-06,engaged,2025-02-15
1910,2025-01-06,engaged,2025-03-13
1910,2025-01-06,engaged,2025-04-10
1911,2025-07-04,signup,2025-07-04
1912,2026-01-07,signup,2026-01-07
1912,2026-01-07,activated,2026-01-09
1912,2026-01-07,engaged,2026-01-15
1913,2025-05-08,signup,2025-05-08
1913,2025-05-08,activated,2025-05-08
1914,2025-08-13,signup,2025-08-13
1915,2025-11-27,signup,2025-11-27
1915,2025-11-27,activated,2025-11-28
1916,2026-01-08,signup,2026-01-08
1917,2025-09-03,signup,2025-09-03
1917,2025-09-03,activated,2025-09-05
1917,2025-09-03,engaged,2025-09-10
1917,2025-09-03,engaged,2025-10-06
1917,2025-09-03,upgraded,2025-10-06
1918,2024-10-29,signup,2024-10-29
1918,2024-10-29,activated,2024-11-01
1919,2024-09-29,signup,2024-09-29
1919,2024-09-29,activated,2024-09-29
1920,2025-08-11,signup,2025-08-11
1921,2024-11-13,signup,2024-11-13
1921,2024-11-13,activated,2024-11-16
1921,2024-11-13,engaged,2024-11-21
1921,2024-11-13,engaged,2024-12-14
1922,2026-01-22,signup,2026-01-22
1922,2026-01-22,activated,2026-01-23
1923,2025-12-10,signup,2025-12-10
1923,2025-12-10,activated,2025-12-10
1923,2025-12-10,engaged,2025-12-18
1923,2025-12-10,engaged,2026-01-19
1924,2025-08-02,signup,2025-08-02
1924,2025-08-02,activated,2025-08-04
1924,2025-08-02,engaged,2025-08-09
1924,2025-08-02,upgraded,2025-08-09
1924,2025-08-02,engaged,2025-09-08
1924,2025-08-02,engaged,2025-10-06
1924,2025-08-02,engaged,2025-11-02
1924,2025-08-02,engaged,2025-12-03
1924,2025-08-02,engaged,2026-01-08
1925,2025-11-01,signup,2025-11-01
1925,2025-11-01,activated,2025-11-01
1925,2025-11-01,engaged,2025-11-02
1926,2025-11-04,signup,2025-11-04
1927,2025-02-06,signup,2025-02-06
1928,2025-06-06,signup,2025-06-06
1928,2025-06-06,activated,2025-06-09
1928,2025-06-06,engaged,2025-06-06
1929,2025-07-10,signup,2025-07-10
1930,2025-01-02,signup,2025-01-02
1930,2025-01-02,activated,2025-01-02
1931,2025-11-04,signup,2025-11-04
1931,2025-11-04,activated,2025-11-07
1931,2025-11-04,engaged,2025-11-08
1932,2025-07-15,signup,2025-07-15
1932,2025-07-15,activated,2025-07-18
1932,2025-07-15,engaged,2025-07-21
1932,2025-07-15,engaged,2025-08-15
1932,2025-07-15,engaged,2025-09-21
1932,2025-07-15,engaged,2025-10-22
1932,2025-07-15,engaged,2025-11-19
1932,2025-07-15,engaged,2025-12-20
1932,2025-07-15,engaged,2026-01-12
1933,2026-01-20,signup,2026-01-20
1933,2026-01-20,activated,2026-01-22
1933,2026-01-20,engaged,2026-01-23
1934,2025-05-07,signup,2025-05-07
1934,2025-05-07,activated,2025-05-09
1935,2025-10-06,signup,2025-10-06
1935,2025-10-06,activated,2025-10-06
1936,2025-04-28,signup,2025-04-28
1936,2025-04-28,activated,2025-04-30
1936,2025-04-28,engaged,2025-05-08
1936,2025-04-28,engaged,2025-06-05
1936,2025-04-28,engaged,2025-07-03
1936,2025-04-28,engaged,2025-08-03
1937,2025-01-30,signup,2025-01-30
1937,2025-01-30,activated,2025-02-02
1937,2025-01-30,engaged,2025-02-03
1937,2025-01-30,engaged,2025-03-01
1938,2025-09-01,signup,2025-09-01
1939,2025-02-02,signup,2025-02-02
1939,2025-02-02,activated,2025-02-05
1940,2025-01-28,signup,2025-01-28
1940,2025-01-28,activated,2025-01-31
1940,2025-01-28,engaged,2025-01-30
1940,2025-01-28,engaged,2025-02-28
1940,2025-01-28,engaged,2025-03-29
1941,2025-12-11,signup,2025-12-11
1941,2025-12-11,activated,2025-12-12
1941,2025-12-11,engaged,2025-12-18
1941,2025-12-11,engaged,2026-01-16
1942,2025-12-14,signup,2025-12-14
1942,2025-12-14,activated,2025-12-17
1942,2025-12-14,engaged,2025-12-14
1943,2025-03-18,signup,2025-03-18
1943,2025-03-18,activated,2025-03-21
1944,2025-06-29,signup,2025-06-29
1945,2025-07-28,signup,2025-07-28
1945,2025-07-28,activated,2025-07-31
1945,2025-07-28,engaged,2025-07-28
1945,2025-07-28,engaged,2025-08-30
1945,2025-07-28,engaged,2025-10-05
1946,2025-02-16,signup,2025-02-16
1946,2025-02-16,activated,2025-02-19
1946,2025-02-16,engaged,2025-02-18
1946,2025-02-16,engaged,2025-03-23
1946,2025-02-16,engaged,2025-04-25
1946,2025-02-16,engaged,2025-05-21
1946,2025-02-16,engaged,2025-06-23
1946,2025-02-16,engaged,2025-07-19
1946,2025-02-16,engaged,2025-08-25
1946,2025-02-16,engaged,2025-09-24
1946,2025-02-16,engaged,2025-10-15
1947,2025-10-26,signup,2025-10-26
1947,2025-10-26,activated,2025-10-26
1948,2025-04-15,signup,2025-04-15
1949,2025-10-29,signup,2025-10-29
1949,2025-10-29,activated,2025-11-01
1949,2025-10-29,engaged,2025-10-31
1950,2025-11-20,signup,2025-11-20
1950,2025-11-20,activated,2025-11-23
1950,2025-11-20,engaged,2025-11-23
1950,2025-11-20,engaged,2025-12-21
1950,2025-11-20,engaged,2026-01-26
1951,2025-09-10,signup,2025-09-10
1952,2025-07-09,signup,2025-07-09
1952,2025-07-09,activated,2025-07-09
1952,2025-07-09,engaged,2025-07-19
1952,2025-07-09,engaged,2025-08-15
1952,2025-07-09,engaged,2025-09-14
1952,2025-07-09,upgraded,2025-09-14
1952,2025-07-09,engaged,2025-10-11
1952,2025-07-09,engaged,2025-11-14
1952,2025-07-09,engaged,2025-12-06
1952,2025-07-09,engaged,2026-01-09
1953,2025-03-25,signup,2025-03-25
1953,2025-03-25,activated,2025-03-26
1954,2025-03-07,signup,2025-03-07
1954,2025-03-07,activated,2025-03-07
1954,2025-03-07,engaged,2025-03-14
1955,2025-07-24,signup,2025-07-24
1955,2025-07-24,activated,2025-07-25
1956,2025-06-29,signup,2025-06-29
1957,2025-08-06,signup,2025-08-06
1957,2025-08-06,activated,2025-08-07
1957,2025-08-06,engaged,2025-08-16
1957,2025-08-06,engaged,2025-09-05
1957,2025-08-06,engaged,2025-10-14
1957,2025-08-06,engaged,2025-11-11
1957,2025-08-06,engaged,2025-12-08
1957,2025-08-06,engaged,2026-01-12
1958,2025-04-18,signup,2025-04-18
1958,2025-04-18,activated,2025-04-19
1959,2025-11-01,signup,2025-11-01
1959,2025-11-01,activated,2025-11-04
1959,2025-11-01,engaged,2025-11-06
1959,2025-11-01,engaged,2025-12-08
1960,2024-11-07,signup,2024-11-07
1960,2024-11-07,activated,2024-11-10
1961,2026-01-24,signup,2026-01-24
1961,2026-01-24,activated,2026-01-25
1961,2026-01-24,engaged,2026-01-28
1962,2024-12-18,signup,2024-12-18
1962,2024-12-18,activated,2024-12-20
1962,2024-12-18,engaged,2024-12-18
1963,2025-03-01,signup,2025-03-01
1963,2025-03-01,activated,2025-03-04
1964,2024-10-28,signup,2024-10-28
1964,2024-10-28,activated,2024-10-29
1964,2024-10-28,engaged,2024-11-02
1964,2024-10-28,engaged,2024-12-03
1964,2024-10-28,engaged,2025-01-06
1964,2024-10-28,engaged,2025-02-01
1964,2024-10-28,engaged,2025-03-04
1964,2024-10-28,engaged,2025-04-02
1964,2024-10-28,engaged,2025-05-06
1965,2025-07-01,signup,2025-07-01
1966,2025-04-18,signup,2025-04-18
1966,2025-04-18,activated,2025-04-21
1966,2025-04-18,engaged,2025-04-19
1967,2025-10-17,signup,2025-10-17
1967,2025-10-17,activated,2025-10-19
1968,2025-09-24,signup,2025-09-24
1968,2025-09-24,activated,2025-09-26
1968,2025-09-24,engaged,2025-09-26
1969,2025-03-01,signup,2025-03-01
1970,2025-10-29,signup,2025-10-29
1970,2025-10-29,activated,2025-10-31
1970,2025-10-29,engaged,2025-11-05
1971,2025-08-29,signup,2025-08-29
1972,2025-09-22,signup,2025-09-22
1972,2025-09-22,activated,2025-09-25
1972,2025-09-22,engaged,2025-09-28
1973,2025-01-15,signup,2025-01-15
1973,2025-01-15,activated,2025-01-17
1974,2025-09-22,signup,2025-09-22
1974,2025-09-22,activated,2025-09-25
1975,2025-11-28,signup,2025-11-28
1976,2025-05-15,signup,2025-05-15
1976,2025-05-15,activated,2025-05-15
1977,2025-01-14,signup,2025-01-14
1978,2025-02-24,signup,2025-02-24
1979,2025-11-05,signup,2025-11-05
1979,2025-11-05,activated,2025-11-07
1979,2025-11-05,engaged,2025-11-14
1979,2025-11-05,engaged,2025-12-09
1980,2025-09-03,signup,2025-09-03
1980,2025-09-03,activated,2025-09-05
1980,2025-09-03,engaged,2025-09-07
1980,2025-09-03,engaged,2025-10-06
1981,2024-10-16,signup,2024-10-16
1981,2024-10-16,activated,2024-10-18
1982,2025-08-09,signup,2025-08-09
1982,2025-08-09,activated,2025-08-10
1983,2024-09-28,signup,2024-09-28
1984,2025-05-28,signup,2025-05-28
1984,2025-05-28,activated,2025-05-30
1985,2025-04-28,signup,2025-04-28
1985,2025-04-28,activated,2025-05-01
1986,2025-02-16,signup,2025-02-16
1986,2025-02-16,activated,2025-02-19
1986,2025-02-16,engaged,2025-02-25
1986,2025-02-16,engaged,2025-03-24
1986,2025-02-16,engaged,2025-04-17
1987,2025-12-06,signup,2025-12-06
1987,2025-12-06,activated,2025-12-06
1988,2026-01-14,signup,2026-01-14
1988,2026-01-14,activated,2026-01-16
1988,2026-01-14,engaged,2026-01-24
1989,2024-12-19,signup,2024-12-19
1989,2024-12-19,activated,2024-12-19
1989,2024-12-19,engaged,2024-12-19
1989,2024-12-19,upgraded,2024-12-19
1990,2025-10-04,signup,2025-10-04
1990,2025-10-04,activated,2025-10-04
1990,2025-10-04,engaged,2025-10-11
1990,2025-10-04,engaged,2025-11-11
1991,2025-03-26,signup,2025-03-26
1991,2025-03-26,activated,2025-03-26
1992,2025-02-25,signup,2025-02-25
1992,2025-02-25,activated,2025-02-25
1992,2025-02-25,engaged,2025-02-25
1993,2025-01-13,signup,2025-01-13
1993,2025-01-13,activated,2025-01-16
1993,2025-01-13,engaged,2025-01-23
1993,2025-01-13,engaged,2025-02-12
1993,2025-01-13,engaged,2025-03-16
1994,2025-07-25,signup,2025-07-25
1994,2025-07-25,activated,2025-07-26
1994,2025-07-25,engaged,2025-08-04
1994,2025-07-25,engaged,2025-09-03
1994,2025-07-25,engaged,2025-09-28
1994,2025-07-25,engaged,2025-11-02
1995,2024-10-31,signup,2024-10-31
1996,2025-01-07,signup,2025-01-07
1996,2025-01-07,activated,2025-01-09
1997,2024-12-16,signup,2024-12-16
1997,2024-12-16,activated,2024-12-17
1998,2025-01-24,signup,2025-01-24
1998,2025-01-24,activated,2025-01-25
1998,2025-01-24,engaged,2025-01-26
1998,2025-01-24,engaged,2025-02-28
1998,2025-01-24,engaged,2025-04-01
1998,2025-01-24,engaged,2025-04-30
1999,2025-02-24,signup,2025-02-24
2000,2025-10-27,signup,2025-10-27
2000,2025-10-27,activated,2025-10-27
2000,2025-10-27,engaged,2025-10-30
2000,2025-10-27,engaged,2025-12-02
2000,2025-10-27,engaged,2025-12-26
2001,2025-05-22,signup,2025-05-22
2001,2025-05-22,activated,2025-05-24
2001,2025-05-22,engaged,2025-05-29
2001,2025-05-22,upgraded,2025-05-29
2002,2026-01-23,signup,2026-01-23
2002,2026-01-23,activated,2026-01-23
2002,2026-01-23,engaged,2026-01-28
2003,2024-12-04,signup,2024-12-04
2003,2024-12-04,activated,2024-12-04
2004,2025-07-15,signup,2025-07-15
2004,2025-07-15,activated,2025-07-15
2005,2025-07-14,signup,2025-07-14
2005,2025-07-14,activated,2025-07-16
2005,2025-07-14,engaged,2025-07-21
2006,2024-12-05,signup,2024-12-05
2007,2024-11-22,signup,2024-11-22
2007,2024-11-22,activated,2024-11-23
2007,2024-11-22,engaged,2024-12-02
2007,2024-11-22,engaged,2024-12-28
2007,2024-11-22,engaged,2025-01-31
2007,2024-11-22,engaged,2025-02-21
2008,2025-12-25,signup,2025-12-25
2009,2024-11-07,signup,2024-11-07
2009,2024-11-07,activated,2024-11-08
2010,2024-12-14,signup,2024-12-14
2010,2024-12-14,activated,2024-12-16
2011,2024-10-01,signup,2024-10-01
2011,2024-10-01,activated,2024-10-02
2011,2024-10-01,engaged,2024-10-09
2011,2024-10-01,engaged,2024-11-09
2012,2025-09-25,signup,2025-09-25
2012,2025-09-25,activated,2025-09-26
2012,2025-09-25,engaged,2025-10-03
2012,2025-09-25,engaged,2025-10-30
2012,2025-09-25,engaged,2025-11-27
2013,2025-08-15,signup,2025-08-15
2013,2025-08-15,activated,2025-08-16
2013,2025-08-15,engaged,2025-08-15
2013,2025-08-15,upgraded,2025-08-15
2013,2025-08-15,engaged,2025-09-15
2014,2025-11-16,signup,2025-11-16
2014,2025-11-16,activated,2025-11-18
2015,2025-07-25,signup,2025-07-25
2015,2025-07-25,activated,2025-07-25
2015,2025-07-25,engaged,2025-07-27
2016,2024-12-09,signup,2024-12-09
2016,2024-12-09,activated,2024-12-10
2017,2025-06-20,signup,2025-06-20
2017,2025-06-20,activated,2025-06-23
2018,2024-11-30,signup,2024-11-30
2019,2025-07-26,signup,2025-07-26
2019,2025-07-26,activated,2025-07-28
2019,2025-07-26,engaged,2025-08-04
2019,2025-07-26,engaged,2025-08-30
2019,2025-07-26,engaged,2025-09-27
2020,2024-08-21,signup,2024-08-21
2020,2024-08-21,activated,2024-08-22
2020,2024-08-21,engaged,2024-08-30
2020,2024-08-21,engaged,2024-09-28
2020,2024-08-21,upgraded,2024-09-28
2021,2025-09-09,signup,2025-09-09
2021,2025-09-09,activated,2025-09-09
2021,2025-09-09,engaged,2025-09-09
2021,2025-09-09,upgraded,2025-09-09
2022,2026-01-19,signup,2026-01-19
2022,2026-01-19,activated,2026-01-22
2023,2025-07-12,signup,2025-07-12
2023,2025-07-12,activated,2025-07-13
2023,2025-07-12,engaged,2025-07-19
2023,2025-07-12,engaged,2025-08-17
2023,2025-07-12,upgraded,2025-08-17
2023,2025-07-12,engaged,2025-09-19
2024,2025-06-13,signup,2025-06-13
2024,2025-06-13,activated,2025-06-14
2024,2025-06-13,engaged,2025-06-16
2025,2025-10-23,signup,2025-10-23
2026,2025-06-09,signup,2025-06-09
2026,2025-06-09,activated,2025-06-12
2026,2025-06-09,engaged,2025-06-15
2026,2025-06-09,engaged,2025-07-10
2027,2025-08-20,signup,2025-08-20
2028,2025-04-22,signup,2025-04-22
2028,2025-04-22,activated,2025-04-23
2029,2025-06-03,signup,2025-06-03
2029,2025-06-03,activated,2025-06-03
2029,2025-06-03,engaged,2025-06-06
2029,2025-06-03,upgraded,2025-06-06
2029,2025-06-03,engaged,2025-07-08
2029,2025-06-03,engaged,2025-08-05
2030,2025-05-07,signup,2025-05-07
2030,2025-05-07,activated,2025-05-08
2030,2025-05-07,engaged,2025-05-07
2031,2024-12-30,signup,2024-12-30
2031,2024-12-30,activated,2024-12-30
2031,2024-12-30,engaged,2025-01-06
2032,2025-04-11,signup,2025-04-11
2033,2025-09-21,signup,2025-09-21
2033,2025-09-21,activated,2025-09-24
2033,2025-09-21,engaged,2025-10-01
2033,2025-09-21,engaged,2025-10-21
2033,2025-09-21,upgraded,2025-10-21
2034,2025-09-01,signup,2025-09-01
2034,2025-09-01,activated,2025-09-04
2034,2025-09-01,engaged,2025-09-01
2035,2024-12-29,signup,2024-12-29
2035,2024-12-29,activated,2025-01-01
2036,2024-07-18,signup,2024-07-18
2036,2024-07-18,activated,2024-07-18
2036,2024-07-18,engaged,2024-07-20
2037,2024-11-19,signup,2024-11-19
2037,2024-11-19,activated,2024-11-19
2037,2024-11-19,engaged,2024-11-27
2037,2024-11-19,upgraded,2024-11-27
2037,2024-11-19,engaged,2024-12-21
2038,2025-05-24,signup,2025-05-24
2038,2025-05-24,activated,2025-05-25
2039,2025-07-08,signup,2025-07-08
2040,2025-08-15,signup,2025-08-15
2040,2025-08-15,activated,2025-08-18
2041,2025-05-26,signup,2025-05-26
2041,2025-05-26,activated,2025-05-28
2041,2025-05-26,engaged,2025-05-27
2042,2025-07-18,signup,2025-07-18
2042,2025-07-18,activated,2025-07-19
2043,2024-11-24,signup,2024-11-24
2043,2024-11-24,activated,2024-11-25
2044,2025-05-03,signup,2025-05-03
2044,2025-05-03,activated,2025-05-06
2044,2025-05-03,engaged,2025-05-04
2044,2025-05-03,engaged,2025-06-05
2044,2025-05-03,upgraded,2025-06-05
2044,2025-05-03,engaged,2025-07-12
2044,2025-05-03,engaged,2025-08-06
2045,2025-09-10,signup,2025-09-10
2045,2025-09-10,activated,2025-09-11
2046,2024-11-25,signup,2024-11-25
2046,2024-11-25,activated,2024-11-25
2046,2024-11-25,engaged,2024-12-03
2046,2024-11-25,upgraded,2024-12-03
2047,2026-01-16,signup,2026-01-16
2047,2026-01-16,activated,2026-01-16
2047,2026-01-16,engaged,2026-01-26
2048,2025-02-19,signup,2025-02-19
2048,2025-02-19,activated,2025-02-20
2049,2025-12-16,signup,2025-12-16
2049,2025-12-16,activated,2025-12-18
2049,2025-12-16,engaged,2025-12-26
2049,2025-12-16,engaged,2026-01-21
2050,2025-11-26,signup,2025-11-26
2051,2025-10-08,signup,2025-10-08
2051,2025-10-08,activated,2025-10-10
2051,2025-10-08,engaged,2025-10-18
2051,2025-10-08,engaged,2025-11-07
2051,2025-10-08,engaged,2025-12-13
2052,2025-06-21,signup,2025-06-21
2052,2025-06-21,activated,2025-06-21
2052,2025-06-21,engaged,2025-06-24
2053,2025-08-16,signup,2025-08-16
2053,2025-08-16,activated,2025-08-17
2053,2025-08-16,engaged,2025-08-18
2053,2025-08-16,engaged,2025-09-24
2053,2025-08-16,engaged,2025-10-15
2053,2025-08-16,engaged,2025-11-23
2053,2025-08-16,engaged,2025-12-23
2053,2025-08-16,engaged,2026-01-14
2054,2026-01-27,signup,2026-01-27
2055,2025-05-25,signup,2025-05-25
2055,2025-05-25,activated,2025-05-25
2055,2025-05-25,engaged,2025-05-25
2055,2025-05-25,engaged,2025-06-25
2056,2025-10-26,signup,2025-10-26
2056,2025-10-26,activated,2025-10-29
2056,2025-10-26,engaged,2025-11-04
2056,2025-10-26,engaged,2025-12-05
2056,2025-10-26,engaged,2025-12-30
2057,2024-12-16,signup,2024-12-16
2057,2024-12-16,activated,2024-12-18
2058,2025-01-02,signup,2025-01-02
2058,2025-01-02,activated,2025-01-03
2058,2025-01-02,engaged,2025-01-07
2058,2025-01-02,engaged,2025-02-04
2058,2025-01-02,engaged,2025-03-05
2058,2025-01-02,engaged,2025-04-05
2058,2025-01-02,engaged,2025-05-10
2058,2025-01-02,engaged,2025-06-09
2058,2025-01-02,engaged,2025-07-01
2058,2025-01-02,engaged,2025-08-10
2058,2025-01-02,engaged,2025-09-05
2059,2025-12-13,signup,2025-12-13
2059,2025-12-13,activated,2025-12-16
2059,2025-12-13,engaged,2025-12-23
2059,2025-12-13,engaged,2026-01-18
2060,2025-10-14,signup,2025-10-14
2060,2025-10-14,activated,2025-10-17
2061,2025-01-30,signup,2025-01-30
2062,2024-10-06,signup,2024-10-06
2062,2024-10-06,activated,2024-10-07
2063,2025-10-13,signup,2025-10-13
2063,2025-10-13,activated,2025-10-13
2064,2026-01-31,signup,2026-01-31
2064,2026-01-31,activated,2026-02-02
2065,2024-10-03,signup,2024-10-03
2065,2024-10-03,activated,2024-10-04
2066,2025-02-14,signup,2025-02-14
2066,2025-02-14,activated,2025-02-14
2067,2025-12-06,signup,2025-12-06
2067,2025-12-06,activated,2025-12-08
2068,2025-09-07,signup,2025-09-07
2069,2025-09-04,signup,2025-09-04
2069,2025-09-04,activated,2025-09-06
2069,2025-09-04,engaged,2025-09-06
2069,2025-09-04,engaged,2025-10-14
2069,2025-09-04,upgraded,2025-10-14
2070,2025-01-21,signup,2025-01-21
2070,2025-01-21,activated,2025-01-21
2070,2025-01-21,engaged,2025-01-23
2070,2025-01-21,engaged,2025-02-20
2070,2025-01-21,upgraded,2025-02-20
2070,2025-01-21,engaged,2025-03-23
2070,2025-01-21,engaged,2025-04-26
2070,2025-01-21,engaged,2025-05-24
2070,2025-01-21,engaged,2025-06-27
2070,2025-01-21,engaged,2025-07-26
2070,2025-01-21,engaged,2025-08-29
2070,2025-01-21,engaged,2025-09-21
2071,2025-11-08,signup,2025-11-08
2072,2025-04-24,signup,2025-04-24
2072,2025-04-24,activated,2025-04-27
2073,2025-09-07,signup,2025-09-07
2073,2025-09-07,activated,2025-09-10
2073,2025-09-07,engaged,2025-09-07
2073,2025-09-07,engaged,2025-10-15
2073,2025-09-07,engaged,2025-11-12
2074,2025-09-05,signup,2025-09-05
2074,2025-09-05,activated,2025-09-05
2075,2025-11-04,signup,2025-11-04
2076,2025-12-02,signup,2025-12-02
2076,2025-12-02,activated,2025-12-03
2076,2025-12-02,engaged,2025-12-07
2076,2025-12-02,engaged,2026-01-07
2077,2025-07-24,signup,2025-07-24
2078,2026-01-12,signup,2026-01-12
2078,2026-01-12,activated,2026-01-12
2078,2026-01-12,engaged,2026-01-16
2079,2025-04-17,signup,2025-04-17
2080,2024-09-27,signup,2024-09-27
2080,2024-09-27,activated,2024-09-30
2081,2025-04-21,signup,2025-04-21
2081,2025-04-21,activated,2025-04-23
2081,2025-04-21,engaged,2025-04-28
2081,2025-04-21,engaged,2025-05-24
2081,2025-04-21,engaged,2025-06-25
2081,2025-04-21,engaged,2025-07-20
2081,2025-04-21,engaged,2025-08-22
2082,2025-12-26,signup,2025-12-26
2082,2025-12-26,activated,2025-12-27
2082,2025-12-26,engaged,2025-12-31
2083,2025-05-02,signup,2025-05-02
2083,2025-05-02,activated,2025-05-02
2084,2025-11-16,signup,2025-11-16
2084,2025-11-16,activated,2025-11-18
2084,2025-11-16,engaged,2025-11-17
2085,2025-10-03,signup,2025-10-03
2085,2025-10-03,activated,2025-10-06
2085,2025-10-03,engaged,2025-10-07
2086,2025-12-10,signup,2025-12-10
2086,2025-12-10,activated,2025-12-11
2086,2025-12-10,engaged,2025-12-11
2087,2025-07-26,signup,2025-07-26
2087,2025-07-26,activated,2025-07-28
2088,2025-05-16,signup,2025-05-16
2088,2025-05-16,activated,2025-05-16
2088,2025-05-16,engaged,2025-05-25
2088,2025-05-16,engaged,2025-06-24
2088,2025-05-16,engaged,2025-07-16
2088,2025-05-16,engaged,2025-08-21
2089,2025-12-13,signup,2025-12-13
2089,2025-12-13,activated,2025-12-14
2089,2025-12-13,engaged,2025-12-20
2089,2025-12-13,engaged,2026-01-12
2090,2026-01-02,signup,2026-01-02
2090,2026-01-02,activated,2026-01-03
2090,2026-01-02,engaged,2026-01-05
2091,2024-09-28,signup,2024-09-28
2091,2024-09-28,activated,2024-09-29
2092,2026-01-11,signup,2026-01-11
2092,2026-01-11,activated,2026-01-13
2092,2026-01-11,engaged,2026-01-20
2093,2024-09-05,signup,2024-09-05
2094,2024-12-21,signup,2024-12-21
2095,2025-10-09,signup,2025-10-09
2096,2024-11-28,signup,2024-11-28
2097,2025-03-31,signup,2025-03-31
2097,2025-03-31,activated,2025-04-01
2097,2025-03-31,engaged,2025-03-31
2098,2024-10-28,signup,2024-10-28
2099,2025-09-30,signup,2025-09-30
2099,2025-09-30,activated,2025-10-03
2099,2025-09-30,engaged,2025-10-08
2099,2025-09-30,engaged,2025-10-31
2099,2025-09-30,engaged,2025-11-29
2099,2025-09-30,engaged,2026-01-06
2099,2025-09-30,upgraded,2026-01-06
2099,2025-09-30,engaged,2026-01-29
2100,2025-10-11,signup,2025-10-11
2100,2025-10-11,activated,2025-10-14
2101,2025-08-19,signup,2025-08-19
2101,2025-08-19,activated,2025-08-20
2101,2025-08-19,engaged,2025-08-29
2102,2025-06-06,signup,2025-06-06
2102,2025-06-06,activated,2025-06-06
2103,2025-04-28,signup,2025-04-28
2103,2025-04-28,activated,2025-04-29
2103,2025-04-28,engaged,2025-04-30
2103,2025-04-28,engaged,2025-06-04
2103,2025-04-28,engaged,2025-07-04
2104,2024-07-12,signup,2024-07-12
2104,2024-07-12,activated,2024-07-14
2105,2025-10-04,signup,2025-10-04
2105,2025-10-04,activated,2025-10-07
2106,2025-10-30,signup,2025-10-30
2106,2025-10-30,activated,2025-11-01
2107,2025-11-14,signup,2025-11-14
2108,2024-08-24,signup,2024-08-24
2108,2024-08-24,activated,2024-08-25
2108,2024-08-24,engaged,2024-08-29
2108,2024-08-24,engaged,2024-10-01
2109,2025-08-20,signup,2025-08-20
2109,2025-08-20,activated,2025-08-23
2110,2025-01-11,signup,2025-01-11
2111,2025-09-12,signup,2025-09-12
2111,2025-09-12,activated,2025-09-14
2111,2025-09-12,engaged,2025-09-12
2112,2025-05-10,signup,2025-05-10
2112,2025-05-10,activated,2025-05-13
2112,2025-05-10,engaged,2025-05-10
2113,2025-02-04,signup,2025-02-04
2114,2025-12-19,signup,2025-12-19
2115,2024-12-26,signup,2024-12-26
2115,2024-12-26,activated,2024-12-26
2115,2024-12-26,engaged,2025-01-04
2116,2025-11-12,signup,2025-11-12
2117,2025-10-10,signup,2025-10-10
2117,2025-10-10,activated,2025-10-12
2118,2025-08-27,signup,2025-08-27
2119,2025-06-18,signup,2025-06-18
2119,2025-06-18,activated,2025-06-19
2119,2025-06-18,engaged,2025-06-18
2120,2025-01-29,signup,2025-01-29
2120,2025-01-29,activated,2025-02-01
2120,2025-01-29,engaged,2025-01-29
2121,2024-10-20,signup,2024-10-20
2121,2024-10-20,activated,2024-10-20
2121,2024-10-20,engaged,2024-10-27
2122,2025-07-17,signup,2025-07-17
2122,2025-07-17,activated,2025-07-19
2123,2025-09-15,signup,2025-09-15
2123,2025-09-15,activated,2025-09-16
2123,2025-09-15,engaged,2025-09-15
2123,2025-09-15,engaged,2025-10-25
2123,2025-09-15,upgraded,2025-10-25
2123,2025-09-15,engaged,2025-11-14
2123,2025-09-15,engaged,2025-12-24
2124,2025-09-19,signup,2025-09-19
2124,2025-09-19,activated,2025-09-22
2124,2025-09-19,engaged,2025-09-26
2125,2025-06-07,signup,2025-06-07
2126,2026-01-01,signup,2026-01-01
2127,2025-04-08,signup,2025-04-08
2128,2025-08-31,signup,2025-08-31
2128,2025-08-31,activated,2025-09-01
2129,2024-10-19,signup,2024-10-19
2130,2025-06-18,signup,2025-06-18
2130,2025-06-18,activated,2025-06-21
2130,2025-06-18,engaged,2025-06-18
2130,2025-06-18,engaged,2025-07-26
2130,2025-06-18,engaged,2025-08-18
2130,2025-06-18,engaged,2025-09-21
2130,2025-06-18,engaged,2025-10-23
2130,2025-06-18,engaged,2025-11-17
2130,2025-06-18,engaged,2025-12-15
2131,2025-10-19,signup,2025-10-19
2131,2025-10-19,activated,2025-10-21
2132,2024-12-03,signup,2024-12-03
2132,2024-12-03,activated,2024-12-03
2132,2024-12-03,engaged,2024-12-08
2132,2024-12-03,engaged,2025-01-06
2132,2024-12-03,engaged,2025-02-05
2132,2024-12-03,engaged,2025-03-04
2133,2025-03-24,signup,2025-03-24
2133,2025-03-24,activated,2025-03-24
2133,2025-03-24,engaged,2025-03-30
2133,2025-03-24,engaged,2025-04-26
2134,2025-03-24,signup,2025-03-24
2135,2025-11-22,signup,2025-11-22
2136,2025-09-12,signup,2025-09-12
2136,2025-09-12,activated,2025-09-13
2136,2025-09-12,engaged,2025-09-14
2136,2025-09-12,engaged,2025-10-22
2137,2025-12-10,signup,2025-12-10
2137,2025-12-10,activated,2025-12-13
2137,2025-12-10,engaged,2025-12-17
2137,2025-12-10,upgraded,2025-12-17
2138,2025-02-09,signup,2025-02-09
2139,2025-10-22,signup,2025-10-22
2140,2026-01-26,signup,2026-01-26
2140,2026-01-26,activated,2026-01-28
2141,2025-07-23,signup,2025-07-23
2141,2025-07-23,activated,2025-07-26
2142,2025-09-12,signup,2025-09-12
2142,2025-09-12,activated,2025-09-12
2142,2025-09-12,engaged,2025-09-13
2143,2025-12-31,signup,2025-12-31
2143,2025-12-31,activated,2025-12-31
2143,2025-12-31,engaged,2026-01-10
2144,2025-05-06,signup,2025-05-06
2144,2025-05-06,activated,2025-05-07
2144,2025-05-06,engaged,2025-05-12
2145,2025-11-18,signup,2025-11-18
2146,2025-05-15,signup,2025-05-15
2146,2025-05-15,activated,2025-05-15
2146,2025-05-15,engaged,2025-05-16
2146,2025-05-15,engaged,2025-06-18
2147,2024-10-01,signup,2024-10-01
2147,2024-10-01,activated,2024-10-03
2147,2024-10-01,engaged,2024-10-01
2147,2024-10-01,engaged,2024-10-31
2147,2024-10-01,engaged,2024-12-10
2148,2025-04-23,signup,2025-04-23
2149,2025-09-13,signup,2025-09-13
2150,2025-05-13,signup,2025-05-13
2151,2025-02-20,signup,2025-02-20
2152,2025-09-25,signup,2025-09-25
2152,2025-09-25,activated,2025-09-28
2153,2025-09-11,signup,2025-09-11
2154,2024-11-16,signup,2024-11-16
2155,2025-12-02,signup,2025-12-02
2155,2025-12-02,activated,2025-12-04
2155,2025-12-02,engaged,2025-12-02
2156,2026-01-02,signup,2026-01-02
2156,2026-01-02,activated,2026-01-03
2157,2025-03-31,signup,2025-03-31
2157,2025-03-31,activated,2025-04-01
2157,2025-03-31,engaged,2025-04-09
2157,2025-03-31,engaged,2025-05-02
2158,2024-11-16,signup,2024-11-16
2158,2024-11-16,activated,2024-11-19
2158,2024-11-16,engaged,2024-11-20
2158,2024-11-16,engaged,2024-12-24
2158,2024-11-16,engaged,2025-01-22
2158,2024-11-16,engaged,2025-02-17
2159,2024-08-08,signup,2024-08-08
2159,2024-08-08,activated,2024-08-11
2159,2024-08-08,engaged,2024-08-17
2159,2024-08-08,engaged,2024-09-09
2159,2024-08-08,upgraded,2024-09-09
2160,2025-05-16,signup,2025-05-16
2161,2025-01-21,signup,2025-01-21
2161,2025-01-21,activated,2025-01-21
2162,2025-10-13,signup,2025-10-13
2163,2025-07-26,signup,2025-07-26
2163,2025-07-26,activated,2025-07-28
2164,2026-01-06,signup,2026-01-06
2164,2026-01-06,activated,2026-01-07
2164,2026-01-06,engaged,2026-01-07
2165,2025-12-25,signup,2025-12-25
2165,2025-12-25,activated,2025-12-26
2165,2025-12-25,engaged,2025-12-28
2166,2025-10-30,signup,2025-10-30
2166,2025-10-30,activated,2025-10-30
2167,2024-12-04,signup,2024-12-04
2168,2025-03-16,signup,2025-03-16
2168,2025-03-16,activated,2025-03-17
2168,2025-03-16,engaged,2025-03-23
2168,2025-03-16,engaged,2025-04-15
2168,2025-03-16,engaged,2025-05-21
2168,2025-03-16,engaged,2025-06-23
2168,2025-03-16,engaged,2025-07-17
2168,2025-03-16,engaged,2025-08-18
2168,2025-03-16,upgraded,2025-08-18
2169,2025-05-16,signup,2025-05-16
2169,2025-05-16,activated,2025-05-16
2169,2025-05-16,engaged,2025-05-20
2169,2025-05-16,engaged,2025-06-15
2169,2025-05-16,engaged,2025-07-25
2169,2025-05-16,engaged,2025-08-18
2170,2025-02-24,signup,2025-02-24
2170,2025-02-24,activated,2025-02-25
2170,2025-02-24,engaged,2025-02-27
2171,2025-05-15,signup,2025-05-15
2171,2025-05-15,activated,2025-05-17
2172,2025-07-17,signup,2025-07-17
2172,2025-07-17,activated,2025-07-20
2173,2025-08-06,signup,2025-08-06
2173,2025-08-06,activated,2025-08-09
2173,2025-08-06,engaged,2025-08-08
2173,2025-08-06,engaged,2025-09-06
2173,2025-08-06,engaged,2025-10-15
2173,2025-08-06,engaged,2025-11-12
2173,2025-08-06,engaged,2025-12-12
2174,2025-07-21,signup,2025-07-21
2174,2025-07-21,activated,2025-07-21
2174,2025-07-21,engaged,2025-07-23
2175,2024-11-07,signup,2024-11-07
2175,2024-11-07,activated,2024-11-10
2175,2024-11-07,engaged,2024-11-14
2176,2024-09-22,signup,2024-09-22
2176,2024-09-22,activated,2024-09-25
2176,2024-09-22,engaged,2024-09-28
2176,2024-09-22,engaged,2024-10-27
2176,2024-09-22,engaged,2024-11-27
2176,2024-09-22,engaged,2024-12-29
2176,2024-09-22,engaged,2025-01-30
2176,2024-09-22,engaged,2025-02-24
2177,2025-05-26,signup,2025-05-26
2177,2025-05-26,activated,2025-05-27
2177,2025-05-26,engaged,2025-05-30
2177,2025-05-26,engaged,2025-06-26
2178,2024-10-06,signup,2024-10-06
2178,2024-10-06,activated,2024-10-08
2178,2024-10-06,engaged,2024-10-07
2178,2024-10-06,engaged,2024-11-09
2178,2024-10-06,engaged,2024-12-11
2178,2024-10-06,engaged,2025-01-10
2178,2024-10-06,engaged,2025-02-13
2179,2025-08-10,signup,2025-08-10
2179,2025-08-10,activated,2025-08-13
2180,2024-10-05,signup,2024-10-05
2180,2024-10-05,activated,2024-10-06
2181,2025-09-07,signup,2025-09-07
2181,2025-09-07,activated,2025-09-07
2182,2024-12-06,signup,2024-12-06
2182,2024-12-06,activated,2024-12-06
2182,2024-12-06,engaged,2024-12-11
2183,2024-12-27,signup,2024-12-27
2183,2024-12-27,activated,2024-12-29
2183,2024-12-27,engaged,2025-01-04
2183,2024-12-27,upgraded,2025-01-04
2184,2025-12-19,signup,2025-12-19
2185,2025-12-11,signup,2025-12-11
2185,2025-12-11,activated,2025-12-11
2186,2025-07-09,signup,2025-07-09
2186,2025-07-09,activated,2025-07-10
2186,2025-07-09,engaged,2025-07-15
2187,2024-10-18,signup,2024-10-18
2187,2024-10-18,activated,2024-10-21
2187,2024-10-18,engaged,2024-10-25
2188,2025-05-14,signup,2025-05-14
2188,2025-05-14,activated,2025-05-15
2189,2025-12-28,signup,2025-12-28
2189,2025-12-28,activated,2025-12-31
2190,2025-05-20,signup,2025-05-20
2190,2025-05-20,activated,2025-05-20
2191,2024-09-30,signup,2024-09-30
2191,2024-09-30,activated,2024-10-02
2191,2024-09-30,engaged,2024-09-30
2192,2025-01-31,signup,2025-01-31
2193,2025-10-22,signup,2025-10-22
2193,2025-10-22,activated,2025-10-23
2193,2025-10-22,engaged,2025-10-27
2193,2025-10-22,engaged,2025-11-21
2194,2024-12-30,signup,2024-12-30
2194,2024-12-30,activated,2025-01-02
2194,2024-12-30,engaged,2025-01-07
2194,2024-12-30,engaged,2025-02-03
2195,2025-12-08,signup,2025-12-08
2196,2025-09-18,signup,2025-09-18
2196,2025-09-18,activated,2025-09-19
2196,2025-09-18,engaged,2025-09-27
2196,2025-09-18,engaged,2025-10-21
2196,2025-09-18,engaged,2025-11-18
2196,2025-09-18,engaged,2025-12-17
2197,2025-01-05,signup,2025-01-05
2197,2025-01-05,activated,2025-01-07
2198,2025-12-11,signup,2025-12-11
2199,2025-02-28,signup,2025-02-28
2199,2025-02-28,activated,2025-03-03
2199,2025-02-28,engaged,2025-03-07
2200,2025-07-31,signup,2025-07-31
2200,2025-07-31,activated,2025-08-02
2201,2025-05-01,signup,2025-05-01
2202,2025-09-18,signup,2025-09-18
2202,2025-09-18,activated,2025-09-20
2203,2025-10-18,signup,2025-10-18
2203,2025-10-18,activated,2025-10-20
2204,2024-11-30,signup,2024-11-30
2204,2024-11-30,activated,2024-12-03
2205,2025-04-15,signup,2025-04-15
2205,2025-04-15,activated,2025-04-16
2206,2025-12-22,signup,2025-12-22
2206,2025-12-22,activated,2025-12-25
2207,2025-05-03,signup,2025-05-03
2207,2025-05-03,activated,2025-05-03
2208,2025-10-09,signup,2025-10-09
2208,2025-10-09,activated,2025-10-11
2209,2025-04-04,signup,2025-04-04
2209,2025-04-04,activated,2025-04-07
2210,2025-11-15,signup,2025-11-15
2210,2025-11-15,activated,2025-11-17
2211,2025-11-24,signup,2025-11-24
2211,2025-11-24,activated,2025-11-27
2212,2025-10-21,signup,2025-10-21
2212,2025-10-21,activated,2025-10-23
2213,2025-09-04,signup,2025-09-04
2213,2025-09-04,activated,2025-09-05
2213,2025-09-04,engaged,2025-09-07
2213,2025-09-04,upgraded,2025-09-07
2214,2025-08-24,signup,2025-08-24
2214,2025-08-24,activated,2025-08-27
2215,2025-10-06,signup,2025-10-06
2215,2025-10-06,activated,2025-10-09
2215,2025-10-06,engaged,2025-10-16
2215,2025-10-06,engaged,2025-11-14
2215,2025-10-06,engaged,2025-12-12
2216,2025-03-04,signup,2025-03-04
2217,2025-05-15,signup,2025-05-15
2217,2025-05-15,activated,2025-05-17
2217,2025-05-15,engaged,2025-05-19
2217,2025-05-15,engaged,2025-06-23
2217,2025-05-15,engaged,2025-07-17
2218,2025-06-02,signup,2025-06-02
2218,2025-06-02,activated,2025-06-02
2219,2025-11-22,signup,2025-11-22
2219,2025-11-22,activated,2025-11-22
2220,2025-05-18,signup,2025-05-18
2221,2026-01-21,signup,2026-01-21
2221,2026-01-21,activated,2026-01-22
2221,2026-01-21,engaged,2026-01-31
2221,2026-01-21,upgraded,2026-01-31
2222,2025-06-02,signup,2025-06-02
2222,2025-06-02,activated,2025-06-04
2223,2024-12-28,signup,2024-12-28
2223,2024-12-28,activated,2024-12-29
2224,2024-10-29,signup,2024-10-29
2224,2024-10-29,activated,2024-10-29
2224,2024-10-29,engaged,2024-11-06
2224,2024-10-29,upgraded,2024-11-06
2225,2025-08-15,signup,2025-08-15
2226,2025-12-08,signup,2025-12-08
2226,2025-12-08,activated,2025-12-10
2227,2025-12-16,signup,2025-12-16
2227,2025-12-16,activated,2025-12-18
2227,2025-12-16,engaged,2025-12-25
2227,2025-12-16,engaged,2026-01-20
2228,2024-07-19,signup,2024-07-19
2228,2024-07-19,activated,2024-07-19
2229,2025-12-21,signup,2025-12-21
2229,2025-12-21,activated,2025-12-21
2229,2025-12-21,engaged,2025-12-30
2230,2025-01-28,signup,2025-01-28
2230,2025-01-28,activated,2025-01-28
2230,2025-01-28,engaged,2025-02-05
2230,2025-01-28,engaged,2025-03-02
2231,2025-10-23,signup,2025-10-23
2231,2025-10-23,activated,2025-10-24
2231,2025-10-23,engaged,2025-10-29
2231,2025-10-23,engaged,2025-12-02
2231,2025-10-23,engaged,2025-12-31
2231,2025-10-23,engaged,2026-01-21
2232,2025-11-30,signup,2025-11-30
2233,2025-03-13,signup,2025-03-13
2234,2025-06-29,signup,2025-06-29
2234,2025-06-29,activated,2025-07-02
2234,2025-06-29,engaged,2025-06-29
2234,2025-06-29,engaged,2025-07-29
2235,2025-11-26,signup,2025-11-26
2235,2025-11-26,activated,2025-11-26
2235,2025-11-26,engaged,2025-11-26
2235,2025-11-26,engaged,2026-01-04
2236,2024-07-13,signup,2024-07-13
2237,2025-07-26,signup,2025-07-26
2237,2025-07-26,activated,2025-07-26
2237,2025-07-26,engaged,2025-08-05
2238,2025-10-28,signup,2025-10-28
2239,2024-12-22,signup,2024-12-22
2239,2024-12-22,activated,2024-12-24
2240,2024-11-21,signup,2024-11-21
2240,2024-11-21,activated,2024-11-21
2240,2024-11-21,engaged,2024-11-27
2241,2025-12-25,signup,2025-12-25
2242,2025-11-01,signup,2025-11-01
2242,2025-11-01,activated,2025-11-02
2242,2025-11-01,engaged,2025-11-11
2242,2025-11-01,engaged,2025-12-08
2243,2026-01-05,signup,2026-01-05
2243,2026-01-05,activated,2026-01-07
2243,2026-01-05,engaged,2026-01-12
2244,2024-11-14,signup,2024-11-14
2245,2025-05-10,signup,2025-05-10
2245,2025-05-10,activated,2025-05-11
2245,2025-05-10,engaged,2025-05-13
2246,2024-08-23,signup,2024-08-23
2246,2024-08-23,activated,2024-08-25
2247,2026-01-15,signup,2026-01-15
2247,2026-01-15,activated,2026-01-16
2248,2025-03-28,signup,2025-03-28
2248,2025-03-28,activated,2025-03-31
2249,2025-11-01,signup,2025-11-01
2249,2025-11-01,activated,2025-11-04
2249,2025-11-01,engaged,2025-11-05
2250,2025-06-17,signup,2025-06-17
2250,2025-06-17,activated,2025-06-19
2250,2025-06-17,engaged,2025-06-27
2250,2025-06-17,engaged,2025-07-25
2250,2025-06-17,engaged,2025-08-26
2250,2025-06-17,engaged,2025-09-17
2250,2025-06-17,engaged,2025-10-21
2251,2025-03-27,signup,2025-03-27
2252,2025-12-23,signup,2025-12-23
2252,2025-12-23,activated,2025-12-23
2253,2025-09-21,signup,2025-09-21
2253,2025-09-21,activated,2025-09-23
2253,2025-09-21,engaged,2025-09-22
2254,2025-12-04,signup,2025-12-04
2254,2025-12-04,activated,2025-12-06
2254,2025-12-04,engaged,2025-12-06
2255,2025-07-29,signup,2025-07-29
2256,2024-10-13,signup,2024-10-13
2256,2024-10-13,activated,2024-10-16
2256,2024-10-13,engaged,2024-10-17
2256,2024-10-13,upgraded,2024-10-17
2256,2024-10-13,engaged,2024-11-17
2256,2024-10-13,engaged,2024-12-12
2257,2025-11-29,signup,2025-11-29
2257,2025-11-29,activated,2025-11-30
2257,2025-11-29,engaged,2025-12-09
2258,2025-07-31,signup,2025-07-31
2258,2025-07-31,activated,2025-08-02
2258,2025-07-31,engaged,2025-08-10
2259,2025-02-01,signup,2025-02-01
2260,2025-06-18,signup,2025-06-18
2260,2025-06-18,activated,2025-06-18
2261,2025-11-19,signup,2025-11-19
2261,2025-11-19,activated,2025-11-22
2262,2025-09-29,signup,2025-09-29
2262,2025-09-29,activated,2025-10-02
2262,2025-09-29,engaged,2025-10-03
2262,2025-09-29,engaged,2025-11-02
2262,2025-09-29,engaged,2025-12-08
2262,2025-09-29,engaged,2026-01-02
2263,2025-02-11,signup,2025-02-11
2263,2025-02-11,activated,2025-02-14
2263,2025-02-11,engaged,2025-02-18
2263,2025-02-11,engaged,2025-03-21
2263,2025-02-11,engaged,2025-04-15
2263,2025-02-11,engaged,2025-05-15
2263,2025-02-11,engaged,2025-06-19
2263,2025-02-11,engaged,2025-07-15
2264,2026-01-18,signup,2026-01-18
2264,2026-01-18,activated,2026-01-18
2265,2025-12-11,signup,2025-12-11
2265,2025-12-11,activated,2025-12-13
2265,2025-12-11,engaged,2025-12-14
2265,2025-12-11,engaged,2026-01-18
2266,2025-09-05,signup,2025-09-05
2266,2025-09-05,activated,2025-09-06
2267,2025-08-07,signup,2025-08-07
2268,2024-12-07,signup,2024-12-07
2268,2024-12-07,activated,2024-12-09
2269,2025-10-10,signup,2025-10-10
2269,2025-10-10,activated,2025-10-13
2269,2025-10-10,engaged,2025-10-14
2270,2024-10-04,signup,2024-10-04
2270,2024-10-04,activated,2024-10-05
2271,2025-02-19,signup,2025-02-19
2272,2025-09-20,signup,2025-09-20
2272,2025-09-20,activated,2025-09-21
2272,2025-09-20,engaged,2025-09-20
2273,2024-12-23,signup,2024-12-23
2274,2026-01-03,signup,2026-01-03
2274,2026-01-03,activated,2026-01-06
2274,2026-01-03,engaged,2026-01-12
2275,2025-09-17,signup,2025-09-17
2275,2025-09-17,activated,2025-09-20
2275,2025-09-17,engaged,2025-09-20
2275,2025-09-17,engaged,2025-10-19
2275,2025-09-17,engaged,2025-11-24
2276,2025-09-27,signup,2025-09-27
2276,2025-09-27,activated,2025-09-28
2276,2025-09-27,engaged,2025-09-29
2277,2025-06-27,signup,2025-06-27
2277,2025-06-27,activated,2025-06-30
2278,2026-01-25,signup,2026-01-25
2279,2025-06-07,signup,2025-06-07
2279,2025-06-07,activated,2025-06-09
2279,2025-06-07,engaged,2025-06-08
2280,2025-03-20,signup,2025-03-20
2280,2025-03-20,activated,2025-03-21
2280,2025-03-20,engaged,2025-03-30
2280,2025-03-20,engaged,2025-04-25
2281,2025-07-26,signup,2025-07-26
2282,2026-01-29,signup,2026-01-29
2283,2025-08-02,signup,2025-08-02
2283,2025-08-02,activated,2025-08-05
2283,2025-08-02,engaged,2025-08-02
2283,2025-08-02,engaged,2025-09-11
2284,2025-02-10,signup,2025-02-10
2285,2026-01-09,signup,2026-01-09
2285,2026-01-09,activated,2026-01-12
2286,2025-05-10,signup,2025-05-10
2286,2025-05-10,activated,2025-05-10
2287,2025-01-25,signup,2025-01-25
2288,2025-08-29,signup,2025-08-29
2288,2025-08-29,activated,2025-08-29
2289,2025-10-31,signup,2025-10-31
2289,2025-10-31,activated,2025-11-03
2290,2024-11-03,signup,2024-11-03
2291,2025-01-29,signup,2025-01-29
2291,2025-01-29,activated,2025-01-30
2291,2025-01-29,engaged,2025-01-29
2291,2025-01-29,engaged,2025-03-07
2291,2025-01-29,engaged,2025-04-01
2291,2025-01-29,upgraded,2025-04-01
2291,2025-01-29,engaged,2025-05-05
2291,2025-01-29,engaged,2025-06-01
2291,2025-01-29,engaged,2025-07-06
2292,2024-08-15,signup,2024-08-15
2293,2024-11-29,signup,2024-11-29
2294,2024-10-07,signup,2024-10-07
2295,2025-07-17,signup,2025-07-17
2295,2025-07-17,activated,2025-07-17
2295,2025-07-17,engaged,2025-07-18
2295,2025-07-17,engaged,2025-08-22
2295,2025-07-17,engaged,2025-09-22
2295,2025-07-17,engaged,2025-10-24
2296,2024-07-08,signup,2024-07-08
2296,2024-07-08,activated,2024-07-10
2296,2024-07-08,engaged,2024-07-16
2297,2025-04-22,signup,2025-04-22
2298,2025-07-28,signup,2025-07-28
2298,2025-07-28,activated,2025-07-28
2298,2025-07-28,engaged,2025-08-06
2299,2025-07-23,signup,2025-07-23
2299,2025-07-23,activated,2025-07-26
2299,2025-07-23,engaged,2025-07-25
2299,2025-07-23,engaged,2025-08-24
2299,2025-07-23,engaged,2025-09-21
2299,2025-07-23,engaged,2025-10-29
2299,2025-07-23,engaged,2025-11-22
2299,2025-07-23,engaged,2025-12-26
2299,2025-07-23,upgraded,2025-12-26
2299,2025-07-23,engaged,2026-01-20
2300,2025-09-15,signup,2025-09-15
2300,2025-09-15,activated,2025-09-15
2300,2025-09-15,engaged,2025-09-19
2301,2025-10-29,signup,2025-10-29
2301,2025-10-29,activated,2025-10-30
2302,2025-11-20,signup,2025-11-20
2302,2025-11-20,activated,2025-11-21
2302,2025-11-20,engaged,2025-11-27
2302,2025-11-20,engaged,2025-12-22
2303,2024-10-24,signup,2024-10-24
2303,2024-10-24,activated,2024-10-24
2303,2024-10-24,engaged,2024-10-25
2303,2024-10-24,engaged,2024-12-02
2303,2024-10-24,engaged,2025-01-01
2304,2025-10-24,signup,2025-10-24
2304,2025-10-24,activated,2025-10-26
2305,2026-01-01,signup,2026-01-01
2305,2026-01-01,activated,2026-01-04
2305,2026-01-01,engaged,2026-01-07
2306,2024-07-29,signup,2024-07-29
2306,2024-07-29,activated,2024-07-31
2306,2024-07-29,engaged,2024-08-04
2306,2024-07-29,engaged,2024-08-28
2306,2024-07-29,engaged,2024-10-02
2306,2024-07-29,upgraded,2024-10-02
2306,2024-07-29,engaged,2024-11-06
2307,2025-04-24,signup,2025-04-24
2307,2025-04-24,activated,2025-04-25
2307,2025-04-24,engaged,2025-05-01
2308,2025-11-04,signup,2025-11-04
2309,2025-08-02,signup,2025-08-02
2310,2025-03-08,signup,2025-03-08
2311,2025-09-24,signup,2025-09-24
2311,2025-09-24,activated,2025-09-27
2311,2025-09-24,engaged,2025-09-27
2311,2025-09-24,engaged,2025-10-27
2311,2025-09-24,engaged,2025-11-30
2311,2025-09-24,upgraded,2025-11-30
2311,2025-09-24,engaged,2026-01-02
2312,2025-10-11,signup,2025-10-11
2312,2025-10-11,activated,2025-10-11
2312,2025-10-11,engaged,2025-10-18
2312,2025-10-11,engaged,2025-11-15
2313,2025-05-11,signup,2025-05-11
2313,2025-05-11,activated,2025-05-12
2313,2025-05-11,engaged,2025-05-12
2314,2025-12-10,signup,2025-12-10
2315,2025-04-22,signup,2025-04-22
2315,2025-04-22,activated,2025-04-24
2316,2025-08-11,signup,2025-08-11
2316,2025-08-11,activated,2025-08-13
2316,2025-08-11,engaged,2025-08-21
2316,2025-08-11,engaged,2025-09-16
2317,2025-09-10,signup,2025-09-10
2317,2025-09-10,activated,2025-09-11
2318,2025-01-29,signup,2025-01-29
2319,2025-11-22,signup,2025-11-22
2319,2025-11-22,activated,2025-11-22
2319,2025-11-22,engaged,2025-11-30
2319,2025-11-22,engaged,2025-12-28
2320,2025-05-19,signup,2025-05-19
2320,2025-05-19,activated,2025-05-21
2320,2025-05-19,engaged,2025-05-29
2320,2025-05-19,engaged,2025-06-18
2321,2026-01-10,signup,2026-01-10
2321,2026-01-10,activated,2026-01-10
2322,2025-09-14,signup,2025-09-14
2322,2025-09-14,activated,2025-09-16
2323,2025-08-13,signup,2025-08-13
2323,2025-08-13,activated,2025-08-16
2324,2026-01-27,signup,2026-01-27
2324,2026-01-27,activated,2026-01-27
2324,2026-01-27,engaged,2026-01-30
2325,2025-08-15,signup,2025-08-15
2326,2024-10-24,signup,2024-10-24
2326,2024-10-24,activated,2024-10-26
2327,2025-12-27,signup,2025-12-27
2327,2025-12-27,activated,2025-12-30
2328,2024-11-26,signup,2024-11-26
2328,2024-11-26,activated,2024-11-29
2329,2025-06-10,signup,2025-06-10
2329,2025-06-10,activated,2025-06-12
2330,2025-12-17,signup,2025-12-17
2330,2025-12-17,activated,2025-12-18
2331,2025-01-19,signup,2025-01-19
2331,2025-01-19,activated,2025-01-22
2331,2025-01-19,engaged,2025-01-26
2331,2025-01-19,engaged,2025-02-26
2331,2025-01-19,engaged,2025-03-30
2332,2025-04-23,signup,2025-04-23
2332,2025-04-23,activated,2025-04-25
2332,2025-04-23,engaged,2025-04-23
2332,2025-04-23,engaged,2025-05-29
2332,2025-04-23,engaged,2025-07-02
2333,2025-10-29,signup,2025-10-29
2333,2025-10-29,activated,2025-10-30
2334,2025-10-25,signup,2025-10-25
2334,2025-10-25,activated,2025-10-26
2335,2024-09-20,signup,2024-09-20
2336,2025-10-22,signup,2025-10-22
2337,2025-04-26,signup,2025-04-26
2337,2025-04-26,activated,2025-04-29
2338,2025-08-22,signup,2025-08-22
2338,2025-08-22,activated,2025-08-25
2338,2025-08-22,engaged,2025-08-28
2339,2025-05-04,signup,2025-05-04
2340,2025-09-11,signup,2025-09-11
2340,2025-09-11,activated,2025-09-11
2341,2025-02-13,signup,2025-02-13
2341,2025-02-13,activated,2025-02-15
2341,2025-02-13,engaged,2025-02-19
2341,2025-02-13,engaged,2025-03-16
2341,2025-02-13,engaged,2025-04-22
2342,2025-11-08,signup,2025-11-08
2342,2025-11-08,activated,2025-11-09
2343,2025-10-09,signup,2025-10-09
2343,2025-10-09,activated,2025-10-10
2343,2025-10-09,engaged,2025-10-19
2344,2025-01-03,signup,2025-01-03
2345,2024-07-10,signup,2024-07-10
2346,2025-07-10,signup,2025-07-10
2347,2025-09-20,signup,2025-09-20
2347,2025-09-20,activated,2025-09-20
2348,2025-09-25,signup,2025-09-25
2349,2025-05-20,signup,2025-05-20
2350,2025-01-12,signup,2025-01-12
2350,2025-01-12,activated,2025-01-13
2351,2024-09-13,signup,2024-09-13
2351,2024-09-13,activated,2024-09-14
2352,2025-03-18,signup,2025-03-18
2353,2025-09-26,signup,2025-09-26
2353,2025-09-26,activated,2025-09-29
2353,2025-09-26,engaged,2025-09-29
2354,2025-11-07,signup,2025-11-07
2355,2024-09-30,signup,2024-09-30
2355,2024-09-30,activated,2024-09-30
2356,2025-06-20,signup,2025-06-20
2357,2026-01-12,signup,2026-01-12
2358,2025-08-18,signup,2025-08-18
2358,2025-08-18,activated,2025-08-19
2358,2025-08-18,engaged,2025-08-26
2358,2025-08-18,engaged,2025-09-23
2359,2024-08-11,signup,2024-08-11
2359,2024-08-11,activated,2024-08-12
2360,2025-09-09,signup,2025-09-09
2361,2025-03-02,signup,2025-03-02
2362,2025-12-10,signup,2025-12-10
2362,2025-12-10,activated,2025-12-10
2363,2025-05-31,signup,2025-05-31
2363,2025-05-31,activated,2025-06-03
2364,2025-10-14,signup,2025-10-14
2364,2025-10-14,activated,2025-10-17
2365,2025-08-20,signup,2025-08-20
2366,2025-12-28,signup,2025-12-28
2367,2025-08-03,signup,2025-08-03
2367,2025-08-03,activated,2025-08-05
2368,2025-02-14,signup,2025-02-14
2368,2025-02-14,activated,2025-02-15
2368,2025-02-14,engaged,2025-02-24
2368,2025-02-14,upgraded,2025-02-24
2368,2025-02-14,engaged,2025-03-23
2369,2026-01-11,signup,2026-01-11
2370,2026-01-07,signup,2026-01-07
2370,2026-01-07,activated,2026-01-10
2370,2026-01-07,engaged,2026-01-13
2371,2025-07-23,signup,2025-07-23
2372,2024-11-08,signup,2024-11-08
2373,2024-08-30,signup,2024-08-30
2374,2025-04-13,signup,2025-04-13
2374,2025-04-13,activated,2025-04-15
2375,2025-10-30,signup,2025-10-30
2375,2025-10-30,activated,2025-10-30
2376,2024-11-08,signup,2024-11-08
2377,2025-07-19,signup,2025-07-19
2377,2025-07-19,activated,2025-07-19
2377,2025-07-19,engaged,2025-07-22
2377,2025-07-19,engaged,2025-08-22
2378,2025-02-08,signup,2025-02-08
2378,2025-02-08,activated,2025-02-09
2379,2024-10-04,signup,2024-10-04
2380,2026-01-22,signup,2026-01-22
2380,2026-01-22,activated,2026-01-23
2381,2026-01-13,signup,2026-01-13
2381,2026-01-13,activated,2026-01-13
2381,2026-01-13,engaged,2026-01-19
2382,2025-11-07,signup,2025-11-07
2383,2025-06-28,signup,2025-06-28
2383,2025-06-28,activated,2025-06-28
2383,2025-06-28,engaged,2025-07-02
2383,2025-06-28,upgraded,2025-07-02
2383,2025-06-28,engaged,2025-08-01
2384,2025-12-15,signup,2025-12-15
2384,2025-12-15,activated,2025-12-15
2385,2025-03-27,signup,2025-03-27
2386,2025-03-14,signup,2025-03-14
2387,2025-10-28,signup,2025-10-28
2387,2025-10-28,activated,2025-10-28
2387,2025-10-28,engaged,2025-11-07
2388,2026-01-31,signup,2026-01-31
2388,2026-01-31,activated,2026-02-03
2389,2025-02-07,signup,2025-02-07
2389,2025-02-07,activated,2025-02-10
2390,2025-11-15,signup,2025-11-15
2391,2025-07-22,signup,2025-07-22
2392,2025-05-02,signup,2025-05-02
2392,2025-05-02,activated,2025-05-03
2393,2025-10-27,signup,2025-10-27
2393,2025-10-27,activated,2025-10-28
2394,2025-07-23,signup,2025-07-23
2394,2025-07-23,activated,2025-07-25
2394,2025-07-23,engaged,2025-08-01
2395,2024-11-19,signup,2024-11-19
2395,2024-11-19,activated,2024-11-19
2395,2024-11-19,engaged,2024-11-23
2395,2024-11-19,engaged,2024-12-24
2395,2024-11-19,engaged,2025-01-28
2395,2024-11-19,engaged,2025-02-25
2395,2024-11-19,engaged,2025-03-27
2395,2024-11-19,upgraded,2025-03-27
2396,2025-07-25,signup,2025-07-25
2396,2025-07-25,activated,2025-07-26
2397,2026-01-04,signup,2026-01-04
2397,2026-01-04,activated,2026-01-06
2397,2026-01-04,engaged,2026-01-13
2398,2024-12-21,signup,2024-12-21
2398,2024-12-21,activated,2024-12-24
2398,2024-12-21,engaged,2024-12-28
2398,2024-12-21,engaged,2025-01-23
2399,2024-12-12,signup,2024-12-12
2399,2024-12-12,activated,2024-12-14
2400,2026-01-20,signup,2026-01-20
2401,2024-12-06,signup,2024-12-06
2401,2024-12-06,activated,2024-12-09
2402,2025-05-21,signup,2025-05-21
2402,2025-05-21,activated,2025-05-24
2402,2025-05-21,engaged,2025-05-25
2403,2024-11-21,signup,2024-11-21
2403,2024-11-21,activated,2024-11-24
2404,2026-01-12,signup,2026-01-12
2404,2026-01-12,activated,2026-01-14
2404,2026-01-12,engaged,2026-01-12
2405,2024-12-05,signup,2024-12-05
2405,2024-12-05,activated,2024-12-07
2405,2024-12-05,engaged,2024-12-06
2405,2024-12-05,upgraded,2024-12-06
2405,2024-12-05,engaged,2025-01-06
2405,2024-12-05,engaged,2025-02-07
2405,2024-12-05,engaged,2025-03-09
2406,2025-02-09,signup,2025-02-09
2407,2024-11-03,signup,2024-11-03
2408,2025-08-16,signup,2025-08-16
2408,2025-08-16,activated,2025-08-19
2408,2025-08-16,engaged,2025-08-24
2408,2025-08-16,engaged,2025-09-17
2408,2025-08-16,engaged,2025-10-18
2409,2025-01-24,signup,2025-01-24
2409,2025-01-24,activated,2025-01-27
2409,2025-01-24,engaged,2025-01-29
2409,2025-01-24,engaged,2025-03-05
2409,2025-01-24,engaged,2025-03-26
2410,2025-06-04,signup,2025-06-04
2411,2024-12-24,signup,2024-12-24
2412,2024-09-18,signup,2024-09-18
2413,2025-12-25,signup,2025-12-25
2413,2025-12-25,activated,2025-12-27
2414,2025-07-21,signup,2025-07-21
2414,2025-07-21,activated,2025-07-21
2414,2025-07-21,engaged,2025-07-26
2415,2025-01-06,signup,2025-01-06
2416,2025-02-21,signup,2025-02-21
2416,2025-02-21,activated,2025-02-22
2417,2025-01-16,signup,2025-01-16
2418,2025-06-29,signup,2025-06-29
2418,2025-06-29,activated,2025-07-02
2419,2025-12-08,signup,2025-12-08
2419,2025-12-08,activated,2025-12-11
2420,2025-10-26,signup,2025-10-26
2420,2025-10-26,activated,2025-10-27
2420,2025-10-26,engaged,2025-10-26
2420,2025-10-26,upgraded,2025-10-26
2420,2025-10-26,engaged,2025-11-29
2421,2025-01-21,signup,2025-01-21
2421,2025-01-21,activated,2025-01-23
2422,2025-12-05,signup,2025-12-05
2422,2025-12-05,activated,2025-12-08
2422,2025-12-05,engaged,2025-12-12
2422,2025-12-05,engaged,2026-01-08
2422,2025-12-05,upgraded,2026-01-08
2423,2025-10-12,signup,2025-10-12
2423,2025-10-12,activated,2025-10-12
2423,2025-10-12,engaged,2025-10-15
2424,2025-11-19,signup,2025-11-19
2424,2025-11-19,activated,2025-11-20
2425,2025-07-09,signup,2025-07-09
2426,2025-12-26,signup,2025-12-26
2427,2025-11-12,signup,2025-11-12
2427,2025-11-12,activated,2025-11-14
2427,2025-11-12,engaged,2025-11-22
2427,2025-11-12,engaged,2025-12-15
2427,2025-11-12,engaged,2026-01-20
2428,2025-04-01,signup,2025-04-01
2428,2025-04-01,activated,2025-04-03
2428,2025-04-01,engaged,2025-04-04
2428,2025-04-01,engaged,2025-05-06
2428,2025-04-01,engaged,2025-06-09
2429,2025-09-27,signup,2025-09-27
2430,2024-07-17,signup,2024-07-17
2431,2025-10-03,signup,2025-10-03
2432,2025-07-08,signup,2025-07-08
2432,2025-07-08,activated,2025-07-09
2432,2025-07-08,engaged,2025-07-11
2432,2025-07-08,upgraded,2025-07-11
2432,2025-07-08,engaged,2025-08-07
2432,2025-07-08,engaged,2025-09-13
2432,2025-07-08,engaged,2025-10-12
2432,2025-07-08,engaged,2025-11-06
2432,2025-07-08,engaged,2025-12-12
2433,2024-12-09,signup,2024-12-09
2433,2024-12-09,activated,2024-12-09
2434,2025-07-28,signup,2025-07-28
2435,2025-07-25,signup,2025-07-25
2435,2025-07-25,activated,2025-07-27
2436,2025-10-04,signup,2025-10-04
2437,2025-12-22,signup,2025-12-22
2437,2025-12-22,activated,2025-12-22
2438,2025-11-27,signup,2025-11-27
2438,2025-11-27,activated,2025-11-28
2438,2025-11-27,engaged,2025-12-07
2438,2025-11-27,upgraded,2025-12-07
2439,2025-05-08,signup,2025-05-08
2439,2025-05-08,activated,2025-05-08
2439,2025-05-08,engaged,2025-05-08
2440,2025-06-15,signup,2025-06-15
2441,2025-04-02,signup,2025-04-02
2441,2025-04-02,activated,2025-04-04
2441,2025-04-02,engaged,2025-04-07
2442,2025-11-09,signup,2025-11-09
2442,2025-11-09,activated,2025-11-09
2442,2025-11-09,engaged,2025-11-10
2442,2025-11-09,engaged,2025-12-09
2443,2026-01-28,signup,2026-01-28
2444,2025-07-27,signup,2025-07-27
2444,2025-07-27,activated,2025-07-30
2444,2025-07-27,engaged,2025-07-29
2444,2025-07-27,engaged,2025-09-05
2444,2025-07-27,engaged,2025-09-25
2444,2025-07-27,engaged,2025-11-02
2445,2025-01-26,signup,2025-01-26
2445,2025-01-26,activated,2025-01-27
2445,2025-01-26,engaged,2025-02-03
2445,2025-01-26,upgraded,2025-02-03
2445,2025-01-26,engaged,2025-02-25
2445,2025-01-26,engaged,2025-03-29
2445,2025-01-26,engaged,2025-04-27
2445,2025-01-26,engaged,2025-05-27
2445,2025-01-26,engaged,2025-06-29
2446,2025-07-30,signup,2025-07-30
2446,2025-07-30,activated,2025-08-01
2447,2025-06-12,signup,2025-06-12
2447,2025-06-12,activated,2025-06-14
2447,2025-06-12,engaged,2025-06-12
2447,2025-06-12,engaged,2025-07-14
2447,2025-06-12,upgraded,2025-07-14
2448,2024-12-28,signup,2024-12-28
2448,2024-12-28,activated,2024-12-29
2449,2025-02-08,signup,2025-02-08
2449,2025-02-08,activated,2025-02-10
2449,2025-02-08,engaged,2025-02-09
2449,2025-02-08,engaged,2025-03-10
2449,2025-02-08,upgraded,2025-03-10
2449,2025-02-08,engaged,2025-04-13
2449,2025-02-08,engaged,2025-05-13
2449,2025-02-08,engaged,2025-06-17
2449,2025-02-08,engaged,2025-07-13
2449,2025-02-08,engaged,2025-08-17
2450,2025-07-27,signup,2025-07-27
2450,2025-07-27,activated,2025-07-27
2450,2025-07-27,engaged,2025-07-27
2451,2025-03-30,signup,2025-03-30
2451,2025-03-30,activated,2025-03-30
2452,2025-06-04,signup,2025-06-04
2453,2025-03-22,signup,2025-03-22
2454,2025-09-05,signup,2025-09-05
2455,2025-05-01,signup,2025-05-01
2456,2025-11-05,signup,2025-11-05
2457,2024-12-01,signup,2024-12-01
2458,2025-09-15,signup,2025-09-15
2458,2025-09-15,activated,2025-09-17
2458,2025-09-15,engaged,2025-09-15
2458,2025-09-15,engaged,2025-10-17
2458,2025-09-15,engaged,2025-11-23
2458,2025-09-15,engaged,2025-12-22
2459,2026-01-08,signup,2026-01-08
2459,2026-01-08,activated,2026-01-11
2459,2026-01-08,engaged,2026-01-18
2460,2025-01-09,signup,2025-01-09
2461,2025-09-16,signup,2025-09-16
2461,2025-09-16,activated,2025-09-18
2462,2024-11-28,signup,2024-11-28
2463,2025-07-10,signup,2025-07-10
2463,2025-07-10,activated,2025-07-11
2464,2025-06-12,signup,2025-06-12
2464,2025-06-12,activated,2025-06-14
2465,2025-08-21,signup,2025-08-21
2465,2025-08-21,activated,2025-08-21
2465,2025-08-21,engaged,2025-08-26
2465,2025-08-21,engaged,2025-09-25
2466,2025-12-24,signup,2025-12-24
2466,2025-12-24,activated,2025-12-26
2467,2025-07-01,signup,2025-07-01
2467,2025-07-01,activated,2025-07-04
2467,2025-07-01,engaged,2025-07-01
2467,2025-07-01,engaged,2025-08-01
2467,2025-07-01,upgraded,2025-08-01
2467,2025-07-01,engaged,2025-09-01
2468,2025-12-30,signup,2025-12-30
2468,2025-12-30,activated,2025-12-31
2468,2025-12-30,engaged,2026-01-03
2469,2025-04-13,signup,2025-04-13
2469,2025-04-13,activated,2025-04-16
2469,2025-04-13,engaged,2025-04-17
2469,2025-04-13,engaged,2025-05-23
2469,2025-04-13,engaged,2025-06-17
2469,2025-04-13,upgraded,2025-06-17
2469,2025-04-13,engaged,2025-07-12
2470,2025-11-04,signup,2025-11-04
2470,2025-11-04,activated,2025-11-04
2471,2026-01-25,signup,2026-01-25
2471,2026-01-25,activated,2026-01-27
2472,2025-12-29,signup,2025-12-29
2472,2025-12-29,activated,2025-12-31
2472,2025-12-29,engaged,2025-12-29
2472,2025-12-29,engaged,2026-01-31
2473,2025-06-26,signup,2025-06-26
2473,2025-06-26,activated,2025-06-26
2474,2025-08-06,signup,2025-08-06
2474,2025-08-06,activated,2025-08-08
2475,2025-09-09,signup,2025-09-09
2475,2025-09-09,activated,2025-09-11
2476,2025-09-17,signup,2025-09-17
2477,2025-12-01,signup,2025-12-01
2477,2025-12-01,activated,2025-12-04
2477,2025-12-01,engaged,2025-12-07
2477,2025-12-01,engaged,2026-01-10
2478,2025-05-11,signup,2025-05-11
2478,2025-05-11,activated,2025-05-12
2479,2025-09-15,signup,2025-09-15
2480,2025-07-20,signup,2025-07-20
2480,2025-07-20,activated,2025-07-23
2480,2025-07-20,engaged,2025-07-25
2480,2025-07-20,engaged,2025-08-26
2480,2025-07-20,engaged,2025-09-27
2481,2025-03-03,signup,2025-03-03
2482,2025-03-05,signup,2025-03-05
2482,2025-03-05,activated,2025-03-06
2483,2025-12-07,signup,2025-12-07
2484,2025-09-24,signup,2025-09-24
2485,2025-05-28,signup,2025-05-28
2486,2026-01-13,signup,2026-01-13
2487,2025-06-10,signup,2025-06-10
2487,2025-06-10,activated,2025-06-13
2487,2025-06-10,engaged,2025-06-20
2488,2025-08-22,signup,2025-08-22
2488,2025-08-22,activated,2025-08-24
2489,2025-03-29,signup,2025-03-29
2490,2025-02-24,signup,2025-02-24
2491,2025-05-12,signup,2025-05-12
2491,2025-05-12,activated,2025-05-13
2492,2025-09-09,signup,2025-09-09
2493,2024-11-08,signup,2024-11-08
2493,2024-11-08,activated,2024-11-11
2494,2025-12-04,signup,2025-12-04
2495,2025-11-08,signup,2025-11-08
2495,2025-11-08,activated,2025-11-08
2495,2025-11-08,engaged,2025-11-17
2496,2025-06-03,signup,2025-06-03
2496,2025-06-03,activated,2025-06-03
2497,2025-01-26,signup,2025-01-26
2498,2025-07-17,signup,2025-07-17
2498,2025-07-17,activated,2025-07-20
2498,2025-07-17,engaged,2025-07-24
2498,2025-07-17,engaged,2025-08-25
2498,2025-07-17,upgraded,2025-08-25
2498,2025-07-17,engaged,2025-09-21
2499,2026-01-25,signup,2026-01-25
2499,2026-01-25,activated,2026-01-25
2500,2025-04-20,signup,2025-04-20
2500,2025-04-20,activated,2025-04-23
2501,2025-01-22,signup,2025-01-22
2502,2026-01-11,signup,2026-01-11
2503,2025-12-29,signup,2025-12-29
2503,2025-12-29,activated,2025-12-29
2503,2025-12-29,engaged,2026-01-05
2504,2025-09-21,signup,2025-09-21
2505,2026-01-18,signup,2026-01-18
2505,2026-01-18,activated,2026-01-21
2506,2025-08-10,signup,2025-08-10
2507,2025-11-26,signup,2025-11-26
2507,2025-11-26,activated,2025-11-27
2507,2025-11-26,engaged,2025-12-01
2508,2025-05-07,signup,2025-05-07
2508,2025-05-07,activated,2025-05-08
2509,2025-12-28,signup,2025-12-28
2509,2025-12-28,activated,2025-12-29
2509,2025-12-28,engaged,2026-01-06
2509,2025-12-28,engaged,2026-01-30
2510,2025-11-30,signup,2025-11-30
2510,2025-11-30,activated,2025-11-30
2511,2025-06-10,signup,2025-06-10
2511,2025-06-10,activated,2025-06-11
2511,2025-06-10,engaged,2025-06-12
2511,2025-06-10,upgraded,2025-06-12
2512,2025-09-15,signup,2025-09-15
2512,2025-09-15,activated,2025-09-15
2512,2025-09-15,engaged,2025-09-17
2512,2025-09-15,engaged,2025-10-15
2513,2025-09-11,signup,2025-09-11
2514,2025-12-19,signup,2025-12-19
2515,2025-12-12,signup,2025-12-12
2515,2025-12-12,activated,2025-12-15
2515,2025-12-12,engaged,2025-12-19
2516,2025-04-02,signup,2025-04-02
2516,2025-04-02,activated,2025-04-05
2516,2025-04-02,engaged,2025-04-08
2516,2025-04-02,upgraded,2025-04-08
2516,2025-04-02,engaged,2025-05-11
2516,2025-04-02,engaged,2025-06-03
2516,2025-04-02,engaged,2025-07-07
2516,2025-04-02,engaged,2025-08-09
2517,2025-08-12,signup,2025-08-12
2517,2025-08-12,activated,2025-08-12
2518,2025-07-02,signup,2025-07-02
2519,2025-03-14,signup,2025-03-14
2520,2025-10-21,signup,2025-10-21
2520,2025-10-21,activated,2025-10-24
2521,2025-12-26,signup,2025-12-26
2521,2025-12-26,activated,2025-12-29
2521,2025-12-26,engaged,2025-12-29
2522,2026-01-01,signup,2026-01-01
2522,2026-01-01,activated,2026-01-01
2522,2026-01-01,engaged,2026-01-08
2522,2026-01-01,upgraded,2026-01-08
2523,2025-03-31,signup,2025-03-31
2523,2025-03-31,activated,2025-03-31
2523,2025-03-31,engaged,2025-04-08
2523,2025-03-31,engaged,2025-04-30
2523,2025-03-31,engaged,2025-06-08
2523,2025-03-31,engaged,2025-07-08
2523,2025-03-31,engaged,2025-08-05
2523,2025-03-31,engaged,2025-08-31
2523,2025-03-31,engaged,2025-09-28
2523,2025-03-31,engaged,2025-11-01
2523,2025-03-31,engaged,2025-12-03
2523,2025-03-31,engaged,2026-01-05
2524,2024-10-25,signup,2024-10-25
2524,2024-10-25,activated,2024-10-28
2524,2024-10-25,engaged,2024-10-27
2524,2024-10-25,upgraded,2024-10-27
2524,2024-10-25,engaged,2024-12-02
2524,2024-10-25,engaged,2024-12-30
2524,2024-10-25,engaged,2025-01-24
2524,2024-10-25,engaged,2025-02-28
2524,2024-10-25,engaged,2025-03-27
2525,2024-10-21,signup,2024-10-21
2526,2025-02-27,signup,2025-02-27
2527,2025-09-05,signup,2025-09-05
2527,2025-09-05,activated,2025-09-07
2528,2025-04-23,signup,2025-04-23
2528,2025-04-23,activated,2025-04-24
2528,2025-04-23,engaged,2025-04-26
2528,2025-04-23,engaged,2025-06-01
2528,2025-04-23,engaged,2025-07-01
2528,2025-04-23,engaged,2025-07-25
2529,2025-02-19,signup,2025-02-19
2529,2025-02-19,activated,2025-02-22
2530,2025-12-10,signup,2025-12-10
2530,2025-12-10,activated,2025-12-13
2530,2025-12-10,engaged,2025-12-11
2530,2025-12-10,engaged,2026-01-17
2531,2025-11-20,signup,2025-11-20
2531,2025-11-20,activated,2025-11-23
2531,2025-11-20,engaged,2025-11-27
2531,2025-11-20,engaged,2025-12-26
2531,2025-11-20,engaged,2026-01-29
2532,2025-10-07,signup,2025-10-07
2532,2025-10-07,activated,2025-10-10
2532,2025-10-07,engaged,2025-10-07
2533,2025-11-20,signup,2025-11-20
2534,2025-08-22,signup,2025-08-22
2535,2024-11-08,signup,2024-11-08
2535,2024-11-08,activated,2024-11-10
2535,2024-11-08,engaged,2024-11-14
2535,2024-11-08,engaged,2024-12-15
2536,2025-12-31,signup,2025-12-31
2536,2025-12-31,activated,2026-01-02
2536,2025-12-31,engaged,2026-01-01
2537,2024-10-04,signup,2024-10-04
2537,2024-10-04,activated,2024-10-06
2538,2025-12-08,signup,2025-12-08
2538,2025-12-08,activated,2025-12-10
2538,2025-12-08,engaged,2025-12-12
2538,2025-12-08,engaged,2026-01-16
2539,2024-07-31,signup,2024-07-31
2539,2024-07-31,activated,2024-07-31
2539,2024-07-31,engaged,2024-08-01
2539,2024-07-31,engaged,2024-09-03
2539,2024-07-31,engaged,2024-10-05
2540,2025-09-10,signup,2025-09-10
2540,2025-09-10,activated,2025-09-11
2541,2025-12-02,signup,2025-12-02
2541,2025-12-02,activated,2025-12-05
2542,2025-04-22,signup,2025-04-22
2542,2025-04-22,activated,2025-04-23
2543,2024-08-04,signup,2024-08-04
2543,2024-08-04,activated,2024-08-04
2543,2024-08-04,engaged,2024-08-11
2543,2024-08-04,upgraded,2024-08-11
2543,2024-08-04,engaged,2024-09-06
2544,2025-11-11,signup,2025-11-11
2545,2025-10-02,signup,2025-10-02
2545,2025-10-02,activated,2025-10-03
2545,2025-10-02,engaged,2025-10-12
2545,2025-10-02,engaged,2025-11-03
2545,2025-10-02,engaged,2025-12-03
2545,2025-10-02,engaged,2026-01-04
2546,2024-12-16,signup,2024-12-16
2546,2024-12-16,activated,2024-12-16
2546,2024-12-16,engaged,2024-12-26
2546,2024-12-16,engaged,2025-01-25
2546,2024-12-16,engaged,2025-02-23
2546,2024-12-16,upgraded,2025-02-23
2546,2024-12-16,engaged,2025-03-24
2547,2025-06-23,signup,2025-06-23
2547,2025-06-23,activated,2025-06-26
2547,2025-06-23,engaged,2025-06-24
2547,2025-06-23,engaged,2025-07-27
2547,2025-06-23,engaged,2025-08-29
2547,2025-06-23,engaged,2025-10-01
2547,2025-06-23,engaged,2025-10-27
2547,2025-06-23,engaged,2025-11-29
2548,2025-07-09,signup,2025-07-09
2548,2025-07-09,activated,2025-07-10
2549,2025-07-30,signup,2025-07-30
2549,2025-07-30,activated,2025-08-02
2550,2025-04-23,signup,2025-04-23
2550,2025-04-23,activated,2025-04-24
2550,2025-04-23,engaged,2025-05-03
2550,2025-04-23,engaged,2025-05-24
2550,2025-04-23,engaged,2025-06-23
2550,2025-04-23,engaged,2025-07-29
2550,2025-04-23,engaged,2025-08-30
2550,2025-04-23,engaged,2025-09-25
2550,2025-04-23,engaged,2025-10-29
2550,2025-04-23,engaged,2025-11-21
2550,2025-04-23,engaged,2025-12-25
2550,2025-04-23,upgraded,2025-12-25
2550,2025-04-23,engaged,2026-01-18
2551,2025-10-06,signup,2025-10-06
2551,2025-10-06,activated,2025-10-09
2551,2025-10-06,engaged,2025-10-16
2551,2025-10-06,engaged,2025-11-12
2551,2025-10-06,engaged,2025-12-14
2551,2025-10-06,engaged,2026-01-14
2552,2026-01-03,signup,2026-01-03
2553,2025-04-28,signup,2025-04-28
2553,2025-04-28,activated,2025-04-30
2553,2025-04-28,engaged,2025-04-28
2553,2025-04-28,engaged,2025-05-28
2553,2025-04-28,engaged,2025-07-05
2553,2025-04-28,engaged,2025-07-28
2553,2025-04-28,engaged,2025-08-31
2553,2025-04-28,engaged,2025-10-04
2553,2025-04-28,upgraded,2025-10-04
2554,2025-01-17,signup,2025-01-17
2555,2025-06-18,signup,2025-06-18
2555,2025-06-18,activated,2025-06-21
2556,2025-09-17,signup,2025-09-17
2556,2025-09-17,activated,2025-09-18
2557,2025-06-07,signup,2025-06-07
2557,2025-06-07,activated,2025-06-08
2558,2025-07-03,signup,2025-07-03
2558,2025-07-03,activated,2025-07-04
2559,2024-10-24,signup,2024-10-24
2559,2024-10-24,activated,2024-10-25
2560,2025-10-08,signup,2025-10-08
2560,2025-10-08,activated,2025-10-10
2560,2025-10-08,engaged,2025-10-12
2561,2025-11-28,signup,2025-11-28
2561,2025-11-28,activated,2025-11-30
2561,2025-11-28,engaged,2025-12-03
2562,2025-07-24,signup,2025-07-24
2562,2025-07-24,activated,2025-07-27
2562,2025-07-24,engaged,2025-07-24
2562,2025-07-24,engaged,2025-09-01
2562,2025-07-24,engaged,2025-10-02
2562,2025-07-24,engaged,2025-10-30
2562,2025-07-24,engaged,2025-11-25
2562,2025-07-24,engaged,2025-12-27
2563,2024-12-13,signup,2024-12-13
2563,2024-12-13,activated,2024-12-16
2564,2025-08-10,signup,2025-08-10
2565,2025-04-23,signup,2025-04-23
2565,2025-04-23,activated,2025-04-23
2566,2025-03-06,signup,2025-03-06
2566,2025-03-06,activated,2025-03-07
2566,2025-03-06,engaged,2025-03-12
2567,2025-11-20,signup,2025-11-20
2568,2025-11-17,signup,2025-11-17
2569,2025-06-14,signup,2025-06-14
2569,2025-06-14,activated,2025-06-16
2569,2025-06-14,engaged,2025-06-22
2570,2025-06-06,signup,2025-06-06
2570,2025-06-06,activated,2025-06-08
2570,2025-06-06,engaged,2025-06-06
2570,2025-06-06,engaged,2025-07-08
2571,2025-03-07,signup,2025-03-07
2571,2025-03-07,activated,2025-03-09
2572,2025-12-03,signup,2025-12-03
2572,2025-12-03,activated,2025-12-06
2572,2025-12-03,engaged,2025-12-13
2572,2025-12-03,engaged,2026-01-11
2573,2025-12-21,signup,2025-12-21
2573,2025-12-21,activated,2025-12-24
2573,2025-12-21,engaged,2025-12-22
2573,2025-12-21,engaged,2026-01-28
2574,2025-08-22,signup,2025-08-22
2575,2024-12-05,signup,2024-12-05
2575,2024-12-05,activated,2024-12-06
2576,2025-06-22,signup,2025-06-22
2576,2025-06-22,activated,2025-06-24
2576,2025-06-22,engaged,2025-06-29
2577,2025-04-15,signup,2025-04-15
2577,2025-04-15,activated,2025-04-16
2577,2025-04-15,engaged,2025-04-18
2577,2025-04-15,engaged,2025-05-18
2578,2025-09-23,signup,2025-09-23
2578,2025-09-23,activated,2025-09-25
2579,2025-02-25,signup,2025-02-25
2579,2025-02-25,activated,2025-02-25
2579,2025-02-25,engaged,2025-03-07
2579,2025-02-25,engaged,2025-03-29
2580,2025-07-31,signup,2025-07-31
2581,2026-01-20,signup,2026-01-20
2581,2026-01-20,activated,2026-01-23
2581,2026-01-20,engaged,2026-01-30
2582,2024-10-17,signup,2024-10-17
2582,2024-10-17,activated,2024-10-17
2583,2025-04-06,signup,2025-04-06
2583,2025-04-06,activated,2025-04-09
2583,2025-04-06,engaged,2025-04-10
2583,2025-04-06,engaged,2025-05-06
2583,2025-04-06,engaged,2025-06-12
2583,2025-04-06,engaged,2025-07-15
2583,2025-04-06,engaged,2025-08-07
2584,2025-09-22,signup,2025-09-22
2584,2025-09-22,activated,2025-09-23
2585,2025-12-13,signup,2025-12-13
2586,2025-05-23,signup,2025-05-23
2586,2025-05-23,activated,2025-05-23
2587,2025-05-03,signup,2025-05-03
2587,2025-05-03,activated,2025-05-05
2588,2025-05-23,signup,2025-05-23
2589,2025-07-26,signup,2025-07-26
2589,2025-07-26,activated,2025-07-28
2589,2025-07-26,engaged,2025-07-29
2590,2025-10-23,signup,2025-10-23
2590,2025-10-23,activated,2025-10-24
2591,2024-09-27,signup,2024-09-27
2592,2024-11-10,signup,2024-11-10
2593,2025-03-13,signup,2025-03-13
2593,2025-03-13,activated,2025-03-14
2594,2025-05-25,signup,2025-05-25
2594,2025-05-25,activated,2025-05-25
2595,2025-05-04,signup,2025-05-04
2595,2025-05-04,activated,2025-05-07
2595,2025-05-04,engaged,2025-05-09
2596,2024-07-24,signup,2024-07-24
2596,2024-07-24,activated,2024-07-27
2596,2024-07-24,engaged,2024-08-03
2596,2024-07-24,engaged,2024-08-24
2596,2024-07-24,engaged,2024-09-22
2597,2025-05-14,signup,2025-05-14
2597,2025-05-14,activated,2025-05-17
2597,2025-05-14,engaged,2025-05-19
2598,2025-03-13,signup,2025-03-13
2598,2025-03-13,activated,2025-03-13
2599,2024-10-24,signup,2024-10-24
2599,2024-10-24,activated,2024-10-27
2600,2025-02-08,signup,2025-02-08
2601,2025-10-07,signup,2025-10-07
2601,2025-10-07,activated,2025-10-10
2602,2025-06-07,signup,2025-06-07
2603,2025-11-05,signup,2025-11-05
2603,2025-11-05,activated,2025-11-07
2604,2025-06-29,signup,2025-06-29
2604,2025-06-29,activated,2025-07-01
2604,2025-06-29,engaged,2025-07-01
2604,2025-06-29,engaged,2025-07-29
2604,2025-06-29,engaged,2025-09-02
2604,2025-06-29,engaged,2025-10-07
2604,2025-06-29,engaged,2025-11-06
2604,2025-06-29,upgraded,2025-11-06
2605,2026-01-31,signup,2026-01-31
2605,2026-01-31,activated,2026-02-02
2606,2024-10-04,signup,2024-10-04
2607,2024-12-12,signup,2024-12-12
2608,2025-11-23,signup,2025-11-23
2608,2025-11-23,activated,2025-11-24
2608,2025-11-23,engaged,2025-12-03
2609,2025-06-16,signup,2025-06-16
2610,2026-01-29,signup,2026-01-29
2610,2026-01-29,activated,2026-01-30
2611,2024-07-23,signup,2024-07-23
2611,2024-07-23,activated,2024-07-24
2611,2024-07-23,engaged,2024-07-26
2611,2024-07-23,engaged,2024-08-24
2612,2025-03-19,signup,2025-03-19
2613,2025-05-20,signup,2025-05-20
2614,2025-12-06,signup,2025-12-06
2614,2025-12-06,activated,2025-12-07
2614,2025-12-06,engaged,2025-12-13
2615,2024-10-10,signup,2024-10-10
2615,2024-10-10,activated,2024-10-13
2615,2024-10-10,engaged,2024-10-15
2615,2024-10-10,engaged,2024-11-16
2615,2024-10-10,engaged,2024-12-13
2616,2026-01-06,signup,2026-01-06
2616,2026-01-06,activated,2026-01-07
2617,2025-09-17,signup,2025-09-17
2617,2025-09-17,activated,2025-09-17
2618,2025-09-15,signup,2025-09-15
2619,2025-10-19,signup,2025-10-19
2619,2025-10-19,activated,2025-10-19
2620,2025-04-24,signup,2025-04-24
2620,2025-04-24,activated,2025-04-26
2620,2025-04-24,engaged,2025-05-02
2620,2025-04-24,engaged,2025-06-01
2620,2025-04-24,engaged,2025-07-01
2621,2026-01-21,signup,2026-01-21
2622,2025-12-11,signup,2025-12-11
2623,2025-12-20,signup,2025-12-20
2624,2024-11-11,signup,2024-11-11
2624,2024-11-11,activated,2024-11-12
2625,2025-11-23,signup,2025-11-23
2626,2025-04-10,signup,2025-04-10
2626,2025-04-10,activated,2025-04-13
2626,2025-04-10,engaged,2025-04-17
2627,2025-09-16,signup,2025-09-16
2627,2025-09-16,activated,2025-09-17
2627,2025-09-16,engaged,2025-09-26
2627,2025-09-16,engaged,2025-10-22
2627,2025-09-16,engaged,2025-11-16
2627,2025-09-16,engaged,2025-12-19
2627,2025-09-16,engaged,2026-01-19
2628,2025-07-10,signup,2025-07-10
2629,2024-10-04,signup,2024-10-04
2630,2025-07-18,signup,2025-07-18
2631,2025-08-11,signup,2025-08-11
2631,2025-08-11,activated,2025-08-11
2631,2025-08-11,engaged,2025-08-21
2631,2025-08-11,engaged,2025-09-10
2631,2025-08-11,engaged,2025-10-17
2631,2025-08-11,engaged,2025-11-12
2631,2025-08-11,engaged,2025-12-09
2631,2025-08-11,engaged,2026-01-10
2631,2025-08-11,upgraded,2026-01-10
2632,2025-02-04,signup,2025-02-04
2633,2025-02-11,signup,2025-02-11
2633,2025-02-11,activated,2025-02-11
2634,2025-09-29,signup,2025-09-29
2634,2025-09-29,activated,2025-09-29
2635,2026-01-10,signup,2026-01-10
2636,2025-03-21,signup,2025-03-21
2637,2025-12-10,signup,2025-12-10
2637,2025-12-10,activated,2025-12-10
2638,2025-08-16,signup,2025-08-16
2639,2025-11-25,signup,2025-11-25
2639,2025-11-25,activated,2025-11-26
2640,2025-03-13,signup,2025-03-13
2640,2025-03-13,activated,2025-03-15
2640,2025-03-13,engaged,2025-03-21
2640,2025-03-13,engaged,2025-04-21
2640,2025-03-13,engaged,2025-05-17
2640,2025-03-13,engaged,2025-06-18
2641,2025-03-06,signup,2025-03-06
2641,2025-03-06,activated,2025-03-09
2642,2025-06-21,signup,2025-06-21
2642,2025-06-21,activated,2025-06-21
2643,2025-11-03,signup,2025-11-03
2644,2025-10-10,signup,2025-10-10
2644,2025-10-10,activated,2025-10-13
2644,2025-10-10,engaged,2025-10-14
2645,2025-10-24,signup,2025-10-24
2645,2025-10-24,activated,2025-10-25
2645,2025-10-24,engaged,2025-11-02
2645,2025-10-24,engaged,2025-12-02
2645,2025-10-24,engaged,2026-01-01
2645,2025-10-24,engaged,2026-01-27
2645,2025-10-24,upgraded,2026-01-27
2646,2025-08-24,signup,2025-08-24
2646,2025-08-24,activated,2025-08-27
2646,2025-08-24,engaged,2025-08-25
2646,2025-08-24,upgraded,2025-08-25
2647,2025-11-21,signup,2025-11-21
2648,2025-05-12,signup,2025-05-12
2649,2024-07-19,signup,2024-07-19
2649,2024-07-19,activated,2024-07-20
2649,2024-07-19,engaged,2024-07-20
2649,2024-07-19,engaged,2024-08-18
2650,2026-01-07,signup,2026-01-07
2650,2026-01-07,activated,2026-01-09
2651,2025-12-06,signup,2025-12-06
2652,2025-09-05,signup,2025-09-05
2652,2025-09-05,activated,2025-09-08
2653,2025-03-17,signup,2025-03-17
2654,2025-07-18,signup,2025-07-18
2654,2025-07-18,activated,2025-07-19
2654,2025-07-18,engaged,2025-07-27
2655,2025-01-02,signup,2025-01-02
2655,2025-01-02,activated,2025-01-04
2655,2025-01-02,engaged,2025-01-03
2655,2025-01-02,engaged,2025-02-09
2656,2025-05-17,signup,2025-05-17
2656,2025-05-17,activated,2025-05-18
2657,2025-12-18,signup,2025-12-18
2657,2025-12-18,activated,2025-12-21
2657,2025-12-18,engaged,2025-12-19
2657,2025-12-18,upgraded,2025-12-19
2657,2025-12-18,engaged,2026-01-26
2658,2026-01-08,signup,2026-01-08
2658,2026-01-08,activated,2026-01-08
2659,2025-08-03,signup,2025-08-03
2659,2025-08-03,activated,2025-08-06
2659,2025-08-03,engaged,2025-08-05
2659,2025-08-03,engaged,2025-09-10
2659,2025-08-03,engaged,2025-10-10
2659,2025-08-03,upgraded,2025-10-10
2660,2024-10-16,signup,2024-10-16
2660,2024-10-16,activated,2024-10-16
2661,2026-01-18,signup,2026-01-18
2661,2026-01-18,activated,2026-01-19
2661,2026-01-18,engaged,2026-01-25
2662,2025-03-28,signup,2025-03-28
2662,2025-03-28,activated,2025-03-29
2663,2025-02-09,signup,2025-02-09
2664,2025-09-21,signup,2025-09-21
2664,2025-09-21,activated,2025-09-24
2664,2025-09-21,engaged,2025-09-30
2664,2025-09-21,upgraded,2025-09-30
2664,2025-09-21,engaged,2025-10-28
2664,2025-09-21,engaged,2025-11-29
2665,2025-11-30,signup,2025-11-30
2665,2025-11-30,activated,2025-12-03
2665,2025-11-30,engaged,2025-12-09
2665,2025-11-30,engaged,2026-01-01
2666,2026-01-08,signup,2026-01-08
2666,2026-01-08,activated,2026-01-11
2667,2025-06-24,signup,2025-06-24
2667,2025-06-24,activated,2025-06-26
2667,2025-06-24,engaged,2025-06-26
2668,2024-12-21,signup,2024-12-21
2668,2024-12-21,activated,2024-12-24
2668,2024-12-21,engaged,2024-12-28
2669,2025-11-19,signup,2025-11-19
2669,2025-11-19,activated,2025-11-19
2670,2025-04-03,signup,2025-04-03
2670,2025-04-03,activated,2025-04-05
2671,2025-02-26,signup,2025-02-26
2672,2024-09-18,signup,2024-09-18
2672,2024-09-18,activated,2024-09-20
2673,2025-11-15,signup,2025-11-15
2673,2025-11-15,activated,2025-11-16
2674,2025-11-14,signup,2025-11-14
2675,2024-09-05,signup,2024-09-05
2675,2024-09-05,activated,2024-09-07
2675,2024-09-05,engaged,2024-09-12
2676,2025-11-05,signup,2025-11-05
2676,2025-11-05,activated,2025-11-07
2676,2025-11-05,engaged,2025-11-12
2677,2025-06-23,signup,2025-06-23
2678,2024-08-14,signup,2024-08-14
2678,2024-08-14,activated,2024-08-15
2678,2024-08-14,engaged,2024-08-23
2678,2024-08-14,engaged,2024-09-14
2678,2024-08-14,engaged,2024-10-15
2678,2024-08-14,engaged,2024-11-22
2679,2024-12-23,signup,2024-12-23
2679,2024-12-23,activated,2024-12-24
2679,2024-12-23,engaged,2024-12-25
2680,2026-01-19,signup,2026-01-19
2680,2026-01-19,activated,2026-01-22
2681,2025-06-20,signup,2025-06-20
2682,2025-10-27,signup,2025-10-27
2683,2025-03-07,signup,2025-03-07
2684,2025-07-17,signup,2025-07-17
2684,2025-07-17,activated,2025-07-18
2684,2025-07-17,engaged,2025-07-22
2684,2025-07-17,engaged,2025-08-23
2684,2025-07-17,engaged,2025-09-18
2684,2025-07-17,engaged,2025-10-24
2684,2025-07-17,upgraded,2025-10-24
2685,2026-01-18,signup,2026-01-18
2685,2026-01-18,activated,2026-01-18
2686,2025-02-25,signup,2025-02-25
2686,2025-02-25,activated,2025-02-26
2686,2025-02-25,engaged,2025-03-01
2686,2025-02-25,engaged,2025-03-30
2686,2025-02-25,upgraded,2025-03-30
2687,2025-09-09,signup,2025-09-09
2687,2025-09-09,activated,2025-09-10
2687,2025-09-09,engaged,2025-09-09
2687,2025-09-09,engaged,2025-10-19
2688,2025-12-07,signup,2025-12-07
2688,2025-12-07,activated,2025-12-08
2688,2025-12-07,engaged,2025-12-07
2688,2025-12-07,engaged,2026-01-13
2689,2026-01-17,signup,2026-01-17
2689,2026-01-17,activated,2026-01-20
2689,2026-01-17,engaged,2026-01-22
2690,2024-12-17,signup,2024-12-17
2690,2024-12-17,activated,2024-12-19
2691,2025-11-10,signup,2025-11-10
2692,2025-11-16,signup,2025-11-16
2693,2025-12-08,signup,2025-12-08
2693,2025-12-08,activated,2025-12-09
2694,2025-09-10,signup,2025-09-10
2694,2025-09-10,activated,2025-09-11
2695,2024-12-09,signup,2024-12-09
2695,2024-12-09,activated,2024-12-09
2695,2024-12-09,engaged,2024-12-14
2695,2024-12-09,engaged,2025-01-13
2695,2024-12-09,engaged,2025-02-15
2696,2024-11-29,signup,2024-11-29
2697,2025-09-28,signup,2025-09-28
2698,2025-09-15,signup,2025-09-15
2698,2025-09-15,activated,2025-09-17
2699,2025-12-20,signup,2025-12-20
2700,2025-07-18,signup,2025-07-18
2701,2025-11-19,signup,2025-11-19
2701,2025-11-19,activated,2025-11-22
2702,2025-09-13,signup,2025-09-13
2703,2025-04-08,signup,2025-04-08
2703,2025-04-08,activated,2025-04-09
2703,2025-04-08,engaged,2025-04-17
2703,2025-04-08,upgraded,2025-04-17
2703,2025-04-08,engaged,2025-05-18
2703,2025-04-08,engaged,2025-06-09
2704,2026-01-31,signup,2026-01-31
2705,2025-11-25,signup,2025-11-25
2705,2025-11-25,activated,2025-11-26
2705,2025-11-25,engaged,2025-12-03
2705,2025-11-25,engaged,2025-12-25
2706,2025-04-17,signup,2025-04-17
2706,2025-04-17,activated,2025-04-19
2706,2025-04-17,engaged,2025-04-17
2706,2025-04-17,upgraded,2025-04-17
2706,2025-04-17,engaged,2025-05-21
2706,2025-04-17,engaged,2025-06-22
2707,2025-09-24,signup,2025-09-24
2707,2025-09-24,activated,2025-09-27
2707,2025-09-24,engaged,2025-09-27
2708,2025-09-29,signup,2025-09-29
2708,2025-09-29,activated,2025-10-01
2708,2025-09-29,engaged,2025-10-09
2709,2024-12-22,signup,2024-12-22
2709,2024-12-22,activated,2024-12-23
2709,2024-12-22,engaged,2024-12-22
2710,2025-10-24,signup,2025-10-24
2710,2025-10-24,activated,2025-10-26
2711,2025-07-11,signup,2025-07-11
2711,2025-07-11,activated,2025-07-12
2711,2025-07-11,engaged,2025-07-17
2711,2025-07-11,upgraded,2025-07-17
2711,2025-07-11,engaged,2025-08-14
2711,2025-07-11,engaged,2025-09-09
2711,2025-07-11,engaged,2025-10-19
2711,2025-07-11,engaged,2025-11-13
2711,2025-07-11,engaged,2025-12-16
2711,2025-07-11,engaged,2026-01-07
2712,2025-07-14,signup,2025-07-14
2713,2025-06-10,signup,2025-06-10
2714,2024-11-06,signup,2024-11-06
2715,2025-03-29,signup,2025-03-29
2715,2025-03-29,activated,2025-03-31
2715,2025-03-29,engaged,2025-04-05
2715,2025-03-29,engaged,2025-05-06
2715,2025-03-29,engaged,2025-06-04
2715,2025-03-29,engaged,2025-06-27
2716,2025-08-22,signup,2025-08-22
2716,2025-08-22,activated,2025-08-23
2717,2024-10-06,signup,2024-10-06
2717,2024-10-06,activated,2024-10-06
2718,2025-11-02,signup,2025-11-02
2718,2025-11-02,activated,2025-11-04
2718,2025-11-02,engaged,2025-11-11
2718,2025-11-02,engaged,2025-12-06
2719,2024-11-09,signup,2024-11-09
2720,2025-03-16,signup,2025-03-16
2721,2025-01-11,signup,2025-01-11
2721,2025-01-11,activated,2025-01-12
2721,2025-01-11,engaged,2025-01-18
2721,2025-01-11,engaged,2025-02-12
2722,2024-08-20,signup,2024-08-20
2722,2024-08-20,activated,2024-08-21
2722,2024-08-20,engaged,2024-08-22
2722,2024-08-20,engaged,2024-09-28
2722,2024-08-20,engaged,2024-10-20
2723,2025-05-24,signup,2025-05-24
2724,2025-12-04,signup,2025-12-04
2725,2025-02-03,signup,2025-02-03
2725,2025-02-03,activated,2025-02-04
2725,2025-02-03,engaged,2025-02-06
2725,2025-02-03,engaged,2025-03-13
2726,2025-12-13,signup,2025-12-13
2726,2025-12-13,activated,2025-12-14
2727,2026-01-27,signup,2026-01-27
2727,2026-01-27,activated,2026-01-29
2728,2025-12-05,signup,2025-12-05
2728,2025-12-05,activated,2025-12-05
2729,2025-02-20,signup,2025-02-20
2729,2025-02-20,activated,2025-02-23
2729,2025-02-20,engaged,2025-02-25
2729,2025-02-20,engaged,2025-03-25
2729,2025-02-20,engaged,2025-04-22
2729,2025-02-20,engaged,2025-05-31
2729,2025-02-20,upgraded,2025-05-31
2730,2025-07-15,signup,2025-07-15
2731,2024-10-21,signup,2024-10-21
2732,2025-02-13,signup,2025-02-13
2733,2025-12-25,signup,2025-12-25
2734,2025-03-16,signup,2025-03-16
2734,2025-03-16,activated,2025-03-19
2735,2025-01-01,signup,2025-01-01
2735,2025-01-01,activated,2025-01-02
2736,2025-12-28,signup,2025-12-28
2737,2025-08-10,signup,2025-08-10
2738,2025-10-12,signup,2025-10-12
2738,2025-10-12,activated,2025-10-13
2738,2025-10-12,engaged,2025-10-12
2739,2025-04-17,signup,2025-04-17
2739,2025-04-17,activated,2025-04-20
2739,2025-04-17,engaged,2025-04-27
2739,2025-04-17,engaged,2025-05-18
2739,2025-04-17,engaged,2025-06-22
2740,2025-03-01,signup,2025-03-01
2741,2025-06-01,signup,2025-06-01
2741,2025-06-01,activated,2025-06-01
2742,2025-07-28,signup,2025-07-28
2743,2025-01-22,signup,2025-01-22
2743,2025-01-22,activated,2025-01-22
2743,2025-01-22,engaged,2025-01-31
2743,2025-01-22,engaged,2025-02-23
2743,2025-01-22,engaged,2025-03-29
2743,2025-01-22,engaged,2025-04-30
2743,2025-01-22,engaged,2025-05-23
2743,2025-01-22,engaged,2025-06-27
2743,2025-01-22,engaged,2025-07-25
2743,2025-01-22,engaged,2025-08-27
2744,2025-04-05,signup,2025-04-05
2744,2025-04-05,activated,2025-04-07
2745,2025-09-02,signup,2025-09-02
2746,2025-12-04,signup,2025-12-04
2746,2025-12-04,activated,2025-12-05
2747,2025-07-04,signup,2025-07-04
2747,2025-07-04,activated,2025-07-05
2747,2025-07-04,engaged,2025-07-07
2747,2025-07-04,engaged,2025-08-11
2747,2025-07-04,engaged,2025-09-06
2748,2025-12-19,signup,2025-12-19
2748,2025-12-19,activated,2025-12-22
2749,2025-11-01,signup,2025-11-01
2750,2025-06-24,signup,2025-06-24
2750,2025-06-24,activated,2025-06-24
2750,2025-06-24,engaged,2025-06-24
2750,2025-06-24,engaged,2025-08-02
2751,2025-11-09,signup,2025-11-09
2752,2025-12-19,signup,2025-12-19
2753,2026-01-10,signup,2026-01-10
2753,2026-01-10,activated,2026-01-13
2753,2026-01-10,engaged,2026-01-17
2753,2026-01-10,upgraded,2026-01-17
2754,2025-06-06,signup,2025-06-06
2755,2026-01-10,signup,2026-01-10
2755,2026-01-10,activated,2026-01-10
2755,2026-01-10,engaged,2026-01-16
2756,2025-04-21,signup,2025-04-21
2756,2025-04-21,activated,2025-04-21
2756,2025-04-21,engaged,2025-04-24
2756,2025-04-21,upgraded,2025-04-24
2756,2025-04-21,engaged,2025-05-27
2756,2025-04-21,engaged,2025-06-29
2757,2024-09-05,signup,2024-09-05
2758,2025-10-20,signup,2025-10-20
2758,2025-10-20,activated,2025-10-20
2758,2025-10-20,engaged,2025-10-22
2759,2026-01-18,signup,2026-01-18
2759,2026-01-18,activated,2026-01-21
2759,2026-01-18,engaged,2026-01-18
2760,2025-05-20,signup,2025-05-20
2760,2025-05-20,activated,2025-05-22
2760,2025-05-20,engaged,2025-05-23
2761,2025-09-29,signup,2025-09-29
2761,2025-09-29,activated,2025-09-30
2762,2024-08-04,signup,2024-08-04
2762,2024-08-04,activated,2024-08-06
2763,2024-10-05,signup,2024-10-05
2763,2024-10-05,activated,2024-10-05
2764,2025-10-18,signup,2025-10-18
2765,2024-11-22,signup,2024-11-22
2765,2024-11-22,activated,2024-11-25
2766,2025-05-17,signup,2025-05-17
2766,2025-05-17,activated,2025-05-19
2767,2025-07-19,signup,2025-07-19
2767,2025-07-19,activated,2025-07-21
2767,2025-07-19,engaged,2025-07-20
2768,2025-02-25,signup,2025-02-25
2768,2025-02-25,activated,2025-02-26
2768,2025-02-25,engaged,2025-03-07
2769,2025-12-12,signup,2025-12-12
2770,2025-12-07,signup,2025-12-07
2771,2025-09-02,signup,2025-09-02
2771,2025-09-02,activated,2025-09-02
2772,2025-08-31,signup,2025-08-31
2772,2025-08-31,activated,2025-09-02
2772,2025-08-31,engaged,2025-09-02
2772,2025-08-31,engaged,2025-10-04
2773,2025-07-03,signup,2025-07-03
2773,2025-07-03,activated,2025-07-05
2774,2025-05-17,signup,2025-05-17
2774,2025-05-17,activated,2025-05-19
2774,2025-05-17,engaged,2025-05-20
2774,2025-05-17,engaged,2025-06-24
2775,2025-11-04,signup,2025-11-04
2775,2025-11-04,activated,2025-11-05
2776,2024-09-29,signup,2024-09-29
2776,2024-09-29,activated,2024-09-29
2776,2024-09-29,engaged,2024-10-04
2777,2025-03-05,signup,2025-03-05
2777,2025-03-05,activated,2025-03-07
2777,2025-03-05,engaged,2025-03-06
2778,2026-01-26,signup,2026-01-26
2778,2026-01-26,activated,2026-01-29
2779,2025-03-06,signup,2025-03-06
2779,2025-03-06,activated,2025-03-07
2780,2026-01-21,signup,2026-01-21
2780,2026-01-21,activated,2026-01-21
2781,2026-01-30,signup,2026-01-30
2782,2025-06-26,signup,2025-06-26
2782,2025-06-26,activated,2025-06-29
2782,2025-06-26,engaged,2025-07-06
2783,2024-11-25,signup,2024-11-25
2784,2025-05-01,signup,2025-05-01
2784,2025-05-01,activated,2025-05-02
2784,2025-05-01,engaged,2025-05-05
2784,2025-05-01,engaged,2025-06-02
2785,2025-01-01,signup,2025-01-01
2786,2025-02-03,signup,2025-02-03
2786,2025-02-03,activated,2025-02-05
2787,2025-12-10,signup,2025-12-10
2787,2025-12-10,activated,2025-12-12
2788,2025-01-30,signup,2025-01-30
2788,2025-01-30,activated,2025-01-30
2788,2025-01-30,engaged,2025-02-01
2789,2025-06-06,signup,2025-06-06
2789,2025-06-06,activated,2025-06-09
2789,2025-06-06,engaged,2025-06-08
2789,2025-06-06,engaged,2025-07-11
2789,2025-06-06,engaged,2025-08-11
2790,2025-07-01,signup,2025-07-01
2791,2025-05-30,signup,2025-05-30
2791,2025-05-30,activated,2025-06-02
2791,2025-05-30,engaged,2025-06-04
2792,2025-12-26,signup,2025-12-26
2792,2025-12-26,activated,2025-12-27
2792,2025-12-26,engaged,2025-12-30
2792,2025-12-26,engaged,2026-01-25
2793,2025-02-06,signup,2025-02-06
2794,2025-10-16,signup,2025-10-16
2794,2025-10-16,activated,2025-10-17
2794,2025-10-16,engaged,2025-10-25
2794,2025-10-16,engaged,2025-11-17
2794,2025-10-16,engaged,2025-12-21
2794,2025-10-16,engaged,2026-01-16
2795,2024-11-11,signup,2024-11-11
2795,2024-11-11,activated,2024-11-14
2796,2025-12-06,signup,2025-12-06
2796,2025-12-06,activated,2025-12-08
2796,2025-12-06,engaged,2025-12-13
2796,2025-12-06,upgraded,2025-12-13
2796,2025-12-06,engaged,2026-01-09
2797,2026-01-18,signup,2026-01-18
2797,2026-01-18,activated,2026-01-18
2797,2026-01-18,engaged,2026-01-27
2797,2026-01-18,upgraded,2026-01-27
2798,2026-01-05,signup,2026-01-05
2799,2025-12-10,signup,2025-12-10
2800,2024-11-21,signup,2024-11-21
2800,2024-11-21,activated,2024-11-23
2801,2026-01-13,signup,2026-01-13
2801,2026-01-13,activated,2026-01-14
2802,2025-07-13,signup,2025-07-13
2802,2025-07-13,activated,2025-07-14
2803,2025-08-18,signup,2025-08-18
2803,2025-08-18,activated,2025-08-20
2804,2025-06-11,signup,2025-06-11
2805,2024-12-20,signup,2024-12-20
2805,2024-12-20,activated,2024-12-22
2805,2024-12-20,engaged,2024-12-22
2805,2024-12-20,engaged,2025-01-26
2806,2025-05-09,signup,2025-05-09
2806,2025-05-09,activated,2025-05-12
2807,2024-12-20,signup,2024-12-20
2807,2024-12-20,activated,2024-12-21
2807,2024-12-20,engaged,2024-12-24
2807,2024-12-20,engaged,2025-01-28
2807,2024-12-20,upgraded,2025-01-28
2807,2024-12-20,engaged,2025-02-22
2807,2024-12-20,engaged,2025-03-20
2808,2025-01-29,signup,2025-01-29
2809,2026-01-08,signup,2026-01-08
2810,2025-09-26,signup,2025-09-26
2810,2025-09-26,activated,2025-09-28
2811,2025-01-15,signup,2025-01-15
2811,2025-01-15,activated,2025-01-15
2812,2025-04-23,signup,2025-04-23
2812,2025-04-23,activated,2025-04-23
2812,2025-04-23,engaged,2025-04-29
2812,2025-04-23,engaged,2025-05-25
2813,2025-10-06,signup,2025-10-06
2814,2025-12-31,signup,2025-12-31
2814,2025-12-31,activated,2026-01-03
2814,2025-12-31,engaged,2026-01-09
2815,2025-09-30,signup,2025-09-30
2815,2025-09-30,activated,2025-09-30
2815,2025-09-30,engaged,2025-10-07
2815,2025-09-30,engaged,2025-11-07
2816,2025-05-05,signup,2025-05-05
2816,2025-05-05,activated,2025-05-08
2817,2025-11-09,signup,2025-11-09
2817,2025-11-09,activated,2025-11-12
2818,2025-08-10,signup,2025-08-10
2818,2025-08-10,activated,2025-08-12
2819,2025-04-16,signup,2025-04-16
2820,2026-01-16,signup,2026-01-16
2820,2026-01-16,activated,2026-01-16
2820,2026-01-16,engaged,2026-01-21
2821,2025-12-01,signup,2025-12-01
2822,2026-01-02,signup,2026-01-02
2822,2026-01-02,activated,2026-01-04
2822,2026-01-02,engaged,2026-01-10
2823,2025-12-24,signup,2025-12-24
2823,2025-12-24,activated,2025-12-24
2823,2025-12-24,engaged,2025-12-26
2823,2025-12-24,engaged,2026-01-28
2824,2024-12-25,signup,2024-12-25
2824,2024-12-25,activated,2024-12-25
2824,2024-12-25,engaged,2025-01-02
2824,2024-12-25,engaged,2025-01-31
2824,2024-12-25,engaged,2025-02-27
2824,2024-12-25,engaged,2025-03-29
2824,2024-12-25,engaged,2025-04-26
2824,2024-12-25,engaged,2025-05-31
2824,2024-12-25,engaged,2025-06-25
2824,2024-12-25,engaged,2025-07-23
2825,2024-11-04,signup,2024-11-04
2825,2024-11-04,activated,2024-11-06
2826,2024-10-04,signup,2024-10-04
2826,2024-10-04,activated,2024-10-06
2826,2024-10-04,engaged,2024-10-08
2826,2024-10-04,engaged,2024-11-12
2826,2024-10-04,upgraded,2024-11-12
2826,2024-10-04,engaged,2024-12-12
2826,2024-10-04,engaged,2025-01-09
2827,2025-05-08,signup,2025-05-08
2827,2025-05-08,activated,2025-05-10
2827,2025-05-08,engaged,2025-05-12
2828,2025-08-13,signup,2025-08-13
2828,2025-08-13,activated,2025-08-13
2828,2025-08-13,engaged,2025-08-17
2829,2025-04-02,signup,2025-04-02
2829,2025-04-02,activated,2025-04-04
2830,2025-07-11,signup,2025-07-11
2830,2025-07-11,activated,2025-07-13
2831,2025-11-25,signup,2025-11-25
2832,2024-11-11,signup,2024-11-11
2832,2024-11-11,activated,2024-11-14
2833,2026-01-15,signup,2026-01-15
2833,2026-01-15,activated,2026-01-15
2834,2024-11-23,signup,2024-11-23
2834,2024-11-23,activated,2024-11-23
2834,2024-11-23,engaged,2024-11-24
2834,2024-11-23,engaged,2024-12-31
2834,2024-11-23,engaged,2025-01-22
2834,2024-11-23,engaged,2025-02-25
2834,2024-11-23,engaged,2025-04-01
2834,2024-11-23,upgraded,2025-04-01
2834,2024-11-23,engaged,2025-04-25
2835,2025-06-25,signup,2025-06-25
2835,2025-06-25,activated,2025-06-26
2836,2025-03-17,signup,2025-03-17
2837,2026-01-10,signup,2026-01-10
2837,2026-01-10,activated,2026-01-10
2838,2025-04-23,signup,2025-04-23
2838,2025-04-23,activated,2025-04-25
2838,2025-04-23,engaged,2025-05-02
2839,2024-10-27,signup,2024-10-27
2839,2024-10-27,activated,2024-10-30
2839,2024-10-27,engaged,2024-11-01
2839,2024-10-27,upgraded,2024-11-01
2839,2024-10-27,engaged,2024-11-28
2839,2024-10-27,engaged,2024-12-26
2840,2025-09-28,signup,2025-09-28
2840,2025-09-28,activated,2025-09-30
2840,2025-09-28,engaged,2025-10-07
2841,2025-02-26,signup,2025-02-26
2841,2025-02-26,activated,2025-03-01
2841,2025-02-26,engaged,2025-02-27
2842,2026-01-06,signup,2026-01-06
2842,2026-01-06,activated,2026-01-09
2842,2026-01-06,engaged,2026-01-13
2843,2025-07-07,signup,2025-07-07
2843,2025-07-07,activated,2025-07-10
2844,2025-12-14,signup,2025-12-14
2844,2025-12-14,activated,2025-12-16
2845,2025-01-07,signup,2025-01-07
2845,2025-01-07,activated,2025-01-07
2845,2025-01-07,engaged,2025-01-11
2846,2024-10-08,signup,2024-10-08
2846,2024-10-08,activated,2024-10-11
2846,2024-10-08,engaged,2024-10-14
2846,2024-10-08,upgraded,2024-10-14
2847,2025-07-21,signup,2025-07-21
2847,2025-07-21,activated,2025-07-21
2847,2025-07-21,engaged,2025-07-26
2848,2025-12-19,signup,2025-12-19
2849,2025-04-01,signup,2025-04-01
2849,2025-04-01,activated,2025-04-03
2850,2025-03-12,signup,2025-03-12
2850,2025-03-12,activated,2025-03-13
2850,2025-03-12,engaged,2025-03-18
2851,2025-03-22,signup,2025-03-22
2851,2025-03-22,activated,2025-03-24
2852,2025-11-18,signup,2025-11-18
2852,2025-11-18,activated,2025-11-21
2853,2025-07-06,signup,2025-07-06
2853,2025-07-06,activated,2025-07-08
2853,2025-07-06,engaged,2025-07-16
2853,2025-07-06,engaged,2025-08-09
2853,2025-07-06,engaged,2025-09-12
2853,2025-07-06,engaged,2025-10-09
2853,2025-07-06,engaged,2025-11-04
2853,2025-07-06,engaged,2025-12-07
2853,2025-07-06,engaged,2026-01-12
2854,2024-11-25,signup,2024-11-25
2855,2024-11-16,signup,2024-11-16
2855,2024-11-16,activated,2024-11-18
2856,2025-11-20,signup,2025-11-20
2856,2025-11-20,activated,2025-11-23
2857,2025-12-02,signup,2025-12-02
2857,2025-12-02,activated,2025-12-02
2858,2025-07-04,signup,2025-07-04
2858,2025-07-04,activated,2025-07-06
2859,2025-12-12,signup,2025-12-12
2859,2025-12-12,activated,2025-12-13
2860,2025-08-06,signup,2025-08-06
2860,2025-08-06,activated,2025-08-06
2860,2025-08-06,engaged,2025-08-06
2861,2025-07-28,signup,2025-07-28
2862,2024-09-07,signup,2024-09-07
2863,2025-05-09,signup,2025-05-09
2863,2025-05-09,activated,2025-05-12
2864,2024-12-26,signup,2024-12-26
2865,2024-12-16,signup,2024-12-16
2865,2024-12-16,activated,2024-12-17
2865,2024-12-16,engaged,2024-12-21
2865,2024-12-16,engaged,2025-01-18
2866,2024-09-19,signup,2024-09-19
2866,2024-09-19,activated,2024-09-19
2866,2024-09-19,engaged,2024-09-20
2866,2024-09-19,engaged,2024-10-29
2866,2024-09-19,upgraded,2024-10-29
2866,2024-09-19,engaged,2024-11-28
2866,2024-09-19,engaged,2024-12-25
2866,2024-09-19,engaged,2025-01-26
2867,2025-12-15,signup,2025-12-15
2868,2024-07-23,signup,2024-07-23
2868,2024-07-23,activated,2024-07-24
2868,2024-07-23,engaged,2024-07-30
2869,2025-12-02,signup,2025-12-02
2869,2025-12-02,activated,2025-12-05
2870,2026-01-24,signup,2026-01-24
2870,2026-01-24,activated,2026-01-24
2870,2026-01-24,engaged,2026-01-25
2871,2025-03-08,signup,2025-03-08
2872,2025-05-26,signup,2025-05-26
2873,2025-03-07,signup,2025-03-07
2873,2025-03-07,activated,2025-03-10
2874,2025-11-13,signup,2025-11-13
2874,2025-11-13,activated,2025-11-13
2874,2025-11-13,engaged,2025-11-19
2875,2025-11-03,signup,2025-11-03
2876,2025-06-02,signup,2025-06-02
2877,2025-11-23,signup,2025-11-23
2878,2026-01-02,signup,2026-01-02
2879,2024-12-29,signup,2024-12-29
2879,2024-12-29,activated,2024-12-29
2879,2024-12-29,engaged,2025-01-06
2880,2024-11-08,signup,2024-11-08
2880,2024-11-08,activated,2024-11-10
2880,2024-11-08,engaged,2024-11-13
2880,2024-11-08,engaged,2024-12-16
2880,2024-11-08,engaged,2025-01-13
2880,2024-11-08,engaged,2025-02-07
2881,2025-07-31,signup,2025-07-31
2881,2025-07-31,activated,2025-08-03
2881,2025-07-31,engaged,2025-08-03
2881,2025-07-31,engaged,2025-09-01
2882,2025-09-13,signup,2025-09-13
2883,2025-11-05,signup,2025-11-05
2883,2025-11-05,activated,2025-11-08
2883,2025-11-05,engaged,2025-11-14
2883,2025-11-05,engaged,2025-12-08
2884,2025-03-07,signup,2025-03-07
2885,2025-11-08,signup,2025-11-08
2885,2025-11-08,activated,2025-11-11
2886,2025-03-31,signup,2025-03-31
2886,2025-03-31,activated,2025-04-02
2886,2025-03-31,engaged,2025-04-02
2887,2025-06-19,signup,2025-06-19
2887,2025-06-19,activated,2025-06-22
2888,2026-01-22,signup,2026-01-22
2888,2026-01-22,activated,2026-01-24
2889,2025-11-06,signup,2025-11-06
2889,2025-11-06,activated,2025-11-08
2889,2025-11-06,engaged,2025-11-11
2889,2025-11-06,engaged,2025-12-14
2889,2025-11-06,upgraded,2025-12-14
2889,2025-11-06,engaged,2026-01-08
2890,2024-11-08,signup,2024-11-08
2890,2024-11-08,activated,2024-11-10
2890,2024-11-08,engaged,2024-11-14
2890,2024-11-08,engaged,2024-12-18
2890,2024-11-08,engaged,2025-01-16
2890,2024-11-08,engaged,2025-02-06
2890,2024-11-08,engaged,2025-03-18
2891,2025-03-13,signup,2025-03-13
2892,2025-12-17,signup,2025-12-17
2893,2025-01-10,signup,2025-01-10
2893,2025-01-10,activated,2025-01-13
2893,2025-01-10,engaged,2025-01-17
2893,2025-01-10,engaged,2025-02-09
2893,2025-01-10,engaged,2025-03-11
2893,2025-01-10,engaged,2025-04-15
2894,2025-09-02,signup,2025-09-02
2894,2025-09-02,activated,2025-09-02
2895,2025-02-18,signup,2025-02-18
2896,2025-07-08,signup,2025-07-08
2896,2025-07-08,activated,2025-07-09
2896,2025-07-08,engaged,2025-07-18
2896,2025-07-08,engaged,2025-08-08
2896,2025-07-08,upgraded,2025-08-08
2896,2025-07-08,engaged,2025-09-13
2897,2026-01-04,signup,2026-01-04
2898,2025-08-12,signup,2025-08-12
2899,2025-09-08,signup,2025-09-08
2900,2025-04-08,signup,2025-04-08
2900,2025-04-08,activated,2025-04-08
2900,2025-04-08,engaged,2025-04-16
2900,2025-04-08,engaged,2025-05-08
2901,2025-07-29,signup,2025-07-29
2901,2025-07-29,activated,2025-07-29
2901,2025-07-29,engaged,2025-07-31
2902,2025-10-16,signup,2025-10-16
2903,2026-01-27,signup,2026-01-27
2904,2025-05-27,signup,2025-05-27
2905,2025-03-25,signup,2025-03-25
2905,2025-03-25,activated,2025-03-25
2906,2026-01-30,signup,2026-01-30
2906,2026-01-30,activated,2026-02-02
2907,2025-11-18,signup,2025-11-18
2907,2025-11-18,activated,2025-11-21
2907,2025-11-18,engaged,2025-11-26
2907,2025-11-18,upgraded,2025-11-26
2907,2025-11-18,engaged,2025-12-21
2908,2025-08-17,signup,2025-08-17
2908,2025-08-17,activated,2025-08-18
2909,2025-08-24,signup,2025-08-24
2909,2025-08-24,activated,2025-08-24
2910,2025-12-04,signup,2025-12-04
2910,2025-12-04,activated,2025-12-05
2910,2025-12-04,engaged,2025-12-05
2910,2025-12-04,upgraded,2025-12-05
2911,2025-05-04,signup,2025-05-04
2912,2025-04-14,signup,2025-04-14
2912,2025-04-14,activated,2025-04-15
2913,2024-12-24,signup,2024-12-24
2913,2024-12-24,activated,2024-12-27
2914,2025-06-09,signup,2025-06-09
2914,2025-06-09,activated,2025-06-12
2915,2025-08-27,signup,2025-08-27
2915,2025-08-27,activated,2025-08-29
2916,2025-03-20,signup,2025-03-20
2917,2024-09-20,signup,2024-09-20
2917,2024-09-20,activated,2024-09-21
2917,2024-09-20,engaged,2024-09-30
2917,2024-09-20,engaged,2024-10-22
2917,2024-09-20,engaged,2024-11-24
2917,2024-09-20,upgraded,2024-11-24
2917,2024-09-20,engaged,2024-12-26
2918,2025-11-21,signup,2025-11-21
2919,2025-11-21,signup,2025-11-21
2919,2025-11-21,activated,2025-11-21
2919,2025-11-21,engaged,2025-11-24
2920,2025-11-30,signup,2025-11-30
2920,2025-11-30,activated,2025-12-01
2920,2025-11-30,engaged,2025-12-05
2920,2025-11-30,engaged,2026-01-05
2921,2025-04-21,signup,2025-04-21
2922,2025-05-05,signup,2025-05-05
2922,2025-05-05,activated,2025-05-06
2923,2026-01-09,signup,2026-01-09
2924,2025-04-30,signup,2025-04-30
2925,2024-09-27,signup,2024-09-27
2926,2025-12-29,signup,2025-12-29
2927,2025-09-24,signup,2025-09-24
2927,2025-09-24,activated,2025-09-24
2927,2025-09-24,engaged,2025-09-24
2928,2025-02-22,signup,2025-02-22
2928,2025-02-22,activated,2025-02-25
2929,2024-12-20,signup,2024-12-20
2930,2024-11-07,signup,2024-11-07
2930,2024-11-07,activated,2024-11-08
2931,2024-11-01,signup,2024-11-01
2932,2025-04-08,signup,2025-04-08
2933,2025-12-23,signup,2025-12-23
2933,2025-12-23,activated,2025-12-24
2933,2025-12-23,engaged,2025-12-28
2933,2025-12-23,upgraded,2025-12-28
2933,2025-12-23,engaged,2026-01-29
2934,2024-07-22,signup,2024-07-22
2934,2024-07-22,activated,2024-07-22
2934,2024-07-22,engaged,2024-07-28
2935,2026-01-17,signup,2026-01-17
2936,2025-07-07,signup,2025-07-07
2936,2025-07-07,activated,2025-07-09
2936,2025-07-07,engaged,2025-07-09
2937,2025-09-26,signup,2025-09-26
2937,2025-09-26,activated,2025-09-27
2938,2024-08-27,signup,2024-08-27
2938,2024-08-27,activated,2024-08-30
2938,2024-08-27,engaged,2024-08-31
2939,2025-07-12,signup,2025-07-12
2939,2025-07-12,activated,2025-07-14
2940,2025-12-23,signup,2025-12-23
2940,2025-12-23,activated,2025-12-26
2941,2025-08-09,signup,2025-08-09
2941,2025-08-09,activated,2025-08-11
2941,2025-08-09,engaged,2025-08-18
2941,2025-08-09,engaged,2025-09-14
2941,2025-08-09,upgraded,2025-09-14
2941,2025-08-09,engaged,2025-10-14
2941,2025-08-09,engaged,2025-11-12
2941,2025-08-09,engaged,2025-12-13
2941,2025-08-09,engaged,2026-01-16
2942,2025-07-25,signup,2025-07-25
2942,2025-07-25,activated,2025-07-27
2942,2025-07-25,engaged,2025-07-30
2943,2025-02-27,signup,2025-02-27
2943,2025-02-27,activated,2025-02-28
2943,2025-02-27,engaged,2025-03-07
2943,2025-02-27,upgraded,2025-03-07
2944,2025-09-13,signup,2025-09-13
2944,2025-09-13,activated,2025-09-16
2944,2025-09-13,engaged,2025-09-13
2944,2025-09-13,engaged,2025-10-21
2945,2025-10-27,signup,2025-10-27
2945,2025-10-27,activated,2025-10-29
2946,2024-10-23,signup,2024-10-23
2946,2024-10-23,activated,2024-10-26
2947,2025-07-29,signup,2025-07-29
2947,2025-07-29,activated,2025-07-29
2948,2025-09-25,signup,2025-09-25
2949,2024-08-28,signup,2024-08-28
2949,2024-08-28,activated,2024-08-28
2949,2024-08-28,engaged,2024-08-28
2950,2025-01-15,signup,2025-01-15
2950,2025-01-15,activated,2025-01-17
2950,2025-01-15,engaged,2025-01-16
2950,2025-01-15,upgraded,2025-01-16
2950,2025-01-15,engaged,2025-02-16
2950,2025-01-15,engaged,2025-03-16
2950,2025-01-15,engaged,2025-04-23
2951,2026-01-05,signup,2026-01-05
2951,2026-01-05,activated,2026-01-06
2952,2025-05-29,signup,2025-05-29
2952,2025-05-29,activated,2025-05-30
2952,2025-05-29,engaged,2025-06-01
2953,2025-10-03,signup,2025-10-03
2954,2025-11-26,signup,2025-11-26
2954,2025-11-26,activated,2025-11-27
2954,2025-11-26,engaged,2025-12-06
2955,2025-07-18,signup,2025-07-18
2955,2025-07-18,activated,2025-07-18
2955,2025-07-18,engaged,2025-07-22
2955,2025-07-18,engaged,2025-08-24
2955,2025-07-18,engaged,2025-09-24
2955,2025-07-18,engaged,2025-10-26
2955,2025-07-18,engaged,2025-11-16
2956,2025-09-02,signup,2025-09-02
2956,2025-09-02,activated,2025-09-03
2956,2025-09-02,engaged,2025-09-05
2956,2025-09-02,upgraded,2025-09-05
2956,2025-09-02,engaged,2025-10-03
2956,2025-09-02,engaged,2025-11-09
2956,2025-09-02,engaged,2025-12-11
2956,2025-09-02,engaged,2026-01-02
2956,2025-09-02,engaged,2026-01-31
2957,2025-11-11,signup,2025-11-11
2957,2025-11-11,activated,2025-11-12
2957,2025-11-11,engaged,2025-11-15
2958,2024-08-11,signup,2024-08-11
2959,2025-06-25,signup,2025-06-25
2960,2026-01-29,signup,2026-01-29
2961,2026-01-09,signup,2026-01-09
2961,2026-01-09,activated,2026-01-09
2962,2025-05-08,signup,2025-05-08
2962,2025-05-08,activated,2025-05-09
2963,2025-12-17,signup,2025-12-17
2963,2025-12-17,activated,2025-12-18
2963,2025-12-17,engaged,2025-12-19
2964,2025-07-20,signup,2025-07-20
2964,2025-07-20,activated,2025-07-20
2964,2025-07-20,engaged,2025-07-28
2965,2025-11-29,signup,2025-11-29
2966,2026-01-16,signup,2026-01-16
2967,2025-04-11,signup,2025-04-11
2967,2025-04-11,activated,2025-04-13
2967,2025-04-11,engaged,2025-04-15
2967,2025-04-11,engaged,2025-05-17
2967,2025-04-11,engaged,2025-06-14
2968,2025-05-27,signup,2025-05-27
2968,2025-05-27,activated,2025-05-27
2969,2025-06-02,signup,2025-06-02
2969,2025-06-02,activated,2025-06-03
2970,2025-10-31,signup,2025-10-31
2970,2025-10-31,activated,2025-11-01
2970,2025-10-31,engaged,2025-11-10
2971,2025-12-21,signup,2025-12-21
2971,2025-12-21,activated,2025-12-24
2971,2025-12-21,engaged,2025-12-29
2972,2025-02-11,signup,2025-02-11
2972,2025-02-11,activated,2025-02-11
2973,2026-01-23,signup,2026-01-23
2973,2026-01-23,activated,2026-01-24
2974,2025-02-26,signup,2025-02-26
2975,2025-03-10,signup,2025-03-10
2975,2025-03-10,activated,2025-03-10
2976,2025-07-19,signup,2025-07-19
2977,2025-02-22,signup,2025-02-22
2977,2025-02-22,activated,2025-02-23
2978,2025-09-30,signup,2025-09-30
2978,2025-09-30,activated,2025-10-01
2979,2024-11-17,signup,2024-11-17
2980,2025-07-25,signup,2025-07-25
2980,2025-07-25,activated,2025-07-28
2981,2026-01-12,signup,2026-01-12
2981,2026-01-12,activated,2026-01-14
2982,2026-01-08,signup,2026-01-08
2983,2025-03-20,signup,2025-03-20
2984,2025-11-24,signup,2025-11-24
2984,2025-11-24,activated,2025-11-26
2985,2024-12-26,signup,2024-12-26
2986,2025-05-11,signup,2025-05-11
2987,2025-10-17,signup,2025-10-17
2988,2025-10-20,signup,2025-10-20
2988,2025-10-20,activated,2025-10-21
2988,2025-10-20,engaged,2025-10-28
2988,2025-10-20,engaged,2025-11-25
2988,2025-10-20,engaged,2025-12-27
2988,2025-10-20,engaged,2026-01-25
2989,2025-05-12,signup,2025-05-12
2989,2025-05-12,activated,2025-05-14
2990,2026-01-26,signup,2026-01-26
2990,2026-01-26,activated,2026-01-26
2991,2025-05-23,signup,2025-05-23
2991,2025-05-23,activated,2025-05-23
2991,2025-05-23,engaged,2025-05-26
2992,2024-07-12,signup,2024-07-12
2992,2024-07-12,activated,2024-07-14
2992,2024-07-12,engaged,2024-07-12
2993,2024-08-09,signup,2024-08-09
2993,2024-08-09,activated,2024-08-11
2993,2024-08-09,engaged,2024-08-19
2993,2024-08-09,engaged,2024-09-12
2993,2024-08-09,engaged,2024-10-10
2993,2024-08-09,engaged,2024-11-07
2993,2024-08-09,engaged,2024-12-07
2993,2024-08-09,engaged,2025-01-14
2993,2024-08-09,upgraded,2025-01-14
2993,2024-08-09,engaged,2025-02-11
2993,2024-08-09,engaged,2025-03-14
2993,2024-08-09,engaged,2025-04-08
2993,2024-08-09,engaged,2025-05-13
2993,2024-08-09,engaged,2025-06-06
2993,2024-08-09,engaged,2025-07-06
2993,2024-08-09,engaged,2025-08-14
2993,2024-08-09,engaged,2025-09-07
2993,2024-08-09,engaged,2025-10-12
2994,2024-11-21,signup,2024-11-21
2994,2024-11-21,activated,2024-11-22
2994,2024-11-21,engaged,2024-11-26
2994,2024-11-21,engaged,2024-12-24
2994,2024-11-21,engaged,2025-01-21
2995,2025-12-03,signup,2025-12-03
2995,2025-12-03,activated,2025-12-04
2996,2025-09-27,signup,2025-09-27
2996,2025-09-27,activated,2025-09-30
2996,2025-09-27,engaged,2025-10-02
2996,2025-09-27,engaged,2025-10-28
2996,2025-09-27,engaged,2025-11-26
2996,2025-09-27,upgraded,2025-11-26
2997,2025-02-04,signup,2025-02-04
2997,2025-02-04,activated,2025-02-06
2998,2025-11-29,signup,2025-11-29
2998,2025-11-29,activated,2025-12-01
2998,2025-11-29,engaged,2025-12-06
2998,2025-11-29,engaged,2026-01-02
2999,2025-04-28,signup,2025-04-28
3000,2025-09-23,signup,2025-09-23
3000,2025-09-23,activated,2025-09-24
3000,2025-09-23,engaged,2025-09-26
3000,2025-09-23,engaged,2025-10-27
3000,2025-09-23,engaged,2025-11-29
3000,2025-09-23,engaged,2025-12-26
