experiment_id,user_id,variant,assigned_at,converted
checkout_redesign,529,treatment,2025-08-23,0
checkout_redesign,2618,control,2024-12-03,0
checkout_redesign,720,treatment,2026-01-20,0
checkout_redesign,2463,control,2025-07-14,0
checkout_redesign,2602,treatment,2025-11-01,0
checkout_redesign,2590,control,2024-12-29,0
checkout_redesign,827,treatment,2026-01-11,0
checkout_redesign,2285,control,2025-10-25,0
checkout_redesign,2949,treatment,2025-08-11,0
checkout_redesign,538,control,2025-09-05,0
checkout_redesign,1228,treatment,2024-12-02,0
checkout_redesign,765,control,2025-03-25,0
checkout_redesign,333,treatment,2025-11-24,0
checkout_redesign,2084,control,2025-10-16,0
checkout_redesign,179,treatment,2025-05-21,0
checkout_redesign,1336,control,2026-01-04,0
checkout_redesign,1072,treatment,2025-03-01,0
checkout_redesign,560,control,2025-04-24,0
checkout_redesign,1612,treatment,2025-02-08,0
checkout_redesign,2931,control,2026-01-31,0
checkout_redesign,1011,treatment,2025-12-23,0
checkout_redesign,745,control,2025-12-20,0
checkout_redesign,933,treatment,2024-12-27,0
checkout_redesign,662,control,2025-12-03,0
checkout_redesign,498,treatment,2025-10-15,0
checkout_redesign,1389,control,2024-10-26,0
checkout_redesign,858,treatment,2025-01-12,0
checkout_redesign,586,control,2025-01-16,0
checkout_redesign,442,treatment,2025-04-02,0
checkout_redesign,1236,control,2025-07-22,0
checkout_redesign,1952,treatment,2024-10-06,0
checkout_redesign,1962,control,2026-01-09,0
checkout_redesign,791,treatment,2026-01-10,0
checkout_redesign,1341,control,2024-09-25,0
checkout_redesign,422,treatment,2025-08-07,0
checkout_redesign,2977,control,2025-12-25,0
checkout_redesign,776,treatment,2025-10-25,0
checkout_redesign,1507,control,2025-01-05,0
checkout_redesign,653,treatment,2025-05-18,0
checkout_redesign,1906,control,2025-02-27,0
checkout_redesign,189,treatment,2025-07-13,0
checkout_redesign,805,control,2025-05-30,0
checkout_redesign,2374,treatment,2025-01-09,0
checkout_redesign,1894,control,2024-12-27,0
checkout_redesign,1154,treatment,2025-08-22,0
checkout_redesign,931,control,2024-12-10,0
checkout_redesign,2368,treatment,2025-06-16,0
checkout_redesign,726,control,2025-03-20,0
checkout_redesign,2875,treatment,2025-03-02,0
checkout_redesign,2340,control,2025-05-28,0
checkout_redesign,193,treatment,2024-08-09,1
checkout_redesign,1418,control,2026-01-13,0
checkout_redesign,2692,treatment,2025-06-20,1
checkout_redesign,384,control,2024-07-29,0
checkout_redesign,1008,treatment,2024-09-17,0
checkout_redesign,1984,control,2025-06-12,0
checkout_redesign,2979,treatment,2025-06-16,0
checkout_redesign,2501,control,2026-01-27,0
checkout_redesign,1330,treatment,2026-01-01,0
checkout_redesign,2212,control,2025-08-29,0
checkout_redesign,841,treatment,2025-11-20,1
checkout_redesign,2446,control,2025-12-15,0
checkout_redesign,1714,treatment,2024-07-21,0
checkout_redesign,799,control,2024-10-10,0
checkout_redesign,1640,treatment,2025-12-18,0
checkout_redesign,258,control,2025-01-30,0
checkout_redesign,957,treatment,2025-11-18,0
checkout_redesign,2744,control,2025-08-17,0
checkout_redesign,1509,treatment,2025-09-23,0
checkout_redesign,70,control,2025-10-26,0
checkout_redesign,2604,treatment,2025-03-20,0
checkout_redesign,2878,control,2025-03-03,0
checkout_redesign,1157,treatment,2024-12-03,0
checkout_redesign,229,control,2025-01-01,1
checkout_redesign,939,treatment,2025-06-15,1
checkout_redesign,2383,control,2024-11-22,1
checkout_redesign,261,treatment,2025-02-14,0
checkout_redesign,802,control,2024-12-06,0
checkout_redesign,1491,treatment,2025-03-07,0
checkout_redesign,668,control,2026-01-24,0
checkout_redesign,1968,treatment,2025-07-23,0
checkout_redesign,1025,control,2025-05-01,0
checkout_redesign,151,treatment,2024-08-16,0
checkout_redesign,941,control,2024-11-03,0
checkout_redesign,413,treatment,2024-07-16,0
checkout_redesign,2434,control,2025-01-06,0
checkout_redesign,2021,treatment,2025-05-02,0
checkout_redesign,2345,control,2024-07-16,1
checkout_redesign,1733,treatment,2024-09-19,0
checkout_redesign,686,control,2025-10-31,0
checkout_redesign,2303,treatment,2025-03-11,0
checkout_redesign,268,control,2025-11-27,0
checkout_redesign,1095,treatment,2025-02-07,0
checkout_redesign,1891,control,2025-07-09,0
checkout_redesign,2325,treatment,2024-09-26,0
checkout_redesign,1661,control,2025-12-23,0
checkout_redesign,786,treatment,2024-09-02,1
checkout_redesign,1404,control,2025-03-06,0
checkout_redesign,985,treatment,2025-06-14,0
checkout_redesign,2075,control,2025-01-11,0
checkout_redesign,1587,treatment,2025-04-23,0
checkout_redesign,2477,control,2024-12-24,0
checkout_redesign,2022,treatment,2026-01-12,0
checkout_redesign,2347,control,2025-09-19,0
checkout_redesign,1997,treatment,2024-11-13,0
checkout_redesign,598,control,2026-01-12,1
checkout_redesign,1832,treatment,2025-01-31,0
checkout_redesign,1506,control,2024-09-09,0
checkout_redesign,1729,treatment,2025-12-26,0
checkout_redesign,76,control,2024-08-04,0
checkout_redesign,2098,treatment,2025-02-20,0
checkout_redesign,909,control,2026-01-11,0
checkout_redesign,1360,treatment,2025-02-24,0
checkout_redesign,1868,control,2025-05-28,0
checkout_redesign,667,treatment,2025-05-05,1
checkout_redesign,534,control,2025-04-03,0
checkout_redesign,1017,treatment,2025-11-08,0
checkout_redesign,2431,control,2025-05-03,0
checkout_redesign,1135,treatment,2024-09-13,0
checkout_redesign,2746,control,2025-04-16,0
checkout_redesign,2641,treatment,2025-08-12,1
checkout_redesign,500,control,2025-08-19,0
checkout_redesign,917,treatment,2025-05-22,0
checkout_redesign,1862,control,2025-10-01,1
checkout_redesign,839,treatment,2024-12-16,0
checkout_redesign,2820,control,2024-11-17,0
checkout_redesign,2628,treatment,2025-01-15,0
checkout_redesign,2653,control,2025-01-27,0
checkout_redesign,2326,treatment,2025-07-31,0
checkout_redesign,1374,control,2024-07-27,0
checkout_redesign,136,treatment,2024-08-23,0
checkout_redesign,853,control,2024-09-02,0
checkout_redesign,448,treatment,2025-11-11,0
checkout_redesign,524,control,2025-09-06,0
checkout_redesign,663,treatment,2025-04-13,0
checkout_redesign,2945,control,2025-10-08,0
checkout_redesign,2437,treatment,2025-12-05,0
checkout_redesign,1873,control,2025-04-29,0
checkout_redesign,2081,treatment,2025-02-24,0
checkout_redesign,476,control,2025-11-16,0
checkout_redesign,1195,treatment,2025-05-12,1
checkout_redesign,1019,control,2024-10-20,0
checkout_redesign,11,treatment,2025-12-15,0
checkout_redesign,1831,control,2024-10-29,1
checkout_redesign,2855,treatment,2025-10-08,0
checkout_redesign,2324,control,2025-02-07,0
checkout_redesign,358,treatment,2024-11-07,0
checkout_redesign,1892,control,2024-08-13,0
checkout_redesign,948,treatment,2025-02-21,0
checkout_redesign,1214,control,2024-10-11,1
checkout_redesign,845,treatment,2025-05-29,0
checkout_redesign,1565,control,2025-05-07,0
checkout_redesign,2870,treatment,2024-10-03,0
checkout_redesign,315,control,2024-07-31,0
checkout_redesign,648,treatment,2024-09-29,0
checkout_redesign,360,control,2025-07-03,0
checkout_redesign,1368,treatment,2025-11-16,0
checkout_redesign,181,control,2025-11-14,0
checkout_redesign,1544,treatment,2024-09-14,1
checkout_redesign,2661,control,2025-03-02,0
checkout_redesign,989,treatment,2025-11-13,0
checkout_redesign,1002,control,2025-08-08,0
checkout_redesign,2892,treatment,2025-02-21,0
checkout_redesign,2536,control,2025-11-08,0
checkout_redesign,63,treatment,2025-02-03,0
checkout_redesign,737,control,2025-09-05,1
checkout_redesign,1848,treatment,2024-10-21,0
checkout_redesign,916,control,2025-06-09,0
checkout_redesign,973,treatment,2024-11-14,1
checkout_redesign,2551,control,2024-07-18,0
checkout_redesign,924,treatment,2025-06-09,1
checkout_redesign,1473,control,2025-12-14,0
checkout_redesign,2109,treatment,2026-01-12,0
checkout_redesign,1955,control,2025-01-05,1
checkout_redesign,15,treatment,2024-07-26,0
checkout_redesign,1416,control,2025-02-25,0
checkout_redesign,2830,treatment,2024-10-09,0
checkout_redesign,490,control,2024-10-04,1
checkout_redesign,1881,treatment,2025-10-23,0
checkout_redesign,1475,control,2024-10-09,0
checkout_redesign,664,treatment,2025-01-15,0
checkout_redesign,239,control,2025-05-31,0
checkout_redesign,1205,treatment,2025-12-17,0
checkout_redesign,1520,control,2024-07-14,0
checkout_redesign,2739,treatment,2025-04-03,0
checkout_redesign,1560,control,2025-10-05,0
checkout_redesign,2967,treatment,2024-08-27,1
checkout_redesign,499,control,2025-12-08,0
checkout_redesign,2438,treatment,2026-01-14,0
checkout_redesign,2142,control,2025-10-07,0
checkout_redesign,2208,treatment,2026-01-31,0
checkout_redesign,2906,control,2024-07-01,0
checkout_redesign,69,treatment,2025-01-12,0
checkout_redesign,1375,control,2025-11-24,0
checkout_redesign,2059,treatment,2025-08-16,0
checkout_redesign,1088,control,2025-10-29,0
checkout_redesign,418,treatment,2025-05-13,0
checkout_redesign,1852,control,2025-05-04,0
checkout_redesign,1543,treatment,2025-10-02,0
checkout_redesign,2809,control,2024-09-11,0
checkout_redesign,877,treatment,2025-01-05,0
checkout_redesign,806,control,2024-11-28,0
checkout_redesign,1114,treatment,2026-01-11,0
checkout_redesign,1883,control,2024-11-15,0
checkout_redesign,2373,treatment,2024-10-13,1
checkout_redesign,875,control,2026-01-30,0
checkout_redesign,1439,treatment,2026-01-29,0
checkout_redesign,1562,control,2025-04-11,0
checkout_redesign,2677,treatment,2025-10-07,0
checkout_redesign,1102,control,2024-09-27,0
checkout_redesign,905,treatment,2025-05-15,0
checkout_redesign,2294,control,2025-06-06,0
checkout_redesign,2151,treatment,2025-09-17,0
checkout_redesign,516,control,2026-01-06,0
checkout_redesign,2260,treatment,2025-05-31,0
checkout_redesign,2542,control,2026-01-14,0
checkout_redesign,1183,treatment,2025-03-14,1
checkout_redesign,1208,control,2024-10-16,0
checkout_redesign,168,treatment,2025-05-07,0
checkout_redesign,1514,control,2024-09-21,0
checkout_redesign,1512,treatment,2025-02-13,0
checkout_redesign,2992,control,2025-07-04,0
checkout_redesign,424,treatment,2025-07-18,1
checkout_redesign,753,control,2025-06-27,0
checkout_redesign,1765,treatment,2024-07-18,1
checkout_redesign,2679,control,2025-11-02,0
checkout_redesign,129,treatment,2025-12-02,0
checkout_redesign,2239,control,2024-11-14,0
checkout_redesign,2901,treatment,2025-05-17,0
checkout_redesign,514,control,2025-02-14,0
checkout_redesign,352,treatment,2025-08-11,0
checkout_redesign,409,control,2025-12-30,0
checkout_redesign,1510,treatment,2024-10-09,0
checkout_redesign,1557,control,2025-01-26,0
checkout_redesign,1845,treatment,2025-07-20,0
checkout_redesign,2811,control,2025-04-22,0
checkout_redesign,2035,treatment,2025-11-13,0
checkout_redesign,2783,control,2024-12-15,0
checkout_redesign,1121,treatment,2025-08-12,0
checkout_redesign,66,control,2024-09-12,1
checkout_redesign,1359,treatment,2025-02-23,0
checkout_redesign,278,control,2025-07-09,0
checkout_redesign,733,treatment,2025-11-21,0
checkout_redesign,449,control,2024-07-27,0
checkout_redesign,3000,treatment,2025-11-19,0
checkout_redesign,2907,control,2025-03-23,0
checkout_redesign,2770,treatment,2025-01-18,0
checkout_redesign,1601,control,2026-01-20,0
checkout_redesign,768,treatment,2024-07-19,0
checkout_redesign,2695,control,2025-05-10,0
checkout_redesign,2665,treatment,2025-06-15,0
checkout_redesign,469,control,2024-08-15,0
checkout_redesign,1536,treatment,2024-11-19,0
checkout_redesign,2232,control,2026-01-26,0
checkout_redesign,2357,treatment,2025-10-10,0
checkout_redesign,1124,control,2025-07-30,1
checkout_redesign,949,treatment,2025-01-20,0
checkout_redesign,992,control,2024-10-22,0
checkout_redesign,2964,treatment,2025-11-17,0
checkout_redesign,85,control,2025-05-22,1
checkout_redesign,2346,treatment,2025-01-13,0
checkout_redesign,2678,control,2025-11-24,0
checkout_redesign,532,treatment,2024-07-19,0
checkout_redesign,180,control,2025-09-20,0
checkout_redesign,2188,treatment,2024-09-07,0
checkout_redesign,346,control,2025-05-08,0
checkout_redesign,986,treatment,2024-07-04,0
checkout_redesign,386,control,2024-07-31,1
checkout_redesign,2742,treatment,2025-07-29,0
checkout_redesign,1385,control,2024-11-13,0
checkout_redesign,2698,treatment,2025-11-04,0
checkout_redesign,1691,control,2025-01-01,0
checkout_redesign,2800,treatment,2025-02-01,0
checkout_redesign,1362,control,2024-08-28,0
checkout_redesign,80,treatment,2024-12-18,0
checkout_redesign,1727,control,2025-07-24,0
checkout_redesign,1827,treatment,2026-01-23,0
checkout_redesign,1084,control,2025-08-28,0
checkout_redesign,388,treatment,2024-11-09,0
checkout_redesign,2163,control,2024-12-18,0
checkout_redesign,86,treatment,2025-11-27,0
checkout_redesign,2861,control,2025-12-17,0
checkout_redesign,1760,treatment,2024-11-06,0
checkout_redesign,1663,control,2025-10-05,0
checkout_redesign,953,treatment,2025-04-23,0
checkout_redesign,2824,control,2025-09-22,0
checkout_redesign,1322,treatment,2024-10-23,0
checkout_redesign,756,control,2025-08-08,1
checkout_redesign,739,treatment,2025-05-24,0
checkout_redesign,1825,control,2025-02-11,0
checkout_redesign,359,treatment,2024-12-18,0
checkout_redesign,1732,control,2025-12-10,0
checkout_redesign,298,treatment,2024-08-09,0
checkout_redesign,2614,control,2025-08-05,0
checkout_redesign,138,treatment,2025-11-24,0
checkout_redesign,353,control,2024-09-06,0
checkout_redesign,1320,treatment,2025-06-16,0
checkout_redesign,1788,control,2024-12-25,0
checkout_redesign,2474,treatment,2025-04-12,0
checkout_redesign,39,control,2025-03-31,0
checkout_redesign,2058,treatment,2024-07-13,0
checkout_redesign,1791,control,2025-01-30,0
checkout_redesign,859,treatment,2024-07-09,0
checkout_redesign,236,control,2025-08-30,0
checkout_redesign,1566,treatment,2025-07-28,0
checkout_redesign,1252,control,2024-08-21,0
checkout_redesign,2061,treatment,2024-11-07,0
checkout_redesign,124,control,2025-05-17,1
checkout_redesign,1860,treatment,2024-10-21,0
checkout_redesign,2205,control,2024-09-11,1
checkout_redesign,2810,treatment,2024-12-17,0
checkout_redesign,2441,control,2024-07-04,0
checkout_redesign,406,treatment,2024-10-25,0
checkout_redesign,2156,control,2024-10-09,0
checkout_redesign,232,treatment,2025-12-14,0
checkout_redesign,223,control,2025-04-05,1
checkout_redesign,911,treatment,2025-04-27,0
checkout_redesign,1321,control,2025-05-21,0
checkout_redesign,176,treatment,2024-09-26,0
checkout_redesign,2563,control,2025-03-16,1
checkout_redesign,2520,treatment,2025-11-06,0
checkout_redesign,253,control,2024-11-08,0
checkout_redesign,2471,treatment,2025-06-02,0
checkout_redesign,793,control,2025-09-26,0
checkout_redesign,577,treatment,2024-08-08,0
checkout_redesign,518,control,2025-12-26,0
checkout_redesign,1267,treatment,2024-12-22,0
checkout_redesign,2310,control,2025-11-14,1
checkout_redesign,2550,treatment,2025-04-06,0
checkout_redesign,1218,control,2024-10-13,0
checkout_redesign,1423,treatment,2024-07-21,0
checkout_redesign,2309,control,2025-06-22,0
checkout_redesign,2780,treatment,2024-09-28,0
checkout_redesign,1918,control,2025-11-14,0
checkout_redesign,1546,treatment,2024-09-29,0
checkout_redesign,2786,control,2026-01-14,0
checkout_redesign,585,treatment,2024-11-13,0
checkout_redesign,566,control,2025-01-02,0
checkout_redesign,1283,treatment,2026-01-26,0
checkout_redesign,2513,control,2024-07-31,0
checkout_redesign,2180,treatment,2025-02-22,0
checkout_redesign,2493,control,2025-09-25,0
checkout_redesign,505,treatment,2024-11-10,0
checkout_redesign,1206,control,2025-09-13,0
checkout_redesign,1079,treatment,2024-08-09,0
checkout_redesign,1365,control,2026-01-18,0
checkout_redesign,2478,treatment,2025-04-10,0
checkout_redesign,1643,control,2025-06-03,0
checkout_redesign,88,treatment,2025-07-05,0
checkout_redesign,21,control,2024-12-19,0
checkout_redesign,2050,treatment,2025-07-02,1
checkout_redesign,1953,control,2025-05-10,0
checkout_redesign,938,treatment,2024-07-02,1
checkout_redesign,2834,control,2025-07-12,0
checkout_redesign,741,treatment,2025-02-21,0
checkout_redesign,1671,control,2025-11-18,0
checkout_redesign,987,treatment,2024-07-30,0
checkout_redesign,494,control,2025-12-23,1
checkout_redesign,1142,treatment,2025-01-24,1
checkout_redesign,634,control,2025-03-04,1
checkout_redesign,472,treatment,2024-09-23,0
checkout_redesign,1886,control,2026-01-05,0
checkout_redesign,2700,treatment,2024-10-11,0
checkout_redesign,2334,control,2025-04-28,1
checkout_redesign,260,treatment,2025-03-08,0
checkout_redesign,2554,control,2024-07-27,0
checkout_redesign,1704,treatment,2026-01-05,0
checkout_redesign,1588,control,2024-07-31,0
checkout_redesign,1500,treatment,2024-09-13,1
checkout_redesign,2790,control,2025-03-21,0
checkout_redesign,2352,treatment,2024-08-03,1
checkout_redesign,1919,control,2025-03-22,0
checkout_redesign,1018,treatment,2024-10-03,0
checkout_redesign,666,control,2024-11-18,0
checkout_redesign,575,treatment,2025-01-02,0
checkout_redesign,2110,control,2025-02-12,0
checkout_redesign,1493,treatment,2025-04-08,0
checkout_redesign,2812,control,2025-03-07,0
checkout_redesign,1767,treatment,2024-08-31,0
checkout_redesign,1991,control,2024-08-10,0
checkout_redesign,882,treatment,2024-08-03,0
checkout_redesign,1685,control,2025-06-24,0
checkout_redesign,907,treatment,2024-08-11,0
checkout_redesign,2608,control,2024-12-31,0
checkout_redesign,2355,treatment,2025-02-17,0
checkout_redesign,2291,control,2025-07-11,0
checkout_redesign,1908,treatment,2024-10-25,0
checkout_redesign,277,control,2026-01-18,0
checkout_redesign,751,treatment,2024-08-04,1
checkout_redesign,701,control,2025-07-24,0
checkout_redesign,2418,treatment,2025-01-05,0
checkout_redesign,250,control,2025-04-18,0
checkout_redesign,2902,treatment,2024-08-18,0
checkout_redesign,695,control,2026-01-29,0
checkout_redesign,2350,treatment,2025-03-04,0
checkout_redesign,207,control,2024-08-11,0
checkout_redesign,2036,treatment,2025-01-31,0
checkout_redesign,171,control,2025-11-15,0
checkout_redesign,2496,treatment,2025-08-11,0
checkout_redesign,1317,control,2025-09-09,0
checkout_redesign,2311,treatment,2025-05-12,0
checkout_redesign,2601,control,2025-06-29,0
checkout_redesign,2218,treatment,2025-08-18,0
checkout_redesign,1285,control,2026-02-01,0
checkout_redesign,543,treatment,2024-12-31,0
checkout_redesign,2194,control,2025-04-14,0
checkout_redesign,350,treatment,2025-02-06,0
checkout_redesign,725,control,2025-11-13,0
checkout_redesign,1833,treatment,2025-02-19,0
checkout_redesign,2617,control,2025-05-02,1
checkout_redesign,273,treatment,2024-11-08,0
checkout_redesign,349,control,2025-03-01,0
checkout_redesign,1903,treatment,2024-11-12,0
checkout_redesign,2804,control,2025-09-11,0
checkout_redesign,1548,treatment,2025-01-02,0
checkout_redesign,301,control,2025-11-18,0
checkout_redesign,891,treatment,2025-08-06,0
checkout_redesign,1165,control,2025-08-12,0
checkout_redesign,530,treatment,2025-12-30,0
checkout_redesign,1159,control,2025-05-06,0
checkout_redesign,1245,treatment,2024-11-15,0
checkout_redesign,2268,control,2025-05-21,0
checkout_redesign,1445,treatment,2025-06-22,0
checkout_redesign,461,control,2024-09-05,0
checkout_redesign,2275,treatment,2025-10-10,0
checkout_redesign,951,control,2025-12-12,0
checkout_redesign,1184,treatment,2025-01-10,0
checkout_redesign,423,control,2025-09-10,0
checkout_redesign,2720,treatment,2025-12-31,0
checkout_redesign,759,control,2025-02-15,0
checkout_redesign,2989,treatment,2025-11-06,0
checkout_redesign,610,control,2025-01-15,0
checkout_redesign,950,treatment,2025-11-21,0
checkout_redesign,2659,control,2025-05-27,0
checkout_redesign,1590,treatment,2025-11-18,0
checkout_redesign,549,control,2024-09-04,0
checkout_redesign,195,treatment,2025-07-30,0
checkout_redesign,2106,control,2025-09-21,0
checkout_redesign,1103,treatment,2025-10-17,0
checkout_redesign,1808,control,2025-12-07,0
checkout_redesign,1502,treatment,2024-07-28,0
checkout_redesign,2667,control,2024-08-10,0
checkout_redesign,631,treatment,2024-12-23,0
checkout_redesign,703,control,2024-12-22,0
checkout_redesign,672,treatment,2025-10-03,0
checkout_redesign,1377,control,2025-11-06,0
checkout_redesign,8,treatment,2026-01-26,0
checkout_redesign,2080,control,2025-05-28,0
checkout_redesign,2435,treatment,2025-12-27,0
checkout_redesign,2011,control,2025-07-18,1
checkout_redesign,2256,treatment,2026-01-15,0
checkout_redesign,2170,control,2025-06-27,0
checkout_redesign,2120,treatment,2024-09-12,0
checkout_redesign,1198,control,2025-07-09,0
checkout_redesign,1668,treatment,2025-04-08,0
checkout_redesign,2187,control,2025-07-16,0
checkout_redesign,2132,treatment,2024-12-04,0
checkout_redesign,347,control,2026-01-15,1
checkout_redesign,783,treatment,2025-02-23,0
checkout_redesign,1260,control,2025-09-01,0
checkout_redesign,201,treatment,2024-08-07,0
checkout_redesign,1549,control,2024-10-27,0
checkout_redesign,374,treatment,2025-10-17,0
checkout_redesign,1851,control,2026-01-31,0
checkout_redesign,1751,treatment,2025-03-10,0
checkout_redesign,1658,control,2025-10-27,0
checkout_redesign,1010,treatment,2025-11-12,0
checkout_redesign,1071,control,2026-01-28,1
checkout_redesign,693,treatment,2025-02-25,0
checkout_redesign,1723,control,2024-11-04,0
checkout_redesign,1282,treatment,2025-06-28,0
checkout_redesign,1842,control,2025-02-09,0
checkout_redesign,1048,treatment,2025-06-24,0
checkout_redesign,1200,control,2024-08-20,0
checkout_redesign,719,treatment,2025-04-23,0
checkout_redesign,609,control,2025-03-19,0
checkout_redesign,238,treatment,2025-06-20,1
checkout_redesign,2962,control,2024-09-03,0
checkout_redesign,477,treatment,2025-04-16,0
checkout_redesign,2332,control,2025-10-31,0
checkout_redesign,1149,treatment,2025-12-22,0
checkout_redesign,2115,control,2025-11-10,0
checkout_redesign,1771,treatment,2026-01-16,0
checkout_redesign,2245,control,2025-06-19,1
checkout_redesign,2862,treatment,2025-01-14,0
checkout_redesign,1703,control,2025-11-24,0
checkout_redesign,1978,treatment,2025-09-27,0
checkout_redesign,2284,control,2025-04-04,0
checkout_redesign,861,treatment,2025-09-11,1
checkout_redesign,2723,control,2024-10-26,0
checkout_redesign,2282,treatment,2025-07-02,0
checkout_redesign,1403,control,2025-05-24,0
checkout_redesign,1220,treatment,2024-10-15,0
checkout_redesign,1575,control,2025-06-06,0
checkout_redesign,113,treatment,2025-12-15,0
checkout_redesign,1889,control,2025-03-07,0
checkout_redesign,1639,treatment,2025-12-26,0
checkout_redesign,2823,control,2025-10-01,0
checkout_redesign,2486,treatment,2025-06-03,0
checkout_redesign,2136,control,2024-12-08,0
checkout_redesign,2507,treatment,2025-09-25,0
checkout_redesign,456,control,2025-01-24,0
checkout_redesign,2197,treatment,2024-07-23,0
checkout_redesign,2768,control,2024-07-02,0
checkout_redesign,1070,treatment,2025-03-10,0
checkout_redesign,633,control,2025-11-25,0
checkout_redesign,2031,treatment,2025-08-15,1
checkout_redesign,2552,control,2025-07-19,0
checkout_redesign,36,treatment,2025-04-07,0
checkout_redesign,2,control,2025-07-12,0
checkout_redesign,1858,treatment,2024-08-20,0
checkout_redesign,190,control,2025-02-04,0
checkout_redesign,1020,treatment,2025-08-05,0
checkout_redesign,646,control,2024-12-02,0
checkout_redesign,2102,treatment,2024-09-16,0
checkout_redesign,28,control,2024-07-27,0
checkout_redesign,961,treatment,2024-10-25,0
checkout_redesign,626,control,2025-08-01,0
checkout_redesign,896,treatment,2025-10-14,0
checkout_redesign,2428,control,2025-08-05,1
checkout_redesign,27,treatment,2025-09-22,0
checkout_redesign,2009,control,2025-03-06,1
checkout_redesign,1123,treatment,2025-01-01,1
checkout_redesign,2923,control,2025-11-12,0
checkout_redesign,935,treatment,2025-05-02,0
checkout_redesign,2302,control,2025-12-09,0
checkout_redesign,697,treatment,2025-05-03,0
checkout_redesign,98,control,2025-01-13,0
checkout_redesign,1043,treatment,2025-12-04,0
checkout_redesign,1015,control,2025-04-01,0
checkout_redesign,2767,treatment,2025-10-09,0
checkout_redesign,1109,control,2025-08-12,1
checkout_redesign,878,treatment,2025-09-19,0
checkout_redesign,308,control,2025-01-04,0
checkout_redesign,487,treatment,2024-07-10,0
checkout_redesign,860,control,2025-12-31,0
checkout_redesign,1417,treatment,2024-08-21,0
checkout_redesign,2470,control,2025-02-13,1
checkout_redesign,2396,treatment,2024-10-11,0
checkout_redesign,818,control,2024-07-24,0
checkout_redesign,2207,treatment,2025-03-27,0
checkout_redesign,832,control,2024-07-15,0
checkout_redesign,2664,treatment,2024-12-21,0
checkout_redesign,2274,control,2025-12-19,0
checkout_redesign,2292,treatment,2024-08-15,0
checkout_redesign,819,control,2025-05-15,1
checkout_redesign,990,treatment,2025-12-03,0
checkout_redesign,2459,control,2025-05-06,0
checkout_redesign,474,treatment,2025-11-16,0
checkout_redesign,1724,control,2025-02-07,0
checkout_redesign,2013,treatment,2025-10-13,0
checkout_redesign,2787,control,2025-03-11,0
checkout_redesign,2539,treatment,2025-08-30,0
checkout_redesign,997,control,2025-06-08,0
checkout_redesign,1444,treatment,2024-11-08,1
checkout_redesign,2555,control,2025-09-24,0
checkout_redesign,58,treatment,2025-01-25,0
checkout_redesign,2348,control,2024-08-18,1
checkout_redesign,876,treatment,2025-10-08,0
checkout_redesign,2449,control,2025-07-14,1
checkout_redesign,1461,treatment,2025-01-05,0
checkout_redesign,1614,control,2025-08-30,0
checkout_redesign,344,treatment,2025-03-02,0
checkout_redesign,2955,control,2024-12-04,1
checkout_redesign,1436,treatment,2024-09-20,0
checkout_redesign,75,control,2025-01-17,0
checkout_redesign,1163,treatment,2024-07-01,1
checkout_redesign,2961,control,2025-08-22,0
checkout_redesign,2372,treatment,2025-12-06,0
checkout_redesign,2938,control,2025-11-26,0
checkout_redesign,166,treatment,2025-02-02,0
checkout_redesign,1023,control,2025-05-14,0
checkout_redesign,748,treatment,2026-01-30,1
checkout_redesign,1772,control,2024-12-02,0
checkout_redesign,1761,treatment,2024-07-06,0
checkout_redesign,1312,control,2025-02-02,0
checkout_redesign,1355,treatment,2025-03-15,0
checkout_redesign,2129,control,2025-12-25,0
checkout_redesign,2893,treatment,2025-07-07,0
checkout_redesign,2201,control,2025-05-03,0
checkout_redesign,2701,treatment,2025-09-06,1
checkout_redesign,2078,control,2025-12-30,0
checkout_redesign,1068,treatment,2025-07-04,0
checkout_redesign,2095,control,2025-08-29,0
checkout_redesign,2711,treatment,2025-10-14,0
checkout_redesign,2798,control,2025-02-14,0
checkout_redesign,1863,treatment,2025-03-07,0
checkout_redesign,1547,control,2025-08-31,0
checkout_redesign,1567,treatment,2026-01-08,0
checkout_redesign,2270,control,2025-10-12,0
checkout_redesign,2612,treatment,2026-01-04,0
checkout_redesign,2935,control,2025-12-11,0
checkout_redesign,130,treatment,2024-12-27,0
checkout_redesign,943,control,2025-05-14,0
checkout_redesign,851,treatment,2025-02-10,0
checkout_redesign,68,control,2026-01-14,0
checkout_redesign,13,treatment,2025-07-20,0
checkout_redesign,1778,control,2024-08-15,0
checkout_redesign,1897,treatment,2024-09-21,0
checkout_redesign,2301,control,2024-08-10,0
checkout_redesign,26,treatment,2025-04-30,0
checkout_redesign,1021,control,2025-10-02,0
checkout_redesign,1746,treatment,2024-07-09,0
checkout_redesign,567,control,2025-10-29,1
checkout_redesign,539,treatment,2025-01-17,0
checkout_redesign,2128,control,2025-01-30,0
checkout_redesign,2414,treatment,2025-12-27,0
checkout_redesign,2755,control,2024-09-07,0
checkout_redesign,430,treatment,2024-11-23,0
checkout_redesign,398,control,2025-07-25,0
checkout_redesign,1291,treatment,2024-11-13,0
checkout_redesign,2004,control,2025-12-08,0
checkout_redesign,245,treatment,2025-09-11,0
checkout_redesign,2557,control,2025-05-06,0
checkout_redesign,2053,treatment,2024-09-29,0
checkout_redesign,511,control,2024-08-14,0
checkout_redesign,1308,treatment,2025-11-22,0
checkout_redesign,2063,control,2025-12-29,1
checkout_redesign,1489,treatment,2024-10-19,1
checkout_redesign,1033,control,2024-09-04,0
checkout_redesign,980,treatment,2025-02-10,1
checkout_redesign,1651,control,2024-12-15,0
checkout_redesign,5,treatment,2025-12-25,0
checkout_redesign,2694,control,2025-12-05,0
checkout_redesign,635,treatment,2025-07-09,0
checkout_redesign,391,control,2025-08-21,0
checkout_redesign,645,treatment,2025-08-16,0
checkout_redesign,603,control,2025-07-09,1
checkout_redesign,377,treatment,2025-08-16,1
checkout_redesign,447,control,2024-07-21,0
checkout_redesign,2169,treatment,2025-07-04,0
checkout_redesign,1155,control,2024-09-04,0
checkout_redesign,761,treatment,2025-07-27,0
checkout_redesign,2279,control,2025-04-06,0
checkout_redesign,1810,treatment,2026-01-11,0
checkout_redesign,194,control,2025-07-15,0
checkout_redesign,1238,treatment,2024-09-10,0
checkout_redesign,747,control,2024-11-04,1
checkout_redesign,562,treatment,2025-08-12,0
checkout_redesign,865,control,2025-04-11,0
checkout_redesign,778,treatment,2025-04-07,1
checkout_redesign,670,control,2025-05-08,0
checkout_redesign,2784,treatment,2024-09-19,0
checkout_redesign,974,control,2026-01-20,0
checkout_redesign,2549,treatment,2025-01-29,0
checkout_redesign,1713,control,2025-02-11,0
checkout_redesign,1725,treatment,2025-10-25,0
checkout_redesign,434,control,2025-12-23,0
checkout_redesign,2034,treatment,2024-09-19,1
checkout_redesign,2926,control,2025-09-11,0
checkout_redesign,2822,treatment,2025-02-19,0
checkout_redesign,1770,control,2025-09-06,0
checkout_redesign,1370,treatment,2025-10-28,0
checkout_redesign,1329,control,2025-07-30,0
checkout_redesign,955,treatment,2024-08-17,0
checkout_redesign,1932,control,2025-07-18,0
checkout_redesign,1835,treatment,2025-06-30,0
checkout_redesign,1923,control,2024-07-17,0
checkout_redesign,2481,treatment,2025-08-22,0
checkout_redesign,2404,control,2026-01-31,0
checkout_redesign,2975,treatment,2024-07-17,0
checkout_redesign,1573,control,2024-09-08,0
checkout_redesign,1399,treatment,2024-11-21,0
checkout_redesign,1690,control,2025-03-08,0
checkout_redesign,588,treatment,2025-08-17,0
checkout_redesign,1294,control,2026-01-12,0
checkout_redesign,2488,treatment,2025-11-13,0
checkout_redesign,2578,control,2025-08-16,0
checkout_redesign,665,treatment,2026-01-09,0
checkout_redesign,213,control,2025-01-28,0
checkout_redesign,1459,treatment,2025-12-23,0
checkout_redesign,515,control,2025-11-02,0
checkout_redesign,2006,treatment,2025-01-12,0
checkout_redesign,468,control,2024-08-14,0
checkout_redesign,1471,treatment,2024-10-04,1
checkout_redesign,2108,control,2024-12-17,0
checkout_redesign,1324,treatment,2024-12-23,0
checkout_redesign,2196,control,2026-01-06,0
checkout_redesign,2238,treatment,2025-04-24,0
checkout_redesign,1735,control,2025-05-25,0
checkout_redesign,22,treatment,2025-05-24,0
checkout_redesign,1212,control,2024-11-26,0
checkout_redesign,2178,treatment,2024-09-04,0
checkout_redesign,1012,control,2025-02-27,0
checkout_redesign,2056,treatment,2025-06-20,0
checkout_redesign,319,control,2025-04-05,0
checkout_redesign,35,treatment,2025-08-26,0
checkout_redesign,48,control,2025-01-15,1
checkout_redesign,155,treatment,2024-10-13,1
checkout_redesign,46,control,2025-01-10,0
checkout_redesign,2807,treatment,2024-10-09,0
checkout_redesign,1276,control,2024-11-15,0
checkout_redesign,2365,treatment,2025-01-11,0
checkout_redesign,203,control,2024-07-22,0
checkout_redesign,2447,treatment,2025-12-12,0
checkout_redesign,537,control,2025-04-14,0
checkout_redesign,1376,treatment,2025-01-29,0
checkout_redesign,2067,control,2024-09-28,0
checkout_redesign,2453,treatment,2024-11-07,0
checkout_redesign,1762,control,2025-08-30,0
checkout_redesign,242,treatment,2025-10-18,1
checkout_redesign,803,control,2026-02-01,1
checkout_redesign,2908,treatment,2024-12-08,0
checkout_redesign,2782,control,2025-03-12,0
checkout_redesign,2587,treatment,2025-10-06,1
checkout_redesign,441,control,2025-08-16,0
checkout_redesign,2942,treatment,2025-12-16,1
checkout_redesign,1814,control,2024-11-29,0
checkout_redesign,1243,treatment,2026-01-15,0
checkout_redesign,513,control,2025-11-20,0
checkout_redesign,2721,treatment,2024-09-15,0
checkout_redesign,1748,control,2024-09-23,0
checkout_redesign,289,treatment,2025-05-08,0
checkout_redesign,536,control,2025-11-09,0
checkout_redesign,152,treatment,2024-07-07,0
checkout_redesign,1866,control,2025-09-24,0
checkout_redesign,302,treatment,2024-09-23,0
checkout_redesign,433,control,2024-08-17,0
checkout_redesign,1820,treatment,2024-07-31,0
checkout_redesign,1156,control,2024-08-24,0
checkout_redesign,2504,treatment,2025-01-31,0
checkout_redesign,2165,control,2024-08-19,0
checkout_redesign,2607,treatment,2025-07-27,0
checkout_redesign,959,control,2025-08-29,0
checkout_redesign,2972,treatment,2025-09-24,0
checkout_redesign,1006,control,2026-01-15,0
checkout_redesign,2921,treatment,2024-11-17,0
checkout_redesign,710,control,2024-09-03,0
checkout_redesign,1190,treatment,2025-09-23,0
checkout_redesign,1920,control,2025-11-21,0
checkout_redesign,2030,treatment,2025-01-31,1
checkout_redesign,1315,control,2025-04-03,0
checkout_redesign,427,treatment,2024-11-06,0
checkout_redesign,1262,control,2024-10-29,0
checkout_redesign,2946,treatment,2025-12-04,0
checkout_redesign,874,control,2025-01-09,0
checkout_redesign,2093,treatment,2025-03-28,0
checkout_redesign,83,control,2025-05-27,0
checkout_redesign,159,treatment,2025-01-07,0
checkout_redesign,2833,control,2024-09-05,0
checkout_redesign,661,treatment,2024-11-25,0
checkout_redesign,2505,control,2025-11-03,0
checkout_redesign,2703,treatment,2025-03-21,0
checkout_redesign,837,control,2025-09-23,0
checkout_redesign,462,treatment,2025-01-01,0
checkout_redesign,1558,control,2025-12-30,0
checkout_redesign,2104,treatment,2024-12-01,0
checkout_redesign,1523,control,2025-12-25,0
checkout_redesign,1452,treatment,2025-07-23,0
checkout_redesign,677,control,2024-09-03,0
checkout_redesign,1060,treatment,2025-09-11,0
checkout_redesign,1264,control,2025-02-28,0
checkout_redesign,1085,treatment,2025-12-17,0
checkout_redesign,390,control,2025-09-25,0
checkout_redesign,2166,treatment,2025-02-15,0
checkout_redesign,708,control,2026-01-24,0
checkout_redesign,2606,treatment,2025-05-22,0
checkout_redesign,796,control,2025-08-15,0
checkout_redesign,237,treatment,2024-08-26,0
checkout_redesign,2051,control,2024-09-21,0
checkout_redesign,822,treatment,2025-08-29,0
checkout_redesign,2732,control,2025-03-12,0
checkout_redesign,2956,treatment,2025-06-05,0
checkout_redesign,1988,control,2025-03-16,0
checkout_redesign,1623,treatment,2024-12-21,0
checkout_redesign,1122,control,2025-07-19,0
checkout_redesign,699,treatment,2024-07-29,0
checkout_redesign,2283,control,2026-01-27,0
checkout_redesign,2716,treatment,2025-05-15,1
checkout_redesign,2450,control,2024-08-22,0
checkout_redesign,1519,treatment,2025-05-20,0
checkout_redesign,355,control,2025-01-24,0
checkout_redesign,2644,treatment,2025-04-06,1
checkout_redesign,1467,control,2025-07-14,0
checkout_redesign,1271,treatment,2025-06-30,0
checkout_redesign,2042,control,2025-05-25,0
checkout_redesign,1621,treatment,2024-08-13,0
checkout_redesign,2748,control,2025-06-05,0
checkout_redesign,1795,treatment,2025-07-02,0
checkout_redesign,2526,control,2024-12-15,0
checkout_redesign,2541,treatment,2025-12-19,1
checkout_redesign,2280,control,2025-02-09,0
checkout_redesign,1794,treatment,2024-07-02,0
checkout_redesign,2791,control,2025-10-13,0
checkout_redesign,259,treatment,2025-06-08,0
checkout_redesign,2854,control,2025-06-30,0
checkout_redesign,1877,treatment,2025-12-18,0
checkout_redesign,2366,control,2026-01-22,0
checkout_redesign,1420,treatment,2025-07-19,0
checkout_redesign,1433,control,2025-07-27,0
checkout_redesign,1288,treatment,2026-01-10,0
checkout_redesign,1965,control,2025-07-21,0
checkout_redesign,2432,treatment,2024-11-29,0
checkout_redesign,1158,control,2024-07-09,0
checkout_redesign,101,treatment,2025-05-28,0
checkout_redesign,1743,control,2025-05-14,0
checkout_redesign,1191,treatment,2025-06-23,0
checkout_redesign,2821,control,2024-07-15,0
checkout_redesign,254,treatment,2025-05-25,1
checkout_redesign,542,control,2025-05-22,0
checkout_redesign,1594,treatment,2024-08-29,0
checkout_redesign,484,control,2024-12-10,0
checkout_redesign,1872,treatment,2025-09-15,0
checkout_redesign,2290,control,2025-07-17,0
checkout_redesign,1786,treatment,2025-10-21,0
checkout_redesign,572,control,2025-10-24,0
checkout_redesign,2237,treatment,2025-01-20,0
checkout_redesign,899,control,2025-03-09,0
checkout_redesign,1240,treatment,2025-10-22,0
checkout_redesign,2141,control,2024-10-10,0
checkout_redesign,2963,treatment,2024-09-22,0
checkout_redesign,2829,control,2025-12-31,0
checkout_redesign,2173,treatment,2025-05-11,0
checkout_redesign,1297,control,2025-10-15,0
checkout_redesign,1982,treatment,2024-10-22,1
checkout_redesign,2468,control,2025-03-24,0
checkout_redesign,1351,treatment,2025-08-06,0
checkout_redesign,1821,control,2024-11-01,0
checkout_redesign,1538,treatment,2025-09-17,0
checkout_redesign,318,control,2026-01-18,0
checkout_redesign,1046,treatment,2024-12-12,1
checkout_redesign,2880,control,2025-04-24,0
checkout_redesign,972,treatment,2024-09-08,0
checkout_redesign,689,control,2025-04-12,0
checkout_redesign,1541,treatment,2025-07-15,0
checkout_redesign,2014,control,2025-03-14,0
checkout_redesign,1940,treatment,2024-11-21,0
checkout_redesign,946,control,2024-11-21,1
checkout_redesign,2137,treatment,2024-07-18,0
checkout_redesign,2314,control,2024-07-17,0
checkout_redesign,2640,treatment,2025-04-22,0
checkout_redesign,844,control,2025-08-03,0
checkout_redesign,1034,treatment,2025-12-04,0
checkout_redesign,1401,control,2025-07-04,0
checkout_redesign,821,treatment,2024-11-24,0
checkout_redesign,1550,control,2025-11-30,1
checkout_redesign,971,treatment,2024-11-07,0
checkout_redesign,222,control,2025-08-12,0
checkout_redesign,977,treatment,2024-11-24,0
checkout_redesign,2766,control,2025-08-24,0
checkout_redesign,2613,treatment,2025-05-05,0
checkout_redesign,2693,control,2024-09-29,0
checkout_redesign,2645,treatment,2025-04-21,0
checkout_redesign,2954,control,2024-12-28,0
checkout_redesign,2403,treatment,2024-10-24,1
checkout_redesign,125,control,2025-08-25,0
checkout_redesign,415,treatment,2025-01-02,0
checkout_redesign,2184,control,2025-04-30,0
checkout_redesign,1097,treatment,2024-11-15,0
checkout_redesign,1247,control,2024-12-13,1
checkout_redesign,2241,treatment,2025-10-03,0
checkout_redesign,177,control,2024-08-27,0
checkout_redesign,445,treatment,2026-01-25,1
checkout_redesign,581,control,2025-10-03,0
checkout_redesign,750,treatment,2026-01-21,0
checkout_redesign,1100,control,2026-01-13,0
checkout_redesign,1254,treatment,2024-10-27,0
checkout_redesign,1383,control,2025-12-04,1
checkout_redesign,1422,treatment,2025-09-16,0
checkout_redesign,749,control,2025-08-21,1
checkout_redesign,2242,treatment,2024-07-25,0
checkout_redesign,2400,control,2025-09-24,0
checkout_redesign,1533,treatment,2025-06-25,1
checkout_redesign,1951,control,2025-12-07,0
checkout_redesign,1442,treatment,2025-01-12,0
checkout_redesign,1242,control,2024-11-01,0
checkout_redesign,1987,treatment,2024-12-05,0
checkout_redesign,2402,control,2024-10-30,0
checkout_redesign,330,treatment,2024-07-14,0
checkout_redesign,2175,control,2025-04-03,0
checkout_redesign,944,treatment,2025-12-13,0
checkout_redesign,2527,control,2025-11-27,1
checkout_redesign,1513,treatment,2024-12-23,0
checkout_redesign,196,control,2025-06-09,0
checkout_redesign,1137,treatment,2025-03-31,1
checkout_redesign,732,control,2025-08-01,0
checkout_redesign,314,treatment,2025-10-21,0
checkout_redesign,483,control,2025-08-30,0
checkout_redesign,51,treatment,2026-01-14,0
checkout_redesign,1040,control,2024-12-29,0
checkout_redesign,1485,treatment,2026-01-27,0
checkout_redesign,2138,control,2026-02-01,0
checkout_redesign,371,treatment,2024-09-06,0
checkout_redesign,643,control,2024-09-20,0
checkout_redesign,316,treatment,2025-04-03,0
checkout_redesign,547,control,2025-12-26,0
checkout_redesign,2754,treatment,2024-11-04,0
checkout_redesign,361,control,2025-02-21,0
checkout_redesign,556,treatment,2025-06-25,0
checkout_redesign,2159,control,2024-10-09,0
checkout_redesign,95,treatment,2025-03-10,0
checkout_redesign,1120,control,2025-11-15,0
checkout_redesign,548,treatment,2025-02-01,0
checkout_redesign,914,control,2025-10-14,1
checkout_redesign,2020,treatment,2025-09-06,1
checkout_redesign,256,control,2025-10-29,1
checkout_redesign,2210,treatment,2024-08-16,0
checkout_redesign,2840,control,2026-01-21,0
checkout_redesign,2757,treatment,2024-11-17,0
checkout_redesign,1440,control,2025-06-06,0
checkout_redesign,1611,treatment,2025-04-18,0
checkout_redesign,2847,control,2024-10-30,0
checkout_redesign,746,treatment,2025-07-24,0
checkout_redesign,718,control,2025-10-27,1
checkout_redesign,1570,treatment,2025-12-17,0
checkout_redesign,2047,control,2025-09-13,0
checkout_redesign,825,treatment,2024-12-22,1
checkout_redesign,681,control,2024-07-05,1
checkout_redesign,1659,treatment,2024-07-31,0
checkout_redesign,1800,control,2024-10-22,0
checkout_redesign,1366,treatment,2024-11-18,1
checkout_redesign,2788,control,2025-10-21,0
checkout_redesign,1407,treatment,2024-09-14,0
checkout_redesign,647,control,2025-06-04,0
checkout_redesign,1280,treatment,2024-08-30,1
checkout_redesign,61,control,2025-08-11,0
checkout_redesign,1841,treatment,2025-05-13,0
checkout_redesign,2161,control,2025-05-22,1
checkout_redesign,808,treatment,2026-01-22,1
checkout_redesign,304,control,2025-01-01,0
checkout_redesign,754,treatment,2025-11-11,0
checkout_redesign,220,control,2025-06-13,0
checkout_redesign,1992,treatment,2025-08-30,0
checkout_redesign,2647,control,2024-09-27,0
checkout_redesign,426,treatment,2024-07-31,1
checkout_redesign,1126,control,2025-06-02,1
checkout_redesign,2626,treatment,2024-09-09,0
checkout_redesign,1581,control,2024-12-14,0
checkout_redesign,2638,treatment,2025-09-09,0
checkout_redesign,1000,control,2025-05-07,0
checkout_redesign,1736,treatment,2026-01-20,1
checkout_redesign,1504,control,2025-08-18,0
checkout_redesign,591,treatment,2025-01-25,0
checkout_redesign,1963,control,2025-02-19,0
checkout_redesign,2994,treatment,2025-01-15,0
checkout_redesign,1295,control,2025-04-02,0
checkout_redesign,1211,treatment,2025-11-15,0
checkout_redesign,1556,control,2025-06-09,1
checkout_redesign,1551,treatment,2025-05-12,0
checkout_redesign,2588,control,2026-01-07,0
checkout_redesign,2064,treatment,2025-08-08,0
checkout_redesign,2273,control,2025-05-16,0
checkout_redesign,313,treatment,2025-07-29,0
checkout_redesign,2055,control,2025-03-02,1
checkout_redesign,838,treatment,2024-09-03,0
checkout_redesign,17,control,2025-09-15,0
checkout_redesign,2444,treatment,2025-11-21,1
checkout_redesign,682,control,2025-11-01,0
checkout_redesign,897,treatment,2026-01-31,0
checkout_redesign,923,control,2024-10-03,0
checkout_redesign,478,treatment,2025-10-03,0
checkout_redesign,1983,control,2024-11-02,1
checkout_redesign,2654,treatment,2025-08-14,0
checkout_redesign,2671,control,2025-11-14,0
checkout_redesign,1822,treatment,2024-07-24,0
checkout_redesign,694,control,2024-12-09,0
checkout_redesign,2951,treatment,2024-11-21,1
checkout_redesign,1967,control,2025-04-05,0
checkout_redesign,214,treatment,2025-03-17,0
checkout_redesign,1650,control,2024-12-03,0
checkout_redesign,966,treatment,2025-11-18,0
checkout_redesign,2595,control,2024-11-15,0
checkout_redesign,984,treatment,2025-01-21,0
checkout_redesign,2729,control,2025-07-01,0
checkout_redesign,2544,treatment,2025-11-11,0
checkout_redesign,1718,control,2025-01-07,0
checkout_redesign,735,treatment,2026-01-29,0
checkout_redesign,1372,control,2025-01-15,0
checkout_redesign,1755,treatment,2025-07-30,0
checkout_redesign,709,control,2025-12-26,0
checkout_redesign,128,treatment,2025-11-20,1
checkout_redesign,2837,control,2025-08-06,0
checkout_redesign,1948,treatment,2025-01-06,1
checkout_redesign,1673,control,2025-08-21,0
checkout_redesign,2706,treatment,2024-10-15,0
checkout_redesign,2609,control,2025-01-13,0
checkout_redesign,842,treatment,2025-09-15,0
checkout_redesign,774,control,2025-09-11,0
checkout_redesign,1700,treatment,2025-05-06,1
checkout_redesign,2152,control,2024-12-07,0
checkout_redesign,525,treatment,2025-02-24,0
checkout_redesign,1237,control,2024-12-16,0
checkout_redesign,131,treatment,2024-08-20,0
checkout_redesign,1603,control,2024-12-26,0
checkout_redesign,2668,treatment,2025-02-13,0
checkout_redesign,1793,control,2024-07-24,0
checkout_redesign,2416,treatment,2025-06-25,0
checkout_redesign,165,control,2024-10-10,0
checkout_redesign,2281,treatment,2025-05-06,0
checkout_redesign,94,control,2025-08-19,0
checkout_redesign,1752,treatment,2024-11-08,1
checkout_redesign,2510,control,2025-11-12,1
checkout_redesign,504,treatment,2024-11-18,0
checkout_redesign,929,control,2025-02-13,0
checkout_redesign,2813,treatment,2026-01-16,0
checkout_redesign,45,control,2024-07-10,0
checkout_redesign,2016,treatment,2025-12-13,0
checkout_redesign,1585,control,2024-11-24,1
checkout_redesign,2219,treatment,2024-07-07,0
checkout_redesign,895,control,2025-02-28,0
checkout_redesign,162,treatment,2025-03-07,0
checkout_redesign,2597,control,2024-09-20,0
checkout_redesign,2027,treatment,2025-05-28,0
checkout_redesign,42,control,2025-12-04,1
checkout_redesign,1249,treatment,2024-09-11,0
checkout_redesign,767,control,2025-10-24,0
checkout_redesign,2566,treatment,2025-07-05,0
checkout_redesign,2697,control,2024-11-11,0
checkout_redesign,1747,treatment,2025-06-23,1
checkout_redesign,1328,control,2025-10-30,0
checkout_redesign,982,treatment,2024-08-19,0
checkout_redesign,2939,control,2025-12-01,0
checkout_redesign,1531,treatment,2024-11-02,1
checkout_redesign,275,control,2025-04-10,0
checkout_redesign,611,treatment,2024-11-07,0
checkout_redesign,2193,control,2025-02-02,1
checkout_redesign,2264,treatment,2024-11-23,0
checkout_redesign,123,control,2025-07-08,0
checkout_redesign,2359,treatment,2025-04-16,0
checkout_redesign,1239,control,2025-08-01,0
checkout_redesign,1775,treatment,2024-11-17,0
checkout_redesign,2760,control,2024-07-07,0
checkout_redesign,2217,treatment,2025-12-23,0
checkout_redesign,881,control,2025-04-21,0
checkout_redesign,584,treatment,2025-11-05,0
checkout_redesign,2127,control,2024-10-26,0
checkout_redesign,16,treatment,2025-01-20,0
checkout_redesign,2343,control,2025-03-08,0
checkout_redesign,2917,treatment,2025-04-16,0
checkout_redesign,1246,control,2024-12-03,0
checkout_redesign,1985,treatment,2025-07-11,0
checkout_redesign,1259,control,2025-07-19,0
checkout_redesign,1540,treatment,2025-05-10,0
checkout_redesign,2112,control,2025-11-14,1
checkout_redesign,340,treatment,2024-10-07,0
checkout_redesign,1356,control,2025-11-03,0
checkout_redesign,6,treatment,2024-08-18,0
checkout_redesign,1004,control,2024-12-01,0
checkout_redesign,857,treatment,2025-08-29,0
checkout_redesign,2401,control,2024-09-06,0
checkout_redesign,509,treatment,2025-01-13,0
checkout_redesign,1482,control,2024-10-03,0
checkout_redesign,2888,treatment,2025-11-19,0
checkout_redesign,2456,control,2025-04-03,0
checkout_redesign,366,treatment,2025-02-15,0
checkout_redesign,715,control,2024-11-19,0
checkout_redesign,1809,treatment,2025-06-05,0
checkout_redesign,1869,control,2024-12-05,0
checkout_redesign,269,treatment,2025-06-23,1
checkout_redesign,1187,control,2025-01-24,0
checkout_redesign,2253,treatment,2024-07-20,0
checkout_redesign,2225,control,2024-09-05,0
checkout_redesign,2930,treatment,2026-01-13,0
checkout_redesign,1785,control,2024-09-07,0
checkout_redesign,119,treatment,2025-10-20,0
checkout_redesign,714,control,2025-12-03,0
checkout_redesign,771,treatment,2025-04-25,1
checkout_redesign,1905,control,2025-03-11,0
checkout_redesign,81,treatment,2025-10-23,0
checkout_redesign,1859,control,2025-06-27,0
checkout_redesign,1009,treatment,2024-11-03,0
checkout_redesign,1391,control,2024-12-07,1
checkout_redesign,2593,treatment,2024-10-12,0
checkout_redesign,276,control,2025-08-04,0
checkout_redesign,233,treatment,2025-03-01,0
checkout_redesign,1089,control,2025-01-27,0
checkout_redesign,2944,treatment,2025-05-01,0
checkout_redesign,1815,control,2025-02-22,1
checkout_redesign,1314,treatment,2025-05-26,0
checkout_redesign,1630,control,2025-08-18,0
checkout_redesign,1652,treatment,2024-08-20,0
checkout_redesign,1458,control,2024-11-28,0
checkout_redesign,519,treatment,2025-10-06,0
checkout_redesign,1107,control,2025-04-27,0
checkout_redesign,348,treatment,2024-12-03,0
checkout_redesign,64,control,2025-02-19,0
checkout_redesign,1731,treatment,2024-09-13,0
checkout_redesign,2919,control,2024-10-28,0
checkout_redesign,14,treatment,2025-09-08,0
checkout_redesign,1001,control,2024-08-28,1
checkout_redesign,863,treatment,2025-01-17,0
checkout_redesign,2494,control,2024-07-30,0
checkout_redesign,2987,treatment,2024-10-14,1
checkout_redesign,1395,control,2024-07-19,0
checkout_redesign,1692,treatment,2024-12-23,0
checkout_redesign,401,control,2025-08-17,0
checkout_redesign,1629,treatment,2025-07-10,0
checkout_redesign,279,control,2025-02-20,0
checkout_redesign,904,treatment,2024-08-30,1
checkout_redesign,1480,control,2025-05-15,0
checkout_redesign,134,treatment,2025-10-29,0
checkout_redesign,1782,control,2025-07-19,0
checkout_redesign,2568,treatment,2025-02-19,0
checkout_redesign,523,control,2024-07-13,0
checkout_redesign,104,treatment,2025-01-06,0
checkout_redesign,1487,control,2025-07-08,0
checkout_redesign,723,treatment,2025-07-17,0
checkout_redesign,2185,control,2025-04-30,0
checkout_redesign,2439,treatment,2024-12-07,0
checkout_redesign,2658,control,2025-01-21,0
checkout_redesign,44,treatment,2024-12-02,0
checkout_redesign,840,control,2025-05-21,1
checkout_redesign,443,treatment,2025-04-22,0
checkout_redesign,780,control,2024-10-07,0
checkout_redesign,432,treatment,2024-12-22,0
checkout_redesign,2269,control,2025-04-07,0
checkout_redesign,945,treatment,2025-11-14,1
checkout_redesign,292,control,2025-09-26,0
checkout_redesign,1657,treatment,2026-01-15,0
checkout_redesign,2198,control,2025-08-18,1
checkout_redesign,1465,treatment,2024-11-05,0
checkout_redesign,172,control,2025-05-05,0
checkout_redesign,2718,treatment,2024-12-13,0
checkout_redesign,1441,control,2025-10-01,0
checkout_redesign,1826,treatment,2025-12-07,0
checkout_redesign,1854,control,2025-11-12,0
checkout_redesign,2230,treatment,2026-01-16,1
checkout_redesign,2631,control,2025-06-14,0
checkout_redesign,2600,treatment,2025-06-28,0
checkout_redesign,1911,control,2024-09-02,0
checkout_redesign,198,treatment,2025-03-27,0
checkout_redesign,1408,control,2024-07-20,0
checkout_redesign,1265,treatment,2025-11-03,0
checkout_redesign,696,control,2026-01-24,0
checkout_redesign,1411,treatment,2025-01-19,0
checkout_redesign,963,control,2025-11-18,0
checkout_redesign,2213,treatment,2024-09-30,0
checkout_redesign,1618,control,2024-10-21,0
checkout_redesign,1555,treatment,2024-10-31,0
checkout_redesign,1975,control,2025-10-17,0
checkout_redesign,830,treatment,2025-08-19,1
checkout_redesign,721,control,2025-04-22,0
checkout_redesign,1311,treatment,2026-01-09,0
checkout_redesign,2743,control,2025-03-19,0
checkout_redesign,2864,treatment,2024-12-02,1
checkout_redesign,2728,control,2025-08-01,0
checkout_redesign,2594,treatment,2025-12-15,0
checkout_redesign,683,control,2025-12-12,0
checkout_redesign,1345,treatment,2025-09-01,1
checkout_redesign,72,control,2025-09-11,0
checkout_redesign,2069,treatment,2025-02-18,0
checkout_redesign,2511,control,2024-11-20,0
checkout_redesign,2559,treatment,2025-09-16,0
checkout_redesign,1792,control,2024-07-12,0
checkout_redesign,2778,treatment,2025-02-19,1
checkout_redesign,228,control,2025-07-17,0
checkout_redesign,53,treatment,2025-02-18,0
checkout_redesign,1425,control,2025-01-14,0
checkout_redesign,208,treatment,2026-01-09,0
checkout_redesign,1335,control,2026-01-09,0
checkout_redesign,1846,treatment,2025-11-09,1
checkout_redesign,2795,control,2025-03-27,0
checkout_redesign,49,treatment,2025-11-10,0
checkout_redesign,2077,control,2024-09-15,1
checkout_redesign,769,treatment,2025-03-03,0
checkout_redesign,676,control,2024-08-12,0
checkout_redesign,576,treatment,2025-01-31,0
checkout_redesign,1448,control,2024-09-21,1
checkout_redesign,2048,treatment,2025-10-20,0
checkout_redesign,1169,control,2024-08-29,0
checkout_redesign,1552,treatment,2025-06-29,0
checkout_redesign,2224,control,2025-05-07,0
checkout_redesign,421,treatment,2025-01-07,1
checkout_redesign,2406,control,2026-01-14,0
checkout_redesign,814,treatment,2025-07-08,0
checkout_redesign,1457,control,2025-05-07,0
checkout_redesign,2865,treatment,2026-01-07,0
checkout_redesign,4,control,2024-07-05,0
checkout_redesign,2335,treatment,2025-01-13,0
checkout_redesign,368,control,2024-10-27,0
checkout_redesign,2328,treatment,2024-07-18,1
checkout_redesign,1816,control,2025-01-17,0
checkout_redesign,1505,treatment,2025-10-31,0
checkout_redesign,118,control,2025-09-08,1
checkout_redesign,288,treatment,2024-11-27,0
checkout_redesign,2733,control,2025-03-26,0
checkout_redesign,1202,treatment,2025-10-22,0
checkout_redesign,2461,control,2025-04-03,0
checkout_redesign,1758,treatment,2025-02-10,0
checkout_redesign,1644,control,2025-01-30,0
checkout_redesign,1744,treatment,2025-12-21,1
checkout_redesign,1339,control,2024-09-11,0
checkout_redesign,2135,treatment,2025-07-09,0
checkout_redesign,336,control,2025-01-02,1
checkout_redesign,2801,treatment,2026-01-16,0
checkout_redesign,2261,control,2025-09-17,0
checkout_redesign,89,treatment,2025-04-15,0
checkout_redesign,2769,control,2025-05-08,0
checkout_redesign,1715,treatment,2024-07-09,0
checkout_redesign,2287,control,2024-09-12,0
checkout_redesign,960,treatment,2025-02-12,0
checkout_redesign,1569,control,2024-07-27,0
checkout_redesign,2775,treatment,2025-07-22,0
checkout_redesign,550,control,2024-11-17,1
checkout_redesign,717,treatment,2025-06-23,0
checkout_redesign,2044,control,2025-11-08,0
checkout_redesign,2433,treatment,2025-06-01,0
checkout_redesign,1397,control,2025-06-12,0
checkout_redesign,78,treatment,2024-07-29,0
checkout_redesign,2153,control,2024-09-16,0
checkout_redesign,1400,treatment,2025-08-29,0
checkout_redesign,1409,control,2025-01-22,0
checkout_redesign,1840,treatment,2024-11-27,0
checkout_redesign,2126,control,2025-12-28,1
checkout_redesign,1013,treatment,2025-08-22,0
checkout_redesign,2947,control,2025-02-23,0
checkout_redesign,558,treatment,2024-10-07,0
checkout_redesign,2338,control,2024-12-17,0
checkout_redesign,1961,treatment,2024-08-27,0
checkout_redesign,886,control,2025-08-20,0
checkout_redesign,394,treatment,2025-06-29,1
checkout_redesign,411,control,2025-07-01,0
checkout_redesign,1945,treatment,2026-01-31,0
checkout_redesign,2576,control,2024-11-03,1
checkout_redesign,573,treatment,2025-03-19,0
checkout_redesign,2171,control,2024-08-15,0
checkout_redesign,1679,treatment,2025-08-21,1
checkout_redesign,801,control,2025-01-18,1
checkout_redesign,40,treatment,2025-07-09,0
checkout_redesign,2479,control,2024-11-07,0
checkout_redesign,182,treatment,2025-05-12,0
checkout_redesign,1035,control,2025-03-25,0
checkout_redesign,2272,treatment,2025-04-07,0
checkout_redesign,2818,control,2024-08-27,0
checkout_redesign,383,treatment,2026-01-18,0
checkout_redesign,107,control,2025-09-29,0
checkout_redesign,1839,treatment,2024-11-26,0
checkout_redesign,2133,control,2024-10-02,0
checkout_redesign,1152,treatment,2025-11-07,0
checkout_redesign,1687,control,2025-11-09,0
checkout_redesign,740,treatment,2024-12-16,0
checkout_redesign,2872,control,2025-04-01,1
checkout_redesign,922,treatment,2024-11-06,0
checkout_redesign,674,control,2026-01-25,0
checkout_redesign,2105,treatment,2024-08-29,1
checkout_redesign,898,control,2025-03-06,0
checkout_redesign,2066,treatment,2025-02-10,0
checkout_redesign,2054,control,2025-05-06,0
checkout_redesign,1150,treatment,2024-12-14,0
checkout_redesign,428,control,2024-11-09,1
checkout_redesign,1148,treatment,2025-08-16,0
checkout_redesign,120,control,2025-02-13,0
checkout_redesign,657,treatment,2025-10-02,0
checkout_redesign,2656,control,2024-08-19,0
checkout_redesign,962,treatment,2025-02-11,0
checkout_redesign,820,control,2025-10-09,1
checkout_redesign,2858,treatment,2025-06-05,0
checkout_redesign,1789,control,2025-08-15,0
checkout_redesign,531,treatment,2025-11-05,0
checkout_redesign,1352,control,2025-01-12,0
checkout_redesign,481,treatment,2026-01-10,0
checkout_redesign,564,control,2025-03-30,0
checkout_redesign,1415,treatment,2025-05-04,0
checkout_redesign,467,control,2025-07-12,0
checkout_redesign,2683,treatment,2025-09-30,0
checkout_redesign,2289,control,2024-12-28,0
checkout_redesign,2305,treatment,2026-01-03,0
checkout_redesign,2632,control,2024-11-13,0
checkout_redesign,2586,treatment,2025-04-29,0
checkout_redesign,1299,control,2025-01-29,0
checkout_redesign,2107,treatment,2025-03-04,0
checkout_redesign,1912,control,2024-08-08,0
checkout_redesign,956,treatment,2025-08-14,0
checkout_redesign,293,control,2025-07-12,0
checkout_redesign,2183,treatment,2024-10-29,0
checkout_redesign,1215,control,2025-11-22,0
checkout_redesign,1250,treatment,2025-02-07,0
checkout_redesign,527,control,2024-12-05,0
checkout_redesign,2363,treatment,2025-09-05,1
checkout_redesign,2670,control,2025-04-05,0
checkout_redesign,1944,treatment,2025-07-28,0
checkout_redesign,1632,control,2024-08-11,0
checkout_redesign,2816,treatment,2024-07-30,0
checkout_redesign,658,control,2024-12-27,0
checkout_redesign,320,treatment,2025-02-21,0
checkout_redesign,2147,control,2026-01-26,0
checkout_redesign,2524,treatment,2025-04-04,1
checkout_redesign,1296,control,2024-10-08,0
checkout_redesign,1042,treatment,2025-08-28,0
checkout_redesign,1970,control,2025-01-21,0
checkout_redesign,234,treatment,2025-05-15,0
checkout_redesign,2025,control,2024-10-01,0
checkout_redesign,2583,treatment,2025-08-03,0
checkout_redesign,1916,control,2024-08-27,0
checkout_redesign,1024,treatment,2025-07-13,0
checkout_redesign,235,control,2025-02-13,0
checkout_redesign,2206,treatment,2025-03-31,0
checkout_redesign,1740,control,2025-08-04,0
checkout_redesign,1893,treatment,2025-02-26,0
checkout_redesign,1073,control,2024-12-28,0
checkout_redesign,332,treatment,2025-07-17,0
checkout_redesign,497,control,2024-08-11,0
checkout_redesign,614,treatment,2025-04-18,0
checkout_redesign,1146,control,2024-09-06,0
checkout_redesign,439,treatment,2025-07-26,0
checkout_redesign,1463,control,2025-10-13,0
checkout_redesign,2771,treatment,2025-06-14,0
checkout_redesign,964,control,2025-08-26,0
checkout_redesign,395,treatment,2025-01-23,0
checkout_redesign,2306,control,2025-05-19,0
checkout_redesign,831,treatment,2025-04-22,0
checkout_redesign,1739,control,2025-02-13,0
checkout_redesign,1350,treatment,2025-11-04,0
checkout_redesign,2753,control,2024-09-08,0
checkout_redesign,1424,treatment,2025-06-03,0
checkout_redesign,811,control,2025-12-03,1
checkout_redesign,2688,treatment,2025-03-03,0
checkout_redesign,1105,control,2024-07-21,0
checkout_redesign,2581,treatment,2024-12-07,0
checkout_redesign,1051,control,2026-01-07,0
checkout_redesign,947,treatment,2025-02-15,0
checkout_redesign,2990,control,2026-01-25,0
checkout_redesign,2569,treatment,2025-08-05,0
checkout_redesign,1499,control,2025-12-13,0
checkout_redesign,2466,treatment,2025-01-12,0
checkout_redesign,446,control,2025-04-16,0
checkout_redesign,1843,treatment,2025-12-15,0
checkout_redesign,656,control,2025-04-02,0
checkout_redesign,1880,treatment,2024-08-30,0
checkout_redesign,752,control,2025-02-08,0
checkout_redesign,1654,treatment,2024-07-22,0
checkout_redesign,1495,control,2025-09-10,0
checkout_redesign,850,treatment,2024-09-12,0
checkout_redesign,2375,control,2025-04-07,0
checkout_redesign,731,treatment,2024-12-25,0
checkout_redesign,1907,control,2025-07-26,0
checkout_redesign,2411,treatment,2025-12-08,0
checkout_redesign,2320,control,2024-11-25,0
checkout_redesign,1092,treatment,2025-01-03,0
checkout_redesign,2157,control,2025-09-12,1
checkout_redesign,779,treatment,2024-08-11,0
checkout_redesign,2883,control,2025-05-27,0
checkout_redesign,342,treatment,2025-03-14,0
checkout_redesign,596,control,2025-09-08,0
checkout_redesign,736,treatment,2025-01-12,0
checkout_redesign,1689,control,2026-01-16,1
checkout_redesign,1038,treatment,2024-11-24,0
checkout_redesign,2879,control,2025-12-02,1
checkout_redesign,1571,treatment,2025-07-18,0
checkout_redesign,1373,control,2025-01-25,0
checkout_redesign,910,treatment,2024-08-29,0
checkout_redesign,1796,control,2024-11-19,0
checkout_redesign,454,treatment,2025-03-28,0
checkout_redesign,1455,control,2025-02-05,0
checkout_redesign,2777,treatment,2025-09-25,1
checkout_redesign,2741,control,2025-07-24,0
checkout_redesign,2853,treatment,2024-07-24,0
checkout_redesign,2655,control,2025-08-28,0
checkout_redesign,1406,treatment,2024-09-24,0
checkout_redesign,2318,control,2025-10-11,0
checkout_redesign,2882,treatment,2025-06-22,0
checkout_redesign,1204,control,2025-02-16,0
checkout_redesign,1058,treatment,2024-12-01,0
checkout_redesign,2611,control,2025-05-24,0
checkout_redesign,1768,treatment,2025-05-28,0
checkout_redesign,1749,control,2024-11-23,0
checkout_redesign,1483,treatment,2025-04-21,0
checkout_redesign,2687,control,2024-11-04,0
checkout_redesign,2065,treatment,2024-09-24,0
checkout_redesign,908,control,2025-06-19,0
checkout_redesign,1371,treatment,2024-11-06,0
checkout_redesign,2982,control,2024-09-21,0
checkout_redesign,1213,treatment,2025-01-11,0
checkout_redesign,2079,control,2025-11-20,0
checkout_redesign,503,treatment,2025-10-19,0
checkout_redesign,82,control,2025-08-12,0
checkout_redesign,1662,treatment,2025-03-26,0
checkout_redesign,2262,control,2025-12-30,0
checkout_redesign,1379,treatment,2024-09-14,1
checkout_redesign,1914,control,2025-09-30,0
checkout_redesign,2060,treatment,2024-07-08,0
checkout_redesign,2445,control,2025-05-04,1
checkout_redesign,1349,treatment,2024-07-12,0
checkout_redesign,594,control,2024-08-24,1
checkout_redesign,2752,treatment,2025-04-26,0
checkout_redesign,926,control,2025-10-14,0
checkout_redesign,2684,treatment,2025-07-25,0
checkout_redesign,544,control,2025-05-23,0
checkout_redesign,1669,treatment,2025-01-10,0
checkout_redesign,2134,control,2025-09-08,0
checkout_redesign,1578,treatment,2025-10-06,0
checkout_redesign,1346,control,2024-07-18,0
checkout_redesign,1270,treatment,2025-10-26,0
checkout_redesign,1999,control,2025-07-06,1
checkout_redesign,2624,treatment,2024-08-18,0
checkout_redesign,1194,control,2025-02-10,0
checkout_redesign,1147,treatment,2024-11-20,0
checkout_redesign,2182,control,2025-03-16,1
checkout_redesign,918,treatment,2025-12-19,0
checkout_redesign,2642,control,2024-10-01,1
checkout_redesign,2988,treatment,2025-12-23,0
checkout_redesign,1901,control,2025-05-20,0
checkout_redesign,2500,treatment,2025-04-22,0
checkout_redesign,2514,control,2026-01-30,0
checkout_redesign,952,treatment,2025-01-16,1
checkout_redesign,2158,control,2025-10-07,0
checkout_redesign,2227,treatment,2024-07-30,0
checkout_redesign,2966,control,2025-11-30,0
checkout_redesign,1522,treatment,2025-03-30,0
checkout_redesign,1574,control,2025-09-25,0
checkout_redesign,1981,treatment,2025-01-23,0
checkout_redesign,1674,control,2024-09-21,0
checkout_redesign,795,treatment,2025-01-19,0
checkout_redesign,2599,control,2025-04-28,0
checkout_redesign,2573,treatment,2024-08-28,0
checkout_redesign,2007,control,2025-12-19,0
checkout_redesign,612,treatment,2025-02-18,0
checkout_redesign,2342,control,2024-12-05,0
checkout_redesign,2308,treatment,2025-03-13,0
checkout_redesign,2844,control,2024-11-14,0
checkout_redesign,2384,treatment,2024-10-07,0
checkout_redesign,1624,control,2024-07-26,0
checkout_redesign,968,treatment,2026-01-08,0
checkout_redesign,680,control,2025-04-27,1
checkout_redesign,62,treatment,2025-06-23,0
checkout_redesign,1432,control,2025-04-04,0
checkout_redesign,1402,treatment,2024-12-10,1
checkout_redesign,2298,control,2025-08-30,0
checkout_redesign,109,treatment,2024-11-24,0
checkout_redesign,2546,control,2025-07-28,0
checkout_redesign,489,treatment,2024-08-12,0
checkout_redesign,2905,control,2025-03-02,1
checkout_redesign,1065,treatment,2024-10-15,0
checkout_redesign,1930,control,2025-09-25,0
checkout_redesign,2523,treatment,2024-12-21,1
checkout_redesign,2900,control,2024-07-25,0
checkout_redesign,25,treatment,2025-10-25,0
checkout_redesign,2537,control,2025-08-01,0
checkout_redesign,2394,treatment,2024-08-18,0
checkout_redesign,1086,control,2025-03-24,0
checkout_redesign,1469,treatment,2026-01-07,0
checkout_redesign,1327,control,2024-11-27,0
checkout_redesign,480,treatment,2025-08-02,1
checkout_redesign,1823,control,2024-12-24,0
checkout_redesign,1476,treatment,2025-10-13,0
checkout_redesign,2312,control,2025-06-25,0
checkout_redesign,1431,treatment,2025-11-02,0
checkout_redesign,1564,control,2024-10-20,0
checkout_redesign,252,treatment,2024-10-08,0
checkout_redesign,2329,control,2025-02-19,1
checkout_redesign,2484,treatment,2025-06-12,0
checkout_redesign,2258,control,2025-09-09,0
checkout_redesign,471,treatment,2025-05-08,0
checkout_redesign,2525,control,2025-07-16,0
checkout_redesign,1607,treatment,2025-03-09,0
checkout_redesign,345,control,2025-11-15,0
checkout_redesign,1665,treatment,2026-01-13,0
checkout_redesign,286,control,2025-05-05,0
checkout_redesign,2234,treatment,2026-01-09,0
checkout_redesign,230,control,2025-12-25,0
checkout_redesign,1227,treatment,2024-09-08,0
checkout_redesign,1653,control,2025-05-05,0
checkout_redesign,1971,treatment,2024-09-02,0
checkout_redesign,2199,control,2025-05-21,0
checkout_redesign,2144,treatment,2024-07-05,0
checkout_redesign,2891,control,2025-01-24,0
checkout_redesign,2191,treatment,2024-10-27,0
checkout_redesign,1844,control,2025-08-15,0
checkout_redesign,164,treatment,2025-07-10,1
checkout_redesign,1756,control,2025-12-25,0
checkout_redesign,2874,treatment,2024-07-08,0
checkout_redesign,488,control,2024-10-21,0
checkout_redesign,1819,treatment,2024-12-22,0
checkout_redesign,1263,control,2025-01-17,0
checkout_redesign,326,treatment,2025-11-08,0
checkout_redesign,869,control,2025-05-01,0
checkout_redesign,1300,treatment,2025-08-18,0
checkout_redesign,2719,control,2025-04-29,0
checkout_redesign,2495,treatment,2025-05-05,0
checkout_redesign,79,control,2024-12-21,0
checkout_redesign,272,treatment,2025-10-30,0
checkout_redesign,2140,control,2024-12-10,0
checkout_redesign,216,treatment,2025-07-19,1
checkout_redesign,56,control,2024-12-16,0
checkout_redesign,624,treatment,2026-01-25,0
checkout_redesign,762,control,2025-03-15,0
checkout_redesign,2704,treatment,2025-06-23,0
checkout_redesign,1900,control,2025-06-27,0
checkout_redesign,1870,treatment,2025-05-24,0
checkout_redesign,1664,control,2025-12-20,0
checkout_redesign,282,treatment,2025-10-01,0
checkout_redesign,1344,control,2024-10-10,0
checkout_redesign,1052,treatment,2025-02-15,0
checkout_redesign,2419,control,2025-05-01,1
checkout_redesign,2233,treatment,2026-01-28,0
checkout_redesign,1115,control,2025-09-11,0
checkout_redesign,1382,treatment,2025-04-18,0
checkout_redesign,331,control,2024-12-15,0
checkout_redesign,1617,treatment,2025-05-14,0
checkout_redesign,1554,control,2024-10-07,0
checkout_redesign,2125,treatment,2025-01-14,0
checkout_redesign,372,control,2025-03-17,0
checkout_redesign,1879,treatment,2025-09-08,0
checkout_redesign,2725,control,2025-02-16,0
checkout_redesign,2832,treatment,2025-10-21,0
checkout_redesign,967,control,2025-04-30,0
checkout_redesign,2666,treatment,2025-02-26,0
checkout_redesign,2745,control,2025-01-30,0
checkout_redesign,1811,treatment,2026-01-07,0
checkout_redesign,291,control,2025-02-14,1
checkout_redesign,2415,treatment,2025-06-04,0
checkout_redesign,321,control,2025-05-24,0
checkout_redesign,1464,treatment,2024-10-11,0
checkout_redesign,1734,control,2024-10-02,0
checkout_redesign,1712,treatment,2025-11-26,0
checkout_redesign,2457,control,2025-04-08,0
checkout_redesign,102,treatment,2024-09-15,1
checkout_redesign,502,control,2025-03-01,0
checkout_redesign,2669,treatment,2025-10-05,1
checkout_redesign,1882,control,2026-01-16,0
checkout_redesign,486,treatment,2025-10-28,0
checkout_redesign,19,control,2025-12-30,0
checkout_redesign,702,treatment,2024-09-01,0
checkout_redesign,143,control,2024-07-06,0
checkout_redesign,1597,treatment,2026-01-13,0
checkout_redesign,2610,control,2025-01-25,0
checkout_redesign,2852,treatment,2025-02-17,0
checkout_redesign,425,control,2024-11-07,0
checkout_redesign,2899,treatment,2024-10-16,0
checkout_redesign,2515,control,2025-01-23,0
checkout_redesign,1387,treatment,2025-05-04,0
checkout_redesign,1244,control,2025-05-03,0
checkout_redesign,628,treatment,2024-10-02,0
checkout_redesign,2622,control,2024-12-22,0
checkout_redesign,2271,treatment,2025-02-23,0
checkout_redesign,248,control,2024-10-09,0
checkout_redesign,2726,treatment,2024-08-16,0
checkout_redesign,31,control,2025-06-14,0
checkout_redesign,1369,treatment,2024-12-10,0
checkout_redesign,1302,control,2025-08-30,0
checkout_redesign,901,treatment,2025-08-07,0
checkout_redesign,2709,control,2025-09-26,0
checkout_redesign,1166,treatment,2024-10-31,0
checkout_redesign,1708,control,2024-11-28,0
checkout_redesign,1648,treatment,2024-08-09,1
checkout_redesign,435,control,2025-06-16,0
checkout_redesign,2160,treatment,2024-07-16,0
checkout_redesign,416,control,2026-01-29,0
checkout_redesign,552,treatment,2025-01-28,0
checkout_redesign,528,control,2025-05-20,0
checkout_redesign,2086,treatment,2025-10-27,0
checkout_redesign,2793,control,2024-10-08,0
checkout_redesign,2203,treatment,2025-08-24,0
checkout_redesign,2789,control,2025-05-25,1
checkout_redesign,150,treatment,2024-11-19,0
checkout_redesign,111,control,2024-07-19,0
checkout_redesign,18,treatment,2025-09-21,0
checkout_redesign,323,control,2025-01-17,0
checkout_redesign,1646,treatment,2025-11-24,0
checkout_redesign,2092,control,2024-07-17,0
checkout_redesign,2747,treatment,2025-12-02,0
checkout_redesign,387,control,2025-01-31,1
checkout_redesign,2033,treatment,2025-07-23,0
checkout_redesign,2001,control,2025-06-13,0
checkout_redesign,2116,treatment,2024-10-01,0
checkout_redesign,2257,control,2025-07-02,0
checkout_redesign,1633,treatment,2025-01-02,0
checkout_redesign,1022,control,2025-03-14,0
checkout_redesign,1466,treatment,2025-11-28,1
checkout_redesign,2382,control,2024-12-28,0
checkout_redesign,2548,treatment,2024-07-14,0
checkout_redesign,1946,control,2025-09-01,0
checkout_redesign,615,treatment,2024-11-16,0
checkout_redesign,1063,control,2025-08-05,0
checkout_redesign,1598,treatment,2026-01-16,0
checkout_redesign,1887,control,2025-09-30,0
checkout_redesign,2038,treatment,2025-04-30,0
checkout_redesign,1316,control,2025-05-12,0
checkout_redesign,713,treatment,2025-05-05,0
checkout_redesign,1917,control,2025-10-10,0
checkout_redesign,1028,treatment,2025-12-28,0
checkout_redesign,2485,control,2024-09-25,0
checkout_redesign,1511,treatment,2024-11-11,0
checkout_redesign,1275,control,2025-10-01,0
checkout_redesign,2177,treatment,2024-11-23,1
checkout_redesign,833,control,2024-11-08,0
checkout_redesign,915,treatment,2024-11-25,0
checkout_redesign,1593,control,2025-01-06,0
checkout_redesign,1479,treatment,2025-12-25,0
checkout_redesign,2805,control,2025-06-13,0
checkout_redesign,2774,treatment,2025-03-14,0
checkout_redesign,2802,control,2024-11-27,0
checkout_redesign,1032,treatment,2024-07-15,0
checkout_redesign,212,control,2025-01-03,0
checkout_redesign,1241,treatment,2024-12-26,0
checkout_redesign,880,control,2025-08-27,0
checkout_redesign,622,treatment,2025-03-02,0
checkout_redesign,2293,control,2024-09-19,0
checkout_redesign,74,treatment,2026-01-16,0
checkout_redesign,2186,control,2025-04-13,0
checkout_redesign,2251,treatment,2025-02-27,0
checkout_redesign,604,control,2025-07-05,0
checkout_redesign,114,treatment,2025-03-02,0
checkout_redesign,2763,control,2025-09-09,0
checkout_redesign,1938,treatment,2025-01-05,1
checkout_redesign,1498,control,2025-02-11,0
checkout_redesign,688,treatment,2025-10-01,0
checkout_redesign,2652,control,2025-05-04,0
checkout_redesign,2735,treatment,2025-11-26,0
checkout_redesign,465,control,2025-09-24,1
checkout_redesign,2082,treatment,2024-10-10,0
checkout_redesign,1676,control,2024-10-28,0
checkout_redesign,209,treatment,2025-03-31,0
checkout_redesign,1472,control,2025-12-19,0
checkout_redesign,862,treatment,2025-11-22,0
checkout_redesign,1925,control,2025-04-07,0
checkout_redesign,1610,treatment,2025-12-20,0
checkout_redesign,2591,control,2024-10-26,0
checkout_redesign,2266,treatment,2024-10-08,0
checkout_redesign,2344,control,2025-05-13,0
checkout_redesign,2327,treatment,2025-09-06,0
checkout_redesign,2895,control,2025-02-01,0
checkout_redesign,34,treatment,2026-01-31,0
checkout_redesign,2398,control,2025-11-28,0
checkout_redesign,351,treatment,2024-12-30,0
checkout_redesign,1586,control,2025-06-26,0
checkout_redesign,797,treatment,2024-10-22,1
checkout_redesign,379,control,2025-10-03,0
checkout_redesign,2635,treatment,2026-01-10,0
checkout_redesign,2936,control,2025-07-27,1
checkout_redesign,2130,treatment,2024-12-30,0
checkout_redesign,452,control,2024-10-22,1
checkout_redesign,1492,treatment,2024-08-10,0
checkout_redesign,241,control,2025-12-01,1
checkout_redesign,561,treatment,2025-02-11,0
checkout_redesign,363,control,2024-09-09,0
checkout_redesign,1779,treatment,2025-04-19,0
checkout_redesign,300,control,2024-09-12,1
checkout_redesign,1904,treatment,2025-01-24,0
checkout_redesign,1273,control,2025-09-12,0
checkout_redesign,2436,treatment,2025-01-13,0
checkout_redesign,707,control,2024-10-19,0
checkout_redesign,65,treatment,2025-02-09,0
checkout_redesign,93,control,2026-01-04,0
checkout_redesign,1127,treatment,2025-02-15,0
checkout_redesign,983,control,2025-10-13,0
checkout_redesign,2118,treatment,2024-08-01,0
checkout_redesign,2831,control,2025-08-29,1
checkout_redesign,921,treatment,2025-02-06,0
checkout_redesign,2761,control,2024-09-11,0
checkout_redesign,419,treatment,2025-02-27,0
checkout_redesign,1298,control,2026-01-06,0
checkout_redesign,1119,treatment,2024-10-07,0
checkout_redesign,1501,control,2024-09-25,0
checkout_redesign,1701,treatment,2025-06-21,0
checkout_redesign,1741,control,2025-01-21,0
checkout_redesign,2909,treatment,2025-05-01,0
checkout_redesign,1532,control,2024-07-17,1
checkout_redesign,1728,treatment,2024-07-26,0
checkout_redesign,1584,control,2025-12-14,0
checkout_redesign,578,treatment,2025-10-04,0
checkout_redesign,186,control,2024-08-12,0
checkout_redesign,1078,treatment,2025-03-14,0
checkout_redesign,2131,control,2025-07-06,0
checkout_redesign,744,treatment,2025-04-10,0
checkout_redesign,2482,control,2025-08-13,0
checkout_redesign,325,treatment,2025-05-31,0
checkout_redesign,2378,control,2024-11-25,0
checkout_redesign,2392,treatment,2025-10-13,0
checkout_redesign,1847,control,2025-03-20,0
checkout_redesign,777,treatment,2024-11-08,0
checkout_redesign,1817,control,2026-01-30,0
checkout_redesign,2958,treatment,2025-01-23,0
checkout_redesign,1386,control,2025-03-09,0
checkout_redesign,116,treatment,2024-09-02,1
checkout_redesign,2356,control,2025-07-18,0
checkout_redesign,1568,treatment,2025-12-18,0
checkout_redesign,2959,control,2024-09-18,0
checkout_redesign,2039,treatment,2024-09-15,0
checkout_redesign,157,control,2025-06-03,0
checkout_redesign,879,treatment,2025-10-16,0
checkout_redesign,1801,control,2026-01-16,0
checkout_redesign,1995,treatment,2025-10-12,0
checkout_redesign,1258,control,2024-08-12,0
checkout_redesign,2304,treatment,2025-11-01,1
checkout_redesign,2097,control,2025-01-13,0
checkout_redesign,2254,treatment,2025-08-06,1
checkout_redesign,1678,control,2025-09-23,0
checkout_redesign,455,treatment,2024-11-09,0
checkout_redesign,936,control,2024-11-06,0
checkout_redesign,200,treatment,2025-07-26,0
checkout_redesign,2300,control,2024-07-09,0
checkout_redesign,2968,treatment,2025-02-18,1
checkout_redesign,2476,control,2025-04-15,0
checkout_redesign,1769,treatment,2024-10-20,0
checkout_redesign,1234,control,2024-12-02,0
checkout_redesign,437,treatment,2024-08-25,0
checkout_redesign,1672,control,2024-08-05,0
checkout_redesign,2835,treatment,2025-07-26,0
checkout_redesign,1861,control,2024-10-19,0
checkout_redesign,450,treatment,2024-09-28,0
checkout_redesign,2574,control,2025-04-17,0
checkout_redesign,482,treatment,2025-04-20,0
checkout_redesign,2734,control,2024-08-17,0
checkout_redesign,2211,treatment,2025-10-01,0
checkout_redesign,2451,control,2024-09-20,0
checkout_redesign,1696,treatment,2025-11-17,0
checkout_redesign,1394,control,2024-07-23,0
checkout_redesign,1680,treatment,2026-01-10,0
checkout_redesign,1229,control,2024-08-22,0
checkout_redesign,1530,treatment,2026-01-22,0
checkout_redesign,2710,control,2025-08-10,0
checkout_redesign,2443,treatment,2024-10-19,0
checkout_redesign,122,control,2025-03-23,0
checkout_redesign,1337,treatment,2025-11-17,0
checkout_redesign,2331,control,2025-04-27,1
checkout_redesign,1138,treatment,2025-03-26,0
checkout_redesign,2462,control,2025-02-19,0
checkout_redesign,479,treatment,2025-02-08,0
checkout_redesign,1197,control,2025-04-20,0
checkout_redesign,1926,treatment,2024-11-24,0
checkout_redesign,1077,control,2024-10-10,0
checkout_redesign,673,treatment,2025-07-28,0
checkout_redesign,381,control,2024-12-25,0
checkout_redesign,1754,treatment,2025-11-14,1
checkout_redesign,570,control,2024-07-28,0
checkout_redesign,2215,treatment,2025-10-28,0
checkout_redesign,492,control,2024-12-14,0
checkout_redesign,1960,treatment,2025-09-16,0
checkout_redesign,1201,control,2024-07-21,0
checkout_redesign,464,treatment,2024-10-05,0
checkout_redesign,1036,control,2025-05-05,0
checkout_redesign,1196,treatment,2025-04-13,0
checkout_redesign,792,control,2026-01-08,0
checkout_redesign,691,treatment,2025-07-27,0
checkout_redesign,281,control,2025-07-11,0
checkout_redesign,144,treatment,2026-01-06,0
checkout_redesign,2998,control,2025-02-07,0
checkout_redesign,2860,treatment,2025-10-13,0
checkout_redesign,2965,control,2025-09-23,0
checkout_redesign,71,treatment,2024-07-15,0
checkout_redesign,1118,control,2025-01-15,1
checkout_redesign,1553,treatment,2025-10-07,0
checkout_redesign,43,control,2024-11-06,0
checkout_redesign,283,treatment,2024-10-16,1
checkout_redesign,1496,control,2025-09-29,0
checkout_redesign,705,treatment,2025-02-18,1
checkout_redesign,2491,control,2025-06-27,0
checkout_redesign,1186,treatment,2024-07-26,0
checkout_redesign,1580,control,2025-06-19,0
checkout_redesign,405,treatment,2024-07-24,0
checkout_redesign,590,control,2025-08-16,0
checkout_redesign,775,treatment,2025-07-28,0
checkout_redesign,2216,control,2026-01-26,0
checkout_redesign,998,treatment,2026-01-12,0
checkout_redesign,1805,control,2025-10-20,0
checkout_redesign,2740,treatment,2025-04-09,0
checkout_redesign,2648,control,2025-10-04,0
checkout_redesign,2464,treatment,2025-01-10,0
checkout_redesign,659,control,2025-09-12,0
checkout_redesign,2101,treatment,2024-11-13,0
checkout_redesign,1776,control,2025-05-04,0
checkout_redesign,2689,treatment,2024-10-07,0
checkout_redesign,817,control,2025-03-28,0
checkout_redesign,1902,treatment,2024-07-30,0
checkout_redesign,224,control,2025-02-08,0
checkout_redesign,1192,treatment,2024-10-09,0
checkout_redesign,2881,control,2026-01-15,0
checkout_redesign,958,treatment,2024-11-07,0
checkout_redesign,2890,control,2025-09-07,0
checkout_redesign,392,treatment,2025-10-31,0
checkout_redesign,2024,control,2025-06-16,1
checkout_redesign,2296,treatment,2025-06-17,0
checkout_redesign,1675,control,2024-09-30,0
checkout_redesign,1686,treatment,2025-07-16,0
checkout_redesign,1656,control,2025-08-17,0
checkout_redesign,1838,treatment,2025-10-12,0
checkout_redesign,2167,control,2024-12-30,1
checkout_redesign,2354,treatment,2025-04-16,0
checkout_redesign,2223,control,2025-04-12,0
checkout_redesign,1039,treatment,2024-11-13,0
checkout_redesign,247,control,2025-03-24,0
checkout_redesign,2785,treatment,2024-09-06,0
checkout_redesign,2730,control,2024-09-23,0
checkout_redesign,1468,treatment,2025-05-07,0
checkout_redesign,295,control,2025-04-06,0
checkout_redesign,1099,treatment,2026-01-29,0
checkout_redesign,2467,control,2025-02-21,0
checkout_redesign,763,treatment,2024-10-26,0
checkout_redesign,1460,control,2025-08-28,0
checkout_redesign,2737,treatment,2024-08-20,0
checkout_redesign,636,control,2025-12-07,0
checkout_redesign,758,treatment,2025-12-13,0
checkout_redesign,1083,control,2025-11-22,0
checkout_redesign,1454,treatment,2025-11-17,0
checkout_redesign,2897,control,2025-02-17,0
checkout_redesign,2518,treatment,2025-04-24,0
checkout_redesign,2877,control,2025-08-08,0
checkout_redesign,1572,treatment,2025-04-24,0
checkout_redesign,2085,control,2024-08-25,0
checkout_redesign,800,treatment,2025-08-06,1
checkout_redesign,2499,control,2025-07-18,1
checkout_redesign,322,treatment,2025-12-22,0
checkout_redesign,2091,control,2025-03-15,1
checkout_redesign,1670,treatment,2024-10-03,0
checkout_redesign,2572,control,2025-07-09,0
checkout_redesign,1111,treatment,2025-01-15,0
checkout_redesign,92,control,2024-09-04,0
checkout_redesign,2596,treatment,2024-08-29,0
checkout_redesign,932,control,2025-11-23,0
checkout_redesign,553,treatment,2024-07-10,0
checkout_redesign,1515,control,2025-01-21,0
checkout_redesign,1277,treatment,2024-12-10,0
checkout_redesign,2616,control,2025-03-02,0
checkout_redesign,2838,treatment,2026-01-24,0
checkout_redesign,2487,control,2024-09-19,0
checkout_redesign,1064,treatment,2024-09-10,0
checkout_redesign,2792,control,2024-12-23,0
checkout_redesign,2886,treatment,2025-01-17,0
checkout_redesign,1062,control,2024-11-26,0
checkout_redesign,906,treatment,2025-03-13,0
checkout_redesign,856,control,2024-09-13,0
checkout_redesign,2633,treatment,2025-03-12,0
checkout_redesign,913,control,2026-01-20,0
checkout_redesign,605,treatment,2024-10-03,0
checkout_redesign,1888,control,2025-10-15,0
checkout_redesign,1223,treatment,2025-05-05,1
checkout_redesign,1649,control,2025-11-04,0
checkout_redesign,2615,treatment,2025-08-31,0
checkout_redesign,12,control,2025-08-27,0
checkout_redesign,265,treatment,2025-08-08,0
checkout_redesign,2738,control,2025-11-29,0
checkout_redesign,2585,treatment,2024-09-25,0
checkout_redesign,2150,control,2025-07-27,0
checkout_redesign,2836,treatment,2025-10-22,0
checkout_redesign,2508,control,2025-12-22,0
checkout_redesign,991,treatment,2025-04-10,1
checkout_redesign,1398,control,2025-01-01,0
checkout_redesign,127,treatment,2024-12-22,1
checkout_redesign,1781,control,2024-08-16,0
checkout_redesign,2819,treatment,2024-07-03,0
checkout_redesign,639,control,2025-11-24,1
checkout_redesign,170,treatment,2025-08-06,0
checkout_redesign,1717,control,2025-10-30,0
checkout_redesign,1255,treatment,2025-09-11,0
checkout_redesign,2074,control,2025-07-25,0
checkout_redesign,559,treatment,2024-10-27,0
checkout_redesign,521,control,2025-01-12,0
checkout_redesign,2605,treatment,2025-01-05,0
checkout_redesign,1804,control,2025-04-16,0
checkout_redesign,1153,treatment,2025-03-22,0
checkout_redesign,91,control,2025-10-18,0
checkout_redesign,675,treatment,2025-08-19,0
checkout_redesign,2465,control,2025-09-08,0
checkout_redesign,1462,treatment,2024-08-19,0
checkout_redesign,555,control,2025-01-31,0
checkout_redesign,296,treatment,2025-05-29,0
checkout_redesign,508,control,2024-12-16,0
checkout_redesign,1172,treatment,2025-05-17,0
checkout_redesign,1003,control,2025-07-18,0
checkout_redesign,1745,treatment,2025-01-27,1
checkout_redesign,640,control,2025-08-02,0
checkout_redesign,1885,treatment,2025-08-29,0
checkout_redesign,2533,control,2024-07-20,0
checkout_redesign,389,treatment,2025-05-08,0
checkout_redesign,204,control,2025-09-18,0
checkout_redesign,2898,treatment,2025-12-07,0
checkout_redesign,2362,control,2025-10-25,0
checkout_redesign,652,treatment,2024-08-20,0
checkout_redesign,824,control,2024-11-25,0
checkout_redesign,1699,treatment,2024-12-18,1
checkout_redesign,999,control,2024-11-11,1
checkout_redesign,431,treatment,2025-12-08,0
checkout_redesign,571,control,2025-04-25,0
checkout_redesign,2867,treatment,2025-08-12,0
checkout_redesign,1175,control,2026-01-09,0
checkout_redesign,2032,treatment,2025-06-24,0
checkout_redesign,2506,control,2025-08-22,0
checkout_redesign,872,treatment,2024-11-05,0
checkout_redesign,2071,control,2025-04-13,0
checkout_redesign,2681,treatment,2025-06-01,0
checkout_redesign,255,control,2024-09-05,0
checkout_redesign,597,treatment,2024-11-02,1
checkout_redesign,1780,control,2024-10-17,0
checkout_redesign,2841,treatment,2024-10-22,0
checkout_redesign,2164,control,2025-04-03,0
checkout_redesign,87,treatment,2025-03-20,0
checkout_redesign,1087,control,2024-12-11,0
checkout_redesign,1759,treatment,2024-08-10,0
checkout_redesign,826,control,2025-10-19,0
checkout_redesign,2764,treatment,2025-05-17,0
checkout_redesign,1802,control,2024-08-27,0
checkout_redesign,112,treatment,2025-02-12,0
checkout_redesign,1910,control,2024-12-07,0
checkout_redesign,485,treatment,2025-01-14,0
checkout_redesign,798,control,2024-07-08,0
checkout_redesign,1419,treatment,2025-12-29,1
checkout_redesign,2646,control,2024-10-05,0
checkout_redesign,10,treatment,2025-08-31,0
checkout_redesign,1426,control,2025-03-03,1
checkout_redesign,1589,treatment,2024-08-19,0
checkout_redesign,1924,control,2025-12-08,0
checkout_redesign,1604,treatment,2025-10-30,0
checkout_redesign,225,control,2025-08-06,1
checkout_redesign,2155,treatment,2025-07-22,1
checkout_redesign,1878,control,2025-09-22,0
checkout_redesign,2333,treatment,2024-07-14,0
checkout_redesign,451,control,2025-08-11,0
checkout_redesign,1082,treatment,2025-10-15,0
checkout_redesign,2381,control,2025-02-06,0
checkout_redesign,1545,treatment,2024-07-27,0
checkout_redesign,788,control,2024-07-25,0
checkout_redesign,1974,treatment,2024-10-13,0
checkout_redesign,1162,control,2026-01-06,0
checkout_redesign,988,treatment,2024-08-26,0
checkout_redesign,187,control,2025-01-20,0
checkout_redesign,7,treatment,2025-07-12,0
checkout_redesign,160,control,2025-07-05,0
checkout_redesign,2651,treatment,2025-09-05,0
checkout_redesign,2010,control,2025-05-13,0
checkout_redesign,651,treatment,2025-10-13,1
checkout_redesign,1625,control,2025-12-20,0
checkout_redesign,2221,treatment,2025-09-24,0
checkout_redesign,1875,control,2024-11-24,0
checkout_redesign,356,treatment,2024-08-15,0
checkout_redesign,1133,control,2025-11-26,0
checkout_redesign,2797,treatment,2024-11-14,0
checkout_redesign,1380,control,2025-03-23,0
checkout_redesign,2894,treatment,2024-09-13,0
checkout_redesign,1596,control,2025-04-13,0
checkout_redesign,1750,treatment,2025-04-08,0
checkout_redesign,1803,control,2024-07-14,0
checkout_redesign,2323,treatment,2025-12-17,1
checkout_redesign,1521,control,2025-06-16,0
checkout_redesign,397,treatment,2024-10-10,0
checkout_redesign,1949,control,2025-08-28,0
checkout_redesign,1101,treatment,2024-08-07,0
checkout_redesign,2621,control,2025-05-13,0
checkout_redesign,2993,treatment,2025-09-21,0
checkout_redesign,1256,control,2025-10-13,0
checkout_redesign,1047,treatment,2025-03-31,1
checkout_redesign,2924,control,2025-04-19,0
checkout_redesign,1890,treatment,2024-11-13,0
checkout_redesign,2567,control,2025-04-17,0
checkout_redesign,2839,treatment,2024-07-07,1
checkout_redesign,249,control,2025-03-16,0
checkout_redesign,1766,treatment,2025-06-16,0
checkout_redesign,855,control,2025-05-05,0
checkout_redesign,154,treatment,2024-12-08,0
checkout_redesign,1074,control,2025-06-23,0
checkout_redesign,2758,treatment,2025-01-19,0
checkout_redesign,2973,control,2025-11-01,0
checkout_redesign,1935,treatment,2024-09-13,0
checkout_redesign,854,control,2024-10-06,0
checkout_redesign,1310,treatment,2025-09-10,0
checkout_redesign,2123,control,2025-11-18,0
checkout_redesign,885,treatment,2025-11-30,0
checkout_redesign,1884,control,2025-01-31,0
checkout_redesign,1867,treatment,2025-04-12,0
checkout_redesign,1753,control,2025-09-26,1
checkout_redesign,1898,treatment,2024-07-12,0
checkout_redesign,679,control,2025-01-30,0
checkout_redesign,367,treatment,2025-02-03,0
checkout_redesign,790,control,2024-11-29,0
checkout_redesign,729,treatment,2026-01-26,0
checkout_redesign,54,control,2024-07-29,0
checkout_redesign,1414,treatment,2025-07-01,1
checkout_redesign,290,control,2026-01-19,0
checkout_redesign,2089,treatment,2025-02-11,0
checkout_redesign,1807,control,2025-12-23,0
checkout_redesign,2696,treatment,2025-12-06,0
checkout_redesign,1836,control,2025-04-23,0
checkout_redesign,579,treatment,2024-10-28,0
checkout_redesign,1849,control,2025-05-13,0
checkout_redesign,1230,treatment,2025-12-10,1
checkout_redesign,995,control,2025-11-18,1
checkout_redesign,2577,treatment,2024-12-20,1
checkout_redesign,738,control,2025-01-07,0
checkout_redesign,1181,treatment,2025-02-05,0
checkout_redesign,2686,control,2025-12-25,0
checkout_redesign,1818,treatment,2025-09-06,0
checkout_redesign,773,control,2024-09-02,0
checkout_redesign,59,treatment,2025-01-16,0
checkout_redesign,2950,control,2024-11-10,0
checkout_redesign,2803,treatment,2026-01-30,0
checkout_redesign,463,control,2024-07-20,0
checkout_redesign,1626,treatment,2025-07-06,0
checkout_redesign,510,control,2025-07-27,0
checkout_redesign,1177,treatment,2024-08-10,0
checkout_redesign,2690,control,2025-11-20,0
checkout_redesign,2407,treatment,2025-01-23,0
checkout_redesign,2948,control,2025-12-17,0
checkout_redesign,2426,treatment,2025-09-12,0
checkout_redesign,1526,control,2025-11-11,0
checkout_redesign,2458,treatment,2025-01-27,0
checkout_redesign,1334,control,2025-03-29,0
checkout_redesign,337,treatment,2025-01-19,0
checkout_redesign,1605,control,2025-05-13,0
checkout_redesign,175,treatment,2026-01-17,0
checkout_redesign,687,control,2025-04-23,0
checkout_redesign,399,treatment,2025-07-25,0
checkout_redesign,2364,control,2025-10-28,0
checkout_redesign,1539,treatment,2025-08-15,1
checkout_redesign,2417,control,2025-02-18,0
checkout_redesign,1591,treatment,2025-01-03,1
checkout_redesign,770,control,2025-09-30,0
checkout_redesign,1697,treatment,2025-11-16,0
checkout_redesign,978,control,2025-04-05,0
checkout_redesign,38,treatment,2024-11-27,0
checkout_redesign,1608,control,2025-10-06,0
onboarding_email,1429,treatment,2024-09-11,1
onboarding_email,1136,control,2025-03-10,1
onboarding_email,2558,treatment,2026-01-28,0
onboarding_email,2489,control,2025-01-21,1
onboarding_email,1799,treatment,2025-10-23,0
onboarding_email,1438,control,2024-11-23,1
onboarding_email,2547,treatment,2025-01-01,0
onboarding_email,3,control,2025-06-05,0
onboarding_email,1660,treatment,2025-04-13,0
onboarding_email,2045,control,2025-11-25,0
onboarding_email,2307,treatment,2025-11-05,0
onboarding_email,2192,control,2025-02-04,0
onboarding_email,403,treatment,2025-06-10,0
onboarding_email,2856,control,2025-03-07,1
onboarding_email,2503,treatment,2025-05-06,0
onboarding_email,2986,control,2024-08-02,1
onboarding_email,1357,treatment,2024-12-19,1
onboarding_email,1189,control,2024-11-21,0
onboarding_email,1358,treatment,2024-08-29,0
onboarding_email,459,control,2025-12-10,0
onboarding_email,1655,treatment,2026-01-09,1
onboarding_email,1876,control,2025-11-29,0
onboarding_email,2842,treatment,2024-09-22,1
onboarding_email,1763,control,2025-12-03,0
onboarding_email,1251,treatment,2025-11-29,0
onboarding_email,2195,control,2025-05-05,0
onboarding_email,140,treatment,2025-02-03,0
onboarding_email,1956,control,2025-10-13,1
onboarding_email,218,treatment,2025-10-28,1
onboarding_email,2629,control,2024-08-20,1
onboarding_email,2012,treatment,2024-07-28,1
onboarding_email,2674,control,2025-06-18,1
onboarding_email,2825,treatment,2024-08-14,0
onboarding_email,2630,control,2025-05-14,1
onboarding_email,804,treatment,2024-09-23,0
onboarding_email,1427,control,2026-01-31,0
onboarding_email,889,treatment,2025-02-07,0
onboarding_email,1453,control,2025-05-20,0
onboarding_email,246,treatment,2025-04-16,0
onboarding_email,698,control,2025-12-20,1
onboarding_email,2369,treatment,2024-09-30,0
onboarding_email,847,control,2025-05-26,0
onboarding_email,2932,treatment,2025-01-27,1
onboarding_email,2423,control,2024-12-21,0
onboarding_email,1730,treatment,2025-11-24,0
onboarding_email,2255,control,2025-12-29,0
onboarding_email,2714,treatment,2025-07-28,1
onboarding_email,210,control,2025-01-26,0
onboarding_email,2490,treatment,2025-05-08,1
onboarding_email,1292,control,2025-06-20,0
onboarding_email,1477,treatment,2024-08-26,0
onboarding_email,393,control,2024-07-04,0
onboarding_email,1716,treatment,2025-05-16,0
onboarding_email,1188,control,2024-11-29,1
onboarding_email,852,treatment,2024-07-06,0
onboarding_email,1104,control,2025-02-02,1
onboarding_email,2927,treatment,2025-05-14,0
onboarding_email,1055,control,2025-11-23,0
onboarding_email,2480,treatment,2025-06-07,0
onboarding_email,533,control,2024-07-31,0
onboarding_email,583,treatment,2024-08-04,1
onboarding_email,2405,control,2025-05-08,0
onboarding_email,2869,treatment,2025-04-23,0
onboarding_email,460,control,2024-08-11,0
onboarding_email,789,treatment,2025-09-06,1
onboarding_email,110,control,2025-12-09,0
onboarding_email,1677,treatment,2025-09-15,1
onboarding_email,262,control,2025-07-06,0
onboarding_email,1777,treatment,2026-01-27,0
onboarding_email,1481,control,2025-01-29,0
onboarding_email,644,treatment,2025-07-15,0
onboarding_email,919,control,2024-07-15,1
onboarding_email,1737,treatment,2024-10-16,0
onboarding_email,574,control,2025-09-02,0
onboarding_email,2806,treatment,2025-07-25,0
onboarding_email,2560,control,2025-01-22,1
onboarding_email,2915,treatment,2024-12-30,0
onboarding_email,141,control,2025-06-04,0
onboarding_email,1850,treatment,2025-01-07,1
onboarding_email,1742,control,2025-08-20,1
onboarding_email,2052,treatment,2025-12-31,0
onboarding_email,2781,control,2025-02-04,1
onboarding_email,2103,treatment,2024-08-14,1
onboarding_email,2209,control,2025-11-06,0
onboarding_email,1705,treatment,2025-12-17,0
onboarding_email,2512,control,2026-02-01,0
onboarding_email,244,treatment,2025-03-22,1
onboarding_email,1913,control,2025-09-15,0
onboarding_email,1931,treatment,2025-06-29,0
onboarding_email,1392,control,2024-11-25,0
onboarding_email,613,treatment,2025-04-23,0
onboarding_email,2984,control,2024-12-29,0
onboarding_email,541,treatment,2026-01-29,0
onboarding_email,495,control,2025-05-15,0
onboarding_email,1141,treatment,2025-08-17,0
onboarding_email,1284,control,2025-10-04,0
onboarding_email,148,treatment,2025-09-06,0
onboarding_email,1145,control,2025-05-07,0
onboarding_email,2498,treatment,2024-10-22,1
onboarding_email,637,control,2024-07-01,0
onboarding_email,2708,treatment,2025-02-17,0
onboarding_email,2845,control,2024-07-28,0
onboarding_email,1221,treatment,2025-09-14,0
onboarding_email,2214,control,2024-08-02,1
onboarding_email,1790,treatment,2024-07-20,1
onboarding_email,1738,control,2025-01-18,1
onboarding_email,2114,treatment,2024-08-26,0
onboarding_email,1305,control,2025-04-21,0
onboarding_email,1666,treatment,2025-03-04,0
onboarding_email,2676,control,2024-07-08,0
onboarding_email,96,treatment,2025-10-07,0
onboarding_email,1964,control,2024-10-02,0
onboarding_email,734,treatment,2025-11-14,0
onboarding_email,2073,control,2024-12-08,0
onboarding_email,2531,treatment,2024-11-20,1
onboarding_email,2519,control,2025-09-20,1
onboarding_email,338,treatment,2025-05-04,0
onboarding_email,925,control,2025-05-11,1
onboarding_email,2062,treatment,2025-10-15,1
onboarding_email,1619,control,2025-01-09,1
onboarding_email,1278,treatment,2025-11-13,0
onboarding_email,934,control,2025-03-15,1
onboarding_email,2229,treatment,2025-04-03,0
onboarding_email,1857,control,2024-07-09,0
onboarding_email,2517,treatment,2025-04-02,0
onboarding_email,1688,control,2024-09-04,1
onboarding_email,828,treatment,2025-03-12,0
onboarding_email,2876,control,2025-03-18,1
onboarding_email,493,treatment,2024-07-19,0
onboarding_email,2371,control,2025-06-07,0
onboarding_email,589,treatment,2024-09-16,0
onboarding_email,1774,control,2025-10-26,0
onboarding_email,183,treatment,2025-08-19,0
onboarding_email,1067,control,2025-11-21,0
onboarding_email,153,treatment,2024-07-08,0
onboarding_email,1287,control,2025-01-30,0
onboarding_email,554,treatment,2024-08-27,0
onboarding_email,2532,control,2025-02-17,1
onboarding_email,2863,treatment,2026-01-02,0
onboarding_email,2005,control,2025-01-02,0
onboarding_email,1303,treatment,2025-05-28,1
onboarding_email,1943,control,2024-11-18,1
onboarding_email,77,treatment,2025-08-20,0
onboarding_email,1168,control,2025-04-30,0
onboarding_email,1922,treatment,2025-03-12,0
onboarding_email,2529,control,2025-02-14,0
onboarding_email,1707,treatment,2026-01-09,0
onboarding_email,2530,control,2025-08-02,0
onboarding_email,1998,treatment,2025-10-27,1
onboarding_email,1563,control,2025-05-29,1
onboarding_email,1813,treatment,2025-12-20,1
onboarding_email,602,control,2025-08-20,1
onboarding_email,2319,treatment,2025-03-20,1
onboarding_email,1421,control,2024-11-10,0
onboarding_email,1488,treatment,2024-10-27,0
onboarding_email,2250,control,2025-04-27,0
onboarding_email,2502,treatment,2024-09-08,0
onboarding_email,2026,control,2025-04-27,0
onboarding_email,2943,treatment,2025-03-22,0
onboarding_email,1950,control,2024-12-09,0
onboarding_email,563,treatment,2025-09-06,1
onboarding_email,1128,control,2025-11-11,0
onboarding_email,1056,treatment,2025-09-29,0
onboarding_email,1393,control,2025-03-20,1
onboarding_email,1683,treatment,2025-10-28,0
onboarding_email,149,control,2024-11-23,1
onboarding_email,491,treatment,2025-01-20,1
onboarding_email,1909,control,2024-08-04,0
onboarding_email,2076,treatment,2025-09-10,1
onboarding_email,188,control,2025-06-27,0
onboarding_email,2866,treatment,2025-03-09,0
onboarding_email,1979,control,2025-03-22,0
onboarding_email,1140,treatment,2024-12-23,1
onboarding_email,2707,control,2024-08-26,1
onboarding_email,1693,treatment,2025-01-05,1
onboarding_email,1225,control,2024-07-05,0
onboarding_email,284,treatment,2024-11-26,0
onboarding_email,2017,control,2025-12-06,0
onboarding_email,1268,treatment,2024-07-17,0
onboarding_email,1447,control,2025-07-06,0
onboarding_email,47,treatment,2024-11-19,1
onboarding_email,1176,control,2025-07-06,0
onboarding_email,2408,treatment,2025-07-01,0
onboarding_email,20,control,2024-09-17,0
onboarding_email,1927,treatment,2024-07-01,1
onboarding_email,2395,control,2025-08-04,0
onboarding_email,2970,treatment,2024-12-03,1
onboarding_email,2023,control,2025-07-18,0
onboarding_email,2603,treatment,2024-12-18,0
onboarding_email,868,control,2026-01-26,0
onboarding_email,475,treatment,2024-10-05,0
onboarding_email,310,control,2025-09-21,0
onboarding_email,927,treatment,2024-08-19,0
onboarding_email,2985,control,2025-02-04,0
onboarding_email,2492,treatment,2025-02-19,0
onboarding_email,2070,control,2024-12-13,0
onboarding_email,2146,treatment,2024-11-17,1
onboarding_email,2174,control,2025-09-28,0
onboarding_email,2000,treatment,2024-09-16,0
onboarding_email,2575,control,2025-11-16,1
onboarding_email,29,treatment,2025-06-02,0
onboarding_email,137,control,2025-08-20,1
onboarding_email,184,treatment,2024-12-06,0
onboarding_email,343,control,2024-09-22,0
onboarding_email,410,treatment,2024-11-22,1
onboarding_email,2896,control,2025-05-16,1
onboarding_email,2995,treatment,2025-02-09,0
onboarding_email,1091,control,2025-01-21,0
onboarding_email,522,treatment,2025-08-19,0
onboarding_email,2231,control,2024-10-01,0
onboarding_email,1094,treatment,2024-11-29,0
onboarding_email,24,control,2025-08-10,0
onboarding_email,142,treatment,2025-07-09,1
onboarding_email,185,control,2025-01-07,0
onboarding_email,1989,treatment,2024-10-06,1
onboarding_email,264,control,2024-08-24,0
onboarding_email,97,treatment,2024-12-29,1
onboarding_email,700,control,2026-01-25,0
onboarding_email,887,treatment,2025-10-30,0
onboarding_email,2321,control,2025-03-23,1
onboarding_email,1364,treatment,2025-11-29,1
onboarding_email,243,control,2025-03-12,1
onboarding_email,1112,treatment,2025-08-18,1
onboarding_email,1895,control,2025-04-24,0
onboarding_email,2339,treatment,2025-03-05,0
onboarding_email,1446,control,2024-08-03,0
onboarding_email,843,treatment,2025-06-21,0
onboarding_email,1331,control,2025-09-21,0
onboarding_email,385,treatment,2025-12-05,1
onboarding_email,1993,control,2025-07-10,1
onboarding_email,619,treatment,2026-01-27,0
onboarding_email,2859,control,2025-01-18,1
onboarding_email,429,treatment,2024-10-12,1
onboarding_email,2914,control,2024-11-16,0
onboarding_email,1261,treatment,2025-11-13,0
onboarding_email,884,control,2024-07-21,0
onboarding_email,2288,treatment,2025-06-06,0
onboarding_email,1647,control,2024-07-08,0
onboarding_email,557,treatment,2024-09-24,0
onboarding_email,2873,control,2025-01-25,0
onboarding_email,1174,treatment,2025-03-26,0
onboarding_email,2172,control,2025-02-02,1
onboarding_email,1117,treatment,2024-08-08,0
onboarding_email,816,control,2024-10-09,0
onboarding_email,1096,treatment,2024-10-19,0
onboarding_email,438,control,2024-08-29,0
onboarding_email,2430,treatment,2026-01-15,0
onboarding_email,2003,control,2024-08-16,0
onboarding_email,704,treatment,2024-10-05,0
onboarding_email,2851,control,2025-05-28,0
onboarding_email,1279,treatment,2025-03-26,1
onboarding_email,1347,control,2025-01-03,1
onboarding_email,2121,treatment,2025-12-12,0
onboarding_email,2322,control,2025-07-30,0
onboarding_email,202,treatment,2025-12-17,0
onboarding_email,2497,control,2025-03-14,0
onboarding_email,890,treatment,2024-11-08,1
onboarding_email,2286,control,2025-07-22,0
onboarding_email,2957,treatment,2025-08-08,0
onboarding_email,900,control,2024-09-03,0
onboarding_email,2981,treatment,2024-07-17,1
onboarding_email,2722,control,2025-11-12,0
onboarding_email,2448,treatment,2025-10-05,0
onboarding_email,813,control,2025-10-10,0
onboarding_email,2341,treatment,2024-07-26,0
onboarding_email,2246,control,2025-05-09,1
onboarding_email,373,treatment,2025-09-04,0
onboarding_email,846,control,2025-04-17,0
onboarding_email,1806,treatment,2025-05-02,0
onboarding_email,1367,control,2025-11-09,0
onboarding_email,1222,treatment,2025-01-03,1
onboarding_email,2117,control,2024-08-21,0
onboarding_email,1773,treatment,2025-10-01,0
onboarding_email,2336,control,2025-09-03,0
onboarding_email,1113,treatment,2025-07-02,0
onboarding_email,32,control,2025-02-20,1
onboarding_email,1921,treatment,2025-11-21,0
onboarding_email,1812,control,2025-12-31,0
onboarding_email,1199,treatment,2024-11-02,1
onboarding_email,396,control,2024-08-10,0
onboarding_email,2473,treatment,2025-06-22,0
onboarding_email,2765,control,2024-12-17,0
onboarding_email,1160,treatment,2025-07-18,0
onboarding_email,2637,control,2024-07-07,0
onboarding_email,2043,treatment,2024-12-23,0
onboarding_email,2200,control,2025-05-06,0
onboarding_email,2057,treatment,2025-09-06,0
onboarding_email,1698,control,2025-01-02,0
onboarding_email,1075,treatment,2025-05-19,1
onboarding_email,1179,control,2025-06-05,0
onboarding_email,457,treatment,2025-05-04,0
onboarding_email,382,control,2024-07-20,1
onboarding_email,1363,treatment,2025-04-07,0
onboarding_email,1764,control,2025-07-12,1
onboarding_email,2244,treatment,2024-09-15,1
onboarding_email,2413,control,2025-04-01,1
onboarding_email,1289,treatment,2024-11-13,0
onboarding_email,2299,control,2025-03-14,1
onboarding_email,1053,treatment,2024-10-06,1
onboarding_email,2313,control,2026-01-28,0
onboarding_email,2018,treatment,2025-05-28,0
onboarding_email,473,control,2025-01-09,0
onboarding_email,834,treatment,2025-01-21,0
onboarding_email,1410,control,2024-11-05,0
onboarding_email,829,treatment,2024-11-27,0
onboarding_email,2715,control,2025-10-31,1
onboarding_email,2636,treatment,2025-10-11,0
onboarding_email,108,control,2025-02-23,1
onboarding_email,1326,treatment,2024-07-24,0
onboarding_email,1797,control,2024-07-08,1
onboarding_email,1896,treatment,2025-11-06,0
onboarding_email,965,control,2024-10-22,0
onboarding_email,2019,treatment,2026-01-01,0
onboarding_email,2920,control,2025-12-21,0
onboarding_email,1059,treatment,2025-03-25,1
onboarding_email,339,control,2025-10-21,0
onboarding_email,1005,treatment,2025-05-20,1
onboarding_email,1874,control,2024-12-17,0
onboarding_email,1332,treatment,2025-05-14,0
onboarding_email,1871,control,2025-05-18,0
onboarding_email,1933,treatment,2025-10-27,0
onboarding_email,920,control,2024-11-10,0
onboarding_email,1638,treatment,2025-08-16,0
onboarding_email,1837,control,2024-09-03,0
onboarding_email,2702,treatment,2024-10-31,0
onboarding_email,2189,control,2024-07-10,0
onboarding_email,1494,treatment,2025-02-15,1
onboarding_email,1354,control,2025-09-15,1
onboarding_email,23,treatment,2024-10-16,0
onboarding_email,1702,control,2025-01-21,0
onboarding_email,2297,treatment,2025-08-07,1
onboarding_email,217,control,2025-06-02,0
onboarding_email,1304,treatment,2024-09-30,1
onboarding_email,2202,control,2025-04-29,1
onboarding_email,2068,treatment,2024-10-11,0
onboarding_email,812,control,2024-10-24,0
onboarding_email,1381,treatment,2024-11-21,1
onboarding_email,1542,control,2025-05-25,1
onboarding_email,1972,treatment,2025-02-02,1
onboarding_email,369,control,2024-11-08,1
onboarding_email,126,treatment,2025-05-04,0
onboarding_email,1443,control,2024-08-29,1
onboarding_email,2592,treatment,2025-12-31,0
onboarding_email,407,control,2025-03-11,0
onboarding_email,1233,treatment,2025-03-08,0
onboarding_email,1757,control,2025-09-27,0
onboarding_email,2315,treatment,2024-12-18,0
onboarding_email,1958,control,2025-12-15,0
onboarding_email,287,treatment,2025-05-21,0
onboarding_email,1044,control,2025-02-21,0
onboarding_email,2427,treatment,2024-10-07,1
onboarding_email,1173,control,2025-03-04,0
onboarding_email,2673,treatment,2024-12-10,0
onboarding_email,2119,control,2025-01-13,1
onboarding_email,414,treatment,2025-05-16,0
onboarding_email,787,control,2026-01-24,1
onboarding_email,2015,treatment,2025-02-17,0
onboarding_email,335,control,2025-07-30,0
onboarding_email,470,treatment,2024-12-13,0
onboarding_email,766,control,2025-10-01,1
onboarding_email,57,treatment,2024-09-20,0
onboarding_email,227,control,2024-07-16,1
onboarding_email,1125,treatment,2025-02-15,0
onboarding_email,2871,control,2024-08-07,0
onboarding_email,996,treatment,2025-04-11,0
onboarding_email,706,control,2025-07-13,1
onboarding_email,257,treatment,2024-07-30,0
onboarding_email,2259,control,2025-02-17,1
onboarding_email,2884,treatment,2025-06-16,1
onboarding_email,1451,control,2024-12-10,1
onboarding_email,105,treatment,2025-05-07,0
onboarding_email,2087,control,2025-01-09,0
onboarding_email,2850,treatment,2025-09-11,0
onboarding_email,2814,control,2025-11-03,0
onboarding_email,1286,treatment,2025-09-20,0
onboarding_email,2046,control,2025-05-05,0
onboarding_email,263,treatment,2025-11-30,0
onboarding_email,2028,control,2024-09-03,0
onboarding_email,1226,treatment,2025-09-13,0
onboarding_email,158,control,2024-12-21,1
onboarding_email,1266,treatment,2025-11-11,1
onboarding_email,1937,control,2024-07-28,0
onboarding_email,937,treatment,2025-05-19,0
onboarding_email,730,control,2025-04-03,0
onboarding_email,1338,treatment,2025-06-19,0
onboarding_email,2976,control,2024-09-19,1
onboarding_email,654,treatment,2025-04-30,0
onboarding_email,1592,control,2025-01-18,1
onboarding_email,178,treatment,2025-03-18,1
onboarding_email,1957,control,2024-12-24,0
onboarding_email,2145,treatment,2025-08-21,1
onboarding_email,2475,control,2025-10-04,1
onboarding_email,402,treatment,2025-06-10,0
onboarding_email,1151,control,2025-04-09,1
onboarding_email,1798,treatment,2025-05-28,1
onboarding_email,1343,control,2025-10-13,0
onboarding_email,2179,treatment,2025-07-23,0
onboarding_email,1253,control,2024-11-13,0
onboarding_email,2634,treatment,2025-11-25,0
onboarding_email,1219,control,2025-07-28,0
onboarding_email,1864,treatment,2025-04-06,0
onboarding_email,1257,control,2024-07-11,0
onboarding_email,297,treatment,2024-10-04,0
onboarding_email,139,control,2025-01-31,0
onboarding_email,2922,treatment,2024-09-29,1
onboarding_email,299,control,2024-08-07,0
onboarding_email,2756,treatment,2025-12-01,0
onboarding_email,2910,control,2025-06-05,0
onboarding_email,496,treatment,2025-02-10,0
onboarding_email,2388,control,2026-01-04,0
onboarding_email,2267,treatment,2025-10-30,1
onboarding_email,2351,control,2025-08-29,1
onboarding_email,311,treatment,2025-09-02,0
onboarding_email,994,control,2025-09-13,0
onboarding_email,2564,treatment,2024-08-20,0
onboarding_email,1497,control,2025-06-13,0
onboarding_email,621,treatment,2025-07-17,0
onboarding_email,2848,control,2024-09-16,1
onboarding_email,1637,treatment,2024-08-20,0
onboarding_email,2940,control,2026-01-31,0
onboarding_email,1361,treatment,2024-11-12,0
onboarding_email,849,control,2025-11-16,0
onboarding_email,1210,treatment,2025-12-02,1
onboarding_email,1209,control,2025-08-14,0
onboarding_email,807,treatment,2025-05-27,0
onboarding_email,1627,control,2026-01-03,0
onboarding_email,2228,treatment,2024-12-06,1
onboarding_email,1164,control,2024-10-26,0
onboarding_email,2675,treatment,2025-12-29,0
onboarding_email,294,control,2025-08-26,0
onboarding_email,1049,treatment,2024-07-02,0
onboarding_email,2385,control,2025-10-14,0
onboarding_email,2516,treatment,2025-09-23,0
onboarding_email,1134,control,2025-06-04,1
onboarding_email,507,treatment,2024-11-14,1
onboarding_email,1248,control,2025-11-30,0
onboarding_email,545,treatment,2025-02-03,0
onboarding_email,2421,control,2024-07-18,1
onboarding_email,2390,treatment,2025-05-26,0
onboarding_email,599,control,2025-05-28,0
onboarding_email,1641,treatment,2025-01-24,1
onboarding_email,2727,control,2026-01-23,1
onboarding_email,2545,treatment,2024-10-04,1
onboarding_email,836,control,2025-08-07,1
onboarding_email,2148,treatment,2024-09-23,1
onboarding_email,1081,control,2025-08-09,0
onboarding_email,520,treatment,2024-08-10,0
onboarding_email,2571,control,2024-12-05,0
onboarding_email,1143,treatment,2024-09-15,0
onboarding_email,2509,control,2025-01-16,0
onboarding_email,2857,treatment,2024-08-12,0
onboarding_email,2849,control,2025-12-25,0
onboarding_email,764,treatment,2025-04-06,0
onboarding_email,1684,control,2024-11-27,1
onboarding_email,2941,treatment,2024-07-31,1
onboarding_email,1622,control,2025-07-26,0
onboarding_email,2649,treatment,2025-02-18,0
onboarding_email,219,control,2024-08-19,1
onboarding_email,1029,treatment,2025-10-03,1
onboarding_email,2643,control,2025-06-14,0
onboarding_email,2918,treatment,2025-01-18,0
onboarding_email,192,control,2025-08-16,0
onboarding_email,2317,treatment,2024-11-01,0
onboarding_email,1430,control,2025-11-27,0
onboarding_email,2650,treatment,2025-06-05,0
onboarding_email,1340,control,2025-03-01,0
onboarding_email,722,treatment,2025-01-09,0
onboarding_email,1014,control,2025-10-26,0
onboarding_email,2099,treatment,2024-07-21,0
onboarding_email,1030,control,2024-09-03,0
onboarding_email,1449,treatment,2025-08-27,1
onboarding_email,327,control,2024-07-19,1
onboarding_email,147,treatment,2024-12-14,0
onboarding_email,2472,control,2025-11-26,0
onboarding_email,33,treatment,2025-02-22,0
onboarding_email,690,control,2024-10-16,1
onboarding_email,197,treatment,2025-05-16,0
onboarding_email,1527,control,2024-11-28,0
onboarding_email,903,treatment,2025-12-02,0
onboarding_email,2934,control,2024-07-14,1
onboarding_email,716,treatment,2025-10-18,1
onboarding_email,2041,control,2025-09-30,0
onboarding_email,1216,treatment,2025-11-05,0
onboarding_email,2815,control,2025-06-30,0
onboarding_email,1484,treatment,2025-11-04,1
onboarding_email,2713,control,2025-01-12,0
onboarding_email,784,treatment,2024-08-28,0
onboarding_email,2222,control,2025-08-09,0
onboarding_email,2412,treatment,2025-11-30,0
onboarding_email,324,control,2025-02-03,0
onboarding_email,2361,treatment,2025-05-09,0
onboarding_email,760,control,2024-09-27,0
onboarding_email,2717,treatment,2024-08-11,1
onboarding_email,1274,control,2025-05-09,0
onboarding_email,794,treatment,2024-07-06,0
onboarding_email,2929,control,2024-10-15,1
onboarding_email,1428,treatment,2025-04-16,0
onboarding_email,1609,control,2024-11-16,0
onboarding_email,1486,treatment,2025-05-27,1
onboarding_email,1829,control,2025-08-12,0
onboarding_email,1561,treatment,2025-11-18,0
onboarding_email,106,control,2025-12-28,0
onboarding_email,266,treatment,2025-03-17,0
onboarding_email,1066,control,2026-01-24,1
onboarding_email,902,treatment,2024-08-14,0
onboarding_email,1144,control,2025-07-12,0
onboarding_email,546,treatment,2024-08-22,1
onboarding_email,2796,control,2024-09-29,0
onboarding_email,1681,treatment,2025-02-28,0
onboarding_email,1106,control,2025-08-30,0
onboarding_email,2483,treatment,2025-09-22,0
onboarding_email,1642,control,2025-01-02,1
onboarding_email,1342,treatment,2024-08-04,1
onboarding_email,1537,control,2025-09-06,0
onboarding_email,1721,treatment,2025-01-08,0
onboarding_email,132,control,2024-07-28,0
onboarding_email,1667,treatment,2025-09-16,1
onboarding_email,1170,control,2025-01-28,1
onboarding_email,1490,treatment,2024-09-15,0
onboarding_email,174,control,2024-09-22,0
onboarding_email,2111,treatment,2025-02-26,0
onboarding_email,1600,control,2025-05-07,0
onboarding_email,1524,treatment,2025-06-23,1
onboarding_email,1824,control,2025-03-16,0
onboarding_email,2570,treatment,2025-06-23,0
onboarding_email,535,control,2025-04-14,0
onboarding_email,50,treatment,2024-07-05,0
onboarding_email,2762,control,2024-08-21,0
onboarding_email,2379,treatment,2024-08-16,0
onboarding_email,240,control,2025-04-12,1
onboarding_email,743,treatment,2025-07-23,0
onboarding_email,2029,control,2025-03-24,1
onboarding_email,641,treatment,2025-08-29,0
onboarding_email,2235,control,2026-01-29,0
onboarding_email,685,treatment,2024-07-22,1
onboarding_email,226,control,2024-09-22,0
onboarding_email,2409,treatment,2025-06-13,1
onboarding_email,2750,control,2024-12-14,0
onboarding_email,638,treatment,2025-04-29,0
onboarding_email,2826,control,2025-06-23,0
onboarding_email,1966,treatment,2026-01-22,0
onboarding_email,954,control,2024-11-13,1
onboarding_email,2937,treatment,2024-09-08,0
onboarding_email,1054,control,2025-03-12,0
onboarding_email,930,treatment,2025-06-01,1
onboarding_email,1180,control,2024-10-14,0
onboarding_email,1934,treatment,2026-01-24,0
onboarding_email,649,control,2025-03-13,1
onboarding_email,52,treatment,2025-12-24,0
onboarding_email,728,control,2026-01-05,1
onboarding_email,712,treatment,2025-11-16,0
onboarding_email,1865,control,2025-07-20,1
onboarding_email,630,treatment,2025-04-01,0
onboarding_email,2579,control,2025-08-18,1
onboarding_email,408,treatment,2025-09-21,1
onboarding_email,2799,control,2025-07-25,0
onboarding_email,2353,treatment,2024-09-06,1
onboarding_email,1080,control,2025-06-28,1
onboarding_email,551,treatment,2025-04-29,0
onboarding_email,601,control,2024-09-20,1
onboarding_email,2759,treatment,2024-12-01,0
onboarding_email,2278,control,2025-12-28,0
onboarding_email,2913,treatment,2024-07-13,0
onboarding_email,354,control,2025-10-19,0
onboarding_email,303,treatment,2025-01-04,0
onboarding_email,84,control,2025-07-10,0
onboarding_email,280,treatment,2024-11-14,1
onboarding_email,100,control,2024-08-19,0
onboarding_email,2627,treatment,2025-09-12,1
onboarding_email,2772,control,2024-09-08,0
onboarding_email,2424,treatment,2024-11-14,0
onboarding_email,1719,control,2025-06-20,1
onboarding_email,206,treatment,2024-11-29,0
onboarding_email,2440,control,2025-10-19,0
onboarding_email,307,treatment,2025-11-27,1
onboarding_email,1706,control,2025-12-05,1
onboarding_email,1928,treatment,2024-11-10,0
onboarding_email,928,control,2025-06-23,0
onboarding_email,2252,treatment,2024-07-01,0
onboarding_email,2002,control,2025-10-31,0
onboarding_email,2997,treatment,2025-07-31,1
onboarding_email,1695,control,2026-01-18,1
onboarding_email,506,treatment,2025-02-21,0
onboarding_email,608,control,2024-08-31,1
onboarding_email,2625,treatment,2024-07-11,1
onboarding_email,1535,control,2024-09-15,0
onboarding_email,2265,treatment,2026-01-31,0
onboarding_email,412,control,2025-09-08,0
onboarding_email,420,treatment,2025-07-06,1
onboarding_email,1318,control,2024-09-20,1
onboarding_email,1031,treatment,2025-11-05,1
onboarding_email,2682,control,2025-09-10,0
onboarding_email,540,treatment,2025-07-30,0
onboarding_email,2049,control,2025-11-29,1
onboarding_email,1130,treatment,2026-02-01,1
onboarding_email,2391,control,2024-11-11,0
onboarding_email,103,treatment,2025-07-26,0
onboarding_email,1474,control,2025-01-31,0
onboarding_email,568,treatment,2025-11-21,0
onboarding_email,1435,control,2026-01-12,1
onboarding_email,2808,treatment,2025-01-27,0
onboarding_email,99,control,2025-01-27,1
onboarding_email,1207,treatment,2025-11-01,1
onboarding_email,623,control,2024-11-04,1
onboarding_email,940,treatment,2025-07-27,0
onboarding_email,1994,control,2024-08-11,0
onboarding_email,1783,treatment,2025-03-27,0
onboarding_email,2083,control,2024-11-24,0
onboarding_email,1061,treatment,2025-04-25,0
onboarding_email,1139,control,2025-12-15,1
onboarding_email,2455,treatment,2025-10-11,1
onboarding_email,1185,control,2024-10-13,0
onboarding_email,444,treatment,2024-10-03,1
onboarding_email,888,control,2026-01-25,0
onboarding_email,1116,treatment,2024-09-10,0
onboarding_email,1722,control,2025-01-11,0
onboarding_email,864,treatment,2025-11-09,0
onboarding_email,655,control,2024-11-24,1
onboarding_email,606,treatment,2026-01-29,0
onboarding_email,600,control,2024-10-01,0
onboarding_email,2295,treatment,2025-11-03,1
onboarding_email,67,control,2026-02-01,0
onboarding_email,1323,treatment,2024-12-20,1
onboarding_email,2521,control,2024-10-27,0
onboarding_email,1980,treatment,2024-12-25,0
onboarding_email,892,control,2025-06-01,0
onboarding_email,2090,treatment,2025-02-18,0
onboarding_email,1131,control,2026-01-31,0
onboarding_email,362,treatment,2024-09-18,1
onboarding_email,1108,control,2025-08-16,0
onboarding_email,1710,treatment,2025-09-09,1
onboarding_email,2960,control,2026-01-18,1
onboarding_email,2584,treatment,2025-01-12,0
onboarding_email,2168,control,2025-09-03,0
onboarding_email,2843,treatment,2024-12-09,1
onboarding_email,2911,control,2025-05-23,0
onboarding_email,669,treatment,2025-04-19,0
onboarding_email,2389,control,2025-02-23,1
onboarding_email,2248,treatment,2024-07-02,0
onboarding_email,2124,control,2025-01-25,0
onboarding_email,1834,treatment,2025-10-02,1
onboarding_email,1313,control,2025-11-15,0
onboarding_email,772,treatment,2025-04-06,1
onboarding_email,2249,control,2025-12-31,0
onboarding_email,1437,treatment,2024-08-18,0
onboarding_email,2149,control,2025-03-16,0
onboarding_email,2277,treatment,2024-09-26,0
onboarding_email,440,control,2024-08-27,0
onboarding_email,404,treatment,2025-12-10,0
onboarding_email,1942,control,2025-07-29,0
onboarding_email,970,treatment,2024-11-23,0
onboarding_email,981,control,2024-07-03,1
onboarding_email,380,treatment,2026-01-25,0
onboarding_email,163,control,2025-04-03,0
onboarding_email,2974,treatment,2025-03-20,0
onboarding_email,2096,control,2025-06-02,0
onboarding_email,2916,treatment,2025-01-08,0
onboarding_email,1378,control,2025-05-19,0
onboarding_email,417,treatment,2026-01-08,0
onboarding_email,1110,control,2025-01-27,0
onboarding_email,2454,treatment,2025-08-03,0
onboarding_email,1583,control,2026-01-22,0
onboarding_email,1090,treatment,2024-12-29,1
onboarding_email,2154,control,2024-07-14,0
onboarding_email,2925,treatment,2026-01-21,0
onboarding_email,501,control,2025-05-15,0
onboarding_email,2534,treatment,2024-09-21,0
onboarding_email,2912,control,2024-09-01,1
onboarding_email,1599,treatment,2026-01-12,0
onboarding_email,1830,control,2025-09-07,0
onboarding_email,436,treatment,2025-11-17,0
onboarding_email,1478,control,2025-04-14,0
onboarding_email,2037,treatment,2025-10-28,0
onboarding_email,1293,control,2024-11-21,0
onboarding_email,364,treatment,2025-04-25,0
onboarding_email,2236,control,2026-01-22,0
onboarding_email,37,treatment,2025-05-26,0
onboarding_email,815,control,2025-06-29,1
onboarding_email,1178,treatment,2024-11-02,1
onboarding_email,2887,control,2025-05-02,0
onboarding_email,199,treatment,2024-08-03,0
onboarding_email,711,control,2025-04-09,1
onboarding_email,757,treatment,2025-02-08,0
onboarding_email,2247,control,2025-10-21,0
onboarding_email,2370,treatment,2025-11-07,0
onboarding_email,1098,control,2024-09-17,0
onboarding_email,2953,treatment,2025-02-24,1
onboarding_email,90,control,2024-08-18,1
onboarding_email,305,treatment,2025-07-15,0
onboarding_email,1977,control,2025-08-10,0
onboarding_email,2181,treatment,2024-10-01,0
onboarding_email,1388,control,2025-10-24,0
onboarding_email,357,treatment,2024-11-13,0
onboarding_email,173,control,2025-05-30,1
onboarding_email,692,treatment,2025-11-19,0
onboarding_email,894,control,2025-09-20,0
onboarding_email,1045,treatment,2025-04-30,0
onboarding_email,2204,control,2024-11-26,0
onboarding_email,2868,treatment,2024-07-21,1
onboarding_email,1027,control,2024-10-05,0
onboarding_email,458,treatment,2025-01-19,1
onboarding_email,1129,control,2024-10-19,0
onboarding_email,215,treatment,2025-09-11,1
onboarding_email,2397,control,2025-04-14,0
onboarding_email,2538,treatment,2024-12-19,1
onboarding_email,810,control,2024-12-02,0
onboarding_email,370,treatment,2024-12-12,1
onboarding_email,1301,control,2025-08-12,1
onboarding_email,334,treatment,2025-04-21,1
onboarding_email,871,control,2024-11-07,1
onboarding_email,893,treatment,2025-06-18,1
onboarding_email,2276,control,2024-11-29,0
onboarding_email,2358,treatment,2024-09-09,0
onboarding_email,133,control,2025-10-26,0
onboarding_email,1413,treatment,2025-11-08,1
onboarding_email,1613,control,2025-01-11,0
onboarding_email,2980,treatment,2024-12-31,0
onboarding_email,781,control,2024-11-29,1
onboarding_email,1929,treatment,2024-07-10,0
onboarding_email,1559,control,2025-09-03,1
onboarding_email,2657,treatment,2025-11-07,0
onboarding_email,1856,control,2025-12-26,1
onboarding_email,867,treatment,2024-08-04,0
onboarding_email,1396,control,2025-09-20,1
onboarding_email,1518,treatment,2025-08-26,1
onboarding_email,1132,control,2025-09-19,1
onboarding_email,1272,treatment,2026-01-12,0
onboarding_email,1986,control,2025-02-21,0
onboarding_email,1828,treatment,2024-09-28,0
onboarding_email,727,control,2025-09-14,0
onboarding_email,2380,treatment,2025-07-13,0
onboarding_email,270,control,2024-08-25,0
onboarding_email,526,treatment,2025-09-14,0
onboarding_email,1534,control,2026-01-03,0
onboarding_email,942,treatment,2025-11-08,0
onboarding_email,2662,control,2024-08-07,1
onboarding_email,1456,treatment,2026-01-03,0
onboarding_email,724,control,2024-08-22,1
onboarding_email,1470,treatment,2025-05-12,0
onboarding_email,2996,control,2025-09-04,0
onboarding_email,1853,treatment,2024-11-09,1
onboarding_email,365,control,2025-04-23,0
onboarding_email,169,treatment,2025-11-16,1
onboarding_email,1167,control,2025-01-19,1
onboarding_email,1076,treatment,2025-03-11,1
onboarding_email,742,control,2026-01-12,0
onboarding_email,1306,treatment,2026-01-18,1
onboarding_email,1787,control,2025-06-04,0
onboarding_email,2162,treatment,2026-01-18,0
onboarding_email,2190,control,2025-09-05,1
onboarding_email,2410,treatment,2024-10-24,0
onboarding_email,1412,control,2025-07-06,1
onboarding_email,2522,treatment,2024-09-17,1
onboarding_email,580,control,2024-07-06,1
onboarding_email,1353,treatment,2025-04-20,1
onboarding_email,271,control,2025-02-15,0
onboarding_email,1203,treatment,2025-10-30,1
onboarding_email,2452,control,2024-11-28,0
onboarding_email,285,treatment,2025-11-03,0
onboarding_email,1093,control,2025-09-09,1
onboarding_email,2904,treatment,2024-07-20,0
onboarding_email,2952,control,2024-12-24,0
onboarding_email,2377,treatment,2025-11-06,0
onboarding_email,1161,control,2024-08-28,0
onboarding_email,2425,treatment,2024-12-07,0
onboarding_email,375,control,2025-08-14,1
onboarding_email,1016,treatment,2025-12-30,0
onboarding_email,453,control,2025-01-01,0
onboarding_email,632,treatment,2025-03-09,1
onboarding_email,41,control,2025-05-19,0
onboarding_email,617,treatment,2025-12-31,0
onboarding_email,2751,control,2025-06-30,0
onboarding_email,2535,treatment,2024-11-18,1
onboarding_email,2660,control,2025-02-11,0
onboarding_email,2712,treatment,2024-11-02,1
onboarding_email,231,control,2025-03-03,0
onboarding_email,2540,treatment,2025-07-16,1
onboarding_email,221,control,2025-01-22,0
onboarding_email,2565,treatment,2025-07-04,1
onboarding_email,60,control,2025-12-17,0
onboarding_email,1576,treatment,2024-08-04,1
onboarding_email,625,control,2025-09-22,1
onboarding_email,167,treatment,2025-03-13,1
onboarding_email,1508,control,2024-09-30,1
onboarding_email,2442,treatment,2025-07-27,0
onboarding_email,1390,control,2025-05-21,0
onboarding_email,2699,treatment,2025-08-21,0
onboarding_email,2623,control,2024-12-14,0
onboarding_email,2580,treatment,2024-10-17,0
onboarding_email,1682,control,2025-04-19,0
onboarding_email,627,treatment,2024-10-07,1
onboarding_email,274,control,2024-12-01,0
onboarding_email,73,treatment,2025-03-19,0
onboarding_email,2330,control,2025-11-13,1
onboarding_email,1325,treatment,2025-11-24,0
onboarding_email,1,control,2025-12-14,1
onboarding_email,2543,treatment,2024-07-19,0
onboarding_email,866,control,2025-08-15,0
onboarding_email,2429,treatment,2024-07-16,0
onboarding_email,1224,control,2025-03-17,1
onboarding_email,211,treatment,2025-01-21,0
onboarding_email,2387,control,2025-12-01,1
onboarding_email,376,treatment,2025-09-15,0
onboarding_email,1720,control,2025-09-04,0
onboarding_email,1784,treatment,2025-12-31,0
onboarding_email,650,control,2025-01-01,0
onboarding_email,1620,treatment,2025-10-12,0
onboarding_email,1434,control,2026-01-18,0
onboarding_email,2349,treatment,2024-07-04,0
onboarding_email,1309,control,2024-07-25,0
onboarding_email,883,treatment,2024-08-02,0
onboarding_email,848,control,2025-03-26,1
onboarding_email,1319,treatment,2025-12-23,0
onboarding_email,2983,control,2025-05-04,0
onboarding_email,1041,treatment,2024-12-19,0
onboarding_email,2316,control,2025-12-13,0
onboarding_email,1941,treatment,2025-12-05,1
onboarding_email,30,control,2024-10-07,0
onboarding_email,1615,treatment,2024-08-16,0
onboarding_email,1973,control,2026-01-13,0
onboarding_email,2582,treatment,2025-02-17,1
onboarding_email,1635,control,2025-03-06,0
onboarding_email,2460,treatment,2025-03-25,0
onboarding_email,1606,control,2025-02-26,0
onboarding_email,1976,treatment,2025-08-17,0
onboarding_email,1503,control,2025-05-26,1
onboarding_email,145,treatment,2025-05-04,0
onboarding_email,2933,control,2025-12-20,0
onboarding_email,1528,treatment,2025-01-08,0
onboarding_email,309,control,2025-07-10,1
onboarding_email,378,treatment,2024-07-12,0
onboarding_email,1628,control,2025-07-18,0
onboarding_email,2556,treatment,2025-09-17,0
onboarding_email,1694,control,2024-11-06,0
onboarding_email,2240,treatment,2024-09-07,0
onboarding_email,2928,control,2025-04-11,1
onboarding_email,678,treatment,2025-03-13,0
onboarding_email,2360,control,2025-02-04,0
onboarding_email,251,treatment,2025-06-22,0
onboarding_email,593,control,2025-09-03,0
onboarding_email,328,treatment,2026-01-27,0
onboarding_email,312,control,2025-10-12,1
onboarding_email,341,treatment,2026-02-01,0
onboarding_email,1069,control,2025-03-09,1
onboarding_email,2685,treatment,2024-08-11,0
onboarding_email,595,control,2024-09-27,1
onboarding_email,2589,treatment,2025-12-08,1
onboarding_email,2731,control,2024-12-19,0
onboarding_email,1384,treatment,2024-10-25,0
onboarding_email,1939,control,2025-01-25,0
onboarding_email,2376,treatment,2024-10-14,0
onboarding_email,2827,control,2025-01-18,0
onboarding_email,317,treatment,2025-02-15,1
onboarding_email,2620,control,2024-11-01,1
onboarding_email,684,treatment,2025-06-09,1
onboarding_email,400,control,2024-10-05,1
onboarding_email,1026,treatment,2025-04-28,0
onboarding_email,1969,control,2024-10-05,0
onboarding_email,1636,treatment,2024-10-25,1
onboarding_email,2773,control,2025-07-27,0
onboarding_email,2885,treatment,2025-10-22,1
onboarding_email,2971,control,2025-09-20,0
onboarding_email,466,treatment,2026-01-20,0
onboarding_email,2122,control,2024-08-26,1
onboarding_email,1645,treatment,2025-06-12,0
onboarding_email,620,control,2024-12-29,0
onboarding_email,1057,treatment,2026-01-28,0
onboarding_email,2386,control,2025-09-23,1
onboarding_email,205,treatment,2025-06-18,0
onboarding_email,2528,control,2025-07-23,0
onboarding_email,121,treatment,2025-12-24,0
onboarding_email,2422,control,2024-12-02,0
onboarding_email,870,treatment,2025-01-01,0
onboarding_email,2776,control,2024-12-16,0
onboarding_email,993,treatment,2025-03-20,0
onboarding_email,1307,control,2026-01-16,0
onboarding_email,2889,treatment,2025-06-17,0
onboarding_email,117,control,2024-11-17,1
onboarding_email,2903,treatment,2026-01-23,0
onboarding_email,1936,control,2025-06-15,1
onboarding_email,2143,treatment,2024-09-27,0
onboarding_email,809,control,2025-08-19,0
onboarding_email,2226,treatment,2025-10-31,0
onboarding_email,979,control,2025-04-06,0
onboarding_email,146,treatment,2025-10-19,1
onboarding_email,671,control,2025-01-28,0
onboarding_email,2817,treatment,2025-10-18,1
onboarding_email,835,control,2025-06-01,1
onboarding_email,329,treatment,2025-11-12,0
onboarding_email,1517,control,2025-12-12,1
onboarding_email,616,treatment,2025-04-29,0
onboarding_email,2672,control,2025-01-13,1
onboarding_email,782,treatment,2025-09-10,0
onboarding_email,2100,control,2025-08-16,0
onboarding_email,823,treatment,2024-07-02,1
onboarding_email,2561,control,2025-05-31,0
onboarding_email,1405,treatment,2026-01-14,0
onboarding_email,592,control,2025-07-18,0
onboarding_email,267,treatment,2025-03-30,1
onboarding_email,191,control,2024-08-15,1
onboarding_email,1269,treatment,2024-10-02,0
onboarding_email,1947,control,2024-07-10,0
onboarding_email,1711,treatment,2024-09-15,0
onboarding_email,1709,control,2025-08-10,0
onboarding_email,2088,treatment,2025-04-06,0
onboarding_email,1193,control,2025-01-19,0
onboarding_email,1915,treatment,2025-10-22,0
onboarding_email,569,control,2024-08-05,0
onboarding_email,1996,treatment,2025-06-29,1
onboarding_email,2139,control,2025-10-04,1
onboarding_email,912,treatment,2025-04-30,1
onboarding_email,1050,control,2025-07-04,1
onboarding_email,9,treatment,2025-11-27,0
onboarding_email,2991,control,2025-02-09,0
onboarding_email,2243,treatment,2025-03-22,0
onboarding_email,607,control,2025-11-25,1
onboarding_email,161,treatment,2025-04-21,0
onboarding_email,2736,control,2025-06-14,0
onboarding_email,1579,treatment,2024-07-07,0
onboarding_email,135,control,2026-01-14,0
onboarding_email,1529,treatment,2025-09-25,1
onboarding_email,969,control,2024-10-27,0
onboarding_email,2337,treatment,2024-07-19,0
onboarding_email,2113,control,2024-11-28,1
onboarding_email,2680,treatment,2025-09-28,0
onboarding_email,2828,control,2025-03-28,1
onboarding_email,2393,treatment,2024-09-30,0
onboarding_email,2420,control,2025-07-11,0
onboarding_email,156,treatment,2025-12-27,0
onboarding_email,618,control,2024-10-30,1
onboarding_email,2008,treatment,2025-09-11,0
onboarding_email,2724,control,2026-01-19,0
onboarding_email,2619,treatment,2025-05-13,0
onboarding_email,2553,control,2025-06-04,0
onboarding_email,976,treatment,2025-08-03,0
onboarding_email,2094,control,2025-09-30,0
onboarding_email,2978,treatment,2025-11-22,1
onboarding_email,2040,control,2025-09-04,1
onboarding_email,2598,treatment,2024-10-31,1
onboarding_email,2749,control,2024-09-29,0
onboarding_email,1602,treatment,2024-08-16,0
onboarding_email,1171,control,2025-09-03,0
onboarding_email,1450,treatment,2025-10-12,0
onboarding_email,1516,control,2025-09-20,1
onboarding_email,1348,treatment,2025-07-14,0
onboarding_email,2367,control,2025-12-30,0
onboarding_email,2072,treatment,2025-10-13,0
onboarding_email,1232,control,2025-10-11,0
onboarding_email,2562,treatment,2025-07-17,1
onboarding_email,2705,control,2026-01-27,1
onboarding_email,1631,treatment,2025-01-15,1
onboarding_email,2691,control,2025-11-20,1
onboarding_email,2999,treatment,2024-10-08,0
onboarding_email,873,control,2025-11-19,0
onboarding_email,1990,treatment,2024-07-13,0
onboarding_email,2794,control,2025-12-19,0
onboarding_email,1037,treatment,2025-10-03,1
onboarding_email,2779,control,2025-07-08,0
onboarding_email,2176,treatment,2025-04-09,1
onboarding_email,512,control,2025-06-20,0
onboarding_email,2220,treatment,2025-10-24,0
onboarding_email,1281,control,2026-01-09,0
onboarding_email,785,treatment,2025-02-03,1
onboarding_email,306,control,2025-05-29,1
onboarding_email,642,treatment,2025-03-16,1
onboarding_email,1235,control,2024-07-06,0
onboarding_email,660,treatment,2024-11-20,0
onboarding_email,1582,control,2024-12-20,0
onboarding_email,1182,treatment,2024-12-14,1
onboarding_email,1595,control,2025-11-09,0
onboarding_email,755,treatment,2025-06-10,0
onboarding_email,629,control,2025-03-01,0
onboarding_email,1959,treatment,2025-05-08,0
onboarding_email,1899,control,2025-05-21,0
onboarding_email,1525,treatment,2025-08-18,0
onboarding_email,975,control,2025-10-05,1
onboarding_email,2399,treatment,2025-11-29,1
onboarding_email,2263,control,2025-09-11,0
onboarding_email,1577,treatment,2025-11-12,0
onboarding_email,1290,control,2024-12-10,0
onboarding_email,587,treatment,2025-07-06,1
onboarding_email,1231,control,2025-08-26,0
onboarding_email,582,treatment,2025-11-03,0
onboarding_email,2969,control,2026-01-03,0
onboarding_email,565,treatment,2025-10-22,0
onboarding_email,1954,control,2025-08-09,0
onboarding_email,55,treatment,2024-08-19,0
onboarding_email,2663,control,2024-11-14,1
onboarding_email,1634,treatment,2025-09-23,0
onboarding_email,2846,control,2025-01-15,0
onboarding_email,517,treatment,2025-04-13,0
onboarding_email,115,control,2025-11-01,1
onboarding_email,1616,treatment,2025-07-21,0
onboarding_email,1333,control,2025-04-12,1
onboarding_email,1217,treatment,2026-01-29,1
onboarding_email,1855,control,2024-10-27,0
onboarding_email,2469,treatment,2024-12-04,0
onboarding_email,2639,control,2025-11-15,0
onboarding_email,1007,treatment,2025-07-12,1
onboarding_email,1726,control,2025-01-15,0
